# This file is generated; do not edit manually.
# cache: eb4f705 Cache version 2026-10-07-rev241
item_id,male_model0,male_model1,male_model2,female_model0,female_model1,female_model2
35,501,-1,-1,501,-1,-1
48,26609,-1,-1,26609,-1,-1
50,26610,-1,-1,26610,-1,-1
54,26610,-1,-1,26610,-1,-1
56,26609,-1,-1,26609,-1,-1
58,26609,-1,-1,26609,-1,-1
60,26610,-1,-1,26610,-1,-1
62,26609,-1,-1,26609,-1,-1
64,26610,-1,-1,26610,-1,-1
66,26609,-1,-1,26609,-1,-1
68,26610,-1,-1,26610,-1,-1
70,26609,-1,-1,26609,-1,-1
72,26610,-1,-1,26610,-1,-1
74,219,-1,-1,395,-1,-1
75,306,157,-1,468,339,-1
84,50179,-1,-1,50180,-1,-1
86,282,-1,-1,446,-1,-1
87,282,-1,-1,446,-1,-1
88,185,-1,-1,361,-1,-1
89,185,-1,-1,361,-1,-1
229,561,-1,-1,561,-1,-1
272,9816,-1,-1,9816,-1,-1
278,537,-1,-1,537,-1,-1
284,295,150,-1,459,331,-1
285,6849,-1,-1,8358,-1,-1
295,283,-1,-1,447,-1,-1
301,531,-1,-1,531,-1,-1
303,551,-1,-1,551,-1,-1
305,489,-1,-1,489,-1,-1
307,562,-1,-1,42643,-1,-1
309,562,-1,-1,42643,-1,-1
311,503,-1,-1,503,-1,-1
314,8359,-1,-1,8359,-1,-1
411,16850,-1,-1,16845,-1,-1
413,16850,-1,-1,16845,-1,-1
421,282,-1,-1,446,-1,-1
426,28515,26619,-1,18554,3848,-1
428,265,-1,-1,14421,-1,-1
430,28515,26632,-1,18554,3476,-1
538,265,-1,-1,14421,-1,-1
540,26619,28515,-1,3848,18554,-1
542,265,-1,-1,14421,-1,-1
544,26619,28515,-1,3848,18554,-1
546,26619,28515,-1,3848,18554,-1
548,265,-1,-1,14421,-1,-1
552,15006,-1,-1,15011,-1,-1
577,26619,28515,-1,3848,18554,-1
579,202,-1,-1,377,-1,-1
581,26619,28515,-1,3848,18554,-1
583,543,-1,-1,543,-1,-1
585,543,-1,-1,543,-1,-1
589,283,-1,-1,447,-1,-1
590,488,-1,-1,488,-1,-1
616,285,-1,-1,449,-1,-1
626,185,-1,-1,361,-1,-1
628,185,-1,-1,361,-1,-1
630,185,-1,-1,361,-1,-1
632,185,-1,-1,361,-1,-1
634,185,-1,-1,361,-1,-1
636,26619,28515,-1,3848,18554,-1
638,26619,28515,-1,3848,18554,-1
640,26619,28515,-1,3848,18554,-1
642,26619,28515,-1,3848,18554,-1
644,26619,28515,-1,3848,18554,-1
646,265,-1,-1,14421,-1,-1
648,265,-1,-1,14421,-1,-1
650,265,-1,-1,14421,-1,-1
652,265,-1,-1,14421,-1,-1
654,265,-1,-1,14421,-1,-1
656,202,-1,-1,377,-1,-1
658,202,-1,-1,377,-1,-1
660,202,-1,-1,377,-1,-1
662,202,-1,-1,377,-1,-1
664,202,-1,-1,377,-1,-1
667,39620,-1,-1,39591,-1,-1
675,17286,-1,-1,17285,-1,-1
677,17284,-1,-1,17284,-1,-1
717,532,-1,-1,532,-1,-1
718,532,-1,-1,532,-1,-1
719,532,-1,-1,532,-1,-1
727,515,-1,-1,515,-1,-1
728,515,-1,-1,515,-1,-1
731,561,-1,-1,561,-1,-1
732,552,-1,-1,552,-1,-1
740,202,-1,-1,377,-1,-1
746,524,-1,-1,42635,-1,-1
747,5116,-1,-1,42648,-1,-1
751,528,-1,-1,528,-1,-1
767,16846,-1,-1,42622,-1,-1
772,30556,-1,-1,31195,-1,-1
774,281,-1,-1,445,-1,-1
775,179,-1,-1,356,-1,-1
776,179,-1,-1,356,-1,-1
777,179,-1,-1,356,-1,-1
778,179,-1,-1,356,-1,-1
800,545,-1,-1,545,-1,-1
801,545,-1,-1,545,-1,-1
802,545,-1,-1,545,-1,-1
803,545,-1,-1,545,-1,-1
804,545,-1,-1,545,-1,-1
805,545,-1,-1,545,-1,-1
806,492,-1,-1,492,-1,-1
807,492,-1,-1,492,-1,-1
808,492,-1,-1,492,-1,-1
809,492,-1,-1,492,-1,-1
810,492,-1,-1,492,-1,-1
811,492,-1,-1,492,-1,-1
812,500,-1,-1,500,-1,-1
813,500,-1,-1,500,-1,-1
814,500,-1,-1,500,-1,-1
815,500,-1,-1,500,-1,-1
816,500,-1,-1,500,-1,-1
817,500,-1,-1,500,-1,-1
818,500,-1,-1,500,-1,-1
837,16846,-1,-1,42622,-1,-1
839,563,-1,-1,563,-1,-1
841,512,-1,-1,512,-1,-1
843,512,-1,-1,512,-1,-1
845,563,-1,-1,563,-1,-1
847,563,-1,-1,563,-1,-1
849,512,-1,-1,512,-1,-1
851,563,-1,-1,563,-1,-1
853,512,-1,-1,512,-1,-1
855,563,-1,-1,563,-1,-1
857,512,-1,-1,512,-1,-1
859,563,-1,-1,563,-1,-1
861,512,-1,-1,512,-1,-1
863,548,-1,-1,42631,-1,-1
864,548,-1,-1,42631,-1,-1
865,548,-1,-1,42631,-1,-1
866,548,-1,-1,42631,-1,-1
867,548,-1,-1,42631,-1,-1
868,548,-1,-1,42631,-1,-1
869,548,-1,-1,42631,-1,-1
870,548,-1,-1,42631,-1,-1
871,548,-1,-1,42631,-1,-1
872,548,-1,-1,42631,-1,-1
873,548,-1,-1,42631,-1,-1
874,548,-1,-1,42631,-1,-1
875,548,-1,-1,42631,-1,-1
876,548,-1,-1,42631,-1,-1
945,549,-1,-1,549,-1,-1
946,4045,-1,-1,4045,-1,-1
952,496,-1,-1,496,-1,-1
954,10131,-1,-1,10131,-1,-1
970,532,-1,-1,532,-1,-1
972,532,-1,-1,532,-1,-1
973,494,-1,-1,494,-1,-1
975,566,-1,-1,42620,-1,-1
1005,305,-1,-1,467,-1,-1
1007,323,-1,-1,481,-1,-1
1009,281,-1,-1,445,-1,-1
1011,265,-1,-1,14421,-1,-1
1013,265,-1,-1,14421,-1,-1
1015,265,-1,-1,14421,-1,-1
1017,202,-1,-1,377,-1,-1
1019,323,-1,-1,481,-1,-1
1021,323,-1,-1,481,-1,-1
1023,323,-1,-1,481,-1,-1
1025,236,-1,-1,410,-1,-1
1027,323,-1,-1,481,-1,-1
1029,323,-1,-1,481,-1,-1
1031,323,-1,-1,481,-1,-1
1033,265,-1,-1,14421,-1,-1
1035,26619,28515,-1,3848,18554,-1
1037,3352,-1,-1,3353,-1,-1
1038,187,-1,-1,363,-1,-1
1040,187,-1,-1,363,-1,-1
1042,187,-1,-1,363,-1,-1
1044,187,-1,-1,363,-1,-1
1046,187,-1,-1,363,-1,-1
1048,187,-1,-1,363,-1,-1
1050,189,-1,-1,366,-1,-1
1052,3189,-1,-1,3194,-1,-1
1053,3188,-1,-1,3192,-1,-1
1055,3188,-1,-1,3192,-1,-1
1057,3188,-1,-1,3192,-1,-1
1059,179,-1,-1,356,-1,-1
1061,185,-1,-1,361,-1,-1
1063,177,-1,-1,354,-1,-1
1065,178,-1,-1,355,-1,-1
1067,268,-1,-1,432,-1,-1
1069,268,-1,-1,432,-1,-1
1071,268,-1,-1,432,-1,-1
1073,268,-1,-1,432,-1,-1
1075,268,-1,-1,432,-1,-1
1077,268,-1,-1,432,-1,-1
1079,268,-1,-1,432,-1,-1
1081,266,-1,-1,430,-1,-1
1083,266,-1,-1,430,-1,-1
1085,266,-1,-1,430,-1,-1
1087,266,-1,-1,430,-1,-1
1089,266,-1,-1,430,-1,-1
1091,266,-1,-1,430,-1,-1
1093,266,-1,-1,430,-1,-1
1095,262,-1,-1,425,-1,-1
1097,277,-1,-1,441,-1,-1
1099,258,-1,-1,423,-1,-1
1101,294,-1,-1,458,-1,-1
1103,301,-1,-1,464,-1,-1
1105,301,-1,-1,464,-1,-1
1107,301,-1,-1,464,-1,-1
1109,301,-1,-1,464,-1,-1
1111,301,-1,-1,464,-1,-1
1113,301,-1,-1,464,-1,-1
1115,306,164,-1,468,344,-1
1117,306,164,-1,468,344,-1
1119,306,164,-1,468,344,-1
1121,306,164,-1,468,344,-1
1123,306,164,-1,468,344,-1
1125,306,164,-1,468,344,-1
1127,306,164,-1,468,344,-1
1129,311,-1,-1,475,-1,-1
1131,296,-1,-1,5734,-1,-1
1133,303,-1,-1,466,-1,-1
1135,314,-1,-1,477,-1,-1
1137,219,-1,-1,395,-1,-1
1139,219,-1,-1,395,-1,-1
1141,219,-1,-1,395,-1,-1
1143,219,-1,-1,395,-1,-1
1145,219,-1,-1,395,-1,-1
1147,219,-1,-1,395,-1,-1
1149,219,239,-1,395,413,-1
1151,219,-1,-1,395,-1,-1
1153,218,-1,-1,394,-1,-1
1155,218,-1,-1,394,-1,-1
1157,218,-1,-1,394,-1,-1
1159,218,-1,-1,394,-1,-1
1161,218,-1,-1,394,-1,-1
1163,218,-1,-1,394,-1,-1
1165,218,-1,-1,394,-1,-1
1167,220,-1,-1,396,-1,-1
1169,220,-1,-1,396,-1,-1
1171,517,-1,-1,517,-1,-1
1173,541,-1,-1,541,-1,-1
1175,541,-1,-1,541,-1,-1
1177,541,-1,-1,541,-1,-1
1179,541,-1,-1,541,-1,-1
1181,541,-1,-1,541,-1,-1
1183,541,-1,-1,541,-1,-1
1185,541,-1,-1,541,-1,-1
1187,565,-1,-1,565,-1,-1
1189,486,-1,-1,486,-1,-1
1191,486,-1,-1,486,-1,-1
1193,486,-1,-1,486,-1,-1
1195,486,-1,-1,486,-1,-1
1197,486,-1,-1,486,-1,-1
1199,486,-1,-1,486,-1,-1
1201,486,-1,-1,486,-1,-1
1203,533,-1,-1,42608,-1,-1
1205,533,-1,-1,42608,-1,-1
1207,533,-1,-1,42608,-1,-1
1209,533,-1,-1,42608,-1,-1
1211,533,-1,-1,42608,-1,-1
1213,533,-1,-1,42608,-1,-1
1215,539,-1,-1,42626,-1,-1
1217,533,-1,-1,42608,-1,-1
1219,504,-1,-1,42621,-1,-1
1221,504,-1,-1,42621,-1,-1
1223,504,-1,-1,42621,-1,-1
1225,504,-1,-1,42621,-1,-1
1227,504,-1,-1,42621,-1,-1
1229,504,-1,-1,42621,-1,-1
1231,539,-1,-1,42626,-1,-1
1233,504,-1,-1,42621,-1,-1
1235,504,-1,-1,42621,-1,-1
1237,540,-1,-1,540,-1,-1
1239,540,-1,-1,540,-1,-1
1241,540,-1,-1,540,-1,-1
1243,540,-1,-1,540,-1,-1
1245,540,-1,-1,540,-1,-1
1247,540,-1,-1,540,-1,-1
1249,505,-1,-1,505,-1,-1
1251,540,-1,-1,540,-1,-1
1253,540,-1,-1,540,-1,-1
1255,540,-1,-1,540,-1,-1
1257,540,-1,-1,540,-1,-1
1259,540,-1,-1,540,-1,-1
1261,540,-1,-1,540,-1,-1
1263,505,-1,-1,505,-1,-1
1265,509,-1,-1,509,-1,-1
1267,509,-1,-1,509,-1,-1
1269,509,-1,-1,509,-1,-1
1271,509,-1,-1,509,-1,-1
1273,509,-1,-1,509,-1,-1
1275,509,-1,-1,509,-1,-1
1277,519,-1,-1,519,-1,-1
1279,519,-1,-1,519,-1,-1
1281,519,-1,-1,519,-1,-1
1283,519,-1,-1,519,-1,-1
1285,519,-1,-1,519,-1,-1
1287,519,-1,-1,519,-1,-1
1289,519,-1,-1,519,-1,-1
1291,518,-1,-1,518,-1,-1
1293,518,-1,-1,518,-1,-1
1295,518,-1,-1,518,-1,-1
1297,518,-1,-1,518,-1,-1
1299,518,-1,-1,518,-1,-1
1301,518,-1,-1,518,-1,-1
1303,518,-1,-1,518,-1,-1
1305,564,-1,-1,564,-1,-1
1307,546,-1,-1,546,-1,-1
1309,546,-1,-1,546,-1,-1
1311,546,-1,-1,546,-1,-1
1313,546,-1,-1,546,-1,-1
1315,546,-1,-1,546,-1,-1
1317,546,-1,-1,546,-1,-1
1319,546,-1,-1,546,-1,-1
1321,490,-1,-1,490,-1,-1
1323,490,-1,-1,490,-1,-1
1325,490,-1,-1,490,-1,-1
1327,490,-1,-1,490,-1,-1
1329,490,-1,-1,490,-1,-1
1331,490,-1,-1,490,-1,-1
1333,490,-1,-1,490,-1,-1
1335,542,-1,-1,42616,-1,-1
1337,542,-1,-1,42616,-1,-1
1339,542,-1,-1,42616,-1,-1
1341,542,-1,-1,42616,-1,-1
1343,542,-1,-1,42616,-1,-1
1345,542,-1,-1,42616,-1,-1
1347,542,-1,-1,42616,-1,-1
1349,510,-1,-1,510,-1,-1
1351,510,-1,-1,510,-1,-1
1353,510,-1,-1,510,-1,-1
1355,510,-1,-1,510,-1,-1
1357,510,-1,-1,510,-1,-1
1359,510,-1,-1,510,-1,-1
1361,510,-1,-1,510,-1,-1
1363,550,-1,-1,550,-1,-1
1365,550,-1,-1,550,-1,-1
1367,550,-1,-1,550,-1,-1
1369,550,-1,-1,550,-1,-1
1371,550,-1,-1,550,-1,-1
1373,550,-1,-1,550,-1,-1
1375,550,-1,-1,550,-1,-1
1377,559,-1,-1,559,-1,-1
1379,534,-1,-1,39602,-1,-1
1381,534,567,-1,39602,39629,-1
1383,534,567,-1,39602,39629,-1
1385,534,567,-1,39602,39629,-1
1387,534,567,-1,39602,39629,-1
1389,534,567,-1,39602,39629,-1
1391,534,-1,-1,39602,-1,-1
1393,534,567,-1,39602,39629,-1
1395,534,567,-1,39602,39629,-1
1397,534,567,-1,39602,39629,-1
1399,534,567,-1,39602,39629,-1
1401,534,567,-1,39602,39629,-1
1403,534,567,-1,39602,39629,-1
1405,534,567,-1,39602,39629,-1
1407,534,567,-1,39602,39629,-1
1409,514,-1,-1,39610,-1,-1
1419,507,-1,-1,507,-1,-1
1420,502,-1,-1,502,-1,-1
1422,502,-1,-1,502,-1,-1
1424,502,-1,-1,502,-1,-1
1426,502,-1,-1,502,-1,-1
1428,502,-1,-1,502,-1,-1
1430,502,-1,-1,502,-1,-1
1432,502,-1,-1,502,-1,-1
1434,493,-1,-1,493,-1,-1
1478,290,-1,-1,454,-1,-1
1495,179,-1,-1,356,-1,-1
1506,212,-1,-1,389,-1,-1
1511,4048,-1,-1,4048,-1,-1
1540,26424,-1,-1,26424,-1,-1
1575,289,-1,-1,453,-1,-1
1580,179,-1,-1,356,-1,-1
1601,516,-1,-1,516,-1,-1
1603,516,-1,-1,516,-1,-1
1605,516,-1,-1,516,-1,-1
1607,516,-1,-1,516,-1,-1
1609,516,-1,-1,516,-1,-1
1611,516,-1,-1,516,-1,-1
1613,516,-1,-1,516,-1,-1
1615,516,-1,-1,516,-1,-1
1654,281,-1,-1,445,-1,-1
1656,281,-1,-1,445,-1,-1
1658,281,-1,-1,445,-1,-1
1660,281,-1,-1,445,-1,-1
1662,281,-1,-1,445,-1,-1
1664,281,-1,-1,445,-1,-1
1692,290,-1,-1,454,-1,-1
1694,290,-1,-1,454,-1,-1
1696,290,-1,-1,454,-1,-1
1698,290,-1,-1,454,-1,-1
1700,290,-1,-1,454,-1,-1
1702,290,-1,-1,454,-1,-1
1704,290,-1,-1,454,-1,-1
1706,290,-1,-1,454,-1,-1
1708,290,-1,-1,454,-1,-1
1710,290,-1,-1,454,-1,-1
1712,290,-1,-1,454,-1,-1
1716,280,284,-1,444,448,-1
1718,280,284,-1,444,448,-1
1722,280,286,-1,444,450,-1
1724,280,286,-1,444,450,-1
1725,290,-1,-1,454,-1,-1
1727,290,-1,-1,454,-1,-1
1729,290,-1,-1,454,-1,-1
1731,290,-1,-1,454,-1,-1
1733,4047,-1,-1,4047,-1,-1
1735,525,-1,-1,525,-1,-1
1741,4046,-1,-1,4046,-1,-1
1757,305,-1,-1,467,-1,-1
1761,41103,-1,-1,41103,-1,-1
1785,515,-1,-1,515,-1,-1
1796,281,-1,-1,445,-1,-1
1797,281,-1,-1,445,-1,-1
1833,28515,26619,-1,18554,3848,-1
1835,265,-1,-1,14421,-1,-1
1837,185,-1,-1,361,-1,-1
1844,19182,19173,-1,19198,19189,-1
1845,19181,-1,-1,19197,-1,-1
1846,185,-1,-1,361,-1,-1
1917,6098,-1,-1,6098,-1,-1
1919,8234,-1,-1,8234,-1,-1
1925,543,-1,-1,543,-1,-1
1931,12862,-1,-1,12862,-1,-1
1949,199,-1,-1,374,-1,-1
1963,3874,-1,-1,3874,-1,-1
1973,6433,-1,-1,6433,-1,-1
2347,34037,-1,-1,34036,-1,-1
2395,552,-1,-1,552,-1,-1
2402,513,-1,-1,513,-1,-1
2405,306,164,-1,468,344,-1
2406,286,-1,-1,450,-1,-1
2412,323,-1,-1,481,-1,-1
2413,35816,-1,-1,35818,-1,-1
2414,323,-1,-1,481,-1,-1
2415,554,-1,-1,554,-1,-1
2416,527,-1,-1,527,-1,-1
2417,544,-1,-1,544,-1,-1
2422,187,-1,-1,363,-1,-1
2460,677,-1,-1,677,-1,-1
2462,677,-1,-1,677,-1,-1
2464,677,-1,-1,677,-1,-1
2466,677,-1,-1,677,-1,-1
2468,677,-1,-1,677,-1,-1
2470,677,-1,-1,677,-1,-1
2472,677,-1,-1,677,-1,-1
2474,677,-1,-1,677,-1,-1
2476,677,-1,-1,677,-1,-1
2487,178,-1,-1,355,-1,-1
2489,178,-1,-1,355,-1,-1
2491,178,-1,-1,355,-1,-1
2493,258,-1,-1,423,-1,-1
2495,258,-1,-1,423,-1,-1
2497,258,-1,-1,423,-1,-1
2499,314,-1,-1,477,-1,-1
2501,314,-1,-1,477,-1,-1
2503,314,-1,-1,477,-1,-1
2520,3333,-1,-1,3333,-1,-1
2522,3333,-1,-1,3333,-1,-1
2524,3333,-1,-1,3333,-1,-1
2526,3333,-1,-1,3333,-1,-1
2577,4929,-1,-1,4930,-1,-1
2579,185,-1,-1,361,-1,-1
2581,3378,-1,-1,3382,-1,-1
2583,3379,164,-1,3383,344,-1
2585,268,-1,-1,432,-1,-1
2587,218,-1,-1,394,-1,-1
2589,486,-1,-1,486,-1,-1
2591,3379,164,-1,3383,344,-1
2593,268,-1,-1,432,-1,-1
2595,218,-1,-1,394,-1,-1
2597,486,-1,-1,486,-1,-1
2599,3379,164,-1,3383,344,-1
2601,268,-1,-1,432,-1,-1
2603,486,-1,-1,486,-1,-1
2605,218,-1,-1,394,-1,-1
2607,3379,164,-1,3383,344,-1
2609,268,-1,-1,432,-1,-1
2611,486,-1,-1,486,-1,-1
2613,218,-1,-1,394,-1,-1
2615,3379,164,-1,3383,344,-1
2617,268,-1,-1,432,-1,-1
2619,218,-1,-1,394,-1,-1
2621,486,-1,-1,486,-1,-1
2623,3379,164,-1,3383,344,-1
2625,268,-1,-1,432,-1,-1
2627,218,-1,-1,394,-1,-1
2629,486,-1,-1,486,-1,-1
2631,243,-1,-1,416,-1,-1
2633,198,-1,-1,373,-1,-1
2635,198,-1,-1,373,-1,-1
2637,198,-1,-1,373,-1,-1
2639,186,-1,-1,362,-1,-1
2641,186,-1,-1,362,-1,-1
2643,186,-1,-1,362,-1,-1
2645,201,-1,-1,376,-1,-1
2647,201,-1,-1,376,-1,-1
2649,201,-1,-1,376,-1,-1
2651,190,-1,-1,367,-1,-1
2653,3379,164,3381,3383,344,3381
2655,268,-1,-1,432,-1,-1
2657,218,-1,-1,394,-1,-1
2659,486,-1,-1,486,-1,-1
2661,3379,164,3330,3383,344,3330
2663,268,-1,-1,432,-1,-1
2665,218,-1,-1,394,-1,-1
2667,486,-1,-1,486,-1,-1
2669,3379,164,3380,3383,344,3380
2671,268,-1,-1,432,-1,-1
2673,218,-1,-1,394,-1,-1
2675,486,-1,-1,486,-1,-1
2883,3443,-1,-1,3443,-1,-1
2888,18870,-1,-1,18870,-1,-1
2889,18870,-1,-1,18870,-1,-1
2890,3470,-1,-1,3470,-1,-1
2894,185,-1,-1,361,-1,-1
2896,26619,28515,-1,3848,18554,-1
2898,265,-1,-1,14421,-1,-1
2900,202,-1,-1,377,-1,-1
2902,179,-1,-1,356,-1,-1
2904,185,-1,-1,361,-1,-1
2906,26619,28515,-1,3848,18554,-1
2908,265,-1,-1,14421,-1,-1
2910,202,-1,-1,377,-1,-1
2912,179,-1,-1,356,-1,-1
2914,185,-1,-1,361,-1,-1
2916,26619,28515,-1,3848,18554,-1
2918,265,-1,-1,14421,-1,-1
2920,202,-1,-1,377,-1,-1
2922,179,-1,-1,356,-1,-1
2924,185,-1,-1,361,-1,-1
2926,26619,28515,-1,3848,18554,-1
2928,265,-1,-1,14421,-1,-1
2930,202,-1,-1,377,-1,-1
2932,179,-1,-1,356,-1,-1
2934,185,-1,-1,361,-1,-1
2936,26619,28515,-1,3848,18554,-1
2938,265,-1,-1,14421,-1,-1
2940,202,-1,-1,377,-1,-1
2942,179,-1,-1,356,-1,-1
2946,488,-1,-1,488,-1,-1
2949,491,-1,-1,491,-1,-1
2952,3482,-1,-1,42642,-1,-1
2961,3604,-1,-1,3604,-1,-1
2963,3604,-1,-1,3604,-1,-1
2968,532,-1,-1,532,-1,-1
2969,532,-1,-1,532,-1,-1
2978,3614,-1,-1,3617,-1,-1
2979,3614,-1,-1,3617,-1,-1
2980,3614,-1,-1,3617,-1,-1
2981,3614,-1,-1,3617,-1,-1
2982,3614,-1,-1,3617,-1,-1
2983,3614,-1,-1,3617,-1,-1
2984,3615,-1,-1,3618,-1,-1
2985,3615,-1,-1,3618,-1,-1
2986,3615,-1,-1,3618,-1,-1
2987,3615,-1,-1,3618,-1,-1
2988,3615,-1,-1,3618,-1,-1
2989,3615,-1,-1,3618,-1,-1
2990,3616,-1,-1,3619,-1,-1
2991,3616,-1,-1,3619,-1,-1
2992,3616,-1,-1,3619,-1,-1
2993,3616,-1,-1,3619,-1,-1
2994,3616,-1,-1,3619,-1,-1
2995,3616,-1,-1,3619,-1,-1
2997,3660,-1,-1,3661,-1,-1
3053,534,3665,-1,534,3665,-1
3054,534,3665,-1,534,3665,-1
3057,3598,-1,-1,3674,-1,-1
3058,29314,27154,-1,22780,3848,-1
3059,28285,-1,-1,14423,-1,-1
3060,179,-1,-1,356,-1,-1
3061,185,-1,-1,361,-1,-1
3093,492,-1,-1,492,-1,-1
3094,500,-1,-1,500,-1,-1
3095,3780,-1,-1,3780,-1,-1
3096,3780,-1,-1,3780,-1,-1
3097,3780,-1,-1,3780,-1,-1
3098,3780,-1,-1,3780,-1,-1
3099,3780,-1,-1,3780,-1,-1
3100,3780,-1,-1,3780,-1,-1
3101,3780,-1,-1,3780,-1,-1
3105,3704,-1,-1,3708,-1,-1
3107,3705,-1,-1,3709,-1,-1
3122,2929,-1,-1,2929,-1,-1
3140,3820,156,-1,3821,337,-1
3157,3878,-1,-1,3878,-1,-1
3159,3878,-1,-1,3878,-1,-1
3164,3877,-1,-1,3877,-1,-1
3170,540,-1,-1,540,-1,-1
3171,540,-1,-1,540,-1,-1
3172,540,-1,-1,540,-1,-1
3173,540,-1,-1,540,-1,-1
3174,540,-1,-1,540,-1,-1
3175,540,-1,-1,540,-1,-1
3176,505,-1,-1,505,-1,-1
3177,3875,-1,-1,3875,-1,-1
3190,555,-1,-1,555,-1,-1
3192,555,-1,-1,555,-1,-1
3194,555,-1,-1,555,-1,-1
3196,555,-1,-1,555,-1,-1
3198,555,-1,-1,555,-1,-1
3200,555,-1,-1,555,-1,-1
3202,555,-1,-1,555,-1,-1
3204,3885,-1,-1,3885,-1,-1
3208,283,-1,-1,447,-1,-1
3327,4099,-1,-1,4101,-1,-1
3329,4099,-1,-1,4101,-1,-1
3331,4099,-1,-1,4101,-1,-1
3333,4099,-1,-1,4101,-1,-1
3335,4099,-1,-1,4101,-1,-1
3337,4100,-1,-1,4102,-1,-1
3339,4100,-1,-1,4102,-1,-1
3341,4100,-1,-1,4102,-1,-1
3343,4100,-1,-1,4102,-1,-1
3385,4115,-1,-1,4121,-1,-1
3387,4117,4112,-1,4123,4118,-1
3389,4116,-1,-1,4122,-1,-1
3391,4113,-1,-1,4119,-1,-1
3393,4114,-1,-1,4120,-1,-1
3472,4206,-1,-1,4207,-1,-1
3473,4206,-1,-1,4207,-1,-1
3474,4206,-1,-1,4207,-1,-1
3475,4206,-1,-1,4207,-1,-1
3476,4206,-1,-1,4207,-1,-1
3477,4206,-1,-1,4207,-1,-1
3478,4206,-1,-1,4207,-1,-1
3479,4206,-1,-1,4207,-1,-1
3480,4206,-1,-1,4207,-1,-1
3481,3379,164,-1,3383,344,-1
3483,268,-1,-1,432,-1,-1
3485,4206,-1,-1,4207,-1,-1
3486,218,-1,-1,394,-1,-1
3488,486,-1,-1,486,-1,-1
3688,31663,-1,-1,31664,-1,-1
3689,31663,-1,-1,31664,-1,-1
3690,31663,-1,-1,31664,-1,-1
3691,31663,-1,-1,31664,-1,-1
3695,4395,-1,-1,4395,-1,-1
3711,4393,-1,-1,4393,-1,-1
3748,215,4221,4219,55863,55869,55868
3749,215,4224,4219,55863,55865,-1
3751,215,4222,4219,55863,55867,-1
3753,215,4225,4219,55863,55866,-1
3755,215,4223,4219,55863,55864,-1
3757,4236,-1,-1,4236,-1,-1
3758,4235,-1,-1,4235,-1,-1
3759,317,-1,-1,479,-1,-1
3761,317,-1,-1,479,-1,-1
3763,317,-1,-1,479,-1,-1
3765,317,-1,-1,479,-1,-1
3767,26630,28515,4391,3848,15939,4392
3769,26630,28515,4391,3848,15939,4392
3771,26630,28515,4391,3848,15939,4392
3773,26630,28515,4391,3848,15939,4392
3775,26630,28515,4391,3848,15939,4392
3777,317,-1,-1,479,-1,-1
3779,317,-1,-1,479,-1,-1
3781,317,-1,-1,479,-1,-1
3783,317,-1,-1,479,-1,-1
3785,317,-1,-1,479,-1,-1
3787,317,-1,-1,479,-1,-1
3789,317,-1,-1,479,-1,-1
3791,185,-1,-1,361,-1,-1
3793,26619,28515,-1,3848,18554,-1
3795,265,-1,-1,14421,-1,-1
3797,202,-1,-1,377,-1,-1
3799,179,-1,-1,356,-1,-1
3801,4393,-1,-1,4393,-1,-1
3803,4396,-1,-1,4396,-1,-1
3839,556,-1,-1,556,-1,-1
3840,556,-1,-1,556,-1,-1
3841,556,-1,-1,556,-1,-1
3842,556,-1,-1,556,-1,-1
3843,556,-1,-1,556,-1,-1
3844,556,-1,-1,556,-1,-1
3853,281,-1,-1,445,-1,-1
3855,281,-1,-1,445,-1,-1
3857,281,-1,-1,445,-1,-1
3859,281,-1,-1,445,-1,-1
3861,281,-1,-1,445,-1,-1
3863,281,-1,-1,445,-1,-1
3865,281,-1,-1,445,-1,-1
3867,281,-1,-1,445,-1,-1
3893,4610,-1,-1,4610,-1,-1
3899,3604,-1,-1,3604,-1,-1
4021,4666,-1,-1,4668,-1,-1
4023,4670,-1,-1,4670,-1,-1
4035,4667,-1,-1,4669,-1,-1
4037,4850,-1,-1,4850,-1,-1
4039,4851,-1,-1,4851,-1,-1
4041,323,-1,-1,481,-1,-1
4042,323,-1,-1,481,-1,-1
4068,39622,-1,-1,39625,-1,-1
4069,306,164,-1,468,344,-1
4070,268,-1,-1,432,-1,-1
4071,219,-1,-1,395,-1,-1
4072,486,-1,-1,486,-1,-1
4073,488,-1,-1,488,-1,-1
4081,4932,-1,-1,4933,-1,-1
4083,4946,-1,-1,4946,-1,-1
4084,4946,-1,-1,4946,-1,-1
4085,4875,-1,-1,4875,-1,-1
4086,677,-1,-1,677,-1,-1
4087,5024,-1,-1,5025,-1,-1
4089,5027,-1,-1,5033,-1,-1
4091,4952,5028,-1,5029,5035,-1
4093,4844,-1,-1,5034,-1,-1
4095,4953,-1,-1,5030,-1,-1
4097,4955,-1,-1,5032,-1,-1
4099,5027,-1,-1,5033,-1,-1
4101,4952,5028,-1,5029,5035,-1
4103,4844,-1,-1,5034,-1,-1
4105,4953,-1,-1,5030,-1,-1
4107,4955,-1,-1,5032,-1,-1
4109,5027,-1,-1,5033,-1,-1
4111,4952,5028,-1,5029,5035,-1
4113,4844,-1,-1,5034,-1,-1
4115,4953,-1,-1,5030,-1,-1
4117,4955,-1,-1,5032,-1,-1
4119,4954,-1,-1,5031,-1,-1
4121,4954,-1,-1,5031,-1,-1
4123,4954,-1,-1,5031,-1,-1
4125,4954,-1,-1,5031,-1,-1
4127,4954,-1,-1,5031,-1,-1
4129,4954,-1,-1,5031,-1,-1
4131,4954,-1,-1,5031,-1,-1
4151,5409,-1,-1,5409,-1,-1
4153,5410,-1,-1,5410,-1,-1
4155,516,-1,-1,516,-1,-1
4156,5112,-1,-1,5112,-1,-1
4158,5111,-1,-1,5111,-1,-1
4159,5111,-1,-1,5111,-1,-1
4161,5110,-1,-1,5110,-1,-1
4162,5113,-1,-1,5113,-1,-1
4164,5104,-1,-1,5109,-1,-1
4166,5102,-1,-1,5108,-1,-1
4168,5101,-1,-1,5107,-1,-1
4170,5036,-1,-1,42613,-1,-1
4181,5186,-1,-1,5186,-1,-1
4193,5146,-1,-1,5146,-1,-1
4212,5197,-1,-1,5197,-1,-1
4213,5197,-1,-1,5197,-1,-1
4214,5197,-1,-1,5197,-1,-1
4215,5197,-1,-1,5197,-1,-1
4216,5197,-1,-1,5197,-1,-1
4217,5197,-1,-1,5197,-1,-1
4218,5197,-1,-1,5197,-1,-1
4219,5197,-1,-1,5197,-1,-1
4220,5197,-1,-1,5197,-1,-1
4221,5197,-1,-1,5197,-1,-1
4222,5197,-1,-1,5197,-1,-1
4223,5197,-1,-1,5197,-1,-1
4224,5196,-1,-1,5196,-1,-1
4225,5196,-1,-1,5196,-1,-1
4226,5196,-1,-1,5196,-1,-1
4227,5196,-1,-1,5196,-1,-1
4228,5196,-1,-1,5196,-1,-1
4229,5196,-1,-1,5196,-1,-1
4230,5196,-1,-1,5196,-1,-1
4231,5196,-1,-1,5196,-1,-1
4232,5196,-1,-1,5196,-1,-1
4233,5196,-1,-1,5196,-1,-1
4234,5196,-1,-1,5196,-1,-1
4235,5196,-1,-1,5196,-1,-1
4236,563,-1,-1,563,-1,-1
4250,15006,-1,-1,15011,-1,-1
4251,29423,-1,-1,29423,-1,-1
4298,28515,26619,-1,15939,3848,-1
4300,265,-1,-1,14421,-1,-1
4302,5430,-1,-1,5435,-1,-1
4304,323,5433,-1,481,5433,-1
4306,5434,-1,-1,5434,-1,-1
4308,179,-1,-1,356,-1,-1
4310,185,-1,-1,361,-1,-1
4315,5584,-1,-1,5594,-1,-1
4317,5586,-1,-1,5596,-1,-1
4319,5587,-1,-1,5597,-1,-1
4321,5588,-1,-1,5598,-1,-1
4323,5589,-1,-1,5599,-1,-1
4325,5590,-1,-1,5600,-1,-1
4327,5591,-1,-1,5601,-1,-1
4329,5592,-1,-1,5602,-1,-1
4331,5593,-1,-1,5603,-1,-1
4333,5585,-1,-1,5595,-1,-1
4335,5584,-1,-1,5594,-1,-1
4337,5586,-1,-1,5596,-1,-1
4339,5587,-1,-1,5597,-1,-1
4341,5588,-1,-1,5598,-1,-1
4343,5589,-1,-1,5599,-1,-1
4345,5590,-1,-1,5600,-1,-1
4347,5591,-1,-1,5601,-1,-1
4349,5592,-1,-1,5602,-1,-1
4351,5593,-1,-1,5603,-1,-1
4353,5585,-1,-1,5595,-1,-1
4355,5584,-1,-1,5594,-1,-1
4357,5586,-1,-1,5596,-1,-1
4359,5587,-1,-1,5597,-1,-1
4361,5588,-1,-1,5598,-1,-1
4363,5589,-1,-1,5599,-1,-1
4365,5590,-1,-1,5600,-1,-1
4367,5591,-1,-1,5601,-1,-1
4369,5592,-1,-1,5602,-1,-1
4371,5593,-1,-1,5603,-1,-1
4373,5585,-1,-1,5595,-1,-1
4375,5584,-1,-1,5594,-1,-1
4377,5586,-1,-1,5596,-1,-1
4379,5587,-1,-1,5597,-1,-1
4381,5588,-1,-1,5598,-1,-1
4383,5589,-1,-1,5599,-1,-1
4385,5590,-1,-1,5600,-1,-1
4387,5591,-1,-1,5601,-1,-1
4389,5592,-1,-1,5602,-1,-1
4391,5593,-1,-1,5603,-1,-1
4393,5585,-1,-1,5595,-1,-1
4395,5584,-1,-1,5594,-1,-1
4397,5586,-1,-1,5596,-1,-1
4399,5587,-1,-1,5597,-1,-1
4401,5588,-1,-1,5598,-1,-1
4403,5589,-1,-1,5599,-1,-1
4405,5590,-1,-1,5600,-1,-1
4407,5591,-1,-1,5601,-1,-1
4409,5592,-1,-1,5602,-1,-1
4411,5593,-1,-1,5603,-1,-1
4413,5585,-1,-1,5595,-1,-1
4435,532,-1,-1,532,-1,-1
4498,5680,-1,-1,5680,-1,-1
4500,5679,-1,-1,5679,-1,-1
4502,5669,-1,-1,5676,-1,-1
4503,39598,-1,-1,39607,-1,-1
4504,306,164,-1,468,344,-1
4505,268,-1,-1,432,-1,-1
4506,219,-1,-1,395,-1,-1
4507,486,-1,-1,486,-1,-1
4508,39619,-1,-1,39630,-1,-1
4509,306,164,-1,468,344,-1
4510,268,-1,-1,432,-1,-1
4511,219,-1,-1,395,-1,-1
4512,486,-1,-1,486,-1,-1
4513,5736,-1,-1,398,-1,-1
4514,5737,-1,-1,5737,-1,-1
4515,5736,-1,-1,398,-1,-1
4516,5737,-1,-1,5737,-1,-1
4551,5795,-1,-1,5796,-1,-1
4565,5811,-1,-1,5811,-1,-1
4566,5812,-1,-1,5812,-1,-1
4567,5818,-1,-1,5819,-1,-1
4580,540,-1,-1,540,-1,-1
4582,540,-1,-1,540,-1,-1
4584,540,-1,-1,540,-1,-1
4585,6029,-1,-1,6030,-1,-1
4587,6031,-1,-1,6031,-1,-1
4599,6099,-1,-1,6099,-1,-1
4600,6099,-1,-1,6099,-1,-1
4605,6100,-1,-1,6101,-1,-1
4611,230,188,6088,403,364,6096
4613,6136,-1,-1,6136,-1,-1
4614,6137,-1,-1,6137,-1,-1
4675,6232,-1,-1,6232,-1,-1
4677,6469,-1,-1,6469,-1,-1
4692,532,-1,-1,532,-1,-1
4704,6543,-1,-1,6543,-1,-1
4708,5430,-1,-1,5435,-1,-1
4710,6706,-1,-1,39599,-1,-1
4712,6669,35817,-1,6697,35819,-1
4714,6659,-1,-1,6691,-1,-1
4716,6651,-1,-1,6686,-1,-1
4718,6702,-1,-1,39606,-1,-1
4720,6670,6639,-1,6698,6681,-1
4722,6660,-1,-1,6692,-1,-1
4724,6653,-1,-1,6687,-1,-1
4726,6709,-1,-1,39624,-1,-1
4728,6672,6641,-1,6699,6682,-1
4730,32937,-1,-1,32938,-1,-1
4732,6655,-1,-1,6688,-1,-1
4734,6712,-1,-1,39618,-1,-1
4736,6674,6643,-1,6700,6683,-1
4738,6664,-1,-1,6694,-1,-1
4745,6656,-1,-1,6689,-1,-1
4747,6707,-1,-1,39633,-1,-1
4749,6676,6644,-1,6701,6684,-1
4751,6662,-1,-1,6693,-1,-1
4753,6658,-1,-1,6690,-1,-1
4755,6704,-1,-1,6704,-1,-1
4757,315,6646,-1,478,6685,-1
4759,6667,-1,-1,6696,-1,-1
4809,532,-1,-1,532,-1,-1
4814,532,-1,-1,532,-1,-1
4815,532,-1,-1,532,-1,-1
4816,532,-1,-1,532,-1,-1
4817,556,-1,-1,556,-1,-1
4827,6813,-1,-1,6813,-1,-1
4829,556,-1,-1,556,-1,-1
4837,556,-1,-1,556,-1,-1
4856,5430,-1,-1,5435,-1,-1
4857,5430,-1,-1,5435,-1,-1
4858,5430,-1,-1,5435,-1,-1
4859,5430,-1,-1,5435,-1,-1
4860,5430,-1,-1,5435,-1,-1
4862,6706,-1,-1,39599,-1,-1
4863,6706,-1,-1,39599,-1,-1
4864,6706,-1,-1,39599,-1,-1
4865,6706,-1,-1,39599,-1,-1
4866,6706,-1,-1,39599,-1,-1
4868,6669,35817,-1,6697,35819,-1
4869,6669,35817,-1,6697,35819,-1
4870,6669,35817,-1,6697,35819,-1
4871,6669,35817,-1,6697,35819,-1
4872,6669,35817,-1,6697,35819,-1
4874,6659,-1,-1,6691,-1,-1
4875,6659,-1,-1,6691,-1,-1
4876,6659,-1,-1,6691,-1,-1
4877,6659,-1,-1,6691,-1,-1
4878,6659,-1,-1,6691,-1,-1
4880,6651,-1,-1,6686,-1,-1
4881,6651,-1,-1,6686,-1,-1
4882,6651,-1,-1,6686,-1,-1
4883,6651,-1,-1,6686,-1,-1
4884,6651,-1,-1,6686,-1,-1
4886,6702,-1,-1,39606,-1,-1
4887,6702,-1,-1,39606,-1,-1
4888,6702,-1,-1,39606,-1,-1
4889,6702,-1,-1,39606,-1,-1
4890,6702,-1,-1,39606,-1,-1
4892,6670,6639,-1,6698,6681,-1
4893,6670,6639,-1,6698,6681,-1
4894,6670,6639,-1,6698,6681,-1
4895,6670,6639,-1,6698,6681,-1
4896,6670,6639,-1,6698,6681,-1
4898,6660,-1,-1,6692,-1,-1
4899,6660,-1,-1,6692,-1,-1
4900,6660,-1,-1,6692,-1,-1
4901,6660,-1,-1,6692,-1,-1
4902,6660,-1,-1,6692,-1,-1
4904,6653,-1,-1,6687,-1,-1
4905,6653,-1,-1,6687,-1,-1
4906,6653,-1,-1,6687,-1,-1
4907,6653,-1,-1,6687,-1,-1
4908,6653,-1,-1,6687,-1,-1
4910,6709,-1,-1,39624,-1,-1
4911,6709,-1,-1,39624,-1,-1
4912,6709,-1,-1,39624,-1,-1
4913,6709,-1,-1,39624,-1,-1
4914,6709,-1,-1,39624,-1,-1
4916,6672,6641,-1,6699,6682,-1
4917,6672,6641,-1,6699,6682,-1
4918,6672,6641,-1,6699,6682,-1
4919,6672,6641,-1,6699,6682,-1
4920,6672,6641,-1,6699,6682,-1
4922,32937,-1,-1,32938,-1,-1
4923,32937,-1,-1,32938,-1,-1
4924,32937,-1,-1,32938,-1,-1
4925,32937,-1,-1,32938,-1,-1
4926,32937,-1,-1,32938,-1,-1
4928,6655,-1,-1,6688,-1,-1
4929,6655,-1,-1,6688,-1,-1
4930,6655,-1,-1,6688,-1,-1
4931,6655,-1,-1,6688,-1,-1
4932,6655,-1,-1,6688,-1,-1
4934,6712,-1,-1,39618,-1,-1
4935,6712,-1,-1,39618,-1,-1
4936,6712,-1,-1,39618,-1,-1
4937,6712,-1,-1,39618,-1,-1
4938,6712,-1,-1,39618,-1,-1
4940,6674,6643,-1,6700,6683,-1
4941,6674,6643,-1,6700,6683,-1
4942,6674,6643,-1,6700,6683,-1
4943,6674,6643,-1,6700,6683,-1
4944,6674,6643,-1,6700,6683,-1
4946,6664,-1,-1,6694,-1,-1
4947,6664,-1,-1,6694,-1,-1
4948,6664,-1,-1,6694,-1,-1
4949,6664,-1,-1,6694,-1,-1
4950,6664,-1,-1,6694,-1,-1
4952,6656,-1,-1,6689,-1,-1
4953,6656,-1,-1,6689,-1,-1
4954,6656,-1,-1,6689,-1,-1
4955,6656,-1,-1,6689,-1,-1
4956,6656,-1,-1,6689,-1,-1
4958,6707,-1,-1,39633,-1,-1
4959,6707,-1,-1,39633,-1,-1
4960,6707,-1,-1,39633,-1,-1
4961,6707,-1,-1,39633,-1,-1
4962,6707,-1,-1,39633,-1,-1
4964,6676,6644,-1,6701,6684,-1
4965,6676,6644,-1,6701,6684,-1
4966,6676,6644,-1,6701,6684,-1
4967,6676,6644,-1,6701,6684,-1
4968,6676,6644,-1,6701,6684,-1
4970,6662,-1,-1,6693,-1,-1
4971,6662,-1,-1,6693,-1,-1
4972,6662,-1,-1,6693,-1,-1
4973,6662,-1,-1,6693,-1,-1
4974,6662,-1,-1,6693,-1,-1
4976,6658,-1,-1,6690,-1,-1
4977,6658,-1,-1,6690,-1,-1
4978,6658,-1,-1,6690,-1,-1
4979,6658,-1,-1,6690,-1,-1
4980,6658,-1,-1,6690,-1,-1
4982,6704,-1,-1,6704,-1,-1
4983,6704,-1,-1,6704,-1,-1
4984,6704,-1,-1,6704,-1,-1
4985,6704,-1,-1,6704,-1,-1
4986,6704,-1,-1,6704,-1,-1
4988,315,6646,-1,478,6685,-1
4989,315,6646,-1,478,6685,-1
4990,315,6646,-1,478,6685,-1
4991,315,6646,-1,478,6685,-1
4992,315,6646,-1,478,6685,-1
4994,6667,-1,-1,6696,-1,-1
4995,6667,-1,-1,6696,-1,-1
4996,6667,-1,-1,6696,-1,-1
4997,6667,-1,-1,6696,-1,-1
4998,6667,-1,-1,6696,-1,-1
5013,6958,-1,-1,6960,-1,-1
5014,6959,-1,-1,6961,-1,-1
5016,6964,-1,-1,6964,-1,-1
5018,6963,-1,-1,42650,-1,-1
5024,7003,6999,-1,7009,7005,-1
5026,7003,6999,-1,7009,7005,-1
5028,7003,6999,-1,7009,7005,-1
5030,7004,6999,-1,7010,7005,-1
5032,7004,6999,-1,7010,7005,-1
5034,7004,6999,-1,7010,7005,-1
5036,7002,-1,-1,7008,-1,-1
5038,7002,-1,-1,7008,-1,-1
5040,7002,-1,-1,7008,-1,-1
5042,7000,-1,-1,7006,-1,-1
5044,7000,-1,-1,7006,-1,-1
5046,7000,-1,-1,7006,-1,-1
5048,7001,-1,-1,7007,-1,-1
5050,7001,-1,-1,7007,-1,-1
5052,7001,-1,-1,7007,-1,-1
5060,7011,-1,-1,7011,-1,-1
5061,7012,-1,-1,7012,-1,-1
5325,7367,-1,-1,7367,-1,-1
5329,7126,-1,-1,42630,-1,-1
5331,7368,-1,-1,7368,-1,-1
5333,7368,-1,-1,7368,-1,-1
5334,7368,-1,-1,7368,-1,-1
5335,7368,-1,-1,7368,-1,-1
5336,7368,-1,-1,7368,-1,-1
5337,7368,-1,-1,7368,-1,-1
5338,7368,-1,-1,7368,-1,-1
5339,7368,-1,-1,7368,-1,-1
5340,7368,-1,-1,7368,-1,-1
5341,7125,-1,-1,7125,-1,-1
5343,7124,-1,-1,7124,-1,-1
5345,7121,-1,-1,7366,-1,-1
5350,7372,-1,-1,7372,-1,-1
5521,6850,-1,-1,6852,-1,-1
5525,7479,-1,-1,7493,-1,-1
5527,7480,-1,-1,7494,-1,-1
5529,7489,-1,-1,7503,-1,-1
5531,7492,-1,-1,7506,-1,-1
5533,7482,-1,-1,7496,-1,-1
5535,7486,-1,-1,7500,-1,-1
5537,7487,-1,-1,7501,-1,-1
5539,7484,-1,-1,7498,-1,-1
5541,7490,-1,-1,7504,-1,-1
5543,7483,-1,-1,7497,-1,-1
5545,7488,-1,-1,7502,-1,-1
5547,7485,-1,-1,7499,-1,-1
5549,7481,-1,-1,7495,-1,-1
5553,7610,7605,-1,7617,7612,-1
5554,7608,-1,-1,7615,-1,-1
5555,7609,-1,-1,7616,-1,-1
5556,7606,-1,-1,7613,-1,-1
5557,7607,-1,-1,7614,-1,-1
5560,7618,-1,-1,7618,-1,-1
5561,516,-1,-1,516,-1,-1
5574,218,-1,-1,394,-1,-1
5575,3379,164,-1,3383,344,-1
5576,268,-1,-1,432,-1,-1
5603,525,-1,-1,525,-1,-1
5607,7122,-1,-1,7122,-1,-1
5608,7721,-1,-1,7721,-1,-1
5609,6853,-1,-1,6853,-1,-1
5614,7733,-1,-1,7733,-1,-1
5628,500,-1,-1,500,-1,-1
5629,500,-1,-1,500,-1,-1
5630,500,-1,-1,500,-1,-1
5631,500,-1,-1,500,-1,-1
5632,500,-1,-1,500,-1,-1
5633,500,-1,-1,500,-1,-1
5634,500,-1,-1,500,-1,-1
5635,500,-1,-1,500,-1,-1
5636,500,-1,-1,500,-1,-1
5637,500,-1,-1,500,-1,-1
5638,500,-1,-1,500,-1,-1
5639,500,-1,-1,500,-1,-1
5640,500,-1,-1,500,-1,-1
5641,500,-1,-1,500,-1,-1
5654,548,-1,-1,42631,-1,-1
5655,548,-1,-1,42631,-1,-1
5656,548,-1,-1,42631,-1,-1
5657,548,-1,-1,42631,-1,-1
5658,548,-1,-1,42631,-1,-1
5659,548,-1,-1,42631,-1,-1
5660,548,-1,-1,42631,-1,-1
5661,548,-1,-1,42631,-1,-1
5662,548,-1,-1,42631,-1,-1
5663,548,-1,-1,42631,-1,-1
5664,548,-1,-1,42631,-1,-1
5665,548,-1,-1,42631,-1,-1
5666,548,-1,-1,42631,-1,-1
5667,548,-1,-1,42631,-1,-1
5668,504,-1,-1,42621,-1,-1
5670,504,-1,-1,42621,-1,-1
5672,504,-1,-1,42621,-1,-1
5674,504,-1,-1,42621,-1,-1
5676,504,-1,-1,42621,-1,-1
5678,504,-1,-1,42621,-1,-1
5680,539,-1,-1,42626,-1,-1
5682,504,-1,-1,42621,-1,-1
5684,504,-1,-1,42621,-1,-1
5686,504,-1,-1,42621,-1,-1
5688,504,-1,-1,42621,-1,-1
5690,504,-1,-1,42621,-1,-1
5692,504,-1,-1,42621,-1,-1
5694,504,-1,-1,42621,-1,-1
5696,504,-1,-1,42621,-1,-1
5698,539,-1,-1,42626,-1,-1
5700,504,-1,-1,42621,-1,-1
5702,504,-1,-1,42621,-1,-1
5704,540,-1,-1,540,-1,-1
5706,540,-1,-1,540,-1,-1
5708,540,-1,-1,540,-1,-1
5710,540,-1,-1,540,-1,-1
5712,540,-1,-1,540,-1,-1
5714,540,-1,-1,540,-1,-1
5716,505,-1,-1,505,-1,-1
5718,540,-1,-1,540,-1,-1
5720,540,-1,-1,540,-1,-1
5722,540,-1,-1,540,-1,-1
5724,540,-1,-1,540,-1,-1
5726,540,-1,-1,540,-1,-1
5728,540,-1,-1,540,-1,-1
5730,505,-1,-1,505,-1,-1
5732,2819,-1,-1,2819,-1,-1
5734,540,-1,-1,540,-1,-1
5736,540,-1,-1,540,-1,-1
5769,2800,-1,-1,2800,-1,-1
5771,2736,-1,-1,2736,-1,-1
5982,8231,-1,-1,8231,-1,-1
6036,552,-1,-1,552,-1,-1
6040,290,-1,-1,454,-1,-1
6041,290,-1,-1,454,-1,-1
6065,295,6847,-1,459,6851,-1
6067,6849,-1,-1,8358,-1,-1
6068,179,-1,-1,356,-1,-1
6069,185,-1,-1,361,-1,-1
6070,323,-1,-1,481,-1,-1
6082,8271,-1,-1,8271,-1,-1
6106,8380,-1,-1,8386,-1,-1
6107,8383,-1,-1,8389,-1,-1
6108,8382,-1,-1,8388,-1,-1
6109,8391,8381,-1,8392,8387,-1
6110,8379,-1,-1,8385,-1,-1
6111,8384,-1,-1,8390,-1,-1
6122,8683,-1,-1,8683,-1,-1
6123,8234,-1,-1,8234,-1,-1
6125,31663,-1,-1,31664,-1,-1
6126,31663,-1,-1,31664,-1,-1
6127,31663,-1,-1,31664,-1,-1
6128,230,8747,-1,403,8753,-1
6129,8749,-1,-1,8757,-1,-1
6130,8748,-1,-1,8755,-1,-1
6131,215,8728,-1,391,8752,-1
6133,8732,-1,-1,8756,-1,-1
6135,8730,-1,-1,8754,-1,-1
6137,215,8729,-1,391,8734,-1
6139,8733,-1,-1,8736,-1,-1
6141,8731,-1,-1,8735,-1,-1
6143,8727,-1,-1,8751,-1,-1
6145,8727,-1,-1,8751,-1,-1
6147,8727,-1,-1,8751,-1,-1
6149,8726,-1,-1,8750,-1,-1
6151,8726,-1,-1,8750,-1,-1
6153,8726,-1,-1,8750,-1,-1
6180,8780,26619,-1,8848,3848,-1
6181,8777,-1,-1,8783,-1,-1
6182,8775,-1,-1,8847,-1,-1
6184,7611,26630,-1,53211,487,-1
6185,8778,-1,-1,53210,-1,-1
6186,53217,53215,-1,8786,8846,-1
6187,53216,-1,-1,8784,-1,-1
6188,8776,-1,-1,8782,-1,-1
6209,551,-1,-1,551,-1,-1
6215,8948,-1,-1,8948,-1,-1
6217,8948,-1,-1,8948,-1,-1
6219,8948,-1,-1,8948,-1,-1
6221,8948,-1,-1,8948,-1,-1
6223,8948,-1,-1,8948,-1,-1
6225,8948,-1,-1,8948,-1,-1
6227,8948,-1,-1,8948,-1,-1
6229,8948,-1,-1,8948,-1,-1
6231,8948,-1,-1,8948,-1,-1
6233,8948,-1,-1,8948,-1,-1
6235,8948,-1,-1,8948,-1,-1
6237,8948,-1,-1,8948,-1,-1
6239,8948,-1,-1,8948,-1,-1
6241,8948,-1,-1,8948,-1,-1
6243,8948,-1,-1,8948,-1,-1
6245,8948,-1,-1,8948,-1,-1
6247,8948,-1,-1,8948,-1,-1
6249,8948,-1,-1,8948,-1,-1
6251,8948,-1,-1,8948,-1,-1
6253,8948,-1,-1,8948,-1,-1
6255,8948,-1,-1,8948,-1,-1
6257,8948,-1,-1,8948,-1,-1
6259,8948,-1,-1,8948,-1,-1
6261,8948,-1,-1,8948,-1,-1
6263,8948,-1,-1,8948,-1,-1
6265,8948,-1,-1,8948,-1,-1
6267,8948,-1,-1,8948,-1,-1
6269,8948,-1,-1,8948,-1,-1
6271,8948,-1,-1,8948,-1,-1
6273,8948,-1,-1,8948,-1,-1
6275,8948,-1,-1,8948,-1,-1
6277,8948,-1,-1,8948,-1,-1
6279,8948,-1,-1,8948,-1,-1
6281,8946,-1,-1,8946,-1,-1
6283,8946,-1,-1,8946,-1,-1
6285,8946,-1,-1,8946,-1,-1
6313,566,-1,-1,42620,-1,-1
6315,566,-1,-1,42620,-1,-1
6317,566,-1,-1,42620,-1,-1
6322,8927,8915,-1,8942,8930,-1
6324,8924,-1,-1,8939,-1,-1
6326,8922,-1,-1,8937,-1,-1
6328,8920,-1,-1,8935,-1,-1
6330,8917,-1,-1,8932,-1,-1
6335,8923,-1,-1,8938,-1,-1
6337,8923,-1,-1,8938,-1,-1
6339,8923,-1,-1,8938,-1,-1
6341,8928,8916,-1,8943,8931,-1
6343,8925,-1,-1,8940,-1,-1
6345,8921,-1,-1,8936,-1,-1
6347,8918,-1,-1,8933,-1,-1
6349,8919,-1,-1,8934,-1,-1
6351,8928,8916,-1,8943,8931,-1
6353,8925,-1,-1,8940,-1,-1
6355,8921,-1,-1,8936,-1,-1
6357,8919,-1,-1,8934,-1,-1
6359,8918,-1,-1,8933,-1,-1
6361,8928,8916,-1,8943,8931,-1
6363,8925,-1,-1,8940,-1,-1
6365,8921,-1,-1,8936,-1,-1
6367,8919,-1,-1,8934,-1,-1
6369,8918,-1,-1,8933,-1,-1
6371,8928,8916,-1,8943,8931,-1
6373,8925,-1,-1,8940,-1,-1
6375,8921,-1,-1,8936,-1,-1
6377,8919,-1,-1,8934,-1,-1
6379,8918,-1,-1,8933,-1,-1
6382,7743,-1,-1,9019,-1,-1
6384,28515,26632,-1,18554,3476,-1
6386,265,-1,-1,14397,-1,-1
6388,5221,26619,-1,9027,3848,-1
6390,6090,-1,-1,9023,-1,-1
6392,6130,-1,-1,9021,-1,-1
6394,9018,26632,-1,9026,3476,-1
6396,6132,-1,-1,9024,-1,-1
6398,6133,-1,-1,430,-1,-1
6400,6130,-1,-1,9021,-1,-1
6402,9018,26632,-1,9026,3476,-1
6404,6132,-1,-1,9024,-1,-1
6406,6133,-1,-1,430,-1,-1
6408,8973,-1,-1,8973,-1,-1
6410,8974,-1,-1,8974,-1,-1
6412,8973,-1,-1,8973,-1,-1
6414,8974,-1,-1,8974,-1,-1
6416,6099,-1,-1,6099,-1,-1
6418,8973,-1,-1,8973,-1,-1
6420,8974,-1,-1,8974,-1,-1
6448,9101,-1,-1,9101,-1,-1
6468,552,-1,-1,552,-1,-1
6470,552,-1,-1,552,-1,-1
6472,552,-1,-1,552,-1,-1
6474,552,-1,-1,552,-1,-1
6476,552,-1,-1,552,-1,-1
6522,9346,-1,-1,9346,-1,-1
6523,9349,-1,-1,9349,-1,-1
6524,9347,-1,-1,9347,-1,-1
6525,9343,-1,-1,42654,-1,-1
6526,9348,-1,-1,9348,-1,-1
6527,9345,-1,-1,9345,-1,-1
6528,9344,-1,-1,9344,-1,-1
6541,9430,-1,-1,9430,-1,-1
6544,6469,-1,-1,6469,-1,-1
6547,9368,-1,-1,9370,-1,-1
6548,9369,-1,-1,3191,-1,-1
6562,9956,-1,-1,32907,-1,-1
6563,9956,-1,-1,32907,-1,-1
6568,9639,-1,-1,9641,-1,-1
6570,9638,-1,-1,9640,-1,-1
6573,516,-1,-1,516,-1,-1
6577,9643,-1,-1,9645,-1,-1
6581,9642,-1,-1,9644,-1,-1
6585,9642,-1,-1,9644,-1,-1
6587,3780,-1,-1,3780,-1,-1
6589,550,-1,-1,550,-1,-1
6591,533,-1,-1,42608,-1,-1
6593,504,-1,-1,42621,-1,-1
6595,504,-1,-1,42621,-1,-1
6597,504,-1,-1,42621,-1,-1
6599,555,-1,-1,555,-1,-1
6601,502,-1,-1,502,-1,-1
6603,534,567,-1,534,567,-1
6605,519,-1,-1,519,-1,-1
6607,518,-1,-1,518,-1,-1
6609,546,-1,-1,546,-1,-1
6611,490,-1,-1,490,-1,-1
6613,542,-1,-1,42616,-1,-1
6615,301,-1,-1,464,-1,-1
6617,306,164,-1,468,344,-1
6619,4954,-1,-1,5031,-1,-1
6621,219,-1,-1,395,-1,-1
6623,218,-1,-1,394,-1,-1
6625,268,-1,-1,432,-1,-1
6627,266,-1,-1,430,-1,-1
6629,179,-1,-1,356,-1,-1
6631,541,-1,-1,541,-1,-1
6633,486,-1,-1,486,-1,-1
6635,9652,-1,-1,9652,-1,-1
6654,9762,26632,-1,9765,3476,-1
6655,9761,-1,-1,9764,-1,-1
6656,9760,-1,-1,9760,-1,-1
6657,9762,26632,176,9765,3476,353
6658,9761,185,-1,9764,361,-1
6659,9760,-1,-1,9760,-1,-1
6664,552,-1,-1,552,-1,-1
6665,9803,-1,-1,9803,-1,-1
6666,9802,-1,-1,9804,-1,-1
6670,9815,-1,-1,9815,-1,-1
6671,9815,-1,-1,9815,-1,-1
6672,9815,-1,-1,9815,-1,-1
6673,9817,-1,-1,9817,-1,-1
6707,10983,-1,-1,10986,-1,-1
6713,9899,-1,-1,9899,-1,-1
6714,9899,9900,-1,9899,9900,-1
6720,179,-1,-1,356,-1,-1
6721,9901,-1,-1,9901,-1,-1
6722,9923,-1,-1,9923,-1,-1
6724,9955,-1,-1,9955,-1,-1
6739,9957,-1,-1,9957,-1,-1
6745,513,-1,-1,513,-1,-1
6746,513,-1,-1,513,-1,-1
6748,9986,-1,-1,9986,-1,-1
6750,26619,28515,-1,3848,18554,-1
6752,265,-1,-1,14421,-1,-1
6760,10005,-1,-1,10005,-1,-1
6762,10006,-1,-1,10006,-1,-1
6764,10007,-1,-1,10007,-1,-1
6772,10079,-1,-1,10079,-1,-1
6773,10080,-1,-1,10080,-1,-1
6774,10080,10081,-1,10080,10081,-1
6775,10080,10082,-1,10080,10082,-1
6776,10080,10083,-1,10080,10083,-1
6777,10080,10084,-1,10080,10084,-1
6778,10080,10085,-1,10080,10085,-1
6779,10080,10086,-1,10080,10086,-1
6786,28515,10123,-1,18554,10126,-1
6787,10125,-1,-1,10003,-1,-1
6788,10130,-1,-1,10130,-1,-1
6789,10129,-1,-1,10129,-1,-1
6790,10124,-1,-1,10127,-1,-1
6809,10362,-1,-1,10363,-1,-1
6817,10381,-1,-1,10381,-1,-1
6818,46962,-1,-1,46962,-1,-1
6856,10532,-1,-1,10543,-1,-1
6857,10537,-1,-1,10547,-1,-1
6858,10533,-1,-1,10544,-1,-1
6859,10538,-1,-1,10548,-1,-1
6860,10535,-1,-1,10546,-1,-1
6861,10540,-1,-1,10550,-1,-1
6862,10534,-1,-1,10545,-1,-1
6863,10539,-1,-1,10549,-1,-1
6864,10551,-1,-1,10551,-1,-1
6885,20049,-1,-1,274,-1,-1
6886,20049,-1,-1,274,-1,-1
6887,20049,-1,-1,274,-1,-1
6889,10698,-1,-1,10699,-1,-1
6908,10701,-1,-1,39623,-1,-1
6910,10700,-1,-1,39612,-1,-1
6912,10703,-1,-1,39608,-1,-1
6914,10702,-1,-1,39616,-1,-1
6916,10687,10681,-1,10694,10688,-1
6918,10684,-1,-1,10691,-1,-1
6920,10683,-1,-1,10690,-1,-1
6922,179,-1,-1,356,-1,-1
6924,10686,-1,-1,10693,-1,-1
6959,323,-1,-1,481,-1,-1
7003,10836,-1,-1,10840,-1,-1
7051,11076,-1,-1,11076,-1,-1
7053,11076,11077,-1,11076,11077,-1
7110,11116,-1,-1,11121,-1,-1
7112,11111,-1,-1,11118,-1,-1
7114,11110,-1,-1,11193,-1,-1
7116,11112,-1,-1,11120,-1,-1
7118,11198,-1,-1,11198,-1,-1
7119,11197,-1,-1,11197,-1,-1
7120,11199,-1,-1,11199,-1,-1
7121,11202,-1,-1,11202,-1,-1
7122,11116,-1,-1,11121,-1,-1
7124,11111,-1,-1,11118,-1,-1
7126,11112,-1,-1,11120,-1,-1
7128,11116,-1,-1,11121,-1,-1
7130,11111,-1,-1,11118,-1,-1
7132,11112,-1,-1,11120,-1,-1
7134,11116,-1,-1,11121,-1,-1
7136,11111,-1,-1,11118,-1,-1
7138,11112,-1,-1,11120,-1,-1
7140,11201,-1,-1,11201,-1,-1
7141,11200,-1,-1,11200,-1,-1
7142,11203,-1,-1,11203,-1,-1
7158,11225,-1,-1,11225,-1,-1
7159,11226,-1,-1,11228,-1,-1
7170,11295,-1,-1,11295,-1,-1
7319,11330,-1,-1,11353,-1,-1
7321,11330,-1,-1,11353,-1,-1
7323,11330,-1,-1,11353,-1,-1
7325,11330,-1,-1,11353,-1,-1
7327,11330,-1,-1,11353,-1,-1
7332,11419,-1,-1,11419,-1,-1
7334,11419,-1,-1,11419,-1,-1
7336,11419,-1,-1,11419,-1,-1
7338,11420,-1,-1,11420,-1,-1
7340,11420,-1,-1,11420,-1,-1
7342,11420,-1,-1,11420,-1,-1
7344,11421,-1,-1,11421,-1,-1
7346,11421,-1,-1,11421,-1,-1
7348,11421,-1,-1,11421,-1,-1
7350,11422,-1,-1,11422,-1,-1
7352,11422,-1,-1,11422,-1,-1
7354,11422,-1,-1,11422,-1,-1
7356,11423,-1,-1,11423,-1,-1
7358,11423,-1,-1,11423,-1,-1
7360,11423,-1,-1,11423,-1,-1
7362,11346,-1,-1,11362,-1,-1
7364,11346,-1,-1,11362,-1,-1
7366,11412,-1,-1,11356,-1,-1
7368,11412,-1,-1,11356,-1,-1
7370,11345,-1,-1,11361,-1,-1
7372,11345,-1,-1,11361,-1,-1
7374,11345,-1,-1,11361,-1,-1
7376,11345,-1,-1,11361,-1,-1
7378,11411,-1,-1,11355,-1,-1
7380,11411,-1,-1,11355,-1,-1
7382,11411,-1,-1,11355,-1,-1
7384,11411,-1,-1,11355,-1,-1
7386,10982,-1,-1,11357,-1,-1
7388,10982,-1,-1,11357,-1,-1
7390,10979,10984,-1,11348,11359,-1
7392,10979,10984,-1,11348,11359,-1
7394,11331,-1,-1,11354,-1,-1
7396,11331,-1,-1,11354,-1,-1
7398,11413,-1,-1,11417,-1,-1
7399,11409,11414,-1,11415,11418,-1
7400,11410,-1,-1,11416,-1,-1
7404,4048,-1,-1,4048,-1,-1
7405,4048,-1,-1,4048,-1,-1
7406,4048,-1,-1,4048,-1,-1
7409,7126,-1,-1,42630,-1,-1
7410,7423,-1,-1,7423,-1,-1
7414,12087,-1,-1,12087,-1,-1
7421,12643,-1,-1,12643,-1,-1
7422,12643,-1,-1,12643,-1,-1
7423,12643,-1,-1,12643,-1,-1
7424,12643,-1,-1,12643,-1,-1
7425,12643,-1,-1,12643,-1,-1
7426,12643,-1,-1,12643,-1,-1
7427,12643,-1,-1,12643,-1,-1
7428,12643,-1,-1,12643,-1,-1
7429,12643,-1,-1,12643,-1,-1
7430,12643,-1,-1,12643,-1,-1
7431,12643,-1,-1,12643,-1,-1
7433,12770,-1,-1,12770,-1,-1
7435,12761,-1,-1,42609,-1,-1
7437,12768,-1,-1,12768,-1,-1
7439,12764,-1,-1,12764,-1,-1
7441,12762,-1,-1,42607,-1,-1
7443,12763,-1,-1,12763,-1,-1
7445,12767,-1,-1,12767,-1,-1
7447,12769,-1,-1,42627,-1,-1
7449,12766,-1,-1,42652,-1,-1
7451,12765,-1,-1,12765,-1,-1
7453,13307,-1,-1,13319,-1,-1
7454,13307,-1,-1,13319,-1,-1
7455,13307,-1,-1,13319,-1,-1
7456,13307,-1,-1,13319,-1,-1
7457,13307,-1,-1,13319,-1,-1
7458,13307,-1,-1,13319,-1,-1
7459,13307,-1,-1,13319,-1,-1
7460,13307,-1,-1,13319,-1,-1
7461,13307,-1,-1,13319,-1,-1
7462,13307,-1,-1,13319,-1,-1
7475,12759,-1,-1,12759,-1,-1
7509,13351,-1,-1,13351,-1,-1
7534,13333,13335,-1,13341,13344,-1
7535,12758,-1,-1,13349,-1,-1
7537,13894,-1,-1,13898,-1,-1
7539,13336,-1,-1,13899,-1,-1
7572,3875,-1,-1,3875,-1,-1
7592,13926,-1,-1,13348,-1,-1
7593,13925,-1,-1,13347,-1,-1
7594,13924,-1,-1,13928,-1,-1
7595,13331,-1,-1,13338,-1,-1
7596,13332,-1,-1,13340,-1,-1
7637,13946,-1,-1,13946,-1,-1
7639,13946,-1,-1,13946,-1,-1
7640,13946,-1,-1,13946,-1,-1
7641,13946,-1,-1,13946,-1,-1
7642,13946,-1,-1,13946,-1,-1
7643,13946,-1,-1,13946,-1,-1
7644,13946,-1,-1,13946,-1,-1
7645,13946,-1,-1,13946,-1,-1
7646,13946,-1,-1,13946,-1,-1
7647,13946,-1,-1,13946,-1,-1
7648,13946,-1,-1,13946,-1,-1
7668,14051,-1,-1,42645,-1,-1
7671,13317,-1,-1,13329,-1,-1
7673,13317,-1,-1,13329,-1,-1
7675,519,-1,-1,519,-1,-1
7676,486,-1,-1,486,-1,-1
7679,14115,-1,-1,14115,-1,-1
7682,12812,-1,-1,12812,-1,-1
7684,12811,-1,-1,12811,-1,-1
7686,12796,-1,-1,12796,-1,-1
7688,12813,-1,-1,12813,-1,-1
7690,12813,-1,-1,12813,-1,-1
7691,12813,-1,-1,12813,-1,-1
7728,12853,-1,-1,12853,-1,-1
7730,12853,-1,-1,12853,-1,-1
7731,12853,-1,-1,12853,-1,-1
7732,12853,-1,-1,12853,-1,-1
7733,12853,-1,-1,12853,-1,-1
7734,12853,-1,-1,12853,-1,-1
7735,12853,-1,-1,12853,-1,-1
7736,12853,-1,-1,12853,-1,-1
7737,12853,-1,-1,12853,-1,-1
7740,6098,-1,-1,6098,-1,-1
7742,8234,-1,-1,8234,-1,-1
7744,6098,-1,-1,6098,-1,-1
7746,6098,-1,-1,6098,-1,-1
7748,6098,-1,-1,6098,-1,-1
7750,6098,-1,-1,6098,-1,-1
7752,6098,-1,-1,6098,-1,-1
7754,6098,-1,-1,6098,-1,-1
7756,12814,-1,-1,12814,-1,-1
7773,14169,-1,-1,14169,-1,-1
7777,10131,-1,-1,10131,-1,-1
7778,14170,-1,-1,14170,-1,-1
7803,9606,-1,-1,9459,-1,-1
7804,2527,-1,-1,2527,-1,-1
7806,2295,-1,-1,2295,-1,-1
7807,1837,-1,-1,1837,-1,-1
7808,1898,-1,-1,1898,-1,-1
7809,2224,-1,-1,2224,-1,-1
7917,2855,-1,-1,4987,-1,-1
7918,4986,-1,-1,5021,-1,-1
8464,218,-1,-1,394,-1,-1
8466,218,-1,-1,394,-1,-1
8468,218,-1,-1,394,-1,-1
8470,218,-1,-1,394,-1,-1
8472,218,-1,-1,394,-1,-1
8474,218,-1,-1,394,-1,-1
8476,218,-1,-1,394,-1,-1
8478,218,-1,-1,394,-1,-1
8480,218,-1,-1,394,-1,-1
8482,218,-1,-1,394,-1,-1
8484,218,-1,-1,394,-1,-1
8486,218,-1,-1,394,-1,-1
8488,218,-1,-1,394,-1,-1
8490,218,-1,-1,394,-1,-1
8492,218,-1,-1,394,-1,-1
8494,218,-1,-1,394,-1,-1
8650,12773,-1,-1,12773,-1,-1
8652,12774,-1,-1,12774,-1,-1
8654,12775,-1,-1,12775,-1,-1
8656,12776,-1,-1,12776,-1,-1
8658,12777,-1,-1,12777,-1,-1
8660,34458,-1,-1,34458,-1,-1
8662,12779,-1,-1,12779,-1,-1
8664,12780,-1,-1,12780,-1,-1
8666,12781,-1,-1,12781,-1,-1
8668,12782,-1,-1,12782,-1,-1
8670,34475,-1,-1,34475,-1,-1
8672,12784,-1,-1,12784,-1,-1
8674,12785,-1,-1,12785,-1,-1
8676,12786,-1,-1,12786,-1,-1
8678,12787,-1,-1,12787,-1,-1
8680,12788,-1,-1,12788,-1,-1
8682,218,-1,-1,394,-1,-1
8684,218,-1,-1,394,-1,-1
8686,218,-1,-1,394,-1,-1
8688,218,-1,-1,394,-1,-1
8690,218,-1,-1,394,-1,-1
8692,218,-1,-1,394,-1,-1
8694,218,-1,-1,394,-1,-1
8696,218,-1,-1,394,-1,-1
8698,218,-1,-1,394,-1,-1
8700,218,-1,-1,394,-1,-1
8702,218,-1,-1,394,-1,-1
8704,218,-1,-1,394,-1,-1
8706,218,-1,-1,394,-1,-1
8708,218,-1,-1,394,-1,-1
8710,218,-1,-1,394,-1,-1
8712,218,-1,-1,394,-1,-1
8714,34447,-1,-1,34463,-1,-1
8716,34467,-1,-1,34453,-1,-1
8718,34479,-1,-1,34469,-1,-1
8720,34478,-1,-1,34462,-1,-1
8722,34468,-1,-1,34466,-1,-1
8724,34449,-1,-1,34471,-1,-1
8726,34465,-1,-1,34461,-1,-1
8728,34456,-1,-1,34470,-1,-1
8730,34464,-1,-1,34473,-1,-1
8732,34455,-1,-1,34472,-1,-1
8734,34450,-1,-1,34446,-1,-1
8736,34477,-1,-1,34474,-1,-1
8738,34452,-1,-1,34451,-1,-1
8740,34448,-1,-1,34476,-1,-1
8742,34454,-1,-1,34460,-1,-1
8744,34459,-1,-1,34457,-1,-1
8746,34447,-1,-1,34463,-1,-1
8748,34467,-1,-1,34453,-1,-1
8750,34479,-1,-1,34469,-1,-1
8752,34478,-1,-1,34462,-1,-1
8754,34468,-1,-1,34466,-1,-1
8756,34449,-1,-1,34471,-1,-1
8758,34465,-1,-1,34461,-1,-1
8760,34456,-1,-1,34470,-1,-1
8762,34464,-1,-1,34473,-1,-1
8764,34455,-1,-1,34472,-1,-1
8766,34450,-1,-1,34446,-1,-1
8768,34477,-1,-1,34474,-1,-1
8770,34452,-1,-1,34451,-1,-1
8772,34448,-1,-1,34476,-1,-1
8774,34454,-1,-1,34460,-1,-1
8776,34459,-1,-1,34457,-1,-1
8794,12816,-1,-1,12816,-1,-1
8839,14567,14562,-1,15290,14570,-1
8840,14566,-1,-1,14576,-1,-1
8841,14580,-1,-1,14579,-1,-1
8842,179,-1,-1,14572,-1,-1
8844,15413,-1,-1,42629,-1,-1
8845,15413,-1,-1,42629,-1,-1
8846,15413,-1,-1,42629,-1,-1
8847,15413,-1,-1,42629,-1,-1
8848,15413,-1,-1,42629,-1,-1
8849,15413,-1,-1,42629,-1,-1
8850,15413,-1,-1,42629,-1,-1
8856,15417,-1,-1,15417,-1,-1
8857,15416,-1,-1,15416,-1,-1
8858,15416,-1,-1,15416,-1,-1
8859,15416,-1,-1,15416,-1,-1
8860,15306,-1,-1,15306,-1,-1
8861,15307,-1,-1,15307,-1,-1
8862,15308,-1,-1,15308,-1,-1
8863,15309,-1,-1,15309,-1,-1
8864,15310,-1,-1,15310,-1,-1
8871,15475,-1,-1,15475,-1,-1
8872,15473,-1,-1,42633,-1,-1
8874,15474,-1,-1,42639,-1,-1
8876,15474,-1,-1,42639,-1,-1
8878,15474,-1,-1,42639,-1,-1
8880,15472,-1,-1,42614,-1,-1
8901,15935,-1,-1,15946,-1,-1
8903,15935,-1,-1,15946,-1,-1
8905,15935,-1,-1,15946,-1,-1
8907,15935,-1,-1,15946,-1,-1
8909,15935,-1,-1,15946,-1,-1
8911,15935,-1,-1,15946,-1,-1
8913,15935,-1,-1,15946,-1,-1
8915,15935,-1,-1,15946,-1,-1
8917,15935,-1,-1,15946,-1,-1
8919,15935,-1,-1,15946,-1,-1
8921,15935,-1,-1,15946,-1,-1
8923,15938,-1,-1,15947,-1,-1
8924,11111,236,-1,11118,410,-1
8925,11111,236,-1,11118,410,-1
8926,11111,236,-1,11118,410,-1
8927,11111,236,-1,11118,410,-1
8928,190,236,-1,367,410,-1
8929,15928,-1,-1,15943,-1,-1
8940,3877,-1,-1,3877,-1,-1
8941,3877,-1,-1,3877,-1,-1
8949,11111,-1,-1,11118,-1,-1
8950,190,-1,-1,367,-1,-1
8952,15978,15973,-1,15989,15986,-1
8953,15978,15973,-1,15989,15986,-1
8954,15978,15973,-1,15989,15986,-1
8955,15978,15973,-1,15989,15986,-1
8956,15978,15973,-1,15989,15986,-1
8957,15978,15973,-1,15989,15986,-1
8958,15978,15973,-1,15989,15986,-1
8959,15974,-1,-1,15987,-1,-1
8960,15974,-1,-1,15987,-1,-1
8961,15974,-1,-1,15987,-1,-1
8962,15974,-1,-1,15987,-1,-1
8963,15974,-1,-1,15987,-1,-1
8964,15974,-1,-1,15987,-1,-1
8965,15974,-1,-1,15987,-1,-1
8966,15981,-1,-1,15981,-1,-1
8967,15980,-1,-1,15980,-1,-1
8968,15979,-1,-1,15979,-1,-1
8969,15983,-1,-1,15983,-1,-1
8970,15985,-1,-1,15985,-1,-1
8971,15982,-1,-1,15982,-1,-1
8986,11432,-1,-1,11432,-1,-1
8987,15940,-1,-1,15941,-1,-1
8991,15976,-1,-1,15988,-1,-1
8992,15976,-1,-1,15988,-1,-1
8993,15976,-1,-1,15988,-1,-1
8994,15976,-1,-1,15988,-1,-1
8995,15976,-1,-1,15988,-1,-1
8996,15976,-1,-1,15988,-1,-1
8997,15976,-1,-1,15988,-1,-1
9005,16009,-1,-1,16011,-1,-1
9006,16010,-1,-1,16012,-1,-1
9013,15942,-1,-1,39609,-1,-1
9020,7423,-1,-1,7423,-1,-1
9044,16348,-1,-1,39613,-1,-1
9045,16348,-1,-1,39613,-1,-1
9046,16348,-1,-1,39613,-1,-1
9047,16348,-1,-1,39613,-1,-1
9048,16348,-1,-1,39613,-1,-1
9049,16348,-1,-1,39613,-1,-1
9050,16348,-1,-1,39613,-1,-1
9051,16348,-1,-1,39613,-1,-1
9065,16488,-1,-1,16488,-1,-1
9068,16477,-1,-1,16500,-1,-1
9069,16478,-1,-1,12140,-1,-1
9070,16485,16472,-1,16506,16493,-1
9071,16481,-1,-1,12143,-1,-1
9072,16476,-1,-1,16498,-1,-1
9073,16473,-1,-1,16496,-1,-1
9074,12086,-1,-1,16508,-1,-1
9083,16486,-1,-1,16486,-1,-1
9084,16489,-1,-1,39590,-1,-1
9085,16490,-1,-1,16490,-1,-1
9086,16490,-1,-1,16490,-1,-1
9087,16490,-1,-1,16490,-1,-1
9088,16490,-1,-1,16490,-1,-1
9089,16490,-1,-1,16490,-1,-1
9090,16490,-1,-1,16490,-1,-1
9091,30556,-1,-1,31195,-1,-1
9092,30556,-1,-1,31195,-1,-1
9093,30556,-1,-1,31195,-1,-1
9096,16480,-1,-1,16455,-1,-1
9097,16484,16471,-1,16505,16492,-1
9098,16482,-1,-1,16502,-1,-1
9099,16475,-1,-1,16497,-1,-1
9100,16474,-1,-1,16495,-1,-1
9101,16487,-1,-1,16507,-1,-1
9102,16483,-1,-1,16504,-1,-1
9103,16479,-1,-1,16501,-1,-1
9106,7491,-1,-1,7505,-1,-1
9174,16846,-1,-1,42622,-1,-1
9176,16846,-1,-1,42622,-1,-1
9177,16846,-1,-1,42622,-1,-1
9179,16846,-1,-1,42622,-1,-1
9181,16846,-1,-1,42622,-1,-1
9183,16846,-1,-1,42622,-1,-1
9185,16846,-1,-1,42622,-1,-1
9420,16844,-1,-1,16844,-1,-1
9422,16844,-1,-1,16844,-1,-1
9423,16844,-1,-1,16844,-1,-1
9425,16844,-1,-1,16844,-1,-1
9427,16844,-1,-1,16844,-1,-1
9429,16844,-1,-1,16844,-1,-1
9431,16844,-1,-1,16844,-1,-1
9440,16851,-1,-1,16851,-1,-1
9442,16851,-1,-1,16851,-1,-1
9444,16851,-1,-1,16851,-1,-1
9446,16851,-1,-1,16851,-1,-1
9448,16851,-1,-1,16851,-1,-1
9450,16851,-1,-1,16851,-1,-1
9452,16851,-1,-1,16851,-1,-1
9454,26611,-1,-1,42638,-1,-1
9456,26611,-1,-1,42638,-1,-1
9457,26611,-1,-1,42638,-1,-1
9459,26611,-1,-1,42638,-1,-1
9461,26611,-1,-1,42638,-1,-1
9463,26611,-1,-1,42638,-1,-1
9465,26611,-1,-1,42638,-1,-1
9470,17155,-1,-1,17157,-1,-1
9472,25875,-1,-1,25876,-1,-1
9590,17172,-1,-1,17172,-1,-1
9629,4019,-1,-1,17358,-1,-1
9634,18096,18076,-1,18119,14588,-1
9636,18094,-1,-1,18115,-1,-1
9638,181,-1,-1,18107,-1,-1
9640,28515,18074,-1,8849,18104,-1
9642,28212,-1,-1,18138,-1,-1
9644,185,-1,-1,361,-1,-1
9646,532,-1,-1,532,-1,-1
9647,532,-1,-1,532,-1,-1
9648,532,-1,-1,532,-1,-1
9660,543,-1,-1,543,-1,-1
9665,18494,-1,-1,18494,-1,-1
9672,218,-1,-1,394,-1,-1
9674,3379,164,-1,3383,344,-1
9676,268,-1,-1,432,-1,-1
9678,4206,-1,-1,4207,-1,-1
9681,9652,-1,-1,9652,-1,-1
9702,18542,-1,-1,18542,-1,-1
9703,519,-1,-1,519,-1,-1
9704,18877,-1,-1,18877,-1,-1
9705,512,-1,-1,512,-1,-1
9729,18567,-1,-1,18569,-1,-1
9731,3470,-1,-1,3470,-1,-1
9733,18567,-1,-1,18569,-1,-1
9747,18920,-1,-1,18969,-1,-1
9748,18920,-1,-1,18969,-1,-1
9749,18967,-1,-1,173,-1,-1
9750,18954,-1,-1,18989,-1,-1
9751,18954,-1,-1,18989,-1,-1
9752,18967,-1,-1,173,-1,-1
9753,18928,-1,-1,18973,-1,-1
9754,18928,-1,-1,18973,-1,-1
9755,18967,-1,-1,173,-1,-1
9756,18948,-1,-1,18985,-1,-1
9757,18948,-1,-1,18985,-1,-1
9758,18967,-1,-1,173,-1,-1
9759,18945,-1,-1,18983,-1,-1
9760,18945,-1,-1,18983,-1,-1
9761,18967,-1,-1,173,-1,-1
9762,18915,-1,-1,18981,-1,-1
9763,18915,-1,-1,18981,-1,-1
9764,18967,-1,-1,173,-1,-1
9765,18950,-1,-1,18986,-1,-1
9766,18950,-1,-1,18986,-1,-1
9767,18967,-1,-1,173,-1,-1
9768,18939,-1,-1,18980,-1,-1
9769,18939,-1,-1,18980,-1,-1
9770,18967,-1,-1,173,-1,-1
9771,18918,-1,-1,18968,-1,-1
9772,18918,-1,-1,18968,-1,-1
9773,18967,-1,-1,173,-1,-1
9774,18938,-1,-1,18978,-1,-1
9775,18938,-1,-1,18978,-1,-1
9776,18967,-1,-1,173,-1,-1
9777,18956,-1,-1,18990,-1,-1
9778,18956,-1,-1,18990,-1,-1
9779,18967,-1,-1,173,-1,-1
9780,18925,-1,-1,18972,-1,-1
9781,18925,-1,-1,18972,-1,-1
9782,18967,-1,-1,173,-1,-1
9783,18935,-1,-1,18977,-1,-1
9784,18935,-1,-1,18977,-1,-1
9785,18967,-1,-1,173,-1,-1
9786,18951,-1,-1,18987,-1,-1
9787,18951,-1,-1,18987,-1,-1
9788,18967,-1,-1,173,-1,-1
9789,18916,-1,-1,18970,-1,-1
9790,18916,-1,-1,18970,-1,-1
9791,18967,-1,-1,173,-1,-1
9792,18942,-1,-1,18982,-1,-1
9793,18942,-1,-1,18982,-1,-1
9794,18967,-1,-1,173,-1,-1
9795,18953,-1,-1,18988,-1,-1
9796,18953,-1,-1,18988,-1,-1
9797,18967,-1,-1,173,-1,-1
9798,18934,-1,-1,18976,-1,-1
9799,18934,-1,-1,18976,-1,-1
9800,18967,-1,-1,173,-1,-1
9801,18924,-1,-1,18971,-1,-1
9802,18924,-1,-1,18971,-1,-1
9803,18967,-1,-1,173,-1,-1
9804,18932,-1,-1,18975,-1,-1
9805,18932,-1,-1,18975,-1,-1
9806,18967,-1,-1,173,-1,-1
9807,18955,-1,-1,18991,-1,-1
9808,18955,-1,-1,18991,-1,-1
9809,18967,-1,-1,173,-1,-1
9810,18929,-1,-1,18974,-1,-1
9811,18929,-1,-1,18974,-1,-1
9812,18967,-1,-1,173,-1,-1
9813,18946,-1,-1,18984,-1,-1
9814,18967,-1,-1,173,-1,-1
9906,19186,-1,-1,19186,-1,-1
9907,19186,-1,-1,19186,-1,-1
9908,19186,-1,-1,19186,-1,-1
9909,19186,-1,-1,19186,-1,-1
9910,19186,-1,-1,19186,-1,-1
9911,19186,-1,-1,19186,-1,-1
9912,19187,-1,-1,19187,-1,-1
9913,19185,-1,-1,19185,-1,-1
9914,19185,-1,-1,19185,-1,-1
9915,19185,-1,-1,19185,-1,-1
9916,19185,-1,-1,19185,-1,-1
9917,19185,-1,-1,19185,-1,-1
9918,19185,-1,-1,19185,-1,-1
9920,19177,-1,-1,19193,-1,-1
9921,19174,-1,-1,19190,-1,-1
9922,19176,-1,-1,19192,-1,-1
9923,19180,-1,-1,19196,-1,-1
9924,19183,19172,-1,19199,19188,-1
9925,19178,-1,-1,19194,-1,-1
9943,19477,-1,-1,19477,-1,-1
9944,19473,19466,-1,19482,19478,-1
9945,19468,230,-1,19480,403,-1
9946,19469,230,-1,19481,403,-1
9948,19834,-1,-1,19874,-1,-1
9949,19834,-1,-1,19874,-1,-1
9950,18967,-1,-1,173,-1,-1
10010,19840,-1,-1,19840,-1,-1
10023,19852,-1,-1,19846,-1,-1
10024,19851,-1,-1,19853,-1,-1
10029,19844,-1,-1,19844,-1,-1
10033,19841,-1,-1,19841,-1,-1
10034,19841,-1,-1,19841,-1,-1
10035,19825,-1,-1,19865,-1,-1
10037,19830,19809,-1,19870,19855,-1
10039,54276,-1,-1,271,-1,-1
10041,19826,-1,-1,19866,-1,-1
10043,19831,19810,-1,19871,19856,-1
10045,54272,-1,-1,163,-1,-1
10047,19824,-1,-1,19864,-1,-1
10049,19829,19808,-1,19869,19854,-1
10051,54262,-1,-1,170,-1,-1
10053,26619,28515,19984,3848,18914,19985
10055,19333,-1,-1,19863,-1,-1
10057,26619,28515,19984,3848,18914,19985
10059,19333,-1,-1,19863,-1,-1
10061,26619,28515,19984,3848,18914,19985
10063,19333,-1,-1,19863,-1,-1
10065,26619,28515,19984,3848,18914,19985
10067,19333,-1,-1,19863,-1,-1
10069,4606,-1,-1,19986,-1,-1
10071,4606,-1,-1,19986,-1,-1
10073,4606,-1,-1,19986,-1,-1
10074,4606,-1,-1,19986,-1,-1
10075,179,-1,-1,356,-1,-1
10077,11328,-1,-1,11350,-1,-1
10079,11328,-1,-1,11350,-1,-1
10081,11328,-1,-1,11350,-1,-1
10083,11328,-1,-1,11350,-1,-1
10085,11328,-1,-1,11350,-1,-1
10129,19843,-1,-1,19843,-1,-1
10132,19828,-1,-1,19868,-1,-1
10146,19849,-1,-1,19849,-1,-1
10147,19849,-1,-1,19849,-1,-1
10148,19849,-1,-1,19849,-1,-1
10149,19849,-1,-1,19849,-1,-1
10150,19956,-1,-1,19956,-1,-1
10156,19839,-1,-1,42611,-1,-1
10171,19859,-1,-1,19983,-1,-1
10172,20097,-1,-1,20099,-1,-1
10280,20168,-1,-1,20168,-1,-1
10282,20168,-1,-1,20168,-1,-1
10284,20168,-1,-1,20168,-1,-1
10286,11332,-1,-1,20358,-1,-1
10288,11333,-1,-1,20359,-1,-1
10290,11334,-1,-1,20360,-1,-1
10292,11335,-1,-1,20361,-1,-1
10294,11336,-1,-1,20362,-1,-1
10296,11332,-1,-1,20358,-1,-1
10298,11333,-1,-1,20359,-1,-1
10300,11334,-1,-1,20360,-1,-1
10302,11335,-1,-1,20361,-1,-1
10304,11336,-1,-1,20362,-1,-1
10306,11332,-1,-1,20358,-1,-1
10308,11333,-1,-1,20359,-1,-1
10310,11334,-1,-1,20360,-1,-1
10312,11335,-1,-1,20361,-1,-1
10314,11336,-1,-1,20362,-1,-1
10316,20161,20125,-1,20210,20176,-1
10318,20161,20125,-1,20210,20176,-1
10320,20161,20125,-1,20210,20176,-1
10322,20161,20125,-1,20210,20176,-1
10324,20161,20125,-1,20210,20176,-1
10330,20162,20126,-1,20208,20174,-1
10332,20145,-1,-1,20192,-1,-1
10334,20134,-1,-1,297,-1,-1
10336,20130,-1,-1,20182,-1,-1
10338,20160,20124,-1,20207,20173,-1
10340,20143,-1,-1,20191,-1,-1
10342,20136,-1,-1,275,-1,-1
10344,20151,-1,-1,20199,-1,-1
10346,20138,-1,-1,20190,-1,-1
10348,20154,20120,-1,20206,20172,-1
10350,20137,-1,-1,310,-1,-1
10352,20167,-1,-1,37258,-1,-1
10354,20147,-1,-1,20203,-1,-1
10356,20147,-1,-1,20203,-1,-1
10358,20147,-1,-1,20203,-1,-1
10360,20147,-1,-1,20203,-1,-1
10362,20147,-1,-1,20203,-1,-1
10364,20149,-1,-1,20205,-1,-1
10366,20148,-1,-1,20204,-1,-1
10368,20129,-1,-1,20180,-1,-1
10370,20157,20121,-1,20213,20177,-1
10372,20139,-1,-1,20194,-1,-1
10374,20131,230,-1,20184,403,-1
10376,20129,-1,-1,20180,-1,-1
10378,20155,20121,-1,20211,20177,-1
10380,20139,-1,-1,20194,-1,-1
10382,20131,230,-1,20184,403,-1
10384,20129,-1,-1,20180,-1,-1
10386,20156,20121,-1,20212,20177,-1
10388,20139,-1,-1,20194,-1,-1
10390,20131,230,-1,20184,403,-1
10392,20050,-1,-1,340,-1,-1
10394,20142,-1,-1,20197,-1,-1
10396,20144,-1,-1,20198,-1,-1
10398,20133,230,-1,20185,403,-1
10400,20158,20122,-1,20214,20178,-1
10402,20140,-1,-1,20195,-1,-1
10404,20158,20122,-1,20214,20178,-1
10406,20140,-1,-1,20195,-1,-1
10408,20158,20122,-1,20214,20178,-1
10410,20140,-1,-1,20195,-1,-1
10412,20158,20122,-1,20214,20178,-1
10414,20140,-1,-1,20195,-1,-1
10416,20158,20122,-1,20214,20178,-1
10418,20140,-1,-1,20195,-1,-1
10420,20159,20123,-1,20215,20179,-1
10422,20141,-1,-1,20196,-1,-1
10424,20159,20123,-1,20215,20179,-1
10426,20141,-1,-1,20196,-1,-1
10428,20159,20123,-1,20215,20179,-1
10430,20141,-1,-1,20196,-1,-1
10432,20159,20123,-1,20215,20179,-1
10434,20141,-1,-1,20196,-1,-1
10436,20159,20123,-1,20215,20179,-1
10438,20141,-1,-1,20196,-1,-1
10440,20170,-1,-1,20170,-1,-1
10442,20169,-1,-1,20169,-1,-1
10444,20171,-1,-1,20171,-1,-1
10446,20164,-1,-1,20217,-1,-1
10448,20165,-1,-1,20216,-1,-1
10450,20166,-1,-1,20218,-1,-1
10452,20132,230,-1,20183,403,-1
10454,20132,230,-1,20183,403,-1
10456,20132,230,-1,20183,403,-1
10458,20163,20127,-1,20209,20175,-1
10460,20163,20127,-1,20209,20175,-1
10462,20163,20127,-1,20209,20175,-1
10464,20146,-1,-1,20193,-1,-1
10466,20146,-1,-1,20193,-1,-1
10468,20146,-1,-1,20193,-1,-1
10470,20152,-1,-1,20201,-1,-1
10472,20150,-1,-1,20200,-1,-1
10474,20153,-1,-1,20202,-1,-1
10485,20407,-1,-1,20407,-1,-1
10487,20427,-1,-1,20427,-1,-1
10488,20425,-1,-1,20425,-1,-1
10491,20424,-1,-1,20424,-1,-1
10498,20422,-1,-1,20428,-1,-1
10499,20423,-1,-1,20429,-1,-1
10500,20460,-1,-1,20462,-1,-1
10501,20504,-1,-1,20504,-1,-1
10507,20186,-1,-1,343,-1,-1
10544,19263,-1,-1,19263,-1,-1
10547,19247,215,-1,20507,391,-1
10548,19246,215,-1,20506,391,-1
10549,19249,215,-1,20509,391,-1
10550,19248,215,-1,20508,391,-1
10551,19258,8779,-1,20516,32966,-1
10552,185,-1,-1,361,-1,-1
10553,179,-1,-1,356,-1,-1
10554,179,-1,-1,356,-1,-1
10555,19252,-1,-1,20510,-1,-1
10556,596,19260,-1,596,20517,-1
10557,596,19259,-1,596,20518,-1
10558,596,19261,-1,596,20519,-1
10559,596,19262,-1,596,20520,-1
10564,20736,20735,-1,20738,20737,-1
10566,20740,-1,-1,20741,-1,-1
10567,28327,19262,-1,431,20520,-1
10581,20758,-1,-1,42606,-1,-1
10582,20759,-1,-1,42653,-1,-1
10583,20759,-1,-1,42653,-1,-1
10584,20759,-1,-1,42653,-1,-1
10588,20858,-1,-1,20864,-1,-1
10589,21505,215,-1,21506,391,-1
10810,21893,-1,-1,21893,-1,-1
10822,21883,156,-1,21913,337,-1
10824,21877,-1,-1,21912,-1,-1
10826,19335,-1,-1,19335,-1,-1
10828,21873,-1,-1,21906,-1,-1
10836,21875,-1,-1,21907,-1,-1
10837,21889,21867,-1,21915,21901,-1
10838,21881,-1,-1,21909,-1,-1
10839,21870,-1,-1,21903,-1,-1
10840,21898,-1,-1,21897,-1,-1
10841,21896,-1,-1,21896,-1,-1
10842,21891,-1,-1,21891,-1,-1
10857,22285,-1,-1,22285,-1,-1
10858,39631,-1,-1,39605,-1,-1
10862,22599,-1,-1,22621,-1,-1
10863,22603,22595,-1,22623,22619,-1
10864,22601,-1,-1,22622,-1,-1
10865,22597,-1,-1,22620,-1,-1
10877,22608,-1,-1,22608,-1,-1
10878,22608,-1,-1,22608,-1,-1
10879,22608,-1,-1,22608,-1,-1
10880,22608,-1,-1,22608,-1,-1
10881,22608,-1,-1,22608,-1,-1
10882,22608,-1,-1,22608,-1,-1
10886,22788,-1,-1,22788,-1,-1
10887,22787,-1,-1,22787,-1,-1
10933,19947,-1,-1,19953,-1,-1
10939,23174,10980,-1,23182,15123,-1
10940,23173,-1,-1,23181,-1,-1
10941,23172,215,-1,23180,391,-1
10952,23871,-1,-1,23871,-1,-1
10954,23864,23861,-1,23868,23865,-1
10956,23863,-1,-1,23867,-1,-1
10958,23862,-1,-1,23866,-1,-1
11012,23951,-1,-1,23949,-1,-1
11013,23952,-1,-1,23950,-1,-1
11019,24033,-1,-1,24045,-1,-1
11020,24037,24032,-1,24048,24044,-1
11021,24034,-1,-1,24046,-1,-1
11022,24035,-1,-1,24047,-1,-1
11027,24040,-1,-1,24040,-1,-1
11028,24043,-1,-1,24043,-1,-1
11029,24041,-1,-1,24041,-1,-1
11030,24042,-1,-1,24042,-1,-1
11037,24052,-1,-1,24052,-1,-1
11046,10131,-1,-1,10131,-1,-1
11061,24538,-1,-1,24538,-1,-1
11068,24558,-1,-1,24564,-1,-1
11069,24558,-1,-1,24564,-1,-1
11071,24558,-1,-1,24564,-1,-1
11072,24558,-1,-1,24564,-1,-1
11074,24558,-1,-1,24564,-1,-1
11076,24558,-1,-1,24564,-1,-1
11078,24558,-1,-1,24564,-1,-1
11079,24558,-1,-1,24564,-1,-1
11081,24558,-1,-1,24564,-1,-1
11083,24558,-1,-1,24564,-1,-1
11085,24558,-1,-1,24564,-1,-1
11087,24558,-1,-1,24564,-1,-1
11088,24558,-1,-1,24564,-1,-1
11090,281,-1,-1,445,-1,-1
11092,24558,-1,-1,24564,-1,-1
11094,24558,-1,-1,24564,-1,-1
11095,24558,-1,-1,24564,-1,-1
11097,24558,-1,-1,24564,-1,-1
11099,24558,-1,-1,24564,-1,-1
11101,24558,-1,-1,24564,-1,-1
11103,24558,-1,-1,24564,-1,-1
11105,281,-1,-1,445,-1,-1
11107,281,-1,-1,445,-1,-1
11109,281,-1,-1,445,-1,-1
11111,281,-1,-1,445,-1,-1
11113,281,-1,-1,445,-1,-1
11115,24558,-1,-1,24564,-1,-1
11117,24558,-1,-1,24564,-1,-1
11118,24558,-1,-1,24564,-1,-1
11120,24558,-1,-1,24564,-1,-1
11122,24558,-1,-1,24564,-1,-1
11124,24558,-1,-1,24564,-1,-1
11126,24558,-1,-1,24564,-1,-1
11128,9643,-1,-1,9645,-1,-1
11130,24558,-1,-1,24564,-1,-1
11132,24558,-1,-1,24564,-1,-1
11133,24558,-1,-1,24564,-1,-1
11136,24567,-1,-1,24568,-1,-1
11138,24567,-1,-1,24568,-1,-1
11140,24567,-1,-1,24568,-1,-1
11151,16490,-1,-1,16490,-1,-1
11152,16490,-1,-1,16490,-1,-1
11153,16490,-1,-1,16490,-1,-1
11154,16490,-1,-1,16490,-1,-1
11165,16846,-1,-1,42622,-1,-1
11167,16846,-1,-1,42622,-1,-1
11190,281,-1,-1,445,-1,-1
11191,281,-1,-1,445,-1,-1
11192,281,-1,-1,445,-1,-1
11193,281,-1,-1,445,-1,-1
11194,281,-1,-1,445,-1,-1
11195,281,-1,-1,445,-1,-1
11200,26091,230,-1,26100,403,-1
11204,26095,-1,-1,26095,-1,-1
11230,26280,-1,-1,26280,-1,-1
11231,26280,-1,-1,26280,-1,-1
11233,26280,-1,-1,26280,-1,-1
11234,26280,-1,-1,26280,-1,-1
11235,26279,-1,-1,26279,-1,-1
11259,26281,-1,-1,26281,-1,-1
11279,26608,-1,-1,26608,-1,-1
11280,26415,-1,-1,26429,-1,-1
11282,26414,-1,-1,26428,-1,-1
11283,26423,-1,-1,26423,-1,-1
11284,26423,-1,-1,26423,-1,-1
11323,26649,-1,-1,42636,-1,-1
11335,19861,-1,-1,254,-1,-1
11367,26653,-1,-1,42647,-1,-1
11369,26653,-1,-1,42647,-1,-1
11371,26653,-1,-1,42647,-1,-1
11373,26653,-1,-1,42647,-1,-1
11375,26653,-1,-1,42647,-1,-1
11377,26653,-1,-1,42647,-1,-1
11379,26656,-1,-1,42646,-1,-1
11381,26656,-1,-1,42646,-1,-1
11382,26656,-1,-1,42646,-1,-1
11384,26656,-1,-1,42646,-1,-1
11386,26656,-1,-1,42646,-1,-1
11388,26656,-1,-1,42646,-1,-1
11389,26656,-1,-1,42646,-1,-1
11391,26656,-1,-1,42646,-1,-1
11393,26656,-1,-1,42646,-1,-1
11395,26656,-1,-1,42646,-1,-1
11396,26656,-1,-1,42646,-1,-1
11398,26656,-1,-1,42646,-1,-1
11400,26656,-1,-1,42646,-1,-1
11402,26656,-1,-1,42646,-1,-1
11403,26656,-1,-1,42646,-1,-1
11405,26656,-1,-1,42646,-1,-1
11407,26656,-1,-1,42646,-1,-1
11409,26656,-1,-1,42646,-1,-1
11410,26656,-1,-1,42646,-1,-1
11412,26656,-1,-1,42646,-1,-1
11414,26656,-1,-1,42646,-1,-1
11416,26656,-1,-1,42646,-1,-1
11417,26656,-1,-1,42646,-1,-1
11419,26656,-1,-1,42646,-1,-1
11663,230,27151,-1,403,27137,-1
11664,230,27150,-1,403,27138,-1
11665,19820,-1,-1,162,-1,-1
11666,27148,-1,-1,27148,-1,-1
11667,27148,-1,-1,27148,-1,-1
11668,27148,-1,-1,27148,-1,-1
11669,27148,-1,-1,27148,-1,-1
11670,27148,-1,-1,27148,-1,-1
11671,27148,-1,-1,27148,-1,-1
11672,27148,-1,-1,27148,-1,-1
11673,27148,-1,-1,27148,-1,-1
11705,13317,-1,-1,13329,-1,-1
11706,13317,-1,-1,13329,-1,-1
11707,542,-1,-1,42616,-1,-1
11708,512,-1,-1,512,-1,-1
11709,534,567,-1,534,567,-1
11710,26424,-1,-1,26424,-1,-1
11711,7126,-1,-1,42630,-1,-1
11719,509,-1,-1,509,-1,-1
11720,509,-1,-1,509,-1,-1
11721,509,-1,-1,509,-1,-1
11748,5197,-1,-1,5197,-1,-1
11749,5197,-1,-1,5197,-1,-1
11750,5197,-1,-1,5197,-1,-1
11751,5197,-1,-1,5197,-1,-1
11752,5197,-1,-1,5197,-1,-1
11753,5197,-1,-1,5197,-1,-1
11754,5197,-1,-1,5197,-1,-1
11755,5197,-1,-1,5197,-1,-1
11756,5197,-1,-1,5197,-1,-1
11757,5197,-1,-1,5197,-1,-1
11758,5197,-1,-1,5197,-1,-1
11759,5196,-1,-1,5196,-1,-1
11760,5196,-1,-1,5196,-1,-1
11761,5196,-1,-1,5196,-1,-1
11762,5196,-1,-1,5196,-1,-1
11763,5196,-1,-1,5196,-1,-1
11764,5196,-1,-1,5196,-1,-1
11765,5196,-1,-1,5196,-1,-1
11766,5196,-1,-1,5196,-1,-1
11767,5196,-1,-1,5196,-1,-1
11768,5196,-1,-1,5196,-1,-1
11769,5196,-1,-1,5196,-1,-1
11774,15935,-1,-1,15946,-1,-1
11775,15935,-1,-1,15946,-1,-1
11776,15935,-1,-1,15946,-1,-1
11777,15935,-1,-1,15946,-1,-1
11778,15935,-1,-1,15946,-1,-1
11779,15935,-1,-1,15946,-1,-1
11780,15935,-1,-1,15946,-1,-1
11781,15935,-1,-1,15946,-1,-1
11782,15935,-1,-1,15946,-1,-1
11783,15935,-1,-1,15946,-1,-1
11784,15935,-1,-1,15946,-1,-1
11785,19839,-1,-1,42611,-1,-1
11787,534,567,-1,39602,39629,-1
11789,534,567,-1,39602,39629,-1
11791,5232,-1,-1,39600,-1,-1
11802,27649,-1,-1,42644,-1,-1
11804,27648,-1,-1,42637,-1,-1
11806,27651,-1,-1,42649,-1,-1
11808,27653,-1,-1,42624,-1,-1
11824,27654,-1,-1,39550,-1,-1
11826,19821,-1,-1,54249,-1,-1
11828,27633,27629,-1,27645,28828,-1
11830,27627,-1,-1,27641,-1,-1
11832,27636,28826,-1,27644,28827,-1
11834,27625,-1,-1,27640,-1,-1
11836,27637,-1,-1,19951,-1,-1
11838,27652,-1,-1,27652,-1,-1
11840,27638,-1,-1,27646,-1,-1
11847,3188,-1,-1,3192,-1,-1
11850,28875,-1,-1,28882,-1,-1
11851,28875,-1,-1,28882,-1,-1
11852,28876,-1,-1,28883,-1,-1
11853,28876,-1,-1,28883,-1,-1
11854,28880,28879,-1,28887,28886,-1
11855,28880,28879,-1,28887,28886,-1
11856,28878,-1,-1,28885,-1,-1
11857,28878,-1,-1,28885,-1,-1
11858,28877,-1,-1,28884,-1,-1
11859,28877,-1,-1,28884,-1,-1
11860,28881,-1,-1,28888,-1,-1
11861,28881,-1,-1,28888,-1,-1
11862,187,-1,-1,363,-1,-1
11863,16246,-1,-1,16248,-1,-1
11864,42679,-1,-1,42686,-1,-1
11865,42677,-1,-1,42688,-1,-1
11889,27654,-1,-1,39550,-1,-1
11891,4850,-1,-1,4850,-1,-1
11892,4851,-1,-1,4851,-1,-1
11893,266,-1,-1,430,-1,-1
11894,266,-1,-1,430,-1,-1
11895,266,-1,-1,430,-1,-1
11896,28226,28224,-1,28853,28850,-1
11897,28223,-1,-1,28849,-1,-1
11898,54283,-1,-1,54283,-1,-1
11899,28227,28225,-1,28852,28851,-1
11900,28222,-1,-1,28848,-1,-1
11901,28221,-1,-1,28221,-1,-1
11902,39634,-1,-1,39617,-1,-1
11905,28230,-1,-1,39549,-1,-1
11907,28230,-1,-1,39549,-1,-1
11908,28230,-1,-1,39549,-1,-1
11919,28235,-1,-1,28237,-1,-1
11920,28288,-1,-1,28288,-1,-1
11924,35820,-1,-1,35820,-1,-1
11926,35821,-1,-1,35821,-1,-1
11959,19841,-1,-1,19841,-1,-1
11964,20147,-1,-1,20203,-1,-1
11966,20147,-1,-1,20203,-1,-1
11968,281,-1,-1,445,-1,-1
11970,281,-1,-1,445,-1,-1
11972,24558,-1,-1,24564,-1,-1
11974,24558,-1,-1,24564,-1,-1
11976,290,-1,-1,454,-1,-1
11978,290,-1,-1,454,-1,-1
11990,6364,-1,-1,8798,-1,-1
11998,39596,-1,-1,39604,-1,-1
12000,39596,-1,-1,39604,-1,-1
12002,28445,-1,-1,28445,-1,-1
12006,28446,-1,-1,28446,-1,-1
12013,59906,-1,-1,59911,-1,-1
12014,59908,-1,-1,59913,-1,-1
12015,59907,-1,-1,59912,-1,-1
12016,59905,-1,-1,59910,-1,-1
12017,4932,-1,-1,4933,-1,-1
12018,20858,-1,-1,20864,-1,-1
12193,28536,28527,-1,28600,28594,-1
12195,28500,-1,-1,28571,-1,-1
12197,28490,-1,-1,28563,-1,-1
12199,28624,-1,-1,28624,-1,-1
12201,28481,-1,-1,28559,-1,-1
12203,28511,230,-1,28591,403,-1
12205,3379,164,-1,3383,344,-1
12207,268,-1,-1,432,-1,-1
12209,4206,-1,-1,4207,-1,-1
12211,218,-1,-1,394,-1,-1
12213,486,-1,-1,486,-1,-1
12215,3379,164,-1,3383,344,-1
12217,268,-1,-1,432,-1,-1
12219,4206,-1,-1,4207,-1,-1
12221,218,-1,-1,394,-1,-1
12223,486,-1,-1,486,-1,-1
12225,3379,164,-1,3383,344,-1
12227,268,-1,-1,432,-1,-1
12229,4206,-1,-1,4207,-1,-1
12231,218,-1,-1,394,-1,-1
12233,486,-1,-1,486,-1,-1
12235,3379,164,-1,3383,344,-1
12237,268,-1,-1,432,-1,-1
12239,4206,-1,-1,4207,-1,-1
12241,218,-1,-1,394,-1,-1
12243,486,-1,-1,486,-1,-1
12245,54280,-1,-1,332,-1,-1
12247,198,-1,-1,373,-1,-1
12249,18558,-1,-1,28555,-1,-1
12251,18556,-1,-1,28553,-1,-1
12253,28542,28529,-1,28604,28593,-1
12255,28501,-1,-1,28564,-1,-1
12257,18562,-1,-1,28556,-1,-1
12259,28510,230,-1,28579,403,-1
12261,28484,-1,-1,28562,-1,-1
12263,28620,-1,-1,28620,-1,-1
12265,28533,28523,-1,28605,28596,-1
12267,28496,-1,-1,28572,-1,-1
12269,28482,-1,-1,28557,-1,-1
12271,28513,230,-1,28580,403,-1
12273,28489,-1,-1,28561,-1,-1
12275,28627,-1,-1,28627,-1,-1
12277,3379,164,-1,3383,344,-1
12279,268,-1,-1,432,-1,-1
12281,486,-1,-1,486,-1,-1
12283,218,-1,-1,394,-1,-1
12285,4206,-1,-1,4207,-1,-1
12287,3379,164,-1,3383,344,-1
12289,268,-1,-1,432,-1,-1
12291,486,-1,-1,486,-1,-1
12293,218,-1,-1,394,-1,-1
12295,4206,-1,-1,4207,-1,-1
12297,509,-1,-1,509,-1,-1
12299,201,-1,-1,376,-1,-1
12301,201,-1,-1,376,-1,-1
12303,201,-1,-1,376,-1,-1
12305,201,-1,-1,376,-1,-1
12307,201,-1,-1,376,-1,-1
12309,11330,-1,-1,11353,-1,-1
12311,11330,-1,-1,11353,-1,-1
12313,11330,-1,-1,11353,-1,-1
12315,20158,20122,-1,20214,20178,-1
12317,20140,-1,-1,20195,-1,-1
12319,27149,-1,-1,27149,-1,-1
12321,186,-1,-1,362,-1,-1
12323,186,-1,-1,362,-1,-1
12325,186,-1,-1,362,-1,-1
12327,11345,-1,-1,11361,-1,-1
12329,11411,-1,-1,11355,-1,-1
12331,11345,-1,-1,11361,-1,-1
12333,11411,-1,-1,11355,-1,-1
12335,8954,-1,-1,8954,-1,-1
12337,28506,-1,-1,28506,-1,-1
12339,20159,20123,-1,20215,20179,-1
12341,20141,-1,-1,20196,-1,-1
12343,20159,20123,-1,20215,20179,-1
12345,20141,-1,-1,20196,-1,-1
12347,20158,20122,-1,20214,20178,-1
12349,20140,-1,-1,20195,-1,-1
12351,28516,-1,-1,28584,-1,-1
12353,28507,-1,-1,28507,-1,-1
12355,15004,-1,-1,32962,-1,-1
12357,5233,-1,-1,31892,-1,-1
12359,28514,-1,-1,28589,-1,-1
12361,20135,-1,-1,292,-1,-1
12363,28508,-1,-1,28552,-1,-1
12365,28508,-1,-1,28552,-1,-1
12367,28508,-1,-1,28552,-1,-1
12369,28508,-1,-1,28552,-1,-1
12371,54267,-1,-1,54256,-1,-1
12373,28626,-1,-1,28626,-1,-1
12375,28616,-1,-1,28616,-1,-1
12377,28616,-1,-1,28616,-1,-1
12379,28616,-1,-1,28616,-1,-1
12381,11345,-1,-1,11361,-1,-1
12383,11411,-1,-1,11355,-1,-1
12385,11345,-1,-1,11361,-1,-1
12387,11411,-1,-1,11355,-1,-1
12389,490,-1,-1,490,-1,-1
12391,4954,-1,-1,5031,-1,-1
12393,28541,28525,-1,28606,28599,-1
12395,28492,-1,-1,28566,-1,-1
12397,1808,-1,-1,1808,-1,-1
12399,28505,-1,-1,28576,-1,-1
12412,15004,236,-1,32962,410,-1
12414,28540,156,-1,28614,337,-1
12415,5024,-1,-1,5025,-1,-1
12416,6029,-1,-1,6030,-1,-1
12417,19861,-1,-1,254,-1,-1
12418,565,-1,-1,565,-1,-1
12419,10684,-1,-1,10691,-1,-1
12420,10687,10681,-1,10694,10688,-1
12421,10686,-1,-1,10693,-1,-1
12422,28619,-1,-1,28619,-1,-1
12424,28622,-1,-1,28622,-1,-1
12426,28618,-1,-1,28618,-1,-1
12428,54279,-1,-1,54255,-1,-1
12430,54278,-1,-1,54257,-1,-1
12432,28517,-1,-1,28587,-1,-1
12434,28518,-1,-1,28588,-1,-1
12436,28480,-1,-1,28558,-1,-1
12437,28483,-1,-1,28560,-1,-1
12439,28625,-1,-1,39601,-1,-1
12441,28546,28526,-1,28609,28592,-1
12443,28503,-1,-1,28570,-1,-1
12445,10982,-1,-1,11357,-1,-1
12447,10982,-1,-1,11357,-1,-1
12449,10979,10984,-1,11348,11359,-1
12451,10979,10984,-1,11348,11359,-1
12453,11331,-1,-1,11354,-1,-1
12455,11331,-1,-1,11354,-1,-1
12457,10684,-1,-1,10691,-1,-1
12458,10687,10681,-1,10694,10688,-1
12459,10686,-1,-1,10693,-1,-1
12460,3379,164,28486,3383,344,28486
12462,268,-1,-1,432,-1,-1
12464,4206,-1,-1,4207,-1,-1
12466,218,-1,-1,394,-1,-1
12468,486,-1,-1,486,-1,-1
12470,3379,164,28488,3383,344,28488
12472,268,-1,-1,432,-1,-1
12474,4206,-1,-1,4207,-1,-1
12476,218,-1,-1,394,-1,-1
12478,486,-1,-1,486,-1,-1
12480,3379,164,28487,3383,344,28487
12482,268,-1,-1,432,-1,-1
12484,4206,-1,-1,4207,-1,-1
12486,218,-1,-1,394,-1,-1
12488,486,-1,-1,486,-1,-1
12490,20129,-1,-1,20180,-1,-1
12492,28543,20121,-1,28601,20177,-1
12494,20139,-1,-1,20194,-1,-1
12496,20131,230,-1,20184,403,-1
12498,20129,-1,-1,20180,-1,-1
12500,28539,20121,-1,28615,20177,-1
12502,20139,-1,-1,20194,-1,-1
12504,20131,230,-1,20184,403,-1
12506,20129,-1,-1,20180,-1,-1
12508,28530,20121,-1,28610,20177,-1
12510,20139,-1,-1,20194,-1,-1
12512,20131,230,-1,20184,403,-1
12514,28485,-1,-1,28485,-1,-1
12516,28520,-1,-1,28590,-1,-1
12518,28508,-1,-1,28552,-1,-1
12520,28508,-1,-1,28552,-1,-1
12522,28508,-1,-1,28552,-1,-1
12524,28508,-1,-1,28552,-1,-1
12540,28509,-1,-1,28583,-1,-1
12596,28810,28809,-1,28813,28812,-1
12598,28811,-1,-1,28814,-1,-1
12600,28817,-1,-1,28818,-1,-1
12607,556,-1,-1,556,-1,-1
12608,556,-1,-1,556,-1,-1
12609,556,-1,-1,556,-1,-1
12610,556,-1,-1,556,-1,-1
12611,556,-1,-1,556,-1,-1
12612,556,-1,-1,556,-1,-1
12637,27630,-1,-1,28833,-1,-1
12638,27643,-1,-1,28832,-1,-1
12639,27642,-1,-1,28831,-1,-1
12658,514,-1,-1,39610,-1,-1
12659,596,-1,-1,596,-1,-1
12660,249,-1,-1,456,-1,-1
12661,250,-1,-1,460,-1,-1
12662,251,-1,-1,470,-1,-1
12663,247,-1,-1,346,-1,-1
12664,246,-1,-1,437,-1,-1
12665,248,-1,-1,474,-1,-1
12666,253,-1,-1,428,-1,-1
12667,252,-1,-1,419,-1,-1
12668,28329,-1,-1,351,-1,-1
12669,28331,-1,-1,469,-1,-1
12670,28330,-1,-1,471,-1,-1
12671,28328,-1,-1,421,-1,-1
12672,28327,-1,-1,431,-1,-1
12673,28333,-1,-1,348,-1,-1
12674,28332,-1,-1,438,-1,-1
12675,596,-1,-1,596,-1,-1
12676,249,-1,-1,456,-1,-1
12677,250,-1,-1,460,-1,-1
12678,251,-1,-1,470,-1,-1
12679,247,-1,-1,346,-1,-1
12680,246,-1,-1,437,-1,-1
12681,248,-1,-1,474,-1,-1
12682,253,-1,-1,428,-1,-1
12683,252,-1,-1,419,-1,-1
12684,28329,-1,-1,351,-1,-1
12685,28331,-1,-1,469,-1,-1
12686,28330,-1,-1,471,-1,-1
12687,28328,-1,-1,421,-1,-1
12688,28327,-1,-1,431,-1,-1
12689,28333,-1,-1,348,-1,-1
12690,28332,-1,-1,438,-1,-1
12727,2236,-1,-1,2236,-1,-1
12765,26279,-1,-1,26279,-1,-1
12766,26279,-1,-1,26279,-1,-1
12767,26279,-1,-1,26279,-1,-1
12768,26279,-1,-1,26279,-1,-1
12773,56341,-1,-1,56341,-1,-1
12774,56342,-1,-1,56342,-1,-1
12788,47997,-1,-1,47999,-1,-1
12795,8964,-1,-1,39592,-1,-1
12796,8964,-1,-1,39592,-1,-1
12797,8962,-1,-1,8962,-1,-1
12806,8963,-1,-1,8963,-1,-1
12807,8960,-1,-1,8960,-1,-1
12808,27652,-1,-1,27652,-1,-1
12809,27652,-1,-1,27652,-1,-1
12810,54265,-1,-1,54246,-1,-1
12811,2444,558,-1,11033,11029,-1
12812,557,-1,-1,11026,-1,-1
12813,54266,-1,-1,54250,-1,-1
12814,2662,2342,-1,11030,11027,-1
12815,530,-1,-1,11025,-1,-1
12817,11048,-1,-1,35755,-1,-1
12821,11046,-1,-1,11309,-1,-1
12825,11050,-1,-1,35756,-1,-1
12829,11049,-1,-1,35758,-1,-1
12831,11051,-1,-1,35757,-1,-1
12845,55462,-1,-1,55461,-1,-1
12848,28992,-1,-1,28992,-1,-1
12851,28991,-1,-1,28991,-1,-1
12853,28991,-1,-1,28991,-1,-1
12855,21828,-1,-1,21831,-1,-1
12856,21829,-1,-1,21830,-1,-1
12887,54281,-1,-1,54259,-1,-1
12888,28983,28981,-1,29005,29002,-1
12889,28979,-1,-1,29001,-1,-1
12890,28978,-1,-1,28998,-1,-1
12891,28989,-1,-1,29007,-1,-1
12892,54282,-1,-1,54258,-1,-1
12893,28984,28982,-1,29004,29003,-1
12894,28980,-1,-1,29000,-1,-1
12895,28977,-1,-1,28999,-1,-1
12896,28988,-1,-1,29006,-1,-1
12899,14400,-1,-1,39556,-1,-1
12900,14401,-1,-1,39551,-1,-1
12902,14404,-1,-1,39628,-1,-1
12904,14402,-1,-1,39593,-1,-1
12924,14405,-1,-1,42618,-1,-1
12926,14403,-1,-1,14403,-1,-1
12929,54261,-1,-1,54243,-1,-1
12931,54269,-1,-1,54248,-1,-1
12954,10420,-1,-1,10421,-1,-1
12956,10426,10425,-1,10457,10456,-1
12957,10424,-1,-1,10428,-1,-1
12958,10423,-1,-1,10427,-1,-1
12959,19944,-1,-1,19952,-1,-1
13068,18946,-1,-1,18984,-1,-1
13069,31230,-1,-1,31234,-1,-1
13070,18967,-1,-1,173,-1,-1
13072,29166,29165,-1,29169,29168,-1
13073,29164,-1,-1,29167,-1,-1
13074,16348,-1,-1,39613,-1,-1
13075,16348,-1,-1,39613,-1,-1
13076,16348,-1,-1,39613,-1,-1
13077,16348,-1,-1,39613,-1,-1
13078,16348,-1,-1,39613,-1,-1
13079,31663,-1,-1,31664,-1,-1
13080,4033,-1,-1,4033,-1,-1
13081,4033,-1,-1,4033,-1,-1
13082,4033,-1,-1,4033,-1,-1
13083,4033,-1,-1,4033,-1,-1
13084,4033,-1,-1,4033,-1,-1
13085,4033,-1,-1,4033,-1,-1
13086,4033,-1,-1,4033,-1,-1
13087,4033,-1,-1,4033,-1,-1
13088,4033,-1,-1,4033,-1,-1
13089,4033,-1,-1,4033,-1,-1
13090,4033,-1,-1,4033,-1,-1
13091,4033,-1,-1,4033,-1,-1
13092,4033,-1,-1,4033,-1,-1
13093,4033,-1,-1,4033,-1,-1
13094,4033,-1,-1,4033,-1,-1
13095,4033,-1,-1,4033,-1,-1
13096,4033,-1,-1,4033,-1,-1
13097,4033,-1,-1,4033,-1,-1
13098,4033,-1,-1,4033,-1,-1
13099,4033,-1,-1,4033,-1,-1
13100,4033,-1,-1,4033,-1,-1
13101,4033,-1,-1,4033,-1,-1
13103,28206,-1,-1,29056,-1,-1
13104,28317,28287,-1,29067,29063,-1
13105,29010,28242,-1,29069,29064,-1
13106,28434,28213,-1,29068,29065,-1
13107,28435,28214,-1,29066,29062,-1
13108,29078,-1,-1,29091,-1,-1
13109,29088,-1,-1,29075,-1,-1
13110,29093,-1,-1,29081,-1,-1
13111,29085,-1,-1,29092,-1,-1
13112,28208,-1,-1,29060,-1,-1
13113,28209,-1,-1,29058,-1,-1
13114,28211,-1,-1,29059,-1,-1
13115,28210,-1,-1,29057,-1,-1
13117,29090,-1,-1,29082,-1,-1
13118,29084,-1,-1,29079,-1,-1
13119,29074,-1,-1,29077,-1,-1
13120,29086,-1,-1,29089,-1,-1
13121,28202,-1,-1,29049,-1,-1
13122,28199,-1,-1,29048,-1,-1
13123,28200,-1,-1,29050,-1,-1
13124,28201,-1,-1,29052,-1,-1
13129,29013,-1,-1,29073,-1,-1
13130,29014,-1,-1,29070,-1,-1
13131,29011,-1,-1,29072,-1,-1
13132,29012,-1,-1,29071,-1,-1
13133,28197,-1,-1,29045,-1,-1
13134,28198,-1,-1,29046,-1,-1
13135,28196,-1,-1,29044,-1,-1
13136,28195,-1,-1,29047,-1,-1
13137,54284,-1,-1,54260,-1,-1
13138,54270,-1,-1,158,-1,-1
13139,54268,-1,-1,267,-1,-1
13140,54263,-1,-1,54252,-1,-1
13141,29080,-1,-1,39615,-1,-1
13142,29076,-1,-1,39595,-1,-1
13143,29083,-1,-1,39594,-1,-1
13144,29087,-1,-1,39621,-1,-1
13182,29189,-1,-1,29190,-1,-1
13188,29191,-1,-1,29191,-1,-1
13195,14389,-1,-1,14389,-1,-1
13196,54277,-1,-1,54247,-1,-1
13197,54273,-1,-1,54254,-1,-1
13198,54271,-1,-1,54244,-1,-1
13199,54274,-1,-1,54253,-1,-1
13203,6234,-1,-1,6234,-1,-1
13215,29237,-1,-1,29237,-1,-1
13216,29239,-1,-1,29239,-1,-1
13217,29238,-1,-1,29238,-1,-1
13218,29235,-1,-1,29235,-1,-1
13221,29317,-1,-1,30840,-1,-1
13222,29316,-1,-1,30841,-1,-1
13223,18967,-1,-1,173,-1,-1
13233,29258,-1,-1,29258,-1,-1
13235,29249,-1,-1,29254,-1,-1
13237,29252,-1,-1,29253,-1,-1
13239,29250,-1,-1,29255,-1,-1
13241,29259,-1,-1,29259,-1,-1
13242,29259,-1,-1,29259,-1,-1
13243,29260,-1,-1,29260,-1,-1
13244,29260,-1,-1,29260,-1,-1
13258,29114,-1,-1,29411,-1,-1
13259,29118,29116,-1,29413,29412,-1
13260,29113,-1,-1,29410,-1,-1
13261,29409,-1,-1,29414,-1,-1
13263,29424,-1,-1,29424,-1,-1
13265,29425,-1,-1,42619,-1,-1
13267,29426,-1,-1,42634,-1,-1
13269,29426,-1,-1,42634,-1,-1
13271,29426,-1,-1,42634,-1,-1
13280,29616,-1,-1,29624,-1,-1
13281,29614,-1,-1,29623,-1,-1
13283,29642,-1,-1,29649,-1,-1
13284,29647,29646,-1,29654,29653,-1
13285,29644,-1,-1,29652,-1,-1
13286,29648,-1,-1,29655,-1,-1
13287,29643,-1,-1,29650,-1,-1
13288,29645,-1,-1,29651,-1,-1
13317,29637,29636,-1,29745,29744,-1
13318,29020,-1,-1,29743,-1,-1
13319,29633,-1,-1,29725,-1,-1
13328,29764,-1,-1,29764,-1,-1
13329,32820,-1,-1,32821,-1,-1
13330,32808,-1,-1,32810,-1,-1
13331,29616,-1,-1,29624,-1,-1
13332,29614,-1,-1,29623,-1,-1
13333,29616,-1,-1,29624,-1,-1
13334,29614,-1,-1,29623,-1,-1
13335,29616,-1,-1,29624,-1,-1
13336,29614,-1,-1,29623,-1,-1
13337,29616,-1,-1,29624,-1,-1
13338,29614,-1,-1,29623,-1,-1
13340,18918,-1,-1,18968,-1,-1
13341,18918,-1,-1,18968,-1,-1
13342,29616,-1,-1,29624,-1,-1
13343,189,-1,-1,366,-1,-1
13344,189,-1,-1,366,-1,-1
13353,7368,-1,-1,7368,-1,-1
13357,29699,-1,-1,29791,-1,-1
13358,29781,-1,-1,29814,-1,-1
13359,29692,-1,-1,29785,-1,-1
13360,29711,-1,-1,29798,-1,-1
13361,29772,29766,-1,29809,29805,-1
13362,29702,-1,-1,29792,-1,-1
13363,29780,-1,-1,29816,-1,-1
13364,29693,-1,-1,29786,-1,-1
13365,29709,-1,-1,29799,-1,-1
13366,29775,29767,-1,29808,29802,-1
13367,29700,-1,-1,29789,-1,-1
13368,29779,-1,-1,29812,-1,-1
13369,29690,-1,-1,29787,-1,-1
13370,29704,-1,-1,29797,-1,-1
13371,29777,29738,-1,29811,29804,-1
13372,29701,-1,-1,29793,-1,-1
13373,29778,-1,-1,29813,-1,-1
13374,29695,-1,-1,29784,-1,-1
13375,29705,-1,-1,29795,-1,-1
13376,29776,29768,-1,29807,29801,-1
13377,29698,-1,-1,29790,-1,-1
13378,29783,-1,-1,29815,-1,-1
13379,29696,-1,-1,29788,-1,-1
13380,29708,-1,-1,29794,-1,-1
13381,29774,29713,-1,29806,29800,-1
13385,9604,-1,-1,9608,-1,-1
13387,29773,29714,-1,29810,29803,-1
13389,29707,-1,-1,29796,-1,-1
13392,4639,-1,-1,4640,-1,-1
13393,4639,-1,-1,4640,-1,-1
13446,29817,-1,-1,29817,-1,-1
13570,494,-1,-1,494,-1,-1
13576,4037,-1,-1,4038,-1,-1
13579,31004,-1,-1,31011,-1,-1
13580,31004,-1,-1,31011,-1,-1
13581,31005,-1,-1,31012,-1,-1
13582,31005,-1,-1,31012,-1,-1
13583,31009,31008,-1,31016,31015,-1
13584,31009,31008,-1,31016,31015,-1
13585,31007,-1,-1,31014,-1,-1
13586,31007,-1,-1,31014,-1,-1
13587,31006,-1,-1,31013,-1,-1
13588,31006,-1,-1,31013,-1,-1
13589,31010,-1,-1,31017,-1,-1
13590,31010,-1,-1,31017,-1,-1
13591,31004,-1,-1,31011,-1,-1
13592,31004,-1,-1,31011,-1,-1
13593,31005,-1,-1,31012,-1,-1
13594,31005,-1,-1,31012,-1,-1
13595,31009,31008,-1,31016,31015,-1
13596,31009,31008,-1,31016,31015,-1
13597,31007,-1,-1,31014,-1,-1
13598,31007,-1,-1,31014,-1,-1
13599,31006,-1,-1,31013,-1,-1
13600,31006,-1,-1,31013,-1,-1
13601,31010,-1,-1,31017,-1,-1
13602,31010,-1,-1,31017,-1,-1
13603,31004,-1,-1,31011,-1,-1
13604,31004,-1,-1,31011,-1,-1
13605,31005,-1,-1,31012,-1,-1
13606,31005,-1,-1,31012,-1,-1
13607,31009,31008,-1,31016,31015,-1
13608,31009,31008,-1,31016,31015,-1
13609,31007,-1,-1,31014,-1,-1
13610,31007,-1,-1,31014,-1,-1
13611,31006,-1,-1,31013,-1,-1
13612,31006,-1,-1,31013,-1,-1
13613,31010,-1,-1,31017,-1,-1
13614,31010,-1,-1,31017,-1,-1
13615,31004,-1,-1,31011,-1,-1
13616,31004,-1,-1,31011,-1,-1
13617,31005,-1,-1,31012,-1,-1
13618,31005,-1,-1,31012,-1,-1
13619,31009,31008,-1,31016,31015,-1
13620,31009,31008,-1,31016,31015,-1
13621,31007,-1,-1,31014,-1,-1
13622,31007,-1,-1,31014,-1,-1
13623,31006,-1,-1,31013,-1,-1
13624,31006,-1,-1,31013,-1,-1
13625,31010,-1,-1,31017,-1,-1
13626,31010,-1,-1,31017,-1,-1
13627,31004,-1,-1,31011,-1,-1
13628,31004,-1,-1,31011,-1,-1
13629,31005,-1,-1,31012,-1,-1
13630,31005,-1,-1,31012,-1,-1
13631,31009,31008,-1,31016,31015,-1
13632,31009,31008,-1,31016,31015,-1
13633,31007,-1,-1,31014,-1,-1
13634,31007,-1,-1,31014,-1,-1
13635,31006,-1,-1,31013,-1,-1
13636,31006,-1,-1,31013,-1,-1
13637,31010,-1,-1,31017,-1,-1
13638,31010,-1,-1,31017,-1,-1
13640,31026,-1,-1,31031,-1,-1
13641,31026,-1,-1,31031,-1,-1
13642,31029,31028,-1,31034,31033,-1
13643,31029,31028,-1,31034,31033,-1
13644,31030,-1,-1,31035,-1,-1
13645,31030,-1,-1,31035,-1,-1
13646,31027,-1,-1,31032,-1,-1
13647,31027,-1,-1,31032,-1,-1
13652,29191,-1,-1,29191,-1,-1
13655,31049,-1,-1,31050,-1,-1
13660,31193,-1,-1,31194,-1,-1
13663,31188,31187,-1,31192,31191,-1
13664,31186,-1,-1,31190,-1,-1
13665,31185,-1,-1,31189,-1,-1
13667,31004,-1,-1,31011,-1,-1
13668,31004,-1,-1,31011,-1,-1
13669,31005,-1,-1,31012,-1,-1
13670,31005,-1,-1,31012,-1,-1
13671,31009,31008,-1,31016,31015,-1
13672,31009,31008,-1,31016,31015,-1
13673,31007,-1,-1,31014,-1,-1
13674,31007,-1,-1,31014,-1,-1
13675,31006,-1,-1,31013,-1,-1
13676,31006,-1,-1,31013,-1,-1
13677,31010,-1,-1,31017,-1,-1
13678,31010,-1,-1,31017,-1,-1
13679,31198,-1,-1,31199,-1,-1
13681,31201,-1,-1,31201,-1,-1
16176,16348,-1,-1,39613,-1,-1
16888,5197,-1,-1,5197,-1,-1
16889,5197,-1,-1,5197,-1,-1
16890,5196,-1,-1,5196,-1,-1
16891,5196,-1,-1,5196,-1,-1
16892,4033,-1,-1,4033,-1,-1
16893,4033,-1,-1,4033,-1,-1
19476,28203,-1,-1,29051,-1,-1
19478,31237,-1,-1,36933,-1,-1
19481,31236,-1,-1,31236,-1,-1
19492,24558,-1,-1,24564,-1,-1
19493,516,-1,-1,516,-1,-1
19532,31231,-1,-1,31235,-1,-1
19535,31228,-1,-1,31232,-1,-1
19541,31227,-1,-1,31233,-1,-1
19544,31231,-1,-1,31235,-1,-1
19547,31228,-1,-1,31232,-1,-1
19553,31227,-1,-1,31233,-1,-1
19556,31229,-1,-1,31229,-1,-1
19560,516,-1,-1,516,-1,-1
19562,516,-1,-1,516,-1,-1
19639,42676,-1,-1,42684,-1,-1
19641,42676,-1,-1,42684,-1,-1
19643,42681,-1,-1,42682,-1,-1
19645,42681,-1,-1,42682,-1,-1
19647,42674,-1,-1,42689,-1,-1
19649,42674,-1,-1,42689,-1,-1
19675,31652,-1,-1,31651,-1,-1
19687,31625,-1,-1,31632,-1,-1
19689,31630,31629,-1,31637,31636,-1
19691,31627,-1,-1,31634,-1,-1
19693,31628,-1,-1,31635,-1,-1
19695,31631,-1,-1,31638,-1,-1
19697,31626,-1,-1,31633,-1,-1
19699,31646,-1,-1,31647,-1,-1
19707,290,-1,-1,454,-1,-1
19720,31767,-1,-1,31767,-1,-1
19722,31904,-1,-1,31897,-1,-1
19724,31792,-1,-1,31863,-1,-1
19727,31792,236,-1,31863,410,-1
19912,31912,-1,-1,31910,-1,-1
19915,31745,-1,-1,31832,-1,-1
19918,31906,-1,-1,31906,-1,-1
19921,31819,-1,-1,31879,-1,-1
19924,31819,-1,-1,31879,-1,-1
19927,31819,-1,-1,31879,-1,-1
19930,31819,-1,-1,31879,-1,-1
19933,31819,-1,-1,31879,-1,-1
19936,31819,-1,-1,31879,-1,-1
19941,31907,-1,-1,31907,-1,-1
19943,31764,-1,-1,31845,-1,-1
19946,31760,-1,-1,31842,-1,-1
19949,31763,-1,-1,31841,-1,-1
19952,31762,-1,-1,31844,-1,-1
19955,31765,-1,-1,31843,-1,-1
19958,31810,31801,-1,31873,31867,-1
19961,31780,-1,-1,31854,-1,-1
19964,31787,-1,-1,31859,-1,-1
19967,31821,-1,-1,31883,-1,-1
19970,31768,-1,-1,31839,-1,-1
19973,31812,31799,-1,31872,31871,-1
19976,31775,-1,-1,31848,-1,-1
19979,31785,-1,-1,31857,-1,-1
19982,31817,-1,-1,31884,-1,-1
19985,31761,-1,-1,31840,-1,-1
19988,31790,-1,-1,31862,-1,-1
19991,31743,-1,-1,31823,-1,-1
19994,31781,-1,-1,31849,-1,-1
19997,31777,-1,-1,31850,-1,-1
20000,31898,-1,-1,31898,-1,-1
20008,31795,-1,-1,31864,-1,-1
20011,31891,-1,-1,31888,-1,-1
20014,31887,-1,-1,31894,-1,-1
20020,31755,-1,-1,31838,-1,-1
20023,31749,-1,-1,31829,-1,-1
20026,31746,-1,-1,31824,-1,-1
20029,31748,-1,-1,31835,-1,-1
20032,31744,-1,-1,31827,-1,-1
20035,31756,-1,-1,31830,-1,-1
20038,31809,31800,-1,31875,31866,-1
20041,31776,-1,-1,31847,-1,-1
20044,31786,-1,-1,31860,-1,-1
20047,31816,-1,-1,31882,-1,-1
20050,31769,-1,-1,31846,-1,-1
20053,31791,-1,-1,31861,-1,-1
20056,31899,-1,-1,31902,-1,-1
20059,31759,-1,-1,31833,-1,-1
20080,31758,-1,-1,31831,-1,-1
20083,31808,31803,-1,31878,31869,-1
20086,31778,-1,-1,31853,-1,-1
20089,31784,-1,-1,31855,-1,-1
20092,31815,-1,-1,31881,-1,-1
20095,31747,-1,-1,31825,-1,-1
20098,31811,31798,-1,31874,31870,-1
20101,31779,-1,-1,31851,-1,-1
20104,31789,-1,-1,31856,-1,-1
20107,31820,-1,-1,31880,-1,-1
20110,31753,-1,-1,31822,-1,-1
20113,31751,-1,-1,31826,-1,-1
20116,31751,-1,-1,31826,-1,-1
20119,31751,-1,-1,31826,-1,-1
20122,31751,-1,-1,31826,-1,-1
20125,31751,-1,-1,31826,-1,-1
20128,31752,-1,-1,31836,-1,-1
20131,31814,31802,-1,31877,31865,-1
20134,31774,-1,-1,31852,-1,-1
20137,31788,-1,-1,31858,-1,-1
20140,31818,-1,-1,31885,-1,-1
20146,219,-1,-1,395,-1,-1
20149,301,-1,-1,464,-1,-1
20152,541,-1,-1,541,-1,-1
20155,546,-1,-1,546,-1,-1
20158,540,-1,-1,540,-1,-1
20161,26653,-1,-1,42647,-1,-1
20164,13938,-1,-1,13938,-1,-1
20166,517,-1,-1,517,-1,-1
20169,3379,164,-1,3383,344,-1
20172,268,-1,-1,432,-1,-1
20175,4206,-1,-1,4207,-1,-1
20178,218,-1,-1,394,-1,-1
20181,486,-1,-1,486,-1,-1
20184,3379,164,-1,3383,344,-1
20187,268,-1,-1,432,-1,-1
20190,4206,-1,-1,4207,-1,-1
20193,218,-1,-1,394,-1,-1
20196,486,-1,-1,486,-1,-1
20199,10979,10984,-1,11348,11359,-1
20202,10982,-1,-1,11357,-1,-1
20205,199,-1,-1,374,-1,-1
20208,305,-1,-1,467,-1,-1
20211,31772,-1,-1,31772,-1,-1
20214,31773,-1,-1,31773,-1,-1
20217,31770,-1,-1,31770,-1,-1
20240,31813,31804,-1,31876,31868,-1
20243,2847,-1,-1,2847,-1,-1
20246,28514,-1,-1,28589,-1,-1
20249,31905,-1,-1,31905,-1,-1
20251,31896,-1,-1,31896,-1,-1
20254,31900,-1,-1,31900,-1,-1
20257,31909,-1,-1,31909,-1,-1
20260,31901,-1,-1,31901,-1,-1
20263,31908,-1,-1,31908,-1,-1
20266,31757,-1,-1,31834,-1,-1
20269,31757,-1,-1,31834,-1,-1
20272,31911,-1,-1,31911,-1,-1
20275,31903,-1,-1,31903,-1,-1
20278,31903,-1,-1,31903,-1,-1
20366,31766,-1,-1,31766,-1,-1
20368,31893,-1,-1,42625,-1,-1
20370,31895,-1,-1,42640,-1,-1
20372,31890,-1,-1,42641,-1,-1
20374,31886,-1,-1,42615,-1,-1
20397,31575,-1,-1,31575,-1,-1
20401,512,-1,-1,512,-1,-1
20402,490,-1,-1,490,-1,-1
20403,512,-1,-1,512,-1,-1
20405,5409,-1,-1,5409,-1,-1
20406,6031,-1,-1,6031,-1,-1
20407,539,-1,-1,42626,-1,-1
20408,26279,-1,-1,26279,-1,-1
20415,306,164,-1,468,344,-1
20416,268,-1,-1,432,-1,-1
20417,314,-1,-1,477,-1,-1
20418,258,-1,-1,423,-1,-1
20421,306,164,-1,468,344,-1
20422,268,-1,-1,432,-1,-1
20423,314,-1,-1,477,-1,-1
20424,258,-1,-1,423,-1,-1
20425,4952,5028,-1,5029,5035,-1
20426,4844,-1,-1,5034,-1,-1
20428,3820,156,-1,3821,337,-1
20429,5024,-1,-1,5025,-1,-1
20431,6232,-1,-1,6232,-1,-1
20433,24033,-1,-1,24045,-1,-1
20436,24037,24032,-1,24048,24044,-1
20439,24034,-1,-1,24046,-1,-1
20442,24035,-1,-1,24047,-1,-1
20517,32063,28286,-1,32066,32065,-1
20520,32062,-1,-1,32064,-1,-1
20552,550,-1,-1,550,-1,-1
20553,10701,-1,-1,10701,-1,-1
20554,9349,-1,-1,9349,-1,-1
20555,546,-1,-1,546,-1,-1
20556,10700,-1,-1,10700,-1,-1
20557,38850,-1,-1,38848,-1,-1
20558,512,-1,-1,512,-1,-1
20559,11225,-1,-1,11225,-1,-1
20560,10702,-1,-1,39616,-1,-1
20561,218,-1,-1,394,-1,-1
20562,5027,-1,-1,5033,-1,-1
20563,218,-1,-1,394,-1,-1
20564,3379,164,-1,3383,344,-1
20565,268,-1,-1,432,-1,-1
20566,314,-1,-1,477,-1,-1
20567,258,-1,-1,423,-1,-1
20568,4115,-1,-1,4121,-1,-1
20571,215,4225,4219,55863,55866,-1
20572,215,4224,4219,55863,55865,-1
20573,215,4223,4219,55863,55864,-1
20574,10687,10681,-1,10694,10688,-1
20575,10686,-1,-1,10693,-1,-1
20576,20160,20124,-1,20207,20173,-1
20577,20143,-1,-1,20191,-1,-1
20578,3704,-1,-1,3708,-1,-1
20579,4955,-1,-1,5032,-1,-1
20580,8920,-1,-1,8935,-1,-1
20581,13307,-1,-1,13319,-1,-1
20582,13307,-1,-1,13319,-1,-1
20583,13307,-1,-1,13319,-1,-1
20584,290,-1,-1,454,-1,-1
20585,290,-1,-1,454,-1,-1
20586,290,-1,-1,454,-1,-1
20587,10131,-1,-1,10131,-1,-1
20590,44136,-1,-1,10745,-1,-1
20593,27649,-1,-1,39548,-1,-1
20595,54275,-1,-1,54245,-1,-1
20598,6669,26619,-1,6697,3848,-1
20599,6659,-1,-1,6691,-1,-1
20695,4048,-1,-1,4048,-1,-1
20696,4048,-1,-1,4048,-1,-1
20704,32215,32214,-1,32223,32222,-1
20706,32213,-1,-1,32221,-1,-1
20708,32211,-1,-1,32218,-1,-1
20710,32216,-1,-1,32224,-1,-1
20712,32212,-1,-1,32220,-1,-1
20714,32225,-1,-1,32225,-1,-1
20716,32225,-1,-1,32225,-1,-1
20720,32226,-1,-1,28996,-1,-1
20727,32300,-1,-1,39614,-1,-1
20730,32301,-1,-1,39597,-1,-1
20733,32301,-1,-1,39597,-1,-1
20736,32302,-1,-1,39603,-1,-1
20739,32302,-1,-1,39603,-1,-1
20756,32312,-1,-1,32312,-1,-1
20760,29616,-1,-1,29624,-1,-1
20764,29614,-1,-1,29623,-1,-1
20773,32324,-1,-1,32328,-1,-1
20775,32327,32326,-1,32331,32330,-1
20777,32325,-1,-1,32329,-1,-1
20779,32332,-1,-1,32332,-1,-1
20781,32332,-1,-1,32332,-1,-1
20784,29191,-1,-1,29191,-1,-1
20785,4037,-1,-1,4038,-1,-1
20792,54264,-1,-1,54251,-1,-1
20794,32361,32360,-1,32365,32364,-1
20796,32359,-1,-1,32363,-1,-1
20802,28330,19262,-1,471,20520,-1
20834,32379,-1,-1,32379,-1,-1
20836,32380,-1,-1,32380,-1,-1
20838,32623,-1,-1,32627,-1,-1
20840,32626,32630,-1,32632,32631,-1
20842,32624,-1,-1,32628,-1,-1
20844,32625,-1,-1,32629,-1,-1
20846,32633,-1,-1,32633,-1,-1
20849,32672,-1,-1,32672,-1,-1
20997,32674,-1,-1,39561,-1,-1
21000,32667,-1,-1,32667,-1,-1
21003,32678,-1,-1,39562,-1,-1
21006,32669,-1,-1,39564,-1,-1
21009,32676,-1,-1,32676,-1,-1
21012,42742,-1,-1,42743,-1,-1
21015,32671,-1,-1,32671,-1,-1
21018,32655,-1,-1,32663,-1,-1
21021,32657,32658,-1,32664,32665,-1
21024,32653,-1,-1,32662,-1,-1
21028,32670,-1,-1,32670,-1,-1
21031,32673,-1,-1,32673,-1,-1
21033,32673,-1,-1,32673,-1,-1
21059,32332,-1,-1,32332,-1,-1
21061,31004,-1,-1,31011,-1,-1
21063,31004,-1,-1,31011,-1,-1
21064,31005,-1,-1,31012,-1,-1
21066,31005,-1,-1,31012,-1,-1
21067,31009,31008,-1,31016,31015,-1
21069,31009,31008,-1,31016,31015,-1
21070,31007,-1,-1,31014,-1,-1
21072,31007,-1,-1,31014,-1,-1
21073,31006,-1,-1,31013,-1,-1
21075,31006,-1,-1,31013,-1,-1
21076,31010,-1,-1,31017,-1,-1
21078,31010,-1,-1,31017,-1,-1
21090,281,-1,-1,445,-1,-1
21093,281,-1,-1,445,-1,-1
21096,281,-1,-1,445,-1,-1
21108,290,-1,-1,454,-1,-1
21111,290,-1,-1,454,-1,-1
21114,290,-1,-1,454,-1,-1
21117,24558,-1,-1,24564,-1,-1
21120,24558,-1,-1,24564,-1,-1
21123,24558,-1,-1,24564,-1,-1
21143,281,-1,-1,445,-1,-1
21146,281,-1,-1,445,-1,-1
21149,281,-1,-1,445,-1,-1
21151,281,-1,-1,445,-1,-1
21153,281,-1,-1,445,-1,-1
21155,281,-1,-1,445,-1,-1
21157,281,-1,-1,445,-1,-1
21160,290,-1,-1,454,-1,-1
21163,290,-1,-1,454,-1,-1
21166,290,-1,-1,454,-1,-1
21169,290,-1,-1,454,-1,-1
21171,290,-1,-1,454,-1,-1
21173,290,-1,-1,454,-1,-1
21175,290,-1,-1,454,-1,-1
21177,24558,-1,-1,24564,-1,-1
21180,24558,-1,-1,24564,-1,-1
21183,24558,-1,-1,24564,-1,-1
21186,32809,-1,-1,32811,-1,-1
21198,32827,-1,-1,39632,-1,-1
21200,32827,-1,-1,39632,-1,-1
21205,32678,-1,-1,39562,-1,-1
21206,32676,-1,-1,32676,-1,-1
21207,32672,-1,-1,32672,-1,-1
21209,32856,-1,-1,32856,-1,-1
21211,32851,-1,-1,32854,-1,-1
21214,6695,-1,-1,32939,-1,-1
21253,32967,-1,-1,32968,-1,-1
21254,32967,-1,-1,32968,-1,-1
21255,32970,-1,-1,42610,-1,-1
21261,9652,-1,-1,9652,-1,-1
21264,42673,-1,-1,42685,-1,-1
21266,42673,-1,-1,42685,-1,-1
21270,516,-1,-1,516,-1,-1
21276,15942,-1,-1,39609,-1,-1
21282,33101,-1,-1,33110,-1,-1
21284,33105,-1,-1,33113,-1,-1
21285,33102,-1,-1,33114,-1,-1
21295,33103,-1,-1,33111,-1,-1
21297,33104,-1,-1,33112,-1,-1
21298,33100,-1,-1,33109,-1,-1
21301,33108,33107,-1,33117,33116,-1
21304,33106,-1,-1,33115,-1,-1
21314,27744,-1,-1,33152,-1,-1
21343,7207,-1,-1,33154,-1,-1
21345,7206,-1,-1,33153,-1,-1
21347,33155,-1,-1,33155,-1,-1
21354,33176,-1,-1,33177,-1,-1
21392,7206,-1,-1,33153,-1,-1
21396,596,33196,-1,596,33196,-1
21397,249,33196,-1,456,33196,-1
21398,250,33196,-1,460,33196,-1
21399,251,33196,-1,470,33196,-1
21400,247,33196,-1,346,33196,-1
21401,246,33196,-1,437,33196,-1
21402,248,33196,-1,474,33196,-1
21403,253,33196,-1,428,33196,-1
21404,252,33196,-1,419,33196,-1
21405,28329,33196,-1,351,33196,-1
21406,28331,33196,-1,469,33196,-1
21407,28330,33196,-1,471,33196,-1
21408,28328,33196,-1,421,33196,-1
21409,28327,33196,-1,431,33196,-1
21410,28333,33196,-1,348,33196,-1
21411,28332,33196,-1,438,33196,-1
21412,596,33197,-1,596,33197,-1
21413,249,33197,-1,456,33197,-1
21414,250,33197,-1,460,33197,-1
21415,251,33197,-1,470,33197,-1
21416,247,33197,-1,346,33197,-1
21417,246,33197,-1,437,33197,-1
21418,248,33197,-1,474,33197,-1
21419,253,33197,-1,428,33197,-1
21420,252,33197,-1,419,33197,-1
21421,28329,33197,-1,351,33197,-1
21422,28331,33197,-1,469,33197,-1
21423,28330,33197,-1,471,33197,-1
21424,28328,33197,-1,421,33197,-1
21425,28327,33197,-1,431,33197,-1
21426,28333,33197,-1,348,33197,-1
21427,28332,33197,-1,438,33197,-1
21428,5590,-1,-1,5600,-1,-1
21429,5590,-1,-1,5600,-1,-1
21430,5590,-1,-1,5600,-1,-1
21431,5590,-1,-1,5600,-1,-1
21432,5590,-1,-1,5600,-1,-1
21433,31766,-1,-1,31766,-1,-1
21434,5590,33196,-1,5600,33196,-1
21435,5590,33196,-1,5600,33196,-1
21436,5590,33196,-1,5600,33196,-1
21437,5590,33196,-1,5600,33196,-1
21438,5590,33196,-1,5600,33196,-1
21439,33200,-1,-1,33201,-1,-1
21445,16348,-1,-1,39613,-1,-1
21446,16348,-1,-1,39613,-1,-1
21539,33275,-1,-1,33275,-1,-1
21633,33273,-1,-1,33273,-1,-1
21634,33273,-1,-1,33273,-1,-1
21643,33268,-1,-1,33269,-1,-1
21646,33277,-1,-1,33277,-1,-1
21649,33276,-1,-1,33272,-1,-1
21652,489,-1,-1,489,-1,-1
21655,33274,-1,-1,33274,-1,-1
21695,34028,-1,-1,34028,-1,-1
21720,34039,-1,-1,34040,-1,-1
21722,13333,13335,-1,13341,13344,-1
21723,12758,-1,-1,13349,-1,-1
21733,34233,-1,-1,34234,-1,-1
21736,34245,-1,-1,34246,-1,-1
21742,34236,-1,-1,34237,-1,-1
21760,34256,-1,-1,34256,-1,-1
21776,29616,-1,-1,29624,-1,-1
21778,29614,-1,-1,29623,-1,-1
21780,29616,-1,-1,29624,-1,-1
21782,29614,-1,-1,29623,-1,-1
21784,29616,-1,-1,29624,-1,-1
21786,29614,-1,-1,29623,-1,-1
21791,34149,-1,-1,34151,-1,-1
21793,34146,-1,-1,34150,-1,-1
21795,34148,-1,-1,34152,-1,-1
21816,24558,-1,-1,24564,-1,-1
21817,24558,-1,-1,24564,-1,-1
21838,34268,-1,-1,34287,-1,-1
21847,34422,-1,-1,34430,-1,-1
21849,34428,34427,-1,34436,34435,-1
21851,34425,-1,-1,34433,-1,-1
21853,34423,-1,-1,34431,-1,-1
21855,34424,-1,-1,34432,-1,-1
21857,34429,-1,-1,34437,-1,-1
21859,34426,-1,-1,34434,-1,-1
21888,42680,-1,-1,42690,-1,-1
21890,42680,-1,-1,42690,-1,-1
21892,34630,-1,-1,34645,-1,-1
21895,34649,-1,-1,34650,-1,-1
21898,34629,-1,-1,34641,-1,-1
21900,34625,-1,-1,34634,-1,-1
21902,34655,-1,-1,42612,-1,-1
21918,16844,-1,-1,16844,-1,-1
21921,34656,-1,-1,42628,-1,-1
21952,16851,-1,-1,16851,-1,-1
22002,34648,-1,-1,34648,-1,-1
22003,34648,-1,-1,34648,-1,-1
22109,34628,-1,-1,34639,-1,-1
22111,34627,-1,-1,34627,-1,-1
22114,34271,-1,-1,34288,-1,-1
22121,7491,-1,-1,7505,-1,-1
22127,34447,-1,-1,34463,-1,-1
22129,34467,-1,-1,34453,-1,-1
22131,34479,-1,-1,34469,-1,-1
22133,34478,-1,-1,34462,-1,-1
22135,34468,-1,-1,34466,-1,-1
22137,34449,-1,-1,34471,-1,-1
22139,34465,-1,-1,34461,-1,-1
22141,34456,-1,-1,34470,-1,-1
22143,34464,-1,-1,34473,-1,-1
22145,34455,-1,-1,34472,-1,-1
22147,34450,-1,-1,34446,-1,-1
22149,34477,-1,-1,34474,-1,-1
22151,34452,-1,-1,34451,-1,-1
22153,34448,-1,-1,34476,-1,-1
22155,34454,-1,-1,34460,-1,-1
22157,34459,-1,-1,34457,-1,-1
22159,218,-1,-1,394,-1,-1
22161,218,-1,-1,394,-1,-1
22163,218,-1,-1,394,-1,-1
22165,218,-1,-1,394,-1,-1
22167,218,-1,-1,394,-1,-1
22169,218,-1,-1,394,-1,-1
22171,218,-1,-1,394,-1,-1
22173,218,-1,-1,394,-1,-1
22175,218,-1,-1,394,-1,-1
22177,218,-1,-1,394,-1,-1
22179,218,-1,-1,394,-1,-1
22181,218,-1,-1,394,-1,-1
22183,218,-1,-1,394,-1,-1
22185,218,-1,-1,394,-1,-1
22187,218,-1,-1,394,-1,-1
22189,218,-1,-1,394,-1,-1
22234,12783,-1,-1,12818,-1,-1
22242,34630,-1,-1,34645,-1,-1
22244,34649,-1,-1,34650,-1,-1
22249,12778,-1,-1,12817,-1,-1
22251,34489,-1,-1,34489,-1,-1
22254,34489,-1,-1,34489,-1,-1
22257,34489,-1,-1,34489,-1,-1
22260,34489,-1,-1,34489,-1,-1
22263,34489,-1,-1,34489,-1,-1
22266,34489,-1,-1,34489,-1,-1
22269,34491,-1,-1,34491,-1,-1
22272,34490,-1,-1,34490,-1,-1
22275,34490,-1,-1,34490,-1,-1
22278,34490,-1,-1,34490,-1,-1
22281,34490,-1,-1,34490,-1,-1
22284,34490,-1,-1,34490,-1,-1
22288,28230,-1,-1,39549,-1,-1
22290,28230,-1,-1,39549,-1,-1
22292,14400,-1,-1,39556,-1,-1
22294,14401,-1,-1,39551,-1,-1
22296,34508,-1,-1,34507,-1,-1
22308,28329,19262,-1,351,20520,-1
22309,248,19262,-1,474,20520,-1
22310,247,19262,-1,346,20520,-1
22311,250,19262,-1,460,20520,-1
22312,28333,19259,-1,348,20518,-1
22313,28328,19259,-1,421,20518,-1
22314,28331,19259,-1,469,20518,-1
22315,252,19259,-1,419,20518,-1
22316,34519,-1,-1,34519,-1,-1
22322,35376,-1,-1,35377,-1,-1
22323,35372,-1,-1,39555,-1,-1
22324,35374,-1,-1,35369,-1,-1
22325,35371,-1,-1,32906,-1,-1
22326,35349,-1,-1,35361,-1,-1
22327,35359,-1,-1,35368,-1,-1
22328,35356,-1,-1,35367,-1,-1
22331,49484,-1,-1,49483,-1,-1
22333,49486,-1,-1,49482,-1,-1
22335,49481,-1,-1,49485,-1,-1
22337,248,19259,-1,474,20518,-1
22338,247,19259,-1,346,20518,-1
22339,249,19259,-1,456,20518,-1
22340,28327,19261,-1,431,20519,-1
22341,28330,19261,-1,471,20519,-1
22342,28329,19261,-1,351,20519,-1
22343,253,19261,-1,428,20519,-1
22344,247,19261,-1,346,20519,-1
22345,250,19261,-1,460,20519,-1
22346,28332,19260,-1,438,20517,-1
22347,28327,19260,-1,431,20517,-1
22348,28330,19260,-1,471,20517,-1
22349,28329,19260,-1,351,20517,-1
22351,28534,28532,-1,28538,28537,-1
22353,28531,-1,-1,28535,-1,-1
22355,28545,-1,-1,28545,-1,-1
22358,28545,-1,-1,28545,-1,-1
22361,28545,-1,-1,28545,-1,-1
22368,28603,-1,-1,39611,-1,-1
22370,28607,-1,-1,39626,-1,-1
22388,29033,-1,-1,34596,-1,-1
22390,29032,-1,-1,34595,-1,-1
22392,29034,-1,-1,29038,-1,-1
22394,29035,-1,-1,29037,-1,-1
22396,29036,-1,-1,29040,-1,-1
22398,35177,-1,-1,39558,-1,-1
22400,35165,-1,-1,35176,-1,-1
22433,35178,-1,-1,35178,-1,-1
22435,35178,-1,-1,35178,-1,-1
22481,35372,-1,-1,39555,-1,-1
22486,35373,-1,-1,32905,-1,-1
22494,35352,-1,-1,35365,-1,-1
22496,35354,-1,-1,35364,-1,-1
22498,35351,-1,-1,35366,-1,-1
22500,35350,-1,-1,35362,-1,-1
22502,35353,-1,-1,35363,-1,-1
22516,35375,-1,-1,35375,-1,-1
22542,35770,-1,-1,35770,-1,-1
22545,35771,-1,-1,35771,-1,-1
22547,35768,-1,-1,35768,-1,-1
22550,35769,-1,-1,35769,-1,-1
22552,35772,-1,-1,35772,-1,-1
22555,35773,-1,-1,35773,-1,-1
22557,35766,-1,-1,35767,-1,-1
22610,35973,-1,-1,35973,-1,-1
22613,35969,-1,-1,35969,-1,-1
22616,35953,-1,-1,35965,-1,-1
22619,35950,-1,-1,35960,-1,-1
22622,35968,-1,-1,42655,-1,-1
22625,35943,-1,-1,35958,-1,-1
22628,35951,-1,-1,35964,-1,-1
22631,35947,-1,-1,35961,-1,-1
22634,35972,-1,-1,35972,-1,-1
22636,35970,-1,-1,35970,-1,-1
22638,35945,-1,-1,35956,-1,-1
22641,35954,-1,-1,35963,-1,-1
22644,35948,-1,-1,35959,-1,-1
22647,35971,-1,-1,35971,-1,-1
22650,35944,-1,-1,35957,-1,-1
22653,35952,-1,-1,35966,-1,-1
22656,35949,-1,-1,35962,-1,-1
22664,35371,-1,-1,35371,-1,-1
22665,27649,-1,-1,27649,-1,-1
22666,5812,-1,-1,5812,-1,-1
22675,5201,-1,-1,5201,-1,-1
22684,36034,-1,-1,36033,-1,-1
22689,28478,-1,-1,36028,-1,-1
22692,28479,-1,-1,36029,-1,-1
22695,36025,-1,-1,36031,-1,-1
22698,36024,-1,-1,36030,-1,-1
22701,36026,-1,-1,36032,-1,-1
22711,556,-1,-1,556,-1,-1
22713,36092,-1,-1,36097,-1,-1
22715,36095,-1,-1,36099,-1,-1
22717,36093,-1,-1,36098,-1,-1
22719,36100,-1,-1,36101,-1,-1
22721,253,19260,-1,428,20517,-1
22722,247,19260,-1,346,20517,-1
22723,250,19260,-1,460,20517,-1
22724,28327,19259,-1,431,20518,-1
22725,28332,19261,-1,438,20519,-1
22726,28333,19261,-1,348,20519,-1
22727,28328,19261,-1,421,20519,-1
22728,251,19261,-1,470,20519,-1
22729,28328,19260,-1,421,20517,-1
22730,28331,19260,-1,469,20517,-1
22731,36313,-1,-1,42617,-1,-1
22734,36313,-1,-1,42617,-1,-1
22737,36313,-1,-1,42617,-1,-1
22740,36313,-1,-1,42617,-1,-1
22743,36313,-1,-1,42617,-1,-1
22804,36319,-1,-1,42623,-1,-1
22806,36319,-1,-1,42623,-1,-1
22808,36319,-1,-1,42623,-1,-1
22810,36319,-1,-1,42623,-1,-1
22812,36311,-1,-1,42651,-1,-1
22814,36311,-1,-1,42651,-1,-1
22816,19852,-1,-1,19846,-1,-1
22817,36316,-1,-1,36307,-1,-1
22838,36321,-1,-1,36332,-1,-1
22840,36315,-1,-1,36309,-1,-1
22842,36314,-1,-1,36304,-1,-1
22844,36318,-1,-1,36302,-1,-1
22846,36317,-1,-1,36312,-1,-1
22951,36928,-1,-1,36929,-1,-1
22954,36324,-1,-1,36333,-1,-1
22978,36303,-1,-1,39547,-1,-1
22981,36325,-1,-1,36335,-1,-1
22986,36326,-1,-1,36326,-1,-1
22994,36305,-1,-1,36305,-1,-1
22997,36305,-1,-1,36305,-1,-1
23037,36323,-1,-1,36334,-1,-1
23047,5027,-1,-1,5033,-1,-1
23050,4952,5028,-1,5029,5035,-1
23053,4844,-1,-1,5034,-1,-1
23056,4953,-1,-1,5030,-1,-1
23059,4955,-1,-1,5032,-1,-1
23073,42675,-1,-1,42687,-1,-1
23075,42675,-1,-1,42687,-1,-1
23091,36962,-1,-1,36969,-1,-1
23093,36966,-1,-1,36973,-1,-1
23095,36963,-1,-1,36970,-1,-1
23097,36965,36964,-1,36972,36971,-1
23099,36961,-1,-1,36968,-1,-1
23101,36960,-1,-1,36967,-1,-1
23108,36974,-1,-1,36974,-1,-1
23122,36317,-1,-1,36312,-1,-1
23188,37092,-1,-1,37092,-1,-1
23191,37074,-1,-1,37074,-1,-1
23194,37089,-1,-1,37089,-1,-1
23197,37075,-1,-1,37075,-1,-1
23200,37080,-1,-1,37080,-1,-1
23203,37091,-1,-1,37091,-1,-1
23206,37082,-1,-1,37079,-1,-1
23209,37031,-1,-1,37066,-1,-1
23212,37034,-1,-1,37060,-1,-1
23215,37035,-1,-1,37065,-1,-1
23218,37030,-1,-1,37061,-1,-1
23221,37037,-1,-1,37064,-1,-1
23224,37021,-1,-1,37021,-1,-1
23230,15413,-1,-1,42629,-1,-1
23235,37076,-1,-1,37083,-1,-1
23240,37014,-1,-1,37047,-1,-1
23242,37027,-1,-1,37054,-1,-1
23246,37025,-1,-1,37055,-1,-1
23249,37028,-1,-1,37056,-1,-1
23252,37013,-1,-1,37043,-1,-1
23255,13705,-1,-1,37058,-1,-1
23258,20131,230,-1,20184,403,-1
23261,11328,-1,-1,11350,-1,-1
23264,11345,-1,-1,11361,-1,-1
23267,11411,-1,-1,11355,-1,-1
23270,28508,-1,-1,28552,-1,-1
23273,28508,-1,-1,28552,-1,-1
23276,509,-1,-1,509,-1,-1
23279,510,-1,-1,510,-1,-1
23282,13938,-1,-1,37085,-1,-1
23285,37038,-1,-1,37069,-1,-1
23288,37042,-1,-1,37068,-1,-1
23291,37040,-1,-1,37073,-1,-1
23294,182,-1,-1,37070,-1,-1
23297,37017,-1,-1,37049,-1,-1
23300,37020,-1,-1,37020,-1,-1
23303,10979,10984,-1,11348,11359,-1
23306,10982,-1,-1,11357,-1,-1
23309,37016,-1,-1,37046,-1,-1
23312,37029,-1,-1,37059,-1,-1
23315,26632,37033,-1,3476,37063,-1
23318,10982,-1,-1,11357,-1,-1
23330,37088,-1,-1,37088,-1,-1
23332,37093,-1,-1,37093,-1,-1
23334,37090,-1,-1,37090,-1,-1
23336,37036,-1,-1,37067,-1,-1
23339,37026,-1,-1,37053,-1,-1
23342,37081,-1,-1,37078,-1,-1
23345,37018,-1,-1,37048,-1,-1
23351,37019,-1,-1,37051,-1,-1
23354,37015,-1,-1,37045,-1,-1
23357,37095,-1,-1,37086,-1,-1
23360,37084,-1,-1,37077,-1,-1
23363,37094,-1,-1,37087,-1,-1
23366,37031,-1,-1,37066,-1,-1
23369,37034,-1,-1,37060,-1,-1
23372,37035,-1,-1,37065,-1,-1
23375,37030,-1,-1,37061,-1,-1
23378,37037,-1,-1,37064,-1,-1
23381,37032,-1,-1,37062,-1,-1
23384,37024,-1,-1,37057,-1,-1
23389,37041,-1,-1,37072,-1,-1
23392,37031,-1,-1,37066,-1,-1
23395,37034,-1,-1,37060,-1,-1
23398,37035,-1,-1,37065,-1,-1
23401,37030,-1,-1,37061,-1,-1
23404,37037,-1,-1,37064,-1,-1
23407,37012,-1,-1,37044,-1,-1
23410,37022,-1,-1,37050,-1,-1
23413,37039,-1,-1,37071,-1,-1
23444,37023,-1,-1,37052,-1,-1
23446,37216,-1,-1,37216,-1,-1
23448,21860,-1,-1,37215,-1,-1
23458,31663,-1,-1,31664,-1,-1
23460,249,19260,-1,456,20517,-1
23461,251,19260,-1,470,20517,-1
23462,246,19260,-1,437,20517,-1
23463,248,19260,-1,474,20517,-1
23464,252,19260,-1,419,20517,-1
23465,28333,19260,-1,348,20517,-1
23466,249,19261,-1,456,20519,-1
23467,246,19261,-1,437,20519,-1
23468,248,19261,-1,474,20519,-1
23469,252,19261,-1,419,20519,-1
23470,28331,19261,-1,469,20519,-1
23471,250,19259,-1,460,20518,-1
23472,251,19259,-1,470,20518,-1
23473,246,19259,-1,437,20518,-1
23474,253,19259,-1,428,20518,-1
23475,28329,19259,-1,351,20518,-1
23476,28330,19259,-1,471,20518,-1
23477,28332,19259,-1,438,20518,-1
23478,249,19262,-1,456,20520,-1
23479,251,19262,-1,470,20520,-1
23480,246,19262,-1,437,20520,-1
23481,253,19262,-1,428,20520,-1
23482,252,19262,-1,419,20520,-1
23483,28331,19262,-1,469,20520,-1
23484,28328,19262,-1,421,20520,-1
23485,28333,19262,-1,348,20520,-1
23486,28332,19262,-1,438,20520,-1
23522,37282,-1,-1,37283,-1,-1
23528,37284,-1,-1,37285,-1,-1
23591,21873,-1,-1,21906,-1,-1
23593,13307,-1,-1,13319,-1,-1
23597,10420,-1,-1,10421,-1,-1
23599,11049,-1,-1,35758,-1,-1
23601,16846,-1,-1,42622,-1,-1
23603,34146,-1,-1,34150,-1,-1
23605,34148,-1,-1,34152,-1,-1
23607,34149,-1,-1,34151,-1,-1
23609,20423,-1,-1,20429,-1,-1
23611,19839,-1,-1,42611,-1,-1
23613,5232,-1,-1,5232,-1,-1
23615,35969,-1,-1,35969,-1,-1
23617,35971,-1,-1,35971,-1,-1
23619,35970,-1,-1,35970,-1,-1
23620,35968,-1,-1,42655,-1,-1
23622,33103,-1,-1,33111,-1,-1
23626,32669,-1,-1,39564,-1,-1
23628,35374,-1,-1,35369,-1,-1
23630,31236,-1,-1,31236,-1,-1
23632,6674,6643,-1,6700,6683,-1
23633,6660,-1,-1,6692,-1,-1
23634,6662,-1,-1,6693,-1,-1
23635,6667,-1,-1,6696,-1,-1
23636,6658,-1,-1,6690,-1,-1
23637,6656,-1,-1,6689,-1,-1
23638,6653,-1,-1,6687,-1,-1
23639,6651,-1,-1,6686,-1,-1
23640,9642,-1,-1,9644,-1,-1
23642,11051,-1,-1,35757,-1,-1
23644,29249,-1,-1,29254,-1,-1
23646,27625,-1,-1,27640,-1,-1
23652,10698,-1,-1,10699,-1,-1
23653,6706,-1,-1,6706,-1,-1
23654,28445,-1,-1,28445,-1,-1
23673,38279,-1,-1,38281,-1,-1
23675,38279,-1,-1,38281,-1,-1
23677,38278,-1,-1,38272,-1,-1
23680,38271,-1,-1,38275,-1,-1
23682,38271,-1,-1,38275,-1,-1
23762,38283,-1,-1,38285,-1,-1
23764,38283,-1,-1,38285,-1,-1
23785,218,-1,-1,394,-1,-1
23787,313,164,3330,38232,344,-1
23789,268,-1,-1,432,-1,-1
23820,38310,-1,-1,38313,-1,-1
23821,38279,-1,-1,38281,-1,-1
23822,38271,-1,-1,38275,-1,-1
23823,38283,-1,-1,38285,-1,-1
23839,561,-1,-1,561,-1,-1
23840,38028,-1,-1,38158,-1,-1
23841,38023,-1,-1,38157,-1,-1
23842,38025,-1,-1,38159,-1,-1
23843,38103,-1,-1,38242,-1,-1
23844,38099,-1,-1,38239,-1,-1
23845,38105,-1,-1,38240,-1,-1
23846,38075,-1,-1,38202,-1,-1
23847,38077,-1,-1,38205,-1,-1
23848,38078,-1,-1,38206,-1,-1
23849,38303,-1,-1,38306,-1,-1
23850,38303,-1,-1,38306,-1,-1
23851,38303,-1,-1,38306,-1,-1
23852,38312,-1,-1,38305,-1,-1
23853,38312,-1,-1,38305,-1,-1
23854,38312,-1,-1,38305,-1,-1
23855,38302,-1,-1,38309,-1,-1
23856,38302,-1,-1,38309,-1,-1
23857,38302,-1,-1,38309,-1,-1
23859,38050,-1,-1,38185,-1,-1
23861,38311,-1,-1,38300,-1,-1
23862,38279,-1,-1,38281,-1,-1
23863,38271,-1,-1,38275,-1,-1
23864,38283,-1,-1,38285,-1,-1
23879,561,-1,-1,561,-1,-1
23886,38026,-1,-1,38160,-1,-1
23887,38022,-1,-1,38163,-1,-1
23888,38024,-1,-1,38161,-1,-1
23889,38102,-1,-1,38235,-1,-1
23890,38104,-1,-1,38238,-1,-1
23891,38106,-1,-1,38236,-1,-1
23892,38080,-1,-1,38201,-1,-1
23893,38081,-1,-1,38200,-1,-1
23894,38076,-1,-1,38204,-1,-1
23895,38303,-1,-1,38306,-1,-1
23896,38303,-1,-1,38306,-1,-1
23897,38303,-1,-1,38306,-1,-1
23898,38312,-1,-1,38305,-1,-1
23899,38312,-1,-1,38305,-1,-1
23900,38312,-1,-1,38305,-1,-1
23901,38302,-1,-1,38309,-1,-1
23902,38302,-1,-1,38309,-1,-1
23903,38302,-1,-1,38309,-1,-1
23907,38276,-1,-1,38269,-1,-1
23911,38085,-1,-1,38220,-1,-1
23913,38085,-1,-1,38220,-1,-1
23915,38085,-1,-1,38220,-1,-1
23917,38085,-1,-1,38220,-1,-1
23919,38085,-1,-1,38220,-1,-1
23921,38085,-1,-1,38220,-1,-1
23923,38085,-1,-1,38220,-1,-1
23925,38085,-1,-1,38220,-1,-1
23971,38027,-1,-1,38164,-1,-1
23973,38029,-1,-1,38162,-1,-1
23975,38101,-1,-1,38237,-1,-1
23977,38100,-1,-1,38241,-1,-1
23979,38079,-1,-1,38203,-1,-1
23981,38082,-1,-1,38207,-1,-1
23983,5197,-1,-1,5197,-1,-1
23985,5197,-1,-1,5197,-1,-1
23987,4033,-1,-1,39627,-1,-1
23989,4033,-1,-1,39627,-1,-1
23991,5196,-1,-1,5196,-1,-1
23993,5196,-1,-1,5196,-1,-1
23995,38270,-1,-1,38280,-1,-1
23997,38266,-1,-1,38267,-1,-1
24000,38307,-1,-1,38304,-1,-1
24003,38119,-1,-1,38254,-1,-1
24006,38052,-1,-1,38187,-1,-1
24009,38097,-1,-1,38234,-1,-1
24012,38802,-1,-1,38803,-1,-1
24015,38097,-1,-1,38234,-1,-1
24018,38802,-1,-1,38803,-1,-1
24021,38098,-1,-1,38233,-1,-1
24024,38083,-1,-1,38219,-1,-1
24027,38098,-1,-1,38233,-1,-1
24034,38020,-1,-1,38156,-1,-1
24037,38096,-1,-1,38231,-1,-1
24040,38064,-1,-1,38199,-1,-1
24043,38118,-1,-1,38255,-1,-1
24046,38053,-1,-1,38186,-1,-1
24123,5197,-1,-1,5197,-1,-1
24125,4033,-1,-1,39627,-1,-1
24127,5196,-1,-1,5196,-1,-1
24133,33102,-1,-1,33114,-1,-1
24134,32820,-1,-1,32821,-1,-1
24135,34629,-1,-1,34641,-1,-1
24136,15413,-1,-1,42629,-1,-1
24137,15413,-1,-1,42629,-1,-1
24138,15413,-1,-1,42629,-1,-1
24139,15413,-1,-1,42629,-1,-1
24140,15413,-1,-1,42629,-1,-1
24141,15413,-1,-1,42629,-1,-1
24142,15413,-1,-1,42629,-1,-1
24143,10420,-1,-1,10421,-1,-1
24144,38826,-1,-1,38828,-1,-1
24157,39619,-1,-1,39630,-1,-1
24158,306,164,-1,468,344,-1
24159,268,-1,-1,432,-1,-1
24160,219,-1,-1,395,-1,-1
24161,486,-1,-1,486,-1,-1
24162,266,-1,-1,430,-1,-1
24163,28226,28224,-1,28853,28850,-1
24164,28223,-1,-1,28849,-1,-1
24165,54283,-1,-1,54283,-1,-1
24166,28227,28225,-1,28852,28851,-1
24167,28222,-1,-1,28848,-1,-1
24168,28221,-1,-1,28221,-1,-1
24169,27630,-1,-1,28833,-1,-1
24170,27643,-1,-1,28832,-1,-1
24171,27642,-1,-1,28831,-1,-1
24172,19247,215,-1,20507,391,-1
24173,19246,215,-1,20506,391,-1
24174,19248,215,-1,20508,391,-1
24175,19258,8779,-1,20516,32966,-1
24176,19252,-1,-1,20510,-1,-1
24177,14567,14562,-1,15290,14570,-1
24178,29166,29165,-1,29169,29168,-1
24179,14566,-1,-1,14576,-1,-1
24180,29164,-1,-1,29167,-1,-1
24181,14580,-1,-1,14579,-1,-1
24182,179,-1,-1,14572,-1,-1
24183,230,27151,-1,403,27137,-1
24184,230,27150,-1,403,27138,-1
24185,19820,-1,-1,162,-1,-1
24186,35376,-1,-1,35377,-1,-1
24189,29637,29636,-1,29745,29744,-1
24190,29020,-1,-1,29743,-1,-1
24191,29633,-1,-1,29725,-1,-1
24192,38815,-1,-1,38821,-1,-1
24194,38815,-1,-1,38821,-1,-1
24195,38814,-1,-1,38822,-1,-1
24197,38814,-1,-1,38822,-1,-1
24198,38817,-1,-1,38824,-1,-1
24200,38817,-1,-1,38824,-1,-1
24201,38816,-1,-1,38823,-1,-1
24203,38816,-1,-1,38823,-1,-1
24204,38818,-1,-1,38825,-1,-1
24206,38818,-1,-1,38825,-1,-1
24207,38812,-1,-1,38820,-1,-1
24209,38813,-1,-1,38819,-1,-1
24211,38813,-1,-1,38819,-1,-1
24213,38813,-1,-1,38819,-1,-1
24215,38813,-1,-1,38819,-1,-1
24219,38829,-1,-1,38827,-1,-1
24222,34628,-1,-1,34639,-1,-1
24223,9638,-1,-1,9640,-1,-1
24224,33103,-1,-1,33111,-1,-1
24225,38850,-1,-1,38848,-1,-1
24227,38847,-1,-1,38849,-1,-1
24232,29616,-1,-1,29624,-1,-1
24233,29616,-1,-1,29624,-1,-1
24234,29616,-1,-1,29624,-1,-1
24248,34149,-1,-1,34151,-1,-1
24249,34146,-1,-1,34150,-1,-1
24250,34148,-1,-1,34152,-1,-1
24266,38859,-1,-1,38859,-1,-1
24271,38857,-1,-1,38858,-1,-1
24288,38911,-1,-1,38914,-1,-1
24291,38912,-1,-1,38915,-1,-1
24294,38910,-1,-1,38913,-1,-1
24300,38928,-1,-1,38931,-1,-1
24301,38926,-1,-1,38929,-1,-1
24302,38927,-1,-1,38930,-1,-1
24303,176,-1,-1,353,-1,-1
24304,185,-1,-1,361,-1,-1
24305,38928,-1,-1,38931,-1,-1
24307,38926,-1,-1,38929,-1,-1
24309,38927,-1,-1,38930,-1,-1
24311,176,-1,-1,353,-1,-1
24313,185,-1,-1,361,-1,-1
24315,38928,-1,-1,38931,-1,-1
24317,38926,-1,-1,38929,-1,-1
24319,38927,-1,-1,38930,-1,-1
24321,176,-1,-1,353,-1,-1
24323,185,-1,-1,361,-1,-1
24325,38924,-1,-1,38924,-1,-1
24327,38925,-1,-1,38925,-1,-1
24338,38934,-1,-1,38941,-1,-1
24340,38937,-1,-1,38943,-1,-1
24342,38935,-1,-1,38942,-1,-1
24344,38932,-1,-1,38940,-1,-1
24346,38936,-1,-1,38938,-1,-1
24348,38933,-1,-1,38939,-1,-1
24370,42678,-1,-1,42683,-1,-1
24372,41667,-1,-1,41667,-1,-1
24374,40982,-1,-1,40982,-1,-1
24376,40967,-1,-1,40967,-1,-1
24378,40963,-1,-1,40966,-1,-1
24380,40979,-1,-1,40959,-1,-1
24382,40978,-1,-1,40975,-1,-1
24384,40972,-1,-1,40968,-1,-1
24387,38964,-1,-1,38975,-1,-1
24389,38968,-1,-1,38978,-1,-1
24391,38961,-1,-1,38973,-1,-1
24393,38969,-1,-1,38979,-1,-1
24395,40962,-1,-1,40960,-1,-1
24397,38964,-1,-1,38975,-1,-1
24399,38967,-1,-1,38976,-1,-1
24401,38963,-1,-1,38971,-1,-1
24403,38969,-1,-1,38979,-1,-1
24405,38965,-1,-1,38974,-1,-1
24407,38966,-1,-1,38977,-1,-1
24409,38962,-1,-1,38972,-1,-1
24411,38969,-1,-1,38979,-1,-1
24413,38984,-1,-1,38986,-1,-1
24417,39057,-1,-1,39060,-1,-1
24419,39049,-1,-1,39052,-1,-1
24420,39051,-1,-1,39054,-1,-1
24421,39050,-1,-1,39053,-1,-1
24422,39056,-1,-1,39063,-1,-1
24423,39058,-1,-1,39062,-1,-1
24424,39055,-1,-1,39066,-1,-1
24425,39061,-1,-1,39065,-1,-1
24428,32591,-1,-1,32591,-1,-1
24430,32589,-1,-1,32589,-1,-1
24431,32590,-1,-1,32590,-1,-1
24435,12862,-1,-1,12862,-1,-1
24437,32588,-1,-1,32588,-1,-1
24438,32591,-1,-1,32591,-1,-1
24439,32589,-1,-1,32589,-1,-1
24440,32590,-1,-1,32590,-1,-1
24444,42678,-1,-1,42683,-1,-1
24460,39131,-1,-1,39131,-1,-1
24520,38813,-1,-1,38819,-1,-1
24525,39515,-1,-1,39516,-1,-1
24527,39515,-1,-1,39516,-1,-1
24533,19249,215,-1,20509,391,-1
24537,32910,-1,-1,32909,-1,-1
24539,32910,-1,-1,32909,-1,-1
24551,38270,-1,-1,38280,-1,-1
24617,35969,-1,-1,35969,-1,-1
24664,39531,-1,-1,39538,-1,-1
24666,39532,39534,-1,39540,39581,-1
24668,39521,-1,-1,39537,-1,-1
24676,39743,-1,-1,39767,-1,-1
24678,39751,-1,-1,39774,-1,-1
24680,39761,-1,-1,39783,-1,-1
24693,35178,-1,-1,35178,-1,-1
24695,35178,-1,-1,35178,-1,-1
24697,39732,-1,-1,39733,-1,-1
24699,39731,-1,-1,39740,-1,-1
24723,39735,-1,-1,39737,-1,-1
24725,39764,-1,-1,39786,-1,-1
24727,39739,-1,-1,39736,-1,-1
24743,39758,-1,-1,39780,-1,-1
24745,39758,-1,-1,39780,-1,-1
24746,39760,-1,-1,39781,-1,-1
24748,39760,-1,-1,39781,-1,-1
24749,39741,39748,-1,39766,39772,-1
24751,39741,39748,-1,39766,39772,-1
24752,39753,-1,-1,39773,-1,-1
24754,39753,-1,-1,39773,-1,-1
24755,39763,-1,-1,39784,-1,-1
24757,39763,-1,-1,39784,-1,-1
24758,39762,-1,-1,39782,-1,-1
24760,39762,-1,-1,39782,-1,-1
24780,39765,-1,-1,39785,-1,-1
24790,10131,-1,-1,10131,-1,-1
24792,39734,-1,-1,39738,-1,-1
24794,39744,-1,-1,39771,-1,-1
24796,39754,-1,-1,39778,-1,-1
24798,39746,-1,-1,39770,-1,-1
24800,39755,-1,-1,39775,-1,-1
24802,39745,-1,-1,39768,-1,-1
24804,39756,-1,-1,39776,-1,-1
24806,39747,-1,-1,39769,-1,-1
24808,39757,-1,-1,39777,-1,-1
24810,39744,-1,-1,39771,-1,-1
24812,39754,-1,-1,39778,-1,-1
24814,39746,-1,-1,39770,-1,-1
24816,39755,-1,-1,39775,-1,-1
24818,39745,-1,-1,39768,-1,-1
24820,39756,-1,-1,39776,-1,-1
24822,39747,-1,-1,39769,-1,-1
24824,39757,-1,-1,39777,-1,-1
24826,39744,-1,-1,39771,-1,-1
24828,39754,-1,-1,39778,-1,-1
24830,39746,-1,-1,39770,-1,-1
24832,39755,-1,-1,39775,-1,-1
24834,39745,-1,-1,39768,-1,-1
24836,39756,-1,-1,39776,-1,-1
24838,39747,-1,-1,39769,-1,-1
24840,39757,-1,-1,39777,-1,-1
24855,40664,-1,-1,40666,-1,-1
24857,40663,-1,-1,40665,-1,-1
24862,40678,-1,-1,40684,-1,-1
24863,40679,-1,-1,40685,-1,-1
24864,40674,-1,-1,40682,-1,-1
24865,40677,-1,-1,40683,-1,-1
24866,40676,-1,-1,40681,-1,-1
24867,40675,-1,-1,40680,-1,-1
24872,20859,-1,-1,40779,-1,-1
24874,21484,20862,-1,40781,40780,-1
24876,20853,-1,-1,40778,-1,-1
24878,40777,-1,-1,40782,-1,-1
24880,40783,-1,-1,40784,-1,-1
24942,40890,-1,-1,40892,-1,-1
24975,16021,-1,-1,16030,-1,-1
25001,40911,-1,-1,40934,-1,-1
25004,40923,-1,-1,40946,-1,-1
25007,40918,-1,-1,40941,-1,-1
25010,40928,-1,-1,40950,-1,-1
25013,40973,-1,-1,40969,-1,-1
25016,40910,-1,-1,40933,-1,-1
25019,40924,-1,-1,40944,-1,-1
25022,40917,-1,-1,40940,-1,-1
25025,40929,-1,-1,40949,-1,-1
25028,40912,-1,-1,40932,-1,-1
25031,40925,-1,-1,40945,-1,-1
25034,40919,-1,-1,40939,-1,-1
25037,40927,-1,-1,40948,-1,-1
25042,41665,-1,-1,41665,-1,-1
25044,40982,-1,-1,40982,-1,-1
25046,40967,-1,-1,40967,-1,-1
25048,40963,-1,-1,40966,-1,-1
25050,40979,-1,-1,40959,-1,-1
25052,40978,-1,-1,40975,-1,-1
25054,40972,-1,-1,40968,-1,-1
25056,40977,-1,-1,40961,-1,-1
25059,40958,-1,-1,40956,-1,-1
25063,40965,-1,-1,40964,-1,-1
25066,40981,-1,-1,40954,-1,-1
25069,40909,-1,-1,40931,-1,-1
25071,40909,-1,-1,40931,-1,-1
25072,40913,-1,-1,40935,-1,-1
25074,40913,-1,-1,40935,-1,-1
25075,40922,40921,-1,40943,40942,-1
25077,40922,40921,-1,40943,40942,-1
25078,40916,-1,-1,40938,-1,-1
25080,40916,-1,-1,40938,-1,-1
25081,40915,-1,-1,40937,-1,-1
25083,40915,-1,-1,40937,-1,-1
25084,40926,-1,-1,40947,-1,-1
25086,40926,-1,-1,40947,-1,-1
25087,40970,-1,-1,40970,-1,-1
25102,40957,-1,-1,40980,-1,-1
25106,40914,-1,-1,40936,-1,-1
25108,40914,-1,-1,40936,-1,-1
25110,55737,-1,-1,55733,-1,-1
25112,55735,-1,-1,55732,-1,-1
25114,55731,-1,-1,55748,-1,-1
25129,16038,215,-1,13624,391,-1
25131,26630,305,-1,487,13625,-1
25133,13622,-1,-1,13623,-1,-1
25135,179,-1,-1,356,-1,-1
25137,185,-1,-1,361,-1,-1
25163,4954,-1,-1,5031,-1,-1
25165,218,-1,-1,394,-1,-1
25167,4954,-1,-1,5031,-1,-1
25169,218,-1,-1,394,-1,-1
25171,4954,-1,-1,5031,-1,-1
25173,4954,-1,-1,5031,-1,-1
25174,218,-1,-1,394,-1,-1
25176,218,-1,-1,394,-1,-1
25177,42677,-1,-1,42688,-1,-1
25179,42676,-1,-1,42684,-1,-1
25181,42681,-1,-1,42682,-1,-1
25183,42674,-1,-1,42689,-1,-1
25185,42673,-1,-1,42685,-1,-1
25187,42680,-1,-1,42690,-1,-1
25189,42675,-1,-1,42687,-1,-1
25191,42678,-1,-1,42683,-1,-1
25195,28422,-1,-1,41234,-1,-1
25207,28423,-1,-1,41233,-1,-1
25208,28422,-1,-1,41234,-1,-1
25212,596,33197,-1,596,33197,-1
25213,249,33197,-1,456,33197,-1
25214,250,33197,-1,460,33197,-1
25215,251,33197,-1,470,33197,-1
25216,247,33197,-1,346,33197,-1
25217,246,33197,-1,437,33197,-1
25218,248,33197,-1,474,33197,-1
25219,253,33197,-1,428,33197,-1
25220,252,33197,-1,419,33197,-1
25221,28329,33197,-1,351,33197,-1
25222,28331,33197,-1,469,33197,-1
25223,28330,33197,-1,471,33197,-1
25224,28328,33197,-1,421,33197,-1
25225,28327,33197,-1,431,33197,-1
25226,28333,33197,-1,348,33197,-1
25227,28332,33197,-1,438,33197,-1
25228,596,33196,-1,596,33196,-1
25229,249,33196,-1,456,33196,-1
25230,250,33196,-1,460,33196,-1
25231,251,33196,-1,470,33196,-1
25232,247,33196,-1,346,33196,-1
25233,246,33196,-1,437,33196,-1
25234,248,33196,-1,474,33196,-1
25235,253,33196,-1,428,33196,-1
25236,252,33196,-1,419,33196,-1
25237,28329,33196,-1,351,33196,-1
25238,28331,33196,-1,469,33196,-1
25239,28330,33196,-1,471,33196,-1
25240,28328,33196,-1,421,33196,-1
25241,28327,33196,-1,431,33196,-1
25242,28333,33196,-1,348,33196,-1
25243,28332,33196,-1,438,33196,-1
25250,4932,-1,-1,4933,-1,-1
25266,15935,-1,-1,15946,-1,-1
25267,15935,-1,-1,15946,-1,-1
25268,15935,-1,-1,15946,-1,-1
25269,15935,-1,-1,15946,-1,-1
25270,15935,-1,-1,15946,-1,-1
25271,15935,-1,-1,15946,-1,-1
25272,15935,-1,-1,15946,-1,-1
25273,15935,-1,-1,15946,-1,-1
25274,15935,-1,-1,15946,-1,-1
25275,15935,-1,-1,15946,-1,-1
25276,15935,-1,-1,15946,-1,-1
25278,20858,-1,-1,20864,-1,-1
25282,4946,-1,-1,4946,-1,-1
25314,41448,-1,-1,41448,-1,-1
25322,41521,215,-1,41530,391,-1
25324,41523,41522,-1,41532,41531,-1
25326,41520,-1,-1,41529,-1,-1
25328,41524,-1,-1,41533,-1,-1
25330,41519,-1,-1,41528,-1,-1
25332,41517,-1,-1,41526,-1,-1
25334,41518,-1,-1,41527,-1,-1
25336,41516,-1,-1,41525,-1,-1
25344,28423,-1,-1,41233,-1,-1
25346,28422,-1,-1,41234,-1,-1
25367,40958,-1,-1,40956,-1,-1
25369,40965,-1,-1,40964,-1,-1
25371,40981,-1,-1,40954,-1,-1
25373,41666,-1,-1,14298,-1,-1
25376,41669,-1,-1,14300,-1,-1
25378,31053,-1,-1,14303,-1,-1
25389,41743,-1,-1,41760,-1,-1
25392,41735,-1,-1,41751,-1,-1
25395,41745,-1,-1,41761,-1,-1
25398,41732,-1,-1,41749,-1,-1
25401,41738,-1,-1,41754,-1,-1
25404,41742,-1,-1,41759,-1,-1
25407,41736,-1,-1,41752,-1,-1
25410,41746,-1,-1,41763,-1,-1
25413,41733,-1,-1,41748,-1,-1
25416,41739,-1,-1,41755,-1,-1
25434,41741,41744,-1,41757,41758,-1
25436,41737,-1,-1,41753,-1,-1
25438,41740,-1,-1,41756,-1,-1
25440,41747,-1,-1,41762,-1,-1
25459,41734,-1,-1,41750,-1,-1
25461,41734,-1,-1,41750,-1,-1
25463,41734,-1,-1,41750,-1,-1
25465,41734,-1,-1,41750,-1,-1
25467,41734,-1,-1,41750,-1,-1
25469,41734,-1,-1,41750,-1,-1
25470,41734,-1,-1,41750,-1,-1
25471,41734,-1,-1,41750,-1,-1
25472,41734,-1,-1,41750,-1,-1
25473,41734,-1,-1,41750,-1,-1
25484,6702,-1,-1,39606,-1,-1
25489,46959,-1,-1,46957,-1,-1
25490,46959,-1,-1,46957,-1,-1
25491,46959,-1,-1,46957,-1,-1
25492,46959,-1,-1,46957,-1,-1
25493,258,-1,-1,423,-1,-1
25494,178,-1,-1,355,-1,-1
25495,38027,-1,-1,38164,-1,-1
25496,38101,-1,-1,38237,-1,-1
25497,38079,-1,-1,38203,-1,-1
25500,9990,-1,-1,10320,-1,-1
25502,3016,-1,-1,3017,-1,-1
25515,6670,6639,-1,6698,6681,-1
25516,6702,-1,-1,39606,-1,-1
25517,39055,-1,-1,39066,-1,-1
25518,32655,-1,-1,32663,-1,-1
25549,59906,-1,-1,59911,-1,-1
25551,59909,-1,-1,59914,-1,-1
25553,59907,-1,-1,59912,-1,-1
25555,59905,-1,-1,59910,-1,-1
25557,41623,-1,-1,41624,-1,-1
25574,41811,-1,-1,41811,-1,-1
25576,41810,-1,-1,41810,-1,-1
25585,41629,-1,-1,41804,-1,-1
25587,41629,-1,-1,41804,-1,-1
25592,41800,-1,-1,41806,-1,-1
25594,41802,41801,-1,41808,41807,-1
25596,41799,-1,-1,41805,-1,-1
25598,41803,-1,-1,41809,-1,-1
25604,41979,-1,-1,41979,-1,-1
25606,41977,215,-1,41978,391,-1
25615,33275,-1,-1,33275,-1,-1
25633,491,-1,-1,491,-1,-1
25641,12073,-1,-1,28863,-1,-1
25643,12073,-1,-1,28863,-1,-1
25644,42016,-1,-1,42015,-1,-1
25710,42201,-1,-1,42201,-1,-1
25711,43005,-1,-1,43005,-1,-1
25712,42208,-1,-1,42211,-1,-1
25714,42208,-1,-1,42211,-1,-1
25715,42208,-1,-1,42211,-1,-1
25716,42208,-1,-1,42211,-1,-1
25717,42208,-1,-1,42211,-1,-1
25718,42208,-1,-1,42211,-1,-1
25719,42208,-1,-1,42211,-1,-1
25720,42208,-1,-1,42211,-1,-1
25721,42207,-1,-1,42207,-1,-1
25723,42207,-1,-1,42207,-1,-1
25724,42207,-1,-1,42207,-1,-1
25725,42207,-1,-1,42207,-1,-1
25726,42207,-1,-1,42207,-1,-1
25727,42207,-1,-1,42207,-1,-1
25728,42207,-1,-1,42207,-1,-1
25729,42207,-1,-1,42207,-1,-1
25731,42271,-1,-1,42276,-1,-1
25733,42271,-1,-1,42276,-1,-1
25734,42273,-1,-1,42278,-1,-1
25736,42277,-1,-1,42270,-1,-1
25738,42275,-1,-1,42269,-1,-1
25739,42279,-1,-1,42272,-1,-1
25741,42274,-1,-1,42268,-1,-1
25818,41984,-1,-1,41984,-1,-1
25822,42324,-1,-1,42324,-1,-1
25840,42596,-1,-1,42597,-1,-1
25849,492,-1,-1,492,-1,-1
25851,500,-1,-1,500,-1,-1
25855,500,-1,-1,500,-1,-1
25857,500,-1,-1,500,-1,-1
25862,42602,-1,-1,42602,-1,-1
25865,42602,-1,-1,42602,-1,-1
25867,42602,-1,-1,42602,-1,-1
25870,38270,-1,-1,38280,-1,-1
25872,38270,-1,-1,38280,-1,-1
25874,38270,-1,-1,38280,-1,-1
25876,38270,-1,-1,38280,-1,-1
25878,38270,-1,-1,38280,-1,-1
25880,38270,-1,-1,38280,-1,-1
25882,38270,-1,-1,38280,-1,-1
25884,42602,-1,-1,42602,-1,-1
25886,42602,-1,-1,42602,-1,-1
25888,42602,-1,-1,42602,-1,-1
25890,42602,-1,-1,42602,-1,-1
25892,42602,-1,-1,42602,-1,-1
25894,42602,-1,-1,42602,-1,-1
25896,42602,-1,-1,42602,-1,-1
25898,42734,-1,-1,42737,-1,-1
25900,42734,-1,-1,42737,-1,-1
25902,42734,-1,-1,42737,-1,-1
25904,42735,-1,-1,42738,-1,-1
25906,42735,-1,-1,42738,-1,-1
25908,42735,-1,-1,42738,-1,-1
25910,42733,-1,-1,42736,-1,-1
25912,42733,-1,-1,42736,-1,-1
25914,42733,-1,-1,42736,-1,-1
25916,42744,-1,-1,42740,-1,-1
25918,42741,-1,-1,42739,-1,-1
25926,42759,-1,-1,42754,-1,-1
25928,42745,-1,-1,42768,-1,-1
25930,42766,-1,-1,42761,-1,-1
25932,42755,-1,-1,42749,-1,-1
25934,42760,-1,-1,42756,-1,-1
25936,42750,-1,-1,42753,-1,-1
25938,42763,-1,-1,42765,-1,-1
25941,42758,-1,-1,42752,-1,-1
25944,42748,-1,-1,42767,-1,-1
25947,42762,-1,-1,42757,-1,-1
25950,42764,-1,-1,42746,-1,-1
25953,42751,-1,-1,42747,-1,-1
25979,44195,-1,-1,44187,-1,-1
25981,45275,-1,-1,45277,-1,-1
25985,45272,-1,-1,45284,-1,-1
26156,42930,-1,-1,42946,-1,-1
26158,42941,42937,-1,42956,42952,-1
26160,42939,42937,-1,42958,42952,-1
26162,42944,42937,-1,42960,42952,-1
26164,42938,42937,-1,42955,42952,-1
26166,42934,-1,-1,42951,-1,-1
26168,42932,-1,-1,42949,-1,-1
26170,42931,-1,-1,42947,-1,-1
26172,42945,42936,-1,42957,42953,-1
26174,42940,42936,-1,42959,42953,-1
26176,42942,42936,-1,42954,42953,-1
26178,42943,42936,-1,42961,42953,-1
26180,42935,-1,-1,42950,-1,-1
26182,42933,-1,-1,42948,-1,-1
26184,596,33197,-1,596,33197,-1
26185,249,33197,-1,456,33197,-1
26186,250,33197,-1,460,33197,-1
26187,251,33197,-1,470,33197,-1
26188,247,33197,-1,346,33197,-1
26189,246,33197,-1,437,33197,-1
26190,248,33197,-1,474,33197,-1
26191,253,33197,-1,428,33197,-1
26192,252,33197,-1,419,33197,-1
26193,28329,33197,-1,351,33197,-1
26194,28331,33197,-1,469,33197,-1
26195,28330,33197,-1,471,33197,-1
26196,28328,33197,-1,421,33197,-1
26197,28327,33197,-1,431,33197,-1
26198,28333,33197,-1,348,33197,-1
26199,28332,33197,-1,438,33197,-1
26200,596,33196,-1,596,33196,-1
26201,249,33196,-1,456,33196,-1
26202,250,33196,-1,460,33196,-1
26203,251,33196,-1,470,33196,-1
26204,247,33196,-1,346,33196,-1
26205,246,33196,-1,437,33196,-1
26206,248,33196,-1,474,33196,-1
26207,253,33196,-1,428,33196,-1
26208,252,33196,-1,419,33196,-1
26209,28329,33196,-1,351,33196,-1
26210,28331,33196,-1,469,33196,-1
26211,28330,33196,-1,471,33196,-1
26212,28328,33196,-1,421,33196,-1
26213,28327,33196,-1,431,33196,-1
26214,28333,33196,-1,348,33196,-1
26215,28332,33196,-1,438,33196,-1
26219,45278,-1,-1,45285,-1,-1
26221,43144,43136,-1,43168,43164,-1
26223,43133,-1,-1,43160,-1,-1
26225,43120,-1,-1,43153,-1,-1
26227,43125,-1,-1,43158,-1,-1
26229,43150,-1,-1,43169,-1,-1
26233,43177,-1,-1,43176,-1,-1
26235,43123,-1,-1,43159,-1,-1
26241,47642,-1,-1,47647,-1,-1
26243,47645,-1,-1,47649,-1,-1
26245,47643,-1,-1,47648,-1,-1
26254,42999,-1,-1,43002,-1,-1
26256,43001,43000,-1,43004,43003,-1
26258,43001,43000,-1,43004,43003,-1
26260,43009,-1,-1,43007,-1,-1
26310,39552,-1,-1,39554,-1,-1
26312,10533,-1,-1,10544,-1,-1
26316,39559,-1,-1,39559,-1,-1
26318,39559,-1,-1,39559,-1,-1
26320,39559,-1,-1,39559,-1,-1
26322,39557,-1,-1,39557,-1,-1
26324,39557,-1,-1,39557,-1,-1
26374,43172,-1,-1,43174,-1,-1
26382,49446,-1,-1,49452,-1,-1
26384,49450,-1,-1,49454,-1,-1
26386,49448,-1,-1,49453,-1,-1
26424,43326,-1,-1,43322,-1,-1
26427,43257,-1,-1,43288,-1,-1
26430,43279,43273,-1,43311,43301,-1
26433,43265,-1,-1,43297,-1,-1
26436,43283,-1,-1,43314,-1,-1
26439,43256,-1,-1,43286,-1,-1
26442,43278,43270,-1,43312,43305,-1
26445,43264,-1,-1,43296,-1,-1
26448,43282,-1,-1,43316,-1,-1
26451,43255,-1,-1,43287,-1,-1
26454,43280,43271,-1,43310,43306,-1
26457,43263,-1,-1,43295,-1,-1
26460,43284,-1,-1,43315,-1,-1
26463,43276,43272,-1,43307,43304,-1
26465,43260,-1,-1,43294,-1,-1
26467,179,-1,-1,43291,-1,-1
26469,43277,43274,-1,43309,43302,-1
26471,43262,-1,-1,43292,-1,-1
26473,230,43268,-1,403,43299,-1
26475,230,43267,-1,403,43298,-1
26477,43254,-1,-1,43285,-1,-1
26482,43321,-1,-1,43325,-1,-1
26484,43327,-1,-1,43318,-1,-1
26486,43324,-1,-1,43319,-1,-1
26488,43317,-1,-1,43323,-1,-1
26490,43317,-1,-1,43323,-1,-1
26492,43317,-1,-1,43323,-1,-1
26494,43317,-1,-1,43323,-1,-1
26496,43317,-1,-1,43323,-1,-1
26498,43317,-1,-1,43323,-1,-1
26500,39131,-1,-1,39131,-1,-1
26503,40972,-1,-1,40968,-1,-1
26505,40978,-1,-1,40975,-1,-1
26507,40979,-1,-1,40959,-1,-1
26509,40963,-1,-1,40966,-1,-1
26511,40967,-1,-1,40967,-1,-1
26513,40982,-1,-1,40982,-1,-1
26515,43328,-1,-1,43328,-1,-1
26517,43320,-1,-1,43329,-1,-1
26531,43266,-1,-1,43300,-1,-1
26533,43269,43275,-1,43303,43308,-1
26535,43261,-1,-1,43293,-1,-1
26537,43259,-1,-1,43290,-1,-1
26539,43281,-1,-1,43313,-1,-1
26549,43258,-1,-1,43289,-1,-1
26551,43317,-1,-1,43323,-1,-1
26581,43464,-1,-1,43464,-1,-1
26649,43856,-1,-1,43857,-1,-1
26674,42677,-1,-1,42688,-1,-1
26675,42676,-1,-1,42684,-1,-1
26676,42681,-1,-1,42682,-1,-1
26677,42674,-1,-1,42689,-1,-1
26678,42673,-1,-1,42685,-1,-1
26679,42680,-1,-1,42690,-1,-1
26680,42675,-1,-1,42687,-1,-1
26681,42678,-1,-1,42683,-1,-1
26682,42734,-1,-1,42737,-1,-1
26683,42735,-1,-1,42738,-1,-1
26684,42733,-1,-1,42736,-1,-1
26696,13307,-1,-1,13319,-1,-1
26697,13307,-1,-1,13319,-1,-1
26708,45006,-1,-1,45006,-1,-1
26710,45002,-1,-1,45000,-1,-1
26712,45003,-1,-1,45003,-1,-1
26714,19862,-1,-1,167,-1,-1
26715,44960,-1,-1,44992,-1,-1
26716,44951,-1,-1,44984,-1,-1
26718,44961,-1,-1,44991,-1,-1
26719,44952,-1,-1,44985,-1,-1
26720,44967,-1,-1,44999,-1,-1
26721,44965,-1,-1,44996,-1,-1
26722,44965,-1,-1,44996,-1,-1
26723,44949,-1,-1,44979,-1,-1
26724,44948,-1,-1,44980,-1,-1
26725,44948,-1,-1,44980,-1,-1
26726,44948,-1,-1,44980,-1,-1
26727,44948,-1,-1,44980,-1,-1
26728,44948,-1,-1,44980,-1,-1
26729,44948,-1,-1,44980,-1,-1
26730,44948,-1,-1,44980,-1,-1
26731,44938,-1,-1,44970,-1,-1
26732,44938,-1,-1,44970,-1,-1
26733,44941,-1,-1,44977,-1,-1
26734,44941,-1,-1,44977,-1,-1
26735,44943,-1,-1,44972,-1,-1
26736,44943,-1,-1,44972,-1,-1
26737,44944,-1,-1,44973,-1,-1
26738,44944,-1,-1,44973,-1,-1
26739,44942,-1,-1,44978,-1,-1
26740,44942,-1,-1,44978,-1,-1
26741,44945,-1,-1,44975,-1,-1
26742,44945,-1,-1,44975,-1,-1
26743,44940,-1,-1,44976,-1,-1
26744,44940,-1,-1,44976,-1,-1
26745,44946,-1,-1,44974,-1,-1
26746,44946,-1,-1,44974,-1,-1
26747,44939,-1,-1,44971,-1,-1
26748,44939,-1,-1,44971,-1,-1
26749,44966,-1,-1,44995,-1,-1
26750,44966,-1,-1,44995,-1,-1
26751,44963,-1,-1,44998,-1,-1
26752,44963,-1,-1,44998,-1,-1
26753,44964,-1,-1,44997,-1,-1
26754,44964,-1,-1,44997,-1,-1
26755,44956,-1,-1,44986,-1,-1
26756,44956,-1,-1,44986,-1,-1
26757,44955,-1,-1,44988,-1,-1
26758,44955,-1,-1,44988,-1,-1
26759,44954,-1,-1,44987,-1,-1
26760,44954,-1,-1,44987,-1,-1
26763,4932,-1,-1,4933,-1,-1
26771,15935,-1,-1,15946,-1,-1
26772,15935,-1,-1,15946,-1,-1
26773,15935,-1,-1,15946,-1,-1
26774,15935,-1,-1,15946,-1,-1
26775,15935,-1,-1,15946,-1,-1
26776,15935,-1,-1,15946,-1,-1
26777,15935,-1,-1,15946,-1,-1
26778,15935,-1,-1,15946,-1,-1
26779,15935,-1,-1,15946,-1,-1
26780,15935,-1,-1,15946,-1,-1
26781,15935,-1,-1,15946,-1,-1
26782,20858,-1,-1,20864,-1,-1
26788,7479,-1,-1,7493,-1,-1
26801,43892,-1,-1,43900,-1,-1
26804,43892,-1,-1,43900,-1,-1
26822,43909,-1,-1,43907,-1,-1
26824,43909,43906,-1,43907,43905,-1
26826,43909,43906,-1,43907,43905,-1
26828,43909,43906,-1,43907,43905,-1
26830,43909,43906,-1,43907,43905,-1
26832,43909,43906,-1,43907,43905,-1
26834,43909,43906,-1,43907,43905,-1
26836,43909,43906,-1,43907,43905,-1
26838,43909,43906,-1,43907,43905,-1
26840,43909,43906,-1,43907,43905,-1
26842,43909,43906,-1,43907,43905,-1
26844,43909,43906,-1,43907,43905,-1
26846,43909,43906,-1,43907,43905,-1
26848,43909,43906,-1,43907,43905,-1
26850,43886,-1,-1,43896,-1,-1
26852,43894,43893,-1,43903,43902,-1
26854,43889,-1,-1,43899,-1,-1
26856,43895,-1,-1,43904,-1,-1
26858,43886,-1,-1,43896,-1,-1
26860,43894,43893,-1,43903,43902,-1
26862,43889,-1,-1,43899,-1,-1
26864,43886,-1,-1,43896,-1,-1
26866,43894,43893,-1,43903,43902,-1
26868,43889,-1,-1,43899,-1,-1
26870,43886,-1,-1,43896,-1,-1
26872,43894,43893,-1,43903,43902,-1
26874,43889,-1,-1,43899,-1,-1
26879,29817,-1,-1,29817,-1,-1
26880,29817,-1,-1,29817,-1,-1
26881,29817,-1,-1,29817,-1,-1
26903,43887,-1,-1,43897,-1,-1
26910,281,-1,-1,445,-1,-1
26912,43888,-1,-1,43898,-1,-1
26914,43887,-1,-1,43897,-1,-1
26937,44138,-1,-1,44139,-1,-1
26941,29817,-1,-1,29817,-1,-1
26945,16348,-1,-1,39613,-1,-1
26948,16348,-1,-1,39613,-1,-1
26950,16348,-1,-1,39613,-1,-1
26963,44180,-1,-1,20830,-1,-1
26967,43892,-1,-1,43900,-1,-1
26969,43892,-1,-1,43900,-1,-1
26984,43888,-1,-1,43898,-1,-1
26986,43888,-1,-1,43898,-1,-1
26988,43888,-1,-1,43898,-1,-1
26990,43887,-1,-1,43897,-1,-1
26992,43887,-1,-1,43897,-1,-1
26994,43887,-1,-1,43897,-1,-1
27000,43276,43272,-1,43307,43304,-1
27001,43260,-1,-1,43294,-1,-1
27002,179,-1,-1,43291,-1,-1
27003,43277,43274,-1,43309,43302,-1
27004,43262,-1,-1,43292,-1,-1
27005,230,43268,-1,403,43299,-1
27006,230,43267,-1,403,43298,-1
27007,43254,-1,-1,43285,-1,-1
27008,31904,-1,-1,31897,-1,-1
27009,15413,-1,-1,42629,-1,-1
27010,44793,-1,-1,44796,-1,-1
27014,6098,-1,-1,6098,-1,-1
27021,44795,-1,-1,44794,-1,-1
27023,44786,-1,-1,44791,-1,-1
27025,44785,-1,-1,44790,-1,-1
27027,44787,-1,-1,44792,-1,-1
27029,44784,-1,-1,44789,-1,-1
27031,44783,-1,-1,44788,-1,-1
27035,44923,-1,-1,44924,-1,-1
27042,42930,-1,-1,42946,-1,-1
27044,42934,-1,-1,42951,-1,-1
27046,176,-1,-1,353,-1,-1
27048,42941,42937,-1,42956,42952,-1
27050,42939,42937,-1,42958,42952,-1
27052,42944,42937,-1,42960,42952,-1
27054,42938,42937,-1,42955,42952,-1
27100,45007,-1,-1,45005,-1,-1
27110,44947,-1,-1,44981,-1,-1
27111,44947,-1,-1,44981,-1,-1
27112,44947,-1,-1,44981,-1,-1
27115,44959,44958,-1,44993,44990,-1
27117,44953,-1,-1,44983,-1,-1
27119,44937,-1,-1,44969,-1,-1
27123,44957,-1,-1,44989,-1,-1
27125,44962,-1,-1,44994,-1,-1
27127,44950,-1,-1,44982,-1,-1
27141,45168,-1,-1,45178,-1,-1
27143,45171,-1,-1,45179,-1,-1
27145,45173,-1,-1,45180,-1,-1
27147,45172,-1,-1,45177,-1,-1
27149,45169,-1,-1,45183,-1,-1
27151,45174,-1,-1,45176,-1,-1
27153,45170,-1,-1,45181,-1,-1
27155,45175,-1,-1,45182,-1,-1
27157,36319,-1,-1,42623,-1,-1
27158,4952,5028,-1,5029,5035,-1
27159,4844,-1,-1,5034,-1,-1
27160,4952,5028,-1,5029,5035,-1
27161,4844,-1,-1,5034,-1,-1
27162,185,-1,-1,361,-1,-1
27163,27642,-1,-1,28831,-1,-1
27164,27643,-1,-1,28832,-1,-1
27165,27630,-1,-1,28833,-1,-1
27166,8391,8381,-1,8392,8387,-1
27167,8383,-1,-1,8389,-1,-1
27168,8382,-1,-1,8388,-1,-1
27169,215,4222,4219,55863,55867,-1
27170,10683,-1,-1,10690,-1,-1
27171,31231,-1,-1,31235,-1,-1
27172,31228,-1,-1,31232,-1,-1
27173,31227,-1,-1,31233,-1,-1
27174,32063,28286,-1,32066,32065,-1
27175,32062,-1,-1,32064,-1,-1
27176,54275,-1,-1,54245,-1,-1
27177,37025,-1,-1,37055,-1,-1
27178,37041,-1,-1,37072,-1,-1
27179,28810,28809,-1,28813,28812,-1
27180,20139,-1,-1,20194,-1,-1
27181,20139,-1,-1,20194,-1,-1
27182,20139,-1,-1,20194,-1,-1
27183,20136,-1,-1,275,-1,-1
27184,43177,-1,-1,43176,-1,-1
27185,15413,-1,-1,42629,-1,-1
27186,43172,-1,-1,43174,-1,-1
27187,59942,-1,-1,59943,-1,-1
27188,31237,-1,-1,36933,-1,-1
27189,6704,-1,-1,6704,-1,-1
27190,315,6646,-1,478,6685,-1
27191,556,-1,-1,556,-1,-1
27193,32657,32658,-1,32664,32665,-1
27194,32653,-1,-1,32662,-1,-1
27195,39049,-1,-1,39052,-1,-1
27196,39051,-1,-1,39054,-1,-1
27197,39050,-1,-1,39053,-1,-1
27198,39057,-1,-1,39060,-1,-1
27199,20162,20126,-1,20208,20174,-1
27200,20145,-1,-1,20192,-1,-1
27201,20134,-1,-1,297,-1,-1
27226,45248,-1,-1,45262,-1,-1
27229,45257,-1,-1,45270,-1,-1
27232,45256,-1,-1,45269,-1,-1
27235,45249,-1,-1,45260,-1,-1
27238,45258,-1,-1,45271,-1,-1
27241,45255,-1,-1,45268,-1,-1
27246,45279,-1,-1,45273,-1,-1
27251,45274,-1,-1,45276,-1,-1
27253,45280,-1,-1,45283,-1,-1
27257,45254,-1,-1,45265,-1,-1
27259,45253,-1,-1,45264,-1,-1
27261,45251,-1,-1,45266,-1,-1
27263,45252,-1,-1,45267,-1,-1
27265,45250,-1,-1,45263,-1,-1
27267,45247,-1,-1,45261,-1,-1
27275,45281,-1,-1,45282,-1,-1
27277,45281,-1,-1,45282,-1,-1
27287,45275,-1,-1,45277,-1,-1
27291,45275,-1,-1,45277,-1,-1
27358,32225,-1,-1,32225,-1,-1
27363,46501,-1,-1,46506,-1,-1
27365,46501,-1,-1,46506,-1,-1
27366,44455,-1,-1,46503,-1,-1
27370,44533,-1,-1,46504,-1,-1
27374,46502,-1,-1,46507,-1,-1
27376,46502,-1,-1,46507,-1,-1
27388,46533,-1,-1,46545,-1,-1
27390,46530,-1,-1,46540,-1,-1
27392,46528,-1,-1,46538,-1,-1
27394,46536,-1,-1,46546,-1,-1
27396,46534,-1,-1,46543,-1,-1
27398,46532,-1,-1,46541,-1,-1
27400,46529,-1,-1,46537,-1,-1
27402,46536,-1,-1,46546,-1,-1
27404,46535,-1,-1,46544,-1,-1
27406,46531,-1,-1,46542,-1,-1
27408,46449,-1,-1,46539,-1,-1
27410,46536,-1,-1,46546,-1,-1
27412,176,-1,-1,353,-1,-1
27414,46548,-1,-1,46548,-1,-1
27416,46551,-1,-1,46551,-1,-1
27418,46552,-1,-1,46553,-1,-1
27420,46549,-1,-1,46555,-1,-1
27422,46554,-1,-1,46554,-1,-1
27424,46550,-1,-1,46550,-1,-1
27428,46579,-1,-1,46586,-1,-1
27430,46584,-1,-1,46591,-1,-1
27432,46583,-1,-1,46590,-1,-1
27434,46582,-1,-1,46589,-1,-1
27436,46585,-1,-1,46592,-1,-1
27438,46580,-1,-1,46587,-1,-1
27440,46581,-1,-1,46588,-1,-1
27442,46604,-1,-1,46610,-1,-1
27444,46603,-1,-1,46609,-1,-1
27446,46603,-1,-1,46609,-1,-1
27447,46605,-1,-1,46611,-1,-1
27449,46605,-1,-1,46611,-1,-1
27450,46607,-1,-1,46613,-1,-1
27452,46607,-1,-1,46613,-1,-1
27453,46606,-1,-1,46612,-1,-1
27455,46606,-1,-1,46612,-1,-1
27456,7207,-1,-1,33154,-1,-1
27458,7207,-1,-1,33154,-1,-1
27459,46608,-1,-1,46614,-1,-1
27461,46608,-1,-1,46614,-1,-1
27463,46653,-1,-1,46653,-1,-1
27465,46649,-1,-1,46649,-1,-1
27467,46652,-1,-1,46652,-1,-1
27469,46651,-1,-1,46651,-1,-1
27471,46650,-1,-1,46650,-1,-1
27473,46632,-1,-1,46644,-1,-1
27475,46635,-1,-1,46647,-1,-1
27477,46634,-1,-1,46646,-1,-1
27479,46636,-1,-1,46648,-1,-1
27481,46633,-1,-1,46645,-1,-1
27497,46630,-1,-1,46640,-1,-1
27499,46627,-1,-1,46639,-1,-1
27501,46631,-1,-1,46638,-1,-1
27503,46626,-1,-1,46643,-1,-1
27505,46628,-1,-1,46641,-1,-1
27507,46629,-1,-1,46642,-1,-1
27546,46798,-1,-1,46798,-1,-1
27548,46797,-1,-1,46797,-1,-1
27550,46799,-1,-1,46796,-1,-1
27551,46799,-1,-1,46796,-1,-1
27552,46800,-1,-1,46795,-1,-1
27553,46800,-1,-1,46795,-1,-1
27558,46836,-1,-1,46853,-1,-1
27564,46835,-1,-1,46852,-1,-1
27566,46846,-1,-1,46860,-1,-1
27568,46834,-1,-1,46851,-1,-1
27570,46836,-1,-1,46853,-1,-1
27572,46847,-1,-1,46859,-1,-1
27574,46840,-1,-1,46854,-1,-1
27576,46843,-1,-1,46856,-1,-1
27578,46850,-1,-1,46862,-1,-1
27580,46869,-1,-1,46867,-1,-1
27582,46848,-1,-1,46861,-1,-1
27583,46839,-1,-1,46855,-1,-1
27584,46842,-1,-1,46857,-1,-1
27585,46849,-1,-1,46863,-1,-1
27586,46868,-1,-1,46866,-1,-1
27588,46845,-1,-1,46858,-1,-1
27610,46963,-1,-1,46964,-1,-1
27612,46961,-1,-1,46960,-1,-1
27624,46958,-1,-1,46965,-1,-1
27626,46958,-1,-1,46965,-1,-1
27645,47198,-1,-1,47198,-1,-1
27652,47214,-1,-1,47215,-1,-1
27655,47210,-1,-1,47219,-1,-1
27657,47213,-1,-1,47213,-1,-1
27660,47209,-1,-1,47209,-1,-1
27662,47218,-1,-1,47211,-1,-1
27665,47216,-1,-1,47220,-1,-1
27676,47218,-1,-1,47211,-1,-1
27679,47216,-1,-1,47220,-1,-1
27690,47212,-1,-1,47217,-1,-1
27697,38101,-1,-1,38237,-1,-1
27699,38101,-1,-1,38237,-1,-1
27701,38079,-1,-1,38203,-1,-1
27703,38079,-1,-1,38203,-1,-1
27705,38027,-1,-1,38164,-1,-1
27707,38027,-1,-1,38164,-1,-1
27709,38101,-1,-1,38237,-1,-1
27711,38101,-1,-1,38237,-1,-1
27713,38079,-1,-1,38203,-1,-1
27715,38079,-1,-1,38203,-1,-1
27717,38027,-1,-1,38164,-1,-1
27719,38027,-1,-1,38164,-1,-1
27721,38101,-1,-1,38237,-1,-1
27723,38101,-1,-1,38237,-1,-1
27725,38079,-1,-1,38203,-1,-1
27727,38079,-1,-1,38203,-1,-1
27729,38027,-1,-1,38164,-1,-1
27731,38027,-1,-1,38164,-1,-1
27733,38101,-1,-1,38237,-1,-1
27735,38101,-1,-1,38237,-1,-1
27737,38079,-1,-1,38203,-1,-1
27739,38079,-1,-1,38203,-1,-1
27741,38027,-1,-1,38164,-1,-1
27743,38027,-1,-1,38164,-1,-1
27745,38101,-1,-1,38237,-1,-1
27747,38101,-1,-1,38237,-1,-1
27749,38079,-1,-1,38203,-1,-1
27751,38079,-1,-1,38203,-1,-1
27753,38027,-1,-1,38164,-1,-1
27755,38027,-1,-1,38164,-1,-1
27757,38101,-1,-1,38237,-1,-1
27759,38101,-1,-1,38237,-1,-1
27761,38079,-1,-1,38203,-1,-1
27763,38079,-1,-1,38203,-1,-1
27765,38027,-1,-1,38164,-1,-1
27767,38027,-1,-1,38164,-1,-1
27769,38101,-1,-1,38237,-1,-1
27771,38101,-1,-1,38237,-1,-1
27773,38079,-1,-1,38203,-1,-1
27775,38079,-1,-1,38203,-1,-1
27777,38027,-1,-1,38164,-1,-1
27779,38027,-1,-1,38164,-1,-1
27783,47605,-1,-1,47605,-1,-1
27785,35772,-1,-1,35772,-1,-1
27788,35773,-1,-1,35773,-1,-1
27802,47430,-1,-1,47437,-1,-1
27804,47433,-1,-1,47439,-1,-1
27806,47435,-1,-1,47442,-1,-1
27808,47436,-1,-1,47441,-1,-1
27810,47451,-1,-1,47445,-1,-1
27812,47431,-1,-1,47438,-1,-1
27814,47444,-1,-1,47450,-1,-1
27816,47443,-1,-1,47449,-1,-1
27818,47447,-1,-1,47448,-1,-1
27820,47446,-1,-1,47452,-1,-1
27822,47434,-1,-1,47440,-1,-1
27823,47434,-1,-1,47440,-1,-1
27824,47434,-1,-1,47440,-1,-1
27825,47434,-1,-1,47440,-1,-1
27826,47434,-1,-1,47440,-1,-1
27827,47434,-1,-1,47440,-1,-1
27828,187,-1,-1,363,-1,-1
27831,35953,-1,-1,35965,-1,-1
27832,35950,-1,-1,35960,-1,-1
27833,35943,-1,-1,35958,-1,-1
27834,35951,-1,-1,35964,-1,-1
27835,35947,-1,-1,35961,-1,-1
27836,35945,-1,-1,35956,-1,-1
27837,35954,-1,-1,35963,-1,-1
27838,35948,-1,-1,35959,-1,-1
27839,35944,-1,-1,35957,-1,-1
27840,35952,-1,-1,35966,-1,-1
27841,35949,-1,-1,35962,-1,-1
27842,47974,-1,-1,47990,-1,-1
27843,47967,-1,-1,47984,-1,-1
27844,47962,-1,-1,47979,-1,-1
27845,47972,-1,-1,47993,-1,-1
27846,47966,-1,-1,47987,-1,-1
27847,47963,-1,-1,47981,-1,-1
27848,47973,-1,-1,47992,-1,-1
27849,47969,-1,-1,47985,-1,-1
27850,47961,-1,-1,47980,-1,-1
27851,47975,-1,-1,47991,-1,-1
27852,47968,-1,-1,47986,-1,-1
27853,48005,-1,-1,48005,-1,-1
27855,48004,-1,-1,48003,-1,-1
27857,48037,-1,-1,48032,-1,-1
27859,48017,-1,-1,48023,-1,-1
27861,48002,-1,-1,47998,-1,-1
27863,48000,-1,-1,48001,-1,-1
27865,48000,-1,-1,48001,-1,-1
27867,48000,-1,-1,48001,-1,-1
27869,47212,-1,-1,47217,-1,-1
27871,47616,-1,-1,47615,-1,-1
27873,47617,-1,-1,47614,-1,-1
27875,47609,-1,-1,47612,-1,-1
27877,47610,-1,-1,47613,-1,-1
27900,35973,-1,-1,35973,-1,-1
27904,35969,-1,-1,35969,-1,-1
27908,35968,-1,-1,42655,-1,-1
27912,35972,-1,-1,35972,-1,-1
27916,35970,-1,-1,35970,-1,-1
27920,35971,-1,-1,35971,-1,-1
28019,48015,-1,-1,48009,-1,-1
28021,48021,-1,-1,48007,-1,-1
28023,48021,-1,-1,48007,-1,-1
28025,48021,-1,-1,48007,-1,-1
28027,48024,-1,-1,48028,-1,-1
28029,48035,-1,-1,48026,-1,-1
28031,48029,-1,-1,48010,-1,-1
28033,48022,-1,-1,48011,-1,-1
28035,48034,-1,-1,48006,-1,-1
28037,48016,-1,-1,48031,-1,-1
28039,48008,-1,-1,48018,-1,-1
28041,48027,-1,-1,48020,-1,-1
28043,48014,-1,-1,48013,-1,-1
28045,48014,-1,-1,48013,-1,-1
28047,48014,-1,-1,48013,-1,-1
28049,48033,-1,-1,48036,-1,-1
28051,48012,-1,-1,48030,-1,-1
28053,48019,-1,-1,48025,-1,-1
28055,47976,-1,-1,47994,-1,-1
28057,47960,-1,-1,47977,-1,-1
28059,47996,-1,-1,47995,-1,-1
28061,47965,-1,-1,47983,-1,-1
28063,47964,-1,-1,47982,-1,-1
28065,47970,-1,-1,47989,-1,-1
28067,47971,-1,-1,47988,-1,-1
28069,47971,-1,-1,47988,-1,-1
28070,47959,-1,-1,47978,-1,-1
28108,48106,-1,-1,48117,-1,-1
28109,48105,-1,-1,48115,-1,-1
28110,48103,-1,-1,48114,-1,-1
28111,48106,-1,-1,48117,-1,-1
28112,48105,-1,-1,48115,-1,-1
28113,48106,-1,-1,48117,-1,-1
28114,48104,-1,-1,48116,-1,-1
28115,48104,-1,-1,48116,-1,-1
28116,48113,-1,-1,48119,-1,-1
28118,48112,-1,-1,48124,-1,-1
28119,48110,-1,-1,48121,-1,-1
28120,48108,-1,-1,48123,-1,-1
28121,48112,-1,-1,48124,-1,-1
28122,48110,-1,-1,48121,-1,-1
28123,48112,-1,-1,48124,-1,-1
28124,48109,-1,-1,48122,-1,-1
28125,48111,-1,-1,48120,-1,-1
28126,48107,-1,-1,48118,-1,-1
28128,48125,-1,-1,48126,-1,-1
28136,48170,-1,-1,48176,-1,-1
28140,48168,-1,-1,48177,-1,-1
28142,48168,-1,-1,48177,-1,-1
28143,48169,-1,-1,48178,-1,-1
28145,48169,-1,-1,48178,-1,-1
28169,48172,-1,-1,48180,-1,-1
28171,48171,-1,-1,48179,-1,-1
28173,48166,-1,-1,48174,-1,-1
28175,48173,-1,-1,48181,-1,-1
28196,48185,-1,-1,48186,-1,-1
28199,48185,-1,-1,48186,-1,-1
28202,48185,-1,-1,48186,-1,-1
28205,48185,-1,-1,48186,-1,-1
28208,48185,-1,-1,48186,-1,-1
28211,48185,-1,-1,48186,-1,-1
28214,48185,-1,-1,48186,-1,-1
28217,48189,-1,-1,48187,-1,-1
28220,48183,-1,-1,48182,-1,-1
28223,48183,-1,-1,48182,-1,-1
28226,48184,-1,-1,48188,-1,-1
28254,48301,-1,-1,48308,-1,-1
28256,48303,-1,-1,48310,-1,-1
28258,48302,-1,-1,48309,-1,-1
28260,46959,-1,-1,46957,-1,-1
28262,46959,-1,-1,46957,-1,-1
28264,46959,-1,-1,46957,-1,-1
28266,46959,-1,-1,46957,-1,-1
28338,48314,-1,-1,48313,-1,-1
28363,10131,-1,-1,10131,-1,-1
28426,16488,-1,-1,16488,-1,-1
28473,46959,-1,-1,46957,-1,-1
28474,46959,-1,-1,46957,-1,-1
28475,46959,-1,-1,46957,-1,-1
28476,46959,-1,-1,46957,-1,-1
28531,49472,-1,-1,49471,-1,-1
28534,49468,-1,-1,49467,-1,-1
28537,49469,-1,-1,49470,-1,-1
28540,49473,-1,-1,49474,-1,-1
28543,49478,-1,-1,49476,-1,-1
28545,49475,-1,-1,49477,-1,-1
28547,49479,-1,-1,49480,-1,-1
28549,49479,-1,-1,49480,-1,-1
28555,49486,-1,-1,49482,-1,-1
28557,49481,-1,-1,49485,-1,-1
28559,49484,-1,-1,49483,-1,-1
28577,49523,49524,-1,49523,49524,-1
28583,49527,-1,-1,49526,-1,-1
28585,49525,-1,-1,49528,-1,-1
28601,49800,-1,-1,49806,-1,-1
28603,49801,-1,-1,49807,-1,-1
28605,49802,-1,-1,49809,-1,-1
28607,49805,-1,-1,49808,-1,-1
28609,49804,-1,-1,49811,-1,-1
28611,49803,-1,-1,49810,-1,-1
28616,49836,-1,-1,49845,-1,-1
28618,49841,-1,-1,49850,-1,-1
28620,49840,-1,-1,49849,-1,-1
28622,49839,-1,-1,49848,-1,-1
28624,49851,-1,-1,49852,-1,-1
28630,49838,-1,-1,49847,-1,-1
28655,49835,-1,-1,49844,-1,-1
28671,49837,-1,-1,49846,-1,-1
28672,49920,-1,-1,49921,-1,-1
28682,49982,-1,-1,49982,-1,-1
28687,49987,-1,-1,49980,-1,-1
28688,49987,-1,-1,49980,-1,-1
28693,49975,-1,-1,49975,-1,-1
28696,49975,-1,-1,49975,-1,-1
28699,49975,-1,-1,49975,-1,-1
28702,49976,-1,-1,49981,-1,-1
28705,49975,-1,-1,49975,-1,-1
28708,49975,-1,-1,49975,-1,-1
28712,49931,-1,-1,49951,-1,-1
28715,49933,-1,-1,49957,-1,-1
28718,49927,-1,-1,49945,-1,-1
28721,49938,-1,-1,49966,-1,-1
28724,49932,-1,-1,49953,-1,-1
28727,49934,-1,-1,49959,-1,-1
28730,49929,-1,-1,49946,-1,-1
28733,49939,-1,-1,49965,-1,-1
28736,49930,-1,-1,49952,-1,-1
28739,49935,-1,-1,49958,-1,-1
28742,49928,-1,-1,49947,-1,-1
28745,49937,-1,-1,49964,-1,-1
28748,49978,-1,-1,49979,-1,-1
28751,49977,-1,-1,49977,-1,-1
28753,40982,-1,-1,40982,-1,-1
28755,40967,-1,-1,40967,-1,-1
28757,40963,-1,-1,40966,-1,-1
28759,40979,-1,-1,40959,-1,-1
28761,40978,-1,-1,40975,-1,-1
28763,40972,-1,-1,40968,-1,-1
28765,49926,-1,-1,49941,-1,-1
28771,49936,-1,-1,49963,-1,-1
28773,49986,-1,-1,49984,-1,-1
28775,49970,-1,-1,49974,-1,-1
28786,50061,-1,-1,50065,-1,-1
28788,50060,-1,-1,50062,-1,-1
28792,50117,-1,-1,50115,-1,-1
28794,50116,-1,-1,50118,-1,-1
28796,50119,-1,-1,50120,-1,-1
28807,50178,-1,-1,50181,-1,-1
28810,50176,-1,-1,50177,-1,-1
28834,51142,-1,-1,51142,-1,-1
28839,26619,28515,19984,3848,18914,19985
28842,19333,-1,-1,19863,-1,-1
28845,26619,28515,19984,3848,18914,19985
28848,19333,-1,-1,19863,-1,-1
28851,26619,28515,19984,3848,18914,19985
28854,19333,-1,-1,19863,-1,-1
28857,26619,28515,19984,3848,18914,19985
28860,19333,-1,-1,19863,-1,-1
28869,51165,-1,-1,51153,-1,-1
28902,53120,-1,-1,53121,-1,-1
28904,53119,-1,-1,53123,-1,-1
28906,53120,-1,-1,53121,-1,-1
28919,51157,-1,-1,51150,-1,-1
28922,51143,-1,-1,51170,-1,-1
28933,50791,-1,-1,50993,-1,-1
28936,50889,-1,-1,51114,-1,-1
28939,50855,-1,-1,51065,-1,-1
28945,50917,-1,-1,51134,-1,-1
28947,50822,-1,-1,51022,-1,-1
28949,50822,-1,-1,51022,-1,-1
28951,50822,-1,-1,51022,-1,-1
28953,50822,-1,-1,51022,-1,-1
28955,50822,-1,-1,51022,-1,-1
28957,50822,-1,-1,51022,-1,-1
28975,51140,-1,-1,51140,-1,-1
28988,51141,-1,-1,51145,-1,-1
28997,51168,-1,-1,51139,-1,-1
29000,51175,-1,-1,51138,-1,-1
29004,50901,-1,-1,51102,-1,-1
29007,50851,-1,-1,51057,-1,-1
29010,50873,-1,-1,51075,-1,-1
29013,50888,-1,-1,51089,-1,-1
29016,50854,-1,-1,51056,-1,-1
29019,50811,-1,-1,51011,-1,-1
29022,50909,-1,-1,51110,-1,-1
29025,50859,-1,-1,51053,-1,-1
29028,50874,-1,-1,51080,-1,-1
29031,50901,-1,-1,51102,-1,-1
29033,50851,-1,-1,51057,-1,-1
29035,50873,-1,-1,51075,-1,-1
29037,50888,-1,-1,51089,-1,-1
29039,50854,-1,-1,51056,-1,-1
29041,50811,-1,-1,51011,-1,-1
29043,50909,-1,-1,51110,-1,-1
29045,50859,-1,-1,51053,-1,-1
29047,50874,-1,-1,51080,-1,-1
29049,50901,-1,-1,51102,-1,-1
29052,50851,-1,-1,51057,-1,-1
29055,50873,-1,-1,51075,-1,-1
29058,50888,-1,-1,51089,-1,-1
29061,50854,-1,-1,51056,-1,-1
29064,50811,-1,-1,51011,-1,-1
29067,50909,-1,-1,51110,-1,-1
29070,50859,-1,-1,51053,-1,-1
29073,50874,-1,-1,51080,-1,-1
29084,51146,-1,-1,51176,-1,-1
29263,50872,-1,-1,51074,-1,-1
29265,50884,-1,-1,51097,-1,-1
29267,50843,-1,-1,51034,-1,-1
29269,50919,-1,-1,51126,-1,-1
29277,6098,-1,-1,6098,-1,-1
29280,50893,-1,-1,51091,-1,-1
29283,50840,-1,-1,51039,-1,-1
29286,50926,-1,-1,51133,-1,-1
29289,50829,-1,-1,51025,-1,-1
29305,51169,-1,-1,51178,-1,-1
29433,52901,-1,-1,52900,-1,-1
29435,52902,-1,-1,52902,-1,-1
29437,52893,-1,-1,52897,-1,-1
29439,52895,-1,-1,52899,-1,-1
29441,52892,-1,-1,52896,-1,-1
29443,52894,-1,-1,52898,-1,-1
29472,59906,-1,-1,59911,-1,-1
29474,59908,-1,-1,59913,-1,-1
29476,59907,-1,-1,59912,-1,-1
29478,59905,-1,-1,59910,-1,-1
29486,290,-1,-1,454,-1,-1
29489,53150,-1,-1,53169,-1,-1
29491,53147,-1,-1,53166,-1,-1
29493,53148,-1,-1,53172,-1,-1
29495,53154,-1,-1,53171,-1,-1
29497,53155,-1,-1,53165,-1,-1
29499,53151,-1,-1,53168,-1,-1
29501,53149,-1,-1,53173,-1,-1
29503,53152,-1,-1,53167,-1,-1
29505,53153,-1,-1,53170,-1,-1
29507,53161,-1,-1,53174,-1,-1
29509,53157,-1,-1,53179,-1,-1
29510,53159,-1,-1,53175,-1,-1
29511,53162,-1,-1,53181,-1,-1
29512,53158,-1,-1,53177,-1,-1
29513,53160,-1,-1,53182,-1,-1
29514,53164,-1,-1,53178,-1,-1
29515,53163,-1,-1,53176,-1,-1
29516,53156,-1,-1,53180,-1,-1
29521,54052,-1,-1,54052,-1,-1
29560,54117,-1,-1,54071,-1,-1
29562,54181,-1,-1,54104,-1,-1
29564,54140,-1,-1,54084,-1,-1
29566,54124,-1,-1,54073,-1,-1
29568,54192,-1,-1,54106,-1,-1
29570,54148,-1,-1,54088,-1,-1
29577,54064,-1,-1,54062,-1,-1
29589,54054,-1,-1,54065,-1,-1
29591,54040,-1,-1,54043,-1,-1
29594,54055,-1,-1,54051,-1,-1
29599,54213,-1,-1,54212,-1,-1
29602,54210,-1,-1,54214,-1,-1
29605,49469,-1,-1,49470,-1,-1
29607,49472,-1,-1,49471,-1,-1
29609,54210,-1,-1,54214,-1,-1
29611,54213,-1,-1,54212,-1,-1
29613,54216,-1,-1,54215,-1,-1
29615,54216,-1,-1,54215,-1,-1
29617,54216,-1,-1,54215,-1,-1
29622,54211,-1,-1,54211,-1,-1
29686,28515,26632,322,18914,3476,15930
29688,28515,26632,326,18914,3476,15937
29690,28515,26632,320,18914,3476,15934
29692,28515,26632,327,18914,3476,15927
29694,28515,26632,324,18914,3476,15931
29696,28582,26632,-1,15944,3476,-1
29698,28714,26632,-1,18346,3476,-1
29700,28786,26632,-1,18557,3476,-1
29702,28554,26632,-1,18553,3476,-1
29704,28774,26632,-1,15945,3476,-1
29706,28550,26632,-1,15939,3476,-1
29708,28650,26632,-1,18914,3476,-1
29710,28548,26632,-1,28371,3476,-1
29712,28586,26632,-1,18555,3476,-1
29714,28547,26632,-1,18559,3476,-1
29716,28515,27154,-1,18554,10482,-1
29718,28515,26618,-1,18554,482,-1
29720,28515,28345,-1,18554,28365,-1
29722,28515,26619,-1,18554,2732,-1
29724,28515,28340,-1,18554,498,-1
29726,28515,28344,-1,18554,484,-1
29728,28515,28341,-1,18554,480,-1
29730,28515,27139,-1,18554,10685,-1
29732,28515,27140,-1,18554,28364,-1
29734,28515,26616,-1,18554,28367,-1
29736,28515,26633,-1,18554,28369,-1
29738,28337,-1,-1,14396,-1,-1
29740,28336,-1,-1,14422,-1,-1
29742,28512,-1,-1,14425,-1,-1
29744,28349,-1,-1,14398,-1,-1
29746,28335,-1,-1,11024,-1,-1
29748,28338,-1,-1,14426,-1,-1
29750,28436,-1,-1,15926,-1,-1
29752,27623,-1,-1,433,-1,-1
29754,27563,-1,-1,14421,-1,-1
29756,27610,-1,-1,14397,-1,-1
29758,28373,-1,-1,429,-1,-1
29760,28449,-1,-1,28358,-1,-1
29762,28220,-1,-1,28362,-1,-1
29764,28348,-1,-1,28360,-1,-1
29766,28347,-1,-1,28361,-1,-1
29768,28374,-1,-1,28357,-1,-1
29770,28339,-1,-1,28363,-1,-1
29772,28334,-1,-1,28359,-1,-1
29774,28975,-1,-1,26658,-1,-1
29775,29041,-1,-1,28976,-1,-1
29777,28997,-1,-1,29042,-1,-1
29796,54316,-1,-1,54315,-1,-1
29801,54326,-1,-1,54322,-1,-1
29804,54327,-1,-1,54321,-1,-1
29806,54329,-1,-1,54325,-1,-1
29816,54328,-1,-1,54323,-1,-1
29818,54328,-1,-1,54323,-1,-1
29820,54328,-1,-1,54323,-1,-1
29822,54328,-1,-1,54323,-1,-1
29840,50901,-1,-1,51102,-1,-1
29841,50851,-1,-1,51057,-1,-1
29842,50873,-1,-1,51075,-1,-1
29843,50888,-1,-1,51089,-1,-1
29844,50854,-1,-1,51056,-1,-1
29845,50811,-1,-1,51011,-1,-1
29846,50909,-1,-1,51110,-1,-1
29847,50859,-1,-1,51053,-1,-1
29848,50874,-1,-1,51080,-1,-1
29849,51141,-1,-1,51145,-1,-1
29850,51168,-1,-1,51139,-1,-1
29851,51175,-1,-1,51138,-1,-1
29868,55170,-1,-1,55033,-1,-1
29870,55269,-1,-1,55137,-1,-1
29872,55214,-1,-1,55085,-1,-1
29874,55252,-1,-1,55111,-1,-1
29889,54983,-1,-1,54997,-1,-1
29892,55164,-1,-1,55025,-1,-1
29893,55163,-1,-1,55023,-1,-1
29911,490,-1,-1,490,-1,-1
29912,54986,-1,-1,54986,-1,-1
29913,54986,-1,-1,54986,-1,-1
29914,55281,-1,-1,55150,-1,-1
29915,55216,-1,-1,55087,-1,-1
29916,55281,-1,-1,55150,-1,-1
29918,55216,-1,-1,55087,-1,-1
29920,54995,-1,-1,55009,-1,-1
29929,55264,-1,-1,55131,-1,-1
29930,55263,-1,-1,55126,-1,-1
29931,55268,-1,-1,55130,-1,-1
29932,55266,-1,-1,55129,-1,-1
29933,55265,-1,-1,55125,-1,-1
29934,55264,-1,-1,55131,-1,-1
29936,55263,-1,-1,55126,-1,-1
29938,55268,-1,-1,55130,-1,-1
29940,55266,-1,-1,55129,-1,-1
29942,55265,-1,-1,55125,-1,-1
29974,55212,-1,-1,55073,-1,-1
29976,55213,-1,-1,55072,-1,-1
29978,55278,-1,-1,55146,-1,-1
29980,55279,-1,-1,55144,-1,-1
29982,55245,-1,-1,55105,-1,-1
29984,55247,-1,-1,55104,-1,-1
29986,55261,-1,-1,55124,-1,-1
29988,55162,-1,-1,55024,-1,-1
29990,55162,-1,-1,55024,-1,-1
29992,55162,-1,-1,55024,-1,-1
30000,55001,-1,-1,55001,-1,-1
30045,55191,-1,-1,55053,-1,-1
30047,55191,-1,-1,55053,-1,-1
30048,55257,-1,-1,55118,-1,-1
30050,55257,-1,-1,55118,-1,-1
30051,55303,-1,-1,55161,-1,-1
30053,55303,-1,-1,55161,-1,-1
30054,55244,-1,-1,55103,-1,-1
30056,55244,-1,-1,55103,-1,-1
30057,55260,-1,-1,55123,-1,-1
30059,55260,-1,-1,55123,-1,-1
30060,55254,-1,-1,55112,-1,-1
30062,55254,-1,-1,55112,-1,-1
30064,54987,-1,-1,54987,-1,-1
30066,54987,-1,-1,54987,-1,-1
30070,55010,-1,-1,54991,-1,-1
30073,55175,-1,-1,55036,-1,-1
30076,55270,-1,-1,55136,-1,-1
30079,55222,-1,-1,55086,-1,-1
30082,55258,-1,-1,55119,-1,-1
30111,55168,-1,-1,55035,-1,-1
30156,54986,-1,-1,54986,-1,-1
30157,54986,-1,-1,54986,-1,-1
30232,55458,-1,-1,55439,-1,-1
30237,55444,-1,-1,55421,-1,-1
30239,55455,-1,-1,55433,-1,-1
30241,55456,-1,-1,55428,-1,-1
30242,55451,-1,-1,55434,-1,-1
30243,55457,-1,-1,55418,-1,-1
30244,55447,-1,-1,55424,-1,-1
30245,55448,-1,-1,55430,-1,-1
30246,55443,-1,-1,55423,-1,-1
30247,55445,-1,-1,55425,-1,-1
30248,55444,-1,-1,55421,-1,-1
30249,55455,-1,-1,55433,-1,-1
30250,55456,-1,-1,55428,-1,-1
30251,55451,-1,-1,55434,-1,-1
30252,55457,-1,-1,55418,-1,-1
30253,55447,-1,-1,55424,-1,-1
30254,55448,-1,-1,55430,-1,-1
30255,55443,-1,-1,55423,-1,-1
30256,55445,-1,-1,55425,-1,-1
30257,55444,-1,-1,55421,-1,-1
30258,55455,-1,-1,55433,-1,-1
30259,55456,-1,-1,55428,-1,-1
30260,55451,-1,-1,55434,-1,-1
30261,55457,-1,-1,55418,-1,-1
30262,55447,-1,-1,55424,-1,-1
30263,55448,-1,-1,55430,-1,-1
30264,55443,-1,-1,55423,-1,-1
30265,55445,-1,-1,55425,-1,-1
30266,55444,-1,-1,55421,-1,-1
30267,55455,-1,-1,55433,-1,-1
30268,55456,-1,-1,55428,-1,-1
30269,55451,-1,-1,55434,-1,-1
30270,55457,-1,-1,55418,-1,-1
30271,55447,-1,-1,55424,-1,-1
30272,55448,-1,-1,55430,-1,-1
30273,55443,-1,-1,55423,-1,-1
30274,55445,-1,-1,55425,-1,-1
30275,55444,-1,-1,55421,-1,-1
30276,55455,-1,-1,55433,-1,-1
30277,55456,-1,-1,55428,-1,-1
30278,55451,-1,-1,55434,-1,-1
30279,55457,-1,-1,55418,-1,-1
30280,55447,-1,-1,55424,-1,-1
30281,55448,-1,-1,55430,-1,-1
30282,55443,-1,-1,55423,-1,-1
30283,55445,-1,-1,55425,-1,-1
30284,55444,-1,-1,55421,-1,-1
30285,55455,-1,-1,55433,-1,-1
30286,55456,-1,-1,55428,-1,-1
30287,55451,-1,-1,55434,-1,-1
30288,55457,-1,-1,55418,-1,-1
30289,55447,-1,-1,55424,-1,-1
30290,55448,-1,-1,55430,-1,-1
30291,55443,-1,-1,55423,-1,-1
30292,55445,-1,-1,55425,-1,-1
30293,55444,-1,-1,55421,-1,-1
30294,55455,-1,-1,55433,-1,-1
30295,55456,-1,-1,55428,-1,-1
30296,55451,-1,-1,55434,-1,-1
30297,55457,-1,-1,55418,-1,-1
30298,55447,-1,-1,55424,-1,-1
30299,55448,-1,-1,55430,-1,-1
30300,55443,-1,-1,55423,-1,-1
30301,55445,-1,-1,55425,-1,-1
30302,55470,-1,-1,55467,-1,-1
30303,55472,-1,-1,55469,-1,-1
30304,55471,-1,-1,55468,-1,-1
30305,31652,-1,-1,31651,-1,-1
30320,55497,-1,-1,55496,-1,-1
30321,55499,-1,-1,55498,-1,-1
30340,55724,-1,-1,55723,-1,-1
30342,40958,-1,-1,40956,-1,-1
30343,40958,-1,-1,40956,-1,-1
30345,40965,-1,-1,40964,-1,-1
30346,40965,-1,-1,40964,-1,-1
30347,40981,-1,-1,40954,-1,-1
30348,40981,-1,-1,40954,-1,-1
30349,40958,-1,-1,40956,-1,-1
30351,40965,-1,-1,40964,-1,-1
30352,40981,-1,-1,40954,-1,-1
30357,55721,-1,-1,55719,-1,-1
30361,55811,-1,-1,55811,-1,-1
30365,55727,-1,-1,55727,-1,-1
30367,55751,-1,-1,55764,-1,-1
30369,55758,-1,-1,55752,-1,-1
30371,55762,-1,-1,55761,-1,-1
30373,55753,-1,-1,55755,-1,-1
30374,55753,-1,-1,55755,-1,-1
30376,55797,-1,-1,55765,-1,-1
30380,55813,-1,-1,55788,-1,-1
30382,55760,-1,-1,55763,-1,-1
30386,55812,-1,-1,55787,-1,-1
30388,55757,-1,-1,55756,-1,-1
30390,55759,-1,-1,55754,-1,-1
30392,55759,-1,-1,55754,-1,-1
30404,55800,-1,-1,55771,-1,-1
30406,55818,-1,-1,55795,-1,-1
30408,55805,-1,-1,55781,-1,-1
30410,55810,-1,-1,55782,-1,-1
30412,55802,-1,-1,55772,-1,-1
30414,55817,-1,-1,55796,-1,-1
30416,55806,-1,-1,55780,-1,-1
30418,55809,-1,-1,55783,-1,-1
30420,55801,-1,-1,55773,-1,-1
30422,55816,-1,-1,55794,-1,-1
30424,55807,-1,-1,55779,-1,-1
30426,55808,-1,-1,55784,-1,-1
30428,55750,-1,-1,55746,-1,-1
30430,55741,-1,-1,55745,-1,-1
30432,55715,-1,-1,55716,-1,-1
30434,55728,-1,-1,55720,-1,-1
30436,55715,-1,-1,55716,-1,-1
30437,55798,-1,-1,55768,-1,-1
30439,55815,-1,-1,55791,-1,-1
30441,55804,-1,-1,55774,-1,-1
30445,55799,-1,-1,55769,-1,-1
30447,55814,-1,-1,55792,-1,-1
30449,55803,-1,-1,55776,-1,-1
30453,55738,-1,-1,55738,-1,-1
30455,55744,-1,-1,55744,-1,-1
30457,55743,-1,-1,55743,-1,-1
30459,55747,-1,-1,55747,-1,-1
30461,55736,-1,-1,55736,-1,-1
30465,55734,-1,-1,55734,-1,-1
30467,40982,-1,-1,40982,-1,-1
30469,40967,-1,-1,40967,-1,-1
30471,40963,-1,-1,40966,-1,-1
30473,40979,-1,-1,40959,-1,-1
30475,40978,-1,-1,40975,-1,-1
30477,40972,-1,-1,40968,-1,-1
30479,55861,-1,-1,55856,-1,-1
30481,55861,-1,-1,55856,-1,-1
30483,55861,-1,-1,55856,-1,-1
30485,55861,-1,-1,55856,-1,-1
30487,55860,-1,-1,55857,-1,-1
30489,55859,-1,-1,55855,-1,-1
30491,55862,-1,-1,55858,-1,-1
30519,55799,-1,-1,55769,-1,-1
30521,55814,-1,-1,55792,-1,-1
30523,55803,-1,-1,55776,-1,-1
30525,55799,-1,-1,55769,-1,-1
30527,55814,-1,-1,55792,-1,-1
30529,55803,-1,-1,55776,-1,-1
30531,55799,-1,-1,55769,-1,-1
30533,55814,-1,-1,55792,-1,-1
30535,55803,-1,-1,55776,-1,-1
30537,55799,-1,-1,55769,-1,-1
30539,55814,-1,-1,55792,-1,-1
30541,55803,-1,-1,55776,-1,-1
30543,55799,-1,-1,55769,-1,-1
30545,55814,-1,-1,55792,-1,-1
30547,55803,-1,-1,55776,-1,-1
30560,55747,-1,-1,55747,-1,-1
30563,55736,-1,-1,55736,-1,-1
30568,55875,-1,-1,55874,-1,-1
30570,55875,-1,-1,55874,-1,-1
30571,55875,-1,-1,55874,-1,-1
30572,55875,-1,-1,55874,-1,-1
30573,55875,-1,-1,55874,-1,-1
30574,55875,-1,-1,55874,-1,-1
30579,55903,-1,-1,55920,-1,-1
30581,55912,-1,-1,55930,-1,-1
30583,55911,-1,-1,55913,-1,-1
30585,55910,-1,-1,55925,-1,-1
30587,55897,-1,-1,55923,-1,-1
30589,55908,-1,-1,55918,-1,-1
30591,55909,-1,-1,55914,-1,-1
30593,55901,-1,-1,55921,-1,-1
30595,55898,-1,-1,55915,-1,-1
30597,55907,-1,-1,55917,-1,-1
30599,55905,-1,-1,55922,-1,-1
30601,55904,-1,-1,55929,-1,-1
30603,55895,-1,-1,55916,-1,-1
30605,55896,-1,-1,55927,-1,-1
30607,55900,-1,-1,55928,-1,-1
30609,55899,-1,-1,55919,-1,-1
30611,55902,-1,-1,55924,-1,-1
30613,55894,-1,-1,55926,-1,-1
30634,56016,-1,-1,56019,-1,-1
30637,56021,-1,-1,56020,-1,-1
30638,56021,-1,-1,56020,-1,-1
30646,56035,-1,-1,56033,-1,-1
30648,56034,-1,-1,56032,-1,-1
30720,4699,-1,-1,4398,-1,-1
30722,4702,-1,-1,4698,-1,-1
30724,4700,-1,-1,4696,-1,-1
30726,4701,-1,-1,4697,-1,-1
30750,56300,-1,-1,56294,-1,-1
30753,56304,-1,-1,56297,-1,-1
30756,56301,-1,-1,56295,-1,-1
30759,56289,-1,-1,56285,-1,-1
30777,56299,-1,-1,56293,-1,-1
30779,56303,-1,-1,56298,-1,-1
30781,56302,-1,-1,56296,-1,-1
30887,29817,-1,-1,29817,-1,-1
30891,45275,-1,-1,45277,-1,-1
30944,57165,-1,-1,57175,-1,-1
30947,57256,-1,-1,57191,-1,-1
30955,57171,-1,-1,57178,-1,-1
30957,57173,-1,-1,57180,-1,-1
30965,4045,-1,-1,4045,-1,-1
30970,57170,-1,-1,57163,-1,-1
31034,57296,-1,-1,57225,-1,-1
31037,57295,-1,-1,57222,-1,-1
31038,57297,-1,-1,57224,-1,-1
31039,57300,-1,-1,57228,-1,-1
31040,57299,-1,-1,57227,-1,-1
31041,57298,-1,-1,57223,-1,-1
31042,57301,-1,-1,57226,-1,-1
31043,57162,-1,-1,57179,-1,-1
31049,57172,-1,-1,57158,-1,-1
31081,57154,-1,-1,57155,-1,-1
31088,57289,-1,-1,57215,-1,-1
31091,57286,-1,-1,57212,-1,-1
31092,57286,-1,-1,57212,-1,-1
31093,57286,-1,-1,57212,-1,-1
31094,57286,-1,-1,57212,-1,-1
31095,57286,-1,-1,57212,-1,-1
31096,57286,-1,-1,57212,-1,-1
31097,57286,-1,-1,57212,-1,-1
31106,57294,-1,-1,57221,-1,-1
31113,57168,-1,-1,57176,-1,-1
31115,57168,-1,-1,57176,-1,-1
31117,50876,-1,-1,51078,-1,-1
31132,49982,-1,-1,49982,-1,-1
31133,46963,-1,-1,46964,-1,-1
31172,57406,-1,-1,57423,-1,-1
31181,57411,-1,-1,57425,-1,-1
31184,57411,-1,-1,57425,-1,-1
31187,57411,-1,-1,57425,-1,-1
31190,57411,-1,-1,57425,-1,-1
31193,57416,-1,-1,57427,-1,-1
31196,57416,-1,-1,57427,-1,-1
31199,57416,-1,-1,57427,-1,-1
31202,57416,-1,-1,57427,-1,-1
31227,57418,-1,-1,57419,-1,-1
31229,57412,-1,-1,57426,-1,-1
31231,57407,-1,-1,57424,-1,-1
31233,57403,-1,-1,57422,-1,-1
31241,59171,-1,-1,59172,-1,-1
31243,59169,-1,-1,59170,-1,-1
31248,59826,-1,-1,59827,-1,-1
31252,41800,-1,-1,41806,-1,-1
31288,59151,-1,-1,59339,-1,-1
31290,59152,-1,-1,59340,-1,-1
31292,18967,-1,-1,173,-1,-1
31298,59080,-1,-1,59281,-1,-1
31300,59148,-1,-1,59335,-1,-1
31331,9815,-1,-1,9815,-1,-1
31359,59214,-1,-1,59214,-1,-1
31361,59214,-1,-1,59214,-1,-1
31369,59210,-1,-1,59210,-1,-1
31371,59210,-1,-1,59210,-1,-1
31373,59211,-1,-1,59211,-1,-1
31398,59150,-1,-1,59338,-1,-1
31401,59081,-1,-1,59282,-1,-1
31403,59148,-1,-1,59335,-1,-1
31575,59166,-1,-1,59167,-1,-1
31577,59166,-1,-1,59167,-1,-1
31579,59166,-1,-1,59167,-1,-1
31581,59166,-1,-1,59167,-1,-1
31583,59166,-1,-1,59167,-1,-1
31585,59166,-1,-1,59167,-1,-1
31736,59073,-1,-1,59275,-1,-1
31738,59124,-1,-1,59314,-1,-1
31740,59114,-1,-1,59303,-1,-1
31742,59040,-1,-1,59257,-1,-1
31748,59074,-1,-1,59276,-1,-1
31750,59125,-1,-1,59315,-1,-1
31752,59115,-1,-1,59304,-1,-1
31754,59041,-1,-1,59258,-1,-1
31760,59088,-1,-1,59288,-1,-1
31762,59126,-1,-1,59316,-1,-1
31764,59116,-1,-1,59305,-1,-1
31766,59042,-1,-1,59259,-1,-1
32386,59117,-1,-1,59307,-1,-1
32398,59120,-1,-1,59311,-1,-1
32399,59119,-1,-1,59310,-1,-1
32435,59178,-1,-1,59178,-1,-1
32436,59178,-1,-1,59178,-1,-1
32437,59178,-1,-1,59178,-1,-1
32438,59178,-1,-1,59178,-1,-1
32439,59178,-1,-1,59178,-1,-1
32440,59178,-1,-1,59178,-1,-1
32441,59178,-1,-1,59178,-1,-1
32442,59178,-1,-1,59178,-1,-1
32443,59178,-1,-1,59178,-1,-1
32444,59178,-1,-1,59178,-1,-1
32445,59178,-1,-1,59178,-1,-1
32446,59178,-1,-1,59178,-1,-1
32447,59178,-1,-1,59178,-1,-1
32448,59179,-1,-1,59179,-1,-1
32449,59179,-1,-1,59179,-1,-1
32450,59179,-1,-1,59179,-1,-1
32451,59179,-1,-1,59179,-1,-1
32452,59179,-1,-1,59179,-1,-1
32453,59179,-1,-1,59179,-1,-1
32454,59179,-1,-1,59179,-1,-1
32455,59179,-1,-1,59179,-1,-1
32456,59179,-1,-1,59179,-1,-1
32457,59179,-1,-1,59179,-1,-1
32458,59179,-1,-1,59179,-1,-1
32459,59179,-1,-1,59179,-1,-1
32460,59179,-1,-1,59179,-1,-1
32461,59179,-1,-1,59179,-1,-1
32462,59179,-1,-1,59179,-1,-1
32463,59179,-1,-1,59179,-1,-1
32464,59180,-1,-1,59180,-1,-1
32465,59180,-1,-1,59180,-1,-1
32466,59180,-1,-1,59180,-1,-1
32467,59180,-1,-1,59180,-1,-1
32468,59180,-1,-1,59180,-1,-1
32469,59180,-1,-1,59180,-1,-1
32470,59180,-1,-1,59180,-1,-1
32471,59180,-1,-1,59180,-1,-1
32472,59180,-1,-1,59180,-1,-1
32473,59180,-1,-1,59180,-1,-1
32474,59180,-1,-1,59180,-1,-1
32475,59180,-1,-1,59180,-1,-1
32476,59180,-1,-1,59180,-1,-1
32477,59180,-1,-1,59180,-1,-1
32478,59180,-1,-1,59180,-1,-1
32479,59180,-1,-1,59180,-1,-1
32480,59181,-1,-1,59181,-1,-1
32481,59181,-1,-1,59181,-1,-1
32482,59182,-1,-1,59182,-1,-1
32483,59182,-1,-1,59182,-1,-1
32484,59182,-1,-1,59182,-1,-1
32485,59182,-1,-1,59182,-1,-1
32486,59182,-1,-1,59182,-1,-1
32487,59182,-1,-1,59182,-1,-1
32488,59182,-1,-1,59182,-1,-1
32489,59182,-1,-1,59182,-1,-1
32490,59182,-1,-1,59182,-1,-1
32491,59182,-1,-1,59182,-1,-1
32492,59182,-1,-1,59182,-1,-1
32493,59182,-1,-1,59182,-1,-1
32494,59182,-1,-1,59182,-1,-1
32495,59182,-1,-1,59182,-1,-1
32496,59182,-1,-1,59182,-1,-1
32497,59182,-1,-1,59182,-1,-1
32498,59182,-1,-1,59182,-1,-1
32499,59182,-1,-1,59182,-1,-1
32500,59183,-1,-1,59183,-1,-1
32501,59183,-1,-1,59183,-1,-1
32502,59183,-1,-1,59183,-1,-1
32503,59183,-1,-1,59183,-1,-1
32504,59183,-1,-1,59183,-1,-1
32505,59183,-1,-1,59183,-1,-1
32506,59183,-1,-1,59183,-1,-1
32507,59183,-1,-1,59183,-1,-1
32508,59183,-1,-1,59183,-1,-1
32509,59183,-1,-1,59183,-1,-1
32510,59183,-1,-1,59183,-1,-1
32511,59183,-1,-1,59183,-1,-1
32512,59183,-1,-1,59183,-1,-1
32513,59183,-1,-1,59183,-1,-1
32514,59183,-1,-1,59183,-1,-1
32515,59183,-1,-1,59183,-1,-1
32516,59183,-1,-1,59183,-1,-1
32517,59183,-1,-1,59183,-1,-1
32518,59183,-1,-1,59183,-1,-1
32519,59184,-1,-1,59184,-1,-1
32520,59184,-1,-1,59184,-1,-1
32521,59184,-1,-1,59184,-1,-1
32522,59184,-1,-1,59184,-1,-1
32523,59184,-1,-1,59184,-1,-1
32524,59184,-1,-1,59184,-1,-1
32525,59184,-1,-1,59184,-1,-1
32526,59184,-1,-1,59184,-1,-1
32527,59184,-1,-1,59184,-1,-1
32528,59184,-1,-1,59184,-1,-1
32529,59184,-1,-1,59184,-1,-1
32530,59184,-1,-1,59184,-1,-1
32531,59184,-1,-1,59184,-1,-1
32532,59185,-1,-1,59185,-1,-1
32533,59185,-1,-1,59185,-1,-1
32534,59185,-1,-1,59185,-1,-1
32535,59185,-1,-1,59185,-1,-1
32536,59185,-1,-1,59185,-1,-1
32537,59185,-1,-1,59185,-1,-1
32538,59185,-1,-1,59185,-1,-1
32539,59185,-1,-1,59185,-1,-1
32540,59185,-1,-1,59185,-1,-1
32541,59185,-1,-1,59185,-1,-1
32542,59185,-1,-1,59185,-1,-1
32543,59185,-1,-1,59185,-1,-1
32544,59185,-1,-1,59185,-1,-1
32545,59185,-1,-1,59185,-1,-1
32546,59185,-1,-1,59185,-1,-1
32547,59186,-1,-1,59186,-1,-1
32548,59186,-1,-1,59186,-1,-1
32549,59186,-1,-1,59186,-1,-1
32550,59187,-1,-1,59187,-1,-1
32551,59187,-1,-1,59187,-1,-1
32552,59187,-1,-1,59187,-1,-1
32553,59187,-1,-1,59187,-1,-1
32554,59187,-1,-1,59187,-1,-1
32555,59187,-1,-1,59187,-1,-1
32556,59187,-1,-1,59187,-1,-1
32557,59187,-1,-1,59187,-1,-1
32558,59187,-1,-1,59187,-1,-1
32559,59187,-1,-1,59187,-1,-1
32560,59190,-1,-1,59190,-1,-1
32561,59190,-1,-1,59190,-1,-1
32562,59190,-1,-1,59190,-1,-1
32563,59190,-1,-1,59190,-1,-1
32564,59191,-1,-1,59191,-1,-1
32565,59191,-1,-1,59191,-1,-1
32566,59191,-1,-1,59191,-1,-1
32567,59192,-1,-1,59192,-1,-1
32568,59192,-1,-1,59192,-1,-1
32569,59192,-1,-1,59192,-1,-1
32570,59192,-1,-1,59192,-1,-1
32571,59192,-1,-1,59192,-1,-1
32572,59192,-1,-1,59192,-1,-1
32573,59192,-1,-1,59192,-1,-1
32574,59192,-1,-1,59192,-1,-1
32575,59192,-1,-1,59192,-1,-1
32576,59192,-1,-1,59192,-1,-1
32577,59192,-1,-1,59192,-1,-1
32578,59193,-1,-1,59193,-1,-1
32579,59193,-1,-1,59193,-1,-1
32580,59193,-1,-1,59193,-1,-1
32581,59193,-1,-1,59193,-1,-1
32582,59193,-1,-1,59193,-1,-1
32583,59193,-1,-1,59193,-1,-1
32584,59193,-1,-1,59193,-1,-1
32585,59193,-1,-1,59193,-1,-1
32586,59193,-1,-1,59193,-1,-1
32587,59193,-1,-1,59193,-1,-1
32588,59194,-1,-1,59194,-1,-1
32589,59194,-1,-1,59194,-1,-1
32590,59194,-1,-1,59194,-1,-1
32591,59194,-1,-1,59194,-1,-1
32592,59194,-1,-1,59194,-1,-1
32593,59194,-1,-1,59194,-1,-1
32594,59194,-1,-1,59194,-1,-1
32595,59194,-1,-1,59194,-1,-1
32596,59194,-1,-1,59194,-1,-1
32597,59194,-1,-1,59194,-1,-1
32598,59194,-1,-1,59194,-1,-1
32599,59194,-1,-1,59194,-1,-1
32600,59194,-1,-1,59194,-1,-1
32601,59194,-1,-1,59194,-1,-1
32602,59194,-1,-1,59194,-1,-1
32603,59195,-1,-1,59195,-1,-1
32604,59195,-1,-1,59195,-1,-1
32605,59195,-1,-1,59195,-1,-1
32606,59196,-1,-1,59196,-1,-1
32607,59196,-1,-1,59196,-1,-1
32608,59196,-1,-1,59196,-1,-1
32609,59196,-1,-1,59196,-1,-1
32610,59196,-1,-1,59196,-1,-1
32611,59196,-1,-1,59196,-1,-1
32612,59197,-1,-1,59197,-1,-1
32613,59197,-1,-1,59197,-1,-1
32614,59197,-1,-1,59197,-1,-1
32615,59197,-1,-1,59197,-1,-1
32616,59197,-1,-1,59197,-1,-1
32617,59197,-1,-1,59197,-1,-1
32618,59197,-1,-1,59197,-1,-1
32619,59197,-1,-1,59197,-1,-1
32620,59197,-1,-1,59197,-1,-1
32621,59197,-1,-1,59197,-1,-1
32622,59197,-1,-1,59197,-1,-1
32623,59197,-1,-1,59197,-1,-1
32624,59197,-1,-1,59197,-1,-1
32625,59197,-1,-1,59197,-1,-1
32626,59197,-1,-1,59197,-1,-1
32627,59197,-1,-1,59197,-1,-1
32628,59197,-1,-1,59197,-1,-1
32629,59197,-1,-1,59197,-1,-1
32630,59197,-1,-1,59197,-1,-1
32631,59197,-1,-1,59197,-1,-1
32632,59198,-1,-1,59198,-1,-1
32633,59198,-1,-1,59198,-1,-1
32634,59198,-1,-1,59198,-1,-1
32635,59198,-1,-1,59198,-1,-1
32636,59198,-1,-1,59198,-1,-1
32637,59198,-1,-1,59198,-1,-1
32638,59198,-1,-1,59198,-1,-1
32639,59198,-1,-1,59198,-1,-1
32640,59198,-1,-1,59198,-1,-1
32641,59198,-1,-1,59198,-1,-1
32642,59198,-1,-1,59198,-1,-1
32643,59198,-1,-1,59198,-1,-1
32644,59198,-1,-1,59198,-1,-1
32645,59198,-1,-1,59198,-1,-1
32646,59198,-1,-1,59198,-1,-1
32647,59198,-1,-1,59198,-1,-1
32648,59198,-1,-1,59198,-1,-1
32649,59198,-1,-1,59198,-1,-1
32650,59199,-1,-1,59199,-1,-1
32651,59199,-1,-1,59199,-1,-1
32652,59199,-1,-1,59199,-1,-1
32653,59199,-1,-1,59199,-1,-1
32654,59199,-1,-1,59199,-1,-1
32655,59199,-1,-1,59199,-1,-1
32656,59199,-1,-1,59199,-1,-1
32657,59199,-1,-1,59199,-1,-1
32658,59199,-1,-1,59199,-1,-1
32659,59199,-1,-1,59199,-1,-1
32660,59199,-1,-1,59199,-1,-1
32661,59199,-1,-1,59199,-1,-1
32662,59199,-1,-1,59199,-1,-1
32663,59199,-1,-1,59199,-1,-1
32664,59199,-1,-1,59199,-1,-1
32665,59199,-1,-1,59199,-1,-1
32666,59199,-1,-1,59199,-1,-1
32667,59199,-1,-1,59199,-1,-1
32668,59199,-1,-1,59199,-1,-1
32669,59199,-1,-1,59199,-1,-1
32670,59199,-1,-1,59199,-1,-1
32671,59199,-1,-1,59199,-1,-1
32672,59199,-1,-1,59199,-1,-1
32673,59200,-1,-1,59200,-1,-1
32674,59200,-1,-1,59200,-1,-1
32675,59200,-1,-1,59200,-1,-1
32676,59200,-1,-1,59200,-1,-1
32677,59200,-1,-1,59200,-1,-1
32678,59200,-1,-1,59200,-1,-1
32679,59200,-1,-1,59200,-1,-1
32680,59200,-1,-1,59200,-1,-1
32681,59200,-1,-1,59200,-1,-1
32682,59200,-1,-1,59200,-1,-1
32683,59200,-1,-1,59200,-1,-1
32684,59200,-1,-1,59200,-1,-1
32685,59200,-1,-1,59200,-1,-1
32686,59200,-1,-1,59200,-1,-1
32687,59200,-1,-1,59200,-1,-1
32688,59200,-1,-1,59200,-1,-1
32689,59200,-1,-1,59200,-1,-1
32690,59200,-1,-1,59200,-1,-1
32691,59200,-1,-1,59200,-1,-1
32692,59200,-1,-1,59200,-1,-1
32693,59201,-1,-1,59201,-1,-1
32694,59201,-1,-1,59201,-1,-1
32695,59201,-1,-1,59201,-1,-1
32696,59201,-1,-1,59201,-1,-1
32697,59201,-1,-1,59201,-1,-1
32698,59201,-1,-1,59201,-1,-1
32699,59201,-1,-1,59201,-1,-1
32700,59201,-1,-1,59201,-1,-1
32701,59201,-1,-1,59201,-1,-1
32702,59201,-1,-1,59201,-1,-1
32703,59201,-1,-1,59201,-1,-1
32704,59201,-1,-1,59201,-1,-1
32705,59201,-1,-1,59201,-1,-1
32706,59201,-1,-1,59201,-1,-1
32707,59201,-1,-1,59201,-1,-1
32708,59201,-1,-1,59201,-1,-1
32709,59202,-1,-1,59202,-1,-1
32710,59202,-1,-1,59202,-1,-1
32711,59202,-1,-1,59202,-1,-1
32712,59202,-1,-1,59202,-1,-1
32713,59202,-1,-1,59202,-1,-1
32714,59202,-1,-1,59202,-1,-1
32715,59202,-1,-1,59202,-1,-1
32716,59202,-1,-1,59202,-1,-1
32717,59202,-1,-1,59202,-1,-1
32718,59202,-1,-1,59202,-1,-1
32719,59202,-1,-1,59202,-1,-1
32720,59202,-1,-1,59202,-1,-1
32721,59203,-1,-1,59203,-1,-1
32722,59203,-1,-1,59203,-1,-1
32723,59203,-1,-1,59203,-1,-1
32724,59203,-1,-1,59203,-1,-1
32725,59203,-1,-1,59203,-1,-1
32726,59203,-1,-1,59203,-1,-1
32727,59203,-1,-1,59203,-1,-1
32728,59203,-1,-1,59203,-1,-1
32729,59203,-1,-1,59203,-1,-1
32730,59203,-1,-1,59203,-1,-1
32731,59203,-1,-1,59203,-1,-1
32732,59203,-1,-1,59203,-1,-1
32733,59203,-1,-1,59203,-1,-1
32734,59204,-1,-1,59204,-1,-1
32735,59204,-1,-1,59204,-1,-1
32736,59204,-1,-1,59204,-1,-1
32737,59204,-1,-1,59204,-1,-1
32738,59204,-1,-1,59204,-1,-1
32739,59204,-1,-1,59204,-1,-1
32740,59204,-1,-1,59204,-1,-1
32741,59204,-1,-1,59204,-1,-1
32742,59204,-1,-1,59204,-1,-1
32743,59204,-1,-1,59204,-1,-1
32744,59204,-1,-1,59204,-1,-1
32745,59204,-1,-1,59204,-1,-1
32746,59204,-1,-1,59204,-1,-1
32747,59204,-1,-1,59204,-1,-1
32748,59204,-1,-1,59204,-1,-1
32749,59205,-1,-1,59205,-1,-1
32750,59205,-1,-1,59205,-1,-1
32751,59205,-1,-1,59205,-1,-1
32752,59205,-1,-1,59205,-1,-1
32753,59205,-1,-1,59205,-1,-1
32754,59205,-1,-1,59205,-1,-1
32755,59205,-1,-1,59205,-1,-1
32756,59205,-1,-1,59205,-1,-1
32757,59205,-1,-1,59205,-1,-1
32758,59206,-1,-1,59206,-1,-1
32759,59206,-1,-1,59206,-1,-1
32760,59206,-1,-1,59206,-1,-1
32761,59206,-1,-1,59206,-1,-1
32762,59206,-1,-1,59206,-1,-1
32763,59206,-1,-1,59206,-1,-1
32764,59207,-1,-1,59207,-1,-1
32765,59207,-1,-1,59207,-1,-1
32766,59207,-1,-1,59207,-1,-1
32767,59207,-1,-1,59207,-1,-1
32768,59207,-1,-1,59207,-1,-1
32769,59207,-1,-1,59207,-1,-1
32770,59207,-1,-1,59207,-1,-1
32771,59207,-1,-1,59207,-1,-1
32772,59207,-1,-1,59207,-1,-1
32773,59207,-1,-1,59207,-1,-1
32774,59207,-1,-1,59207,-1,-1
32775,59207,-1,-1,59207,-1,-1
32776,59207,-1,-1,59207,-1,-1
32777,59207,-1,-1,59207,-1,-1
32778,59207,-1,-1,59207,-1,-1
32779,59207,-1,-1,59207,-1,-1
32780,59208,-1,-1,59208,-1,-1
32781,59208,-1,-1,59208,-1,-1
32782,59208,-1,-1,59208,-1,-1
32783,59208,-1,-1,59208,-1,-1
32784,59208,-1,-1,59208,-1,-1
32785,59208,-1,-1,59208,-1,-1
32786,59208,-1,-1,59208,-1,-1
32787,59208,-1,-1,59208,-1,-1
32788,59208,-1,-1,59208,-1,-1
32789,59208,-1,-1,59208,-1,-1
32790,59208,-1,-1,59208,-1,-1
32791,59208,-1,-1,59208,-1,-1
32792,59208,-1,-1,59208,-1,-1
32793,59208,-1,-1,59208,-1,-1
32794,59209,-1,-1,59209,-1,-1
32795,59209,-1,-1,59209,-1,-1
32796,59209,-1,-1,59209,-1,-1
32797,59209,-1,-1,59209,-1,-1
32798,59209,-1,-1,59209,-1,-1
32799,59209,-1,-1,59209,-1,-1
32800,59209,-1,-1,59209,-1,-1
32801,59209,-1,-1,59209,-1,-1
32802,59209,-1,-1,59209,-1,-1
32803,59209,-1,-1,59209,-1,-1
32804,59209,-1,-1,59209,-1,-1
32805,59209,-1,-1,59209,-1,-1
32806,59209,-1,-1,59209,-1,-1
32807,59207,-1,-1,59207,-1,-1
32808,59207,-1,-1,59207,-1,-1
32879,59229,-1,-1,59230,-1,-1
32924,59204,-1,-1,59204,-1,-1
32925,59209,-1,-1,59209,-1,-1
32928,59876,-1,-1,59881,-1,-1
32930,59877,-1,-1,59882,-1,-1
32932,59878,-1,-1,59883,-1,-1
32934,59879,-1,-1,59880,-1,-1
32936,59178,-1,-1,59178,-1,-1
32937,59179,-1,-1,59179,-1,-1
32938,59179,-1,-1,59179,-1,-1
32939,59179,-1,-1,59179,-1,-1
32940,59179,-1,-1,59179,-1,-1
32941,59179,-1,-1,59179,-1,-1
32942,59180,-1,-1,59180,-1,-1
32943,59180,-1,-1,59180,-1,-1
32944,59180,-1,-1,59180,-1,-1
32945,59182,-1,-1,59182,-1,-1
32946,59182,-1,-1,59182,-1,-1
32947,59182,-1,-1,59182,-1,-1
32948,59183,-1,-1,59183,-1,-1
32949,59185,-1,-1,59185,-1,-1
32950,59185,-1,-1,59185,-1,-1
32951,59185,-1,-1,59185,-1,-1
32952,59185,-1,-1,59185,-1,-1
32953,59185,-1,-1,59185,-1,-1
32954,59185,-1,-1,59185,-1,-1
32955,59185,-1,-1,59185,-1,-1
32956,59185,-1,-1,59185,-1,-1
32957,59185,-1,-1,59185,-1,-1
32958,59192,-1,-1,59192,-1,-1
32959,59192,-1,-1,59192,-1,-1
32960,59192,-1,-1,59192,-1,-1
32961,59193,-1,-1,59193,-1,-1
32962,59193,-1,-1,59193,-1,-1
32963,59193,-1,-1,59193,-1,-1
32964,59196,-1,-1,59196,-1,-1
32965,59197,-1,-1,59197,-1,-1
32966,59198,-1,-1,59198,-1,-1
32967,59198,-1,-1,59198,-1,-1
32968,59198,-1,-1,59198,-1,-1
32969,59198,-1,-1,59198,-1,-1
32970,59198,-1,-1,59198,-1,-1
32971,59198,-1,-1,59198,-1,-1
32972,59198,-1,-1,59198,-1,-1
32973,59199,-1,-1,59199,-1,-1
32974,59199,-1,-1,59199,-1,-1
32975,59199,-1,-1,59199,-1,-1
32976,59199,-1,-1,59199,-1,-1
32977,59200,-1,-1,59200,-1,-1
32978,59200,-1,-1,59200,-1,-1
32979,59200,-1,-1,59200,-1,-1
32980,59200,-1,-1,59200,-1,-1
32981,59200,-1,-1,59200,-1,-1
32982,59201,-1,-1,59201,-1,-1
32983,59201,-1,-1,59201,-1,-1
32984,59201,-1,-1,59201,-1,-1
32985,59201,-1,-1,59201,-1,-1
32986,59202,-1,-1,59202,-1,-1
32987,59202,-1,-1,59202,-1,-1
32988,59203,-1,-1,59203,-1,-1
32989,59203,-1,-1,59203,-1,-1
32990,59203,-1,-1,59203,-1,-1
32991,59203,-1,-1,59203,-1,-1
32992,59204,-1,-1,59204,-1,-1
32993,59204,-1,-1,59204,-1,-1
32994,59205,-1,-1,59205,-1,-1
32995,59205,-1,-1,59205,-1,-1
32996,59205,-1,-1,59205,-1,-1
32997,59207,-1,-1,59207,-1,-1
32998,59208,-1,-1,59208,-1,-1
32999,59209,-1,-1,59209,-1,-1
33000,59209,-1,-1,59209,-1,-1
33001,59209,-1,-1,59209,-1,-1
33002,59934,-1,-1,59948,-1,-1
33010,49970,-1,-1,49974,-1,-1
33018,54211,-1,-1,54211,-1,-1
33021,59942,-1,-1,59943,-1,-1
33023,59940,-1,-1,59954,-1,-1
33025,59941,-1,-1,59955,-1,-1
33027,59938,-1,-1,59952,-1,-1
33029,59939,-1,-1,59953,-1,-1
33031,59935,-1,-1,59949,-1,-1
33033,59936,-1,-1,59950,-1,-1
33035,59946,-1,-1,59947,-1,-1
33036,59944,-1,-1,59945,-1,-1
33038,55751,-1,-1,55764,-1,-1
33041,55757,-1,-1,55756,-1,-1
33063,37019,-1,-1,37051,-1,-1
33066,59937,-1,-1,59951,-1,-1
33068,59937,-1,-1,59951,-1,-1
33070,59937,-1,-1,59951,-1,-1
33072,59937,-1,-1,59951,-1,-1
33080,60071,-1,-1,60075,-1,-1
33082,60072,-1,-1,60076,-1,-1
33084,60073,-1,-1,60077,-1,-1
33086,60070,-1,-1,60074,-1,-1
33089,36305,-1,-1,36305,-1,-1
33091,36305,-1,-1,36305,-1,-1
33093,60101,-1,-1,60106,-1,-1
33096,60101,-1,-1,60106,-1,-1
33097,60101,-1,-1,60106,-1,-1
33098,60101,-1,-1,60106,-1,-1
33099,60100,-1,-1,60105,-1,-1
33101,60103,-1,-1,60104,-1,-1
33103,60102,-1,-1,60107,-1,-1
33104,60102,-1,-1,60107,-1,-1
33151,60030,-1,-1,60030,-1,-1
33153,60028,-1,-1,60028,-1,-1
33155,60026,-1,-1,60026,-1,-1
33157,60032,-1,-1,60032,-1,-1
33159,60034,-1,-1,60034,-1,-1
33161,60036,-1,-1,60036,-1,-1
33163,60038,-1,-1,60038,-1,-1
33166,59940,-1,-1,59954,-1,-1
33168,59938,-1,-1,59952,-1,-1
33170,59935,-1,-1,59949,-1,-1
33172,57286,-1,-1,57212,-1,-1
33174,45278,-1,-1,45285,-1,-1
33176,45274,-1,-1,45276,-1,-1
33178,54316,-1,-1,54315,-1,-1
33184,54055,-1,-1,54051,-1,-1
33186,26423,-1,-1,26423,-1,-1
33188,32667,-1,-1,32667,-1,-1
33190,45258,-1,-1,45271,-1,-1
33192,45255,-1,-1,45268,-1,-1
33194,49448,-1,-1,49453,-1,-1
33196,47645,-1,-1,47649,-1,-1
33198,47643,-1,-1,47648,-1,-1
33200,54064,-1,-1,54062,-1,-1
33202,54329,-1,-1,54325,-1,-1
33227,60264,-1,-1,60310,-1,-1
33229,60277,-1,-1,60278,-1,-1
33243,60290,-1,-1,60291,-1,-1
33245,60279,-1,-1,60280,-1,-1
33247,54126,-1,-1,60306,-1,-1
33249,60275,-1,-1,60276,-1,-1
33251,60281,-1,-1,60282,-1,-1
33253,60296,-1,-1,60297,-1,-1
33255,60283,-1,-1,60284,-1,-1
33257,60283,-1,-1,60284,-1,-1
33260,60256,-1,-1,60302,-1,-1
33263,60267,-1,-1,60311,-1,-1
33266,60261,-1,-1,60307,-1,-1
33269,60251,-1,-1,60299,-1,-1
33272,60257,-1,-1,60303,-1,-1
33275,60268,-1,-1,60312,-1,-1
33278,60262,-1,-1,60308,-1,-1
33281,60252,-1,-1,60300,-1,-1
33284,60258,-1,-1,60304,-1,-1
33287,60269,-1,-1,60313,-1,-1
33290,60263,-1,-1,60309,-1,-1
33293,60253,-1,-1,60301,-1,-1
33296,60485,-1,-1,60486,-1,-1
33299,60271,-1,-1,60272,-1,-1
33314,60294,-1,-1,60295,-1,-1
33316,60294,-1,-1,60295,-1,-1
33318,60294,-1,-1,60295,-1,-1
33320,60294,-1,-1,60295,-1,-1
33322,60292,-1,-1,60293,-1,-1
33323,60292,-1,-1,60293,-1,-1
33326,60292,-1,-1,60293,-1,-1
33328,60292,-1,-1,60293,-1,-1
33330,60288,-1,-1,60289,-1,-1
33332,60288,-1,-1,60289,-1,-1
33335,60273,-1,-1,60274,-1,-1
33338,60259,-1,-1,60305,-1,-1
33340,60259,-1,-1,60305,-1,-1
33345,60298,-1,-1,60298,-1,-1
33347,40982,-1,-1,40982,-1,-1
33349,40967,-1,-1,40967,-1,-1
33351,40963,-1,-1,40966,-1,-1
33353,40979,-1,-1,40959,-1,-1
33355,40978,-1,-1,40975,-1,-1
33357,40972,-1,-1,40968,-1,-1
33359,60480,-1,-1,60480,-1,-1
33368,60287,-1,-1,60287,-1,-1
33434,60292,-1,-1,60293,-1,-1
33439,60259,-1,-1,60305,-1,-1
33441,60259,-1,-1,60305,-1,-1
33443,60259,-1,-1,60305,-1,-1
33445,60259,-1,-1,60305,-1,-1
33447,60259,-1,-1,60305,-1,-1
33449,60259,-1,-1,60305,-1,-1
33460,34655,-1,-1,42612,-1,-1
33462,56300,-1,-1,56294,-1,-1
33607,4048,-1,-1,4048,-1,-1
33631,61442,-1,-1,61443,-1,-1
33639,61426,-1,-1,61473,-1,-1
33644,61438,-1,-1,61439,-1,-1
33651,61438,-1,-1,61439,-1,-1
33655,61448,-1,-1,61449,-1,-1
33699,561,-1,-1,561,-1,-1
33709,35178,-1,-1,35178,-1,-1
33711,35178,-1,-1,35178,-1,-1
33713,39732,-1,-1,39733,-1,-1
33716,61452,-1,-1,61453,-1,-1
33718,61440,-1,-1,61441,-1,-1
33722,61450,-1,-1,61451,-1,-1
33790,61452,-1,-1,61453,-1,-1
33792,61444,-1,-1,61444,-1,-1
33800,31236,-1,-1,31236,-1,-1
33836,61817,-1,-1,61837,-1,-1
33839,61817,-1,-1,61837,-1,-1
33842,61817,-1,-1,61837,-1,-1
33845,61817,-1,-1,61837,-1,-1
33848,61817,-1,-1,61837,-1,-1
33851,61817,-1,-1,61837,-1,-1
33854,61817,-1,-1,61837,-1,-1
33857,61813,-1,-1,61836,-1,-1
33860,61813,-1,-1,61836,-1,-1
33863,61813,-1,-1,61836,-1,-1
33866,61813,-1,-1,61836,-1,-1
33869,61813,-1,-1,61836,-1,-1
33872,61813,-1,-1,61836,-1,-1
33875,61813,-1,-1,61836,-1,-1
33878,61790,-1,-1,61826,-1,-1
33881,61791,-1,-1,61827,-1,-1
33884,61818,-1,-1,61840,-1,-1
33887,61818,-1,-1,61840,-1,-1
33890,61818,-1,-1,61840,-1,-1
33893,61818,-1,-1,61840,-1,-1
33896,61818,-1,-1,61840,-1,-1
33899,61818,-1,-1,61840,-1,-1
33902,61818,-1,-1,61840,-1,-1
33905,61818,-1,-1,61840,-1,-1
33908,61811,-1,-1,61834,-1,-1
33911,61811,-1,-1,61834,-1,-1
33914,61811,-1,-1,61834,-1,-1
33917,61811,-1,-1,61834,-1,-1
33920,61811,-1,-1,61834,-1,-1
33923,61811,-1,-1,61834,-1,-1
33926,61811,-1,-1,61834,-1,-1
33929,61809,-1,-1,61832,-1,-1
33932,61809,-1,-1,61832,-1,-1
33935,61809,-1,-1,61832,-1,-1
33938,61809,-1,-1,61832,-1,-1
33941,61809,-1,-1,61832,-1,-1
33944,61809,-1,-1,61832,-1,-1
33947,61809,-1,-1,61832,-1,-1
33950,61819,-1,-1,61839,-1,-1
33953,61819,-1,-1,61839,-1,-1
33956,61819,-1,-1,61839,-1,-1
33959,61819,-1,-1,61839,-1,-1
33962,61819,-1,-1,61839,-1,-1
33965,61819,-1,-1,61839,-1,-1
33968,61819,-1,-1,61839,-1,-1
33971,61812,-1,-1,61835,-1,-1
33974,61812,-1,-1,61835,-1,-1
33977,61812,-1,-1,61835,-1,-1
33980,61812,-1,-1,61835,-1,-1
33983,61812,-1,-1,61835,-1,-1
33986,61812,-1,-1,61835,-1,-1
33989,61812,-1,-1,61835,-1,-1
33992,61810,-1,-1,61833,-1,-1
33995,61810,-1,-1,61833,-1,-1
33998,61810,-1,-1,61833,-1,-1
34001,61810,-1,-1,61833,-1,-1
34004,61810,-1,-1,61833,-1,-1
34007,61810,-1,-1,61833,-1,-1
34010,61810,-1,-1,61833,-1,-1
34013,61810,-1,-1,61833,-1,-1
34027,61824,-1,-1,61825,-1,-1
34063,61861,-1,-1,61862,-1,-1
34401,61880,-1,-1,61883,-1,-1
34407,61881,-1,-1,61884,-1,-1
34413,61881,-1,-1,61884,-1,-1
34419,61881,-1,-1,61884,-1,-1
34425,61881,-1,-1,61884,-1,-1
34428,61882,-1,-1,61885,-1,-1
34591,61967,-1,-1,61967,-1,-1
34592,61967,-1,-1,61967,-1,-1
34593,61967,-1,-1,61967,-1,-1
34594,61967,-1,-1,61967,-1,-1
34595,61967,-1,-1,61967,-1,-1
34596,61967,-1,-1,61967,-1,-1
34597,61967,-1,-1,61967,-1,-1
34607,54216,-1,-1,54215,-1,-1
34609,6664,-1,-1,6694,-1,-1
34611,27636,28826,-1,27644,28827,-1
34613,19258,8779,-1,20516,32966,-1
34615,34490,-1,-1,34490,-1,-1
34617,49446,-1,-1,49452,-1,-1
34619,28446,-1,-1,28446,-1,-1
34621,27638,-1,-1,27646,-1,-1
34625,29616,-1,-1,29624,-1,-1
34627,29614,-1,-1,29623,-1,-1
34633,62047,-1,-1,62049,-1,-1
34635,62047,-1,-1,62049,-1,-1
34637,62047,-1,-1,62049,-1,-1
34639,62047,-1,-1,62049,-1,-1
