# This file is generated; do not edit manually.
# cache: 111ee1c Cache version 2026-09-23-c1-rev240
id,zoom2d,xOffset2d,yOffset2d,resizeX,resizeY,resizeZ,boughtTemplateId,boughtId,variants
0,1780,-4,12,,,,,,
1,1164,-3,2,,,,,,
2,1400,1,,,,,,,
3,844,2,3,,,,,,
4,2160,8,,,,,,,
5,844,2,3,,,,,,
6,2590,-2,-4,,,,,,
8,1750,,106,,,,,,
10,,,-3,,,,,,
12,1170,2,-19,,,,,,
14,1730,4,-3,,,,,,
15,670,-3,10,,,,,,
16,490,,-2,,,,,,
17,830,2,,,,,,,
18,700,4,10,,,,,,
19,670,,,,,,,,
24,900,,,,,,,,
25,990,9,9,,,,,,
26,1190,-5,-11,,,,,,
27,1360,-4,1,,,,,,
28,1430,,-6,,,,,,
30,1020,,-18,,,,,,
32,570,,-2,,,,,,
33,570,,-2,,,,,,
34,570,,-2,,,,,,
35,1500,6,17,,,,,,
36,570,,-2,,,,,,
38,570,,-2,,,,,,
39,780,4,4,,,,,,
40,780,4,4,,,,,,
41,780,4,4,,,,,,
42,780,4,4,,,,,,
43,780,4,4,,,,,,
44,780,4,4,,,,,,
45,300,1,,,,,,,2:9199|3:9200|4:9201|5:9202
46,300,1,,,,,,,2:9199|3:9200|4:9201|5:9202
47,724,1,1,,,,,,
48,1820,2,15,,,,,,
50,1200,7,2,,,,,,
52,1220,6,-29,,,,,,2:6440|3:6441|4:6442|5:6443
53,1220,6,-29,,,,,,2:6444|3:6445|4:6446|5:6447
54,1200,7,2,,,,,,
56,1820,2,15,,,,,,
58,1820,2,15,,,,,,
60,1200,7,2,,,,,,
62,1820,2,15,,,,,,
64,1200,7,2,,,,,,
66,1820,2,15,,,,,,
68,1200,7,2,,,,,,
70,1820,2,15,,,,,,
72,1200,7,2,,,,,,
74,640,1,-4,,,,,,
75,1250,-1,,,,,,,
76,890,6,7,,,,,,
77,970,,-1,,,,,,
78,1220,6,-29,,,,,,2:81|3:80|4:79|5:82
79,1220,6,-29,,,,,,
80,1220,6,-29,,,,,,
81,1220,6,-29,,,,,,
82,1220,6,-29,,,,,,
83,830,,25,,,,,,
84,1942,-5,2,,,,,,
85,700,-3,5,,,,,,
86,420,-1,-5,,,,,,
87,420,-1,-5,,,,,,
88,770,1,-6,,,,,,
89,770,1,-6,,,,,,
90,1360,,-15,,,,,,
91,550,,-1,,,,,,
93,550,,-1,,,,,,
95,550,,-1,,,,,,
97,550,,-1,,,,,,
99,550,,-1,,,,,,
101,550,,-1,,,,,,
103,550,,-1,,,,,,
105,550,,-1,,,,,,
107,550,,-1,,,,,,
109,550,,-1,,,,,,
111,550,,-1,,,,,,
113,550,,-1,,,,,,
115,550,,-1,,,,,,
117,550,,-1,,,,,,
119,550,,-1,,,,,,
121,550,,-1,,,,,,
123,550,,-1,,,,,,
125,550,,-1,,,,,,
127,550,,-1,,,,,,
129,550,,-1,,,,,,
131,550,,-1,,,,,,
133,550,,-1,,,,,,
135,550,,-1,,,,,,
137,550,,-1,,,,,,
139,550,,-1,,,,,,
141,550,,-1,,,,,,
143,550,,-1,,,,,,
145,550,,-1,,,,,,
147,550,,-1,,,,,,
149,550,,-1,,,,,,
151,550,,-1,,,,,,
153,550,,-1,,,,,,
155,550,,-1,,,,,,
157,550,,-1,,,,,,
159,550,,-1,,,,,,
161,550,,-1,,,,,,
163,550,,-1,,,,,,
165,550,,-1,,,,,,
167,550,,-1,,,,,,
169,550,,-1,,,,,,
171,550,,-1,,,,,,
173,550,,-1,,,,,,
175,550,,-1,,,,,,
177,550,,-1,,,,,,
179,550,,-1,,,,,,
181,550,,-1,,,,,,
183,550,,-1,,,,,,
185,550,,-1,,,,,,
187,550,,-1,,,,,,
189,550,,-1,,,,,,
191,550,,-1,,,,,,
193,550,,-1,,,,,,
195,550,,-1,,,,,,
197,700,,1,,,,,,
199,700,4,,,,,,,
201,700,4,,,,,,,
203,700,4,,,,,,,
205,700,4,,,,,,,
207,700,4,,,,,,,
209,700,4,,,,,,,
211,700,4,,,,,,,
213,700,4,,,,,,,
215,700,4,,,,,,,
217,700,4,,,,,,,
219,700,4,,,,,,,
221,690,1,-2,,,,,,
223,1500,-3,,,,,,,
225,930,-6,-3,,,,,,
227,550,,-1,,,,,,
229,550,,-1,,,,,,
231,1170,-1,2,,,,,,
233,680,-3,-8,,,,,,
235,1210,-6,,,,,,,
237,840,4,-8,,,,,,
239,970,1,4,,,,,,
241,1210,-6,,,,,,,
243,1370,7,,,,,,,
245,600,1,100,,,,,,
247,970,1,4,,,,,,
249,700,4,,,,,,,
251,700,4,,,,,,,
253,700,4,,,,,,,
255,700,4,,,,,,,
257,700,4,,,,,,,
259,700,4,,,,,,,
261,700,4,,,,,,,
263,700,4,,,,,,,
265,700,4,,,,,,,
267,700,4,,,,,,,
269,700,4,,,,,,,
271,660,,4,,,,,,
272,920,-1,-24,,,,,,
273,780,-2,-7,,,,,,
274,920,-1,-24,,,,,,
275,700,-3,5,,,,,,
276,860,,-2,,,,,,
277,1650,-7,9,,,,,,
278,680,-5,,,,,,,
279,930,,-3,,,,,,
280,1410,2,,,,,,,
281,1410,2,,,,,,,
282,1410,2,,,,,,,
283,1410,2,,,,,,,
284,1360,,3,,,,,,
285,1650,,-10,,,,,,
286,1244,-1,,,,,,,
287,1244,-1,,,,,,,
288,1244,-1,,,,,,,
290,1180,,-14,,,,,,
291,1040,1,7,,,,,,
292,840,,,,,,,,
293,700,-3,5,,,,,,
294,640,,,,,,,,
295,620,1,16,,,,,,
296,1070,,-3,,,,,,
297,1070,,-3,,,,,,
298,700,-3,5,,,,,,
299,920,7,39,,,,,,
300,590,2,-1,,,,,,
301,1180,,,,,,,,
303,840,3,5,,,,,,
305,1700,6,19,,,,,,
307,1080,-3,8,,,,,,
309,1030,-5,7,,,,,,
311,1030,2,-85,,,,,,
313,650,1,-6,,,,,,
314,700,4,10,,,,,,
315,950,,,,,,,,
317,950,,,,,,,,
319,950,,,,,,,,
321,950,,,,,,,,
323,950,,,,,,,,
325,820,-1,13,,,,,,
327,820,-1,13,,,,,,
329,1370,,3,,,,,,
331,1370,,3,,,,,,
333,1370,,3,,,,,,
335,1370,,3,,,,,,
337,1370,,3,,,,,,
338,1370,,3,,,,,,
339,1370,,3,,,,,,
341,1370,,3,,,,,,
343,1370,,3,,,,,,
345,900,3,8,,,,,,
347,900,3,8,,,,,,
349,1370,,3,,,,,,
351,1370,,3,,,,,,
353,900,3,8,,,,,,
355,900,3,8,,,,,,
357,900,3,8,,,,,,
359,1340,,3,,,,,,
361,1340,,3,,,,,,
363,1340,,3,,,,,,
365,1340,,3,,,,,,
367,1340,,3,,,,,,
369,820,-1,13,,,,,,
371,1710,-7,,,,,,,
373,1710,-7,,,,,,,
375,1710,-7,,,,,,,
377,1020,4,16,,,,,,
379,1020,4,16,,,,,,
381,1020,4,16,,,,,,
383,1860,5,12,,,,,,
385,1860,5,12,,,,,,
387,1860,5,12,,,,,,
389,1830,-3,,,,,,,
391,1830,-3,,,,,,,
393,1830,-3,,,,,,,
395,1810,,-103,,,,,,
397,1810,,-103,,,,,,
399,1810,,-103,,,,,,
401,1360,7,-13,,,,,,
403,1360,7,-13,,,,,,
405,1410,3,-6,,,,,,
407,700,-1,6,,,,,,
409,910,4,50,,,,,,
411,910,4,50,,,,,,
413,910,4,50,,,,,,
415,550,,-1,,,,,,
416,550,,-1,,,,,,
417,550,,-1,,,,,,
418,1060,,2,,,,,,
419,1050,-1,30,,,,,,
420,720,3,3,,,,,,
421,420,-1,-5,,,,,,
422,550,-2,-4,,,,,,
423,700,-3,5,,,,,,
424,1590,-9,-21,,,,,,
425,1180,,,,,,,,
426,1370,,7,,,,,,
428,1940,,1,,,,,,
430,1040,-2,11,,,,,,
431,970,,-1,,,,,,
432,700,-3,5,,,,,,
433,1040,1,7,,,,,,
434,1210,-6,,,,,,,
436,1400,1,15,,,,,,
438,1400,1,15,,,,,,
440,1400,1,15,,,,,,
442,1400,1,15,,,,,,
444,1400,1,15,,,,,,
446,1400,1,15,,,,,,
447,1400,1,15,,,,,,
449,1400,1,15,,,,,,
451,1400,1,15,,,,,,
453,1400,1,15,,,,,,
455,830,5,8,,,,,,
456,1730,-5,,,,,,,
457,1730,-5,,,,,,,
458,1730,-5,,,,,,,
459,1730,-5,,,,,,,
460,1730,-5,,,,,,,
461,1730,-5,,,,,,,
462,1730,-5,,,,,,,
463,1730,-5,,,,,,,
464,940,,,,,,,,
466,1070,-2,-19,,,,,,
468,1070,-2,-19,,,,,,
470,1070,-2,-19,,,,,,
472,1070,-2,-19,,,,,,
474,1070,-2,-19,,,,,,
476,1070,-2,-19,,,,,,
478,1070,-2,-19,,,,,,
480,1070,-2,-19,,,,,,
482,1070,-2,-19,,,,,,
484,1070,-2,-19,,,,,,
486,1070,-2,-19,,,,,,
488,1070,-2,-19,,,,,,
490,1070,-2,-19,,,,,,
492,1220,-19,-6,,,,,,
494,1060,-15,,,,,,,
496,1060,-15,,,,,,,
498,1060,-15,,,,,,,
500,1060,-15,,,,,,,
502,1060,-15,,,,,,,
504,1060,-15,,,,,,,
506,1060,-15,,,,,,,
508,1060,-15,,,,,,,
510,1060,-15,,,,,,,
512,1060,-15,,,,,,,
514,1060,-15,,,,,,,
516,1060,-15,,,,,,,
518,1060,-15,,,,,,,
520,1060,-15,,,,,,,
522,560,1,3,,,,,,
523,560,1,3,,,,,,
524,560,1,3,,,,,,
525,870,-3,,,,,,,
526,1410,2,,,,,,,
528,1410,2,,,,,,,
530,1410,2,,,,,,,
532,1830,,,,,,,,
534,1830,,,,,,,,
536,1830,,,,,,,,
538,1940,,1,,,,,,
540,1370,,7,,,,,,
542,1940,,1,,,,,,
544,1370,,7,,,,,,
546,1370,,7,,,,,,
548,1940,,1,,,,,,
550,990,-1,56,,,,,,
552,480,,,,,,,,
553,530,-1,-10,,,,,,
554,740,,1,,,,,,
555,740,,1,,,,,,
556,740,,1,,,,,,
557,740,,1,,,,,,
558,740,,1,,,,,,
559,740,,1,,,,,,
560,740,,1,,,,,24415,
561,740,,1,,,,,,
562,740,,1,,,,,,
563,740,,1,,,,,,
564,740,,1,,,,,,
565,740,,1,,,,,,
566,740,,1,,,,,,
567,790,3,3,,,,,,
569,790,3,3,,,,,,
571,790,3,3,,,,,,
573,790,3,3,,,,,,
575,790,3,3,,,,,,
577,1370,,7,,,,,,
579,800,5,-10,,,,,,
581,1370,,7,,,,,,
583,1020,,-18,,,,,,
585,1020,,-18,,,,,,
587,1260,,,,,,,,
588,1550,,,,,,,,
589,620,1,16,,,,,,
590,660,1,-10,,,,,,
592,1210,-6,,,,,,,
594,1310,,-6,,,,,,
595,1310,,-6,,,,,,
596,1660,,,,,,,,
598,1580,,,,,,,,2:2542|3:2543|4:2544|5:2545
599,1010,1,-1,,,,,,
600,950,2,10,,,,,,
601,700,-3,5,,,,,,
602,2610,,-17,,,,,,
603,1178,1,15,,,,,,
604,580,6,-1,,,,,,
605,700,-3,5,,,,,,
606,1580,8,19,,,,,,
607,1040,1,7,,,,,,
608,1040,1,7,,,,,,
609,1780,-4,12,,,,,,
610,1780,-4,12,,,,,,
611,1270,1,-8,,,,,,
612,1270,1,-8,,,,,,
613,1270,1,-8,,,,,,
614,1270,1,-8,,,,,,
615,1270,1,-8,,,,,,
616,1020,,-16,,,,,,
617,710,3,,,,,,,
618,860,5,-8,,,,,,
619,830,6,-2,,,,,,
620,830,6,-2,,,,,,
621,830,6,-2,,,,,,
623,1040,-2,-2,,,,,,
624,1040,1,7,,,,,,
625,2190,,,,,,,,
626,770,1,-6,,,,,,
628,770,1,-6,,,,,,
630,770,1,-6,,,,,,
632,770,1,-6,,,,,,
634,770,1,-6,,,,,,
636,1370,,7,,,,,,
638,1370,,7,,,,,,
640,1370,,7,,,,,,
642,1370,,7,,,,,,
644,1370,,7,,,,,,
646,1940,,1,,,,,,
648,1940,,1,,,,,,
650,1940,,1,,,,,,
652,1940,,1,,,,,,
654,1940,,1,,,,,,
656,800,5,-10,,,,,,
658,800,5,-10,,,,,,
660,800,5,-10,,,,,,
662,800,5,-10,,,,,,
664,800,5,-10,,,,,,
666,1450,,,,,,,,
667,1530,6,-49,,,,,,
668,1400,1,15,,,,,,
669,1178,,-1,,,,,,
670,790,2,-12,,,,,,
671,1232,9,,,,,,,
672,1360,,,,,,,,
673,1114,,-9,,,,,,
674,1130,8,-37,,,,,,
675,700,-6,-10,,,,,,
676,1030,1,-5,,,,,,
677,1340,,17,,,,,,
678,1340,,17,,,,,,
679,1340,,17,,,,,,
680,1550,7,12,,,,,,
681,1150,-1,9,,,,,,
682,1243,,-1,,,,,,
683,919,,,,,,,,
684,460,10,14,,,,,,
685,1000,6,-4,,,,,,
686,590,,-1,,,,,,
687,800,17,-16,,,,,,
688,600,-3,2,,,,,,
689,1130,4,-17,,,,,,
690,960,-1,1,,,,,,
691,1243,,-1,,,,,,
692,1243,,-1,,,,,,
693,1243,,-1,,,,,,
694,1140,,,,,,,,
695,510,1,17,,,,,,
696,1243,,-1,,,,,,
697,1450,-8,11,,,,,,
698,1510,5,8,,,,,,
699,1370,,-16,,,,,,
700,1210,-6,,,,,,,
701,1210,-6,,,,,,,
702,550,,-1,,,,,,
703,550,,-1,,,,,,
704,1210,-6,,,,,,,
705,550,,-1,,,,,,
706,550,,-1,,,,,,
707,550,,-1,,,,,,
708,1130,3,4,,,,,,
709,700,-3,5,,,,,,
710,1070,,-3,,,,,,
711,830,1,-21,,,,,,
712,500,-1,-2,,,,,,
713,1940,,1,,,,,,
714,1040,1,7,,,,,,
715,1040,1,7,,,,,,
716,1000,,,,,,,,
717,940,,,,,,,,
718,940,,,,,,,,
719,940,,,,,,,,
720,1040,1,7,,,,,,
721,910,,,,,,,,
722,910,,,,,,,,
723,910,,,,,,,,
724,910,,,,,,,,
725,910,,,,,,,,
726,910,,,,,,,,
727,1770,-2,-15,,,,,,
728,1770,-2,-15,,,,,,
729,840,,,,,,,,
730,1340,,5,,,,,,
731,710,,-2,,,,,,
732,710,,-2,,,,,,
733,960,-1,1,,,,,,
735,920,7,39,,,,,,
736,920,7,39,,,,,,
737,550,,-1,,,,,,
738,550,,-1,,,,,,
739,550,,-1,,,,,,
740,800,5,-10,,,,,,
741,660,2,1,,,,,,
742,660,2,1,,,,,,
743,510,6,6,,,,,,
744,660,2,1,,,,,,
745,660,2,1,,,,,,
746,1000,1,,,,,,,
747,1000,1,,,,,,,
748,1460,,17,,,,,,
749,4070,-84,-51,,,,,,
750,4070,-84,-51,,,,,,
751,790,,,,,,,,
753,970,1,4,,,,,,
755,720,1,,,,,,,
756,550,,-1,,,,,,
757,1232,1,-1,,,,,,
758,700,-3,5,,,,,,
759,700,-3,5,,,,,,
761,1040,1,7,,,,,,
762,1660,-5,1,,,,,,
763,1373,12,-12,,,,,,
764,779,3,,,,,,,
765,1503,-7,15,,,,,,
766,1095,3,,,,,,,
767,1112,15,12,,,,,,
769,2020,-3,-10,,,,,,
770,1950,4,4,,,,,,
771,940,-8,-21,,,,,,
772,1979,,16,,,,,,
773,830,3,-35,,,,,,
774,465,7,66,,,,,,
775,930,8,-8,,,,,,
776,930,8,-8,,,,,,
777,930,8,-8,,,,,,
778,930,8,-8,,,,,,
779,,,18,,,,,,
780,,,18,,,,,,
781,,,18,,,,,,
782,,,18,,,,,,
783,900,2,64,,,,,,
784,830,1,-21,,,,,,
785,860,1,22,,,,,,
786,1040,1,7,,,,,,
787,1040,1,7,,,,,,
788,700,-3,5,,,,,,
789,1240,-3,1,,,,,,
790,1230,-1,3,,,,,,
791,1170,,,,,,,,
792,1500,-2,3,,,,,,
793,1290,,-12,,,,,,
794,1040,1,7,,,,,,
795,710,4,21,,,,,,
796,510,29,32,,,,,,
797,470,-30,33,,,,,,
798,610,8,-5,,,,,,
799,760,,2,,,,,,
800,750,1,6,,,,,,
801,750,1,6,,,,,,
802,750,1,6,,,,,,
803,750,1,6,,,,,,
804,750,1,6,,,,,,
805,750,1,6,,,,,,
806,720,8,11,,,,,,
807,720,8,11,,,,,,
808,720,8,11,,,,,,
809,720,8,11,,,,,,
810,720,8,11,,,,,,
811,720,8,11,,,,,,
812,720,8,11,,,,,,
813,720,8,11,,,,,,
814,720,8,11,,,,,,
815,720,8,11,,,,,,
816,720,8,11,,,,,,
817,720,8,11,,,,,,
818,720,8,11,,,,,,
819,720,5,,,,,,,
820,720,5,,,,,,,
821,720,5,,,,,,,
822,720,5,,,,,,,
823,720,5,,,,,,,
824,720,5,,,,,,,
825,1470,-2,63,,,,,,
826,1470,-2,63,,,,,,
827,1470,-2,63,,,,,,
828,1470,-2,63,,,,,,
829,1470,-2,63,,,,,,
830,1470,-2,63,,,,,,
831,1470,-2,63,,,,,,
832,1470,-2,63,,,,,,
833,1470,-2,63,,,,,,
834,1470,-2,63,,,,,,
835,1470,-2,63,,,,,,
836,1470,-2,63,,,,,,
837,984,2,1,,,,,,
839,1820,2,15,,,,,,
841,1200,7,2,,,,,,
843,1200,7,2,,,,,,
845,1820,2,15,,,,,,
847,1820,2,15,,,,,,
849,1200,7,2,,,,,,
851,1820,2,15,,,,,,
853,1200,7,2,,,,,,
855,1820,2,15,,,,,,
857,1200,7,2,,,,,,
859,1820,2,15,,,,,,
861,1200,7,2,,,,,,
863,1080,-1,-26,,,,,,
864,1080,-1,-26,,,,,,
865,1080,-1,-26,,,,,,
866,1080,-1,-26,,,,,,
867,1080,-1,-26,,,,,,
868,1080,-1,-26,,,,,,
869,1080,-1,-26,,,,,,
870,1080,-1,-26,,,,,,
871,1080,-1,-26,,,,,,
872,1080,-1,-26,,,,,,
873,1080,-1,-26,,,,,,
874,1080,-1,-26,,,,,,
875,1080,-1,-26,,,,,,
876,1080,-1,-26,,,,,,
877,720,3,5,,,,,,2:3807|3:3808|4:3809|5:3810
878,720,3,5,,,,,,2:3811|3:3812|4:3813|5:3814
879,720,3,5,,,,,,2:3815|3:3816|4:3817|5:3818
880,720,3,5,,,,,,2:3819|3:3820|4:3821|5:3822
881,640,-1,-42,,,,,,2:3823|3:3824|4:3825|5:3826
882,1220,6,-29,,,,,,2:896|3:895|4:894|5:897
883,1220,6,-29,,,,,,2:900|3:899|4:898|5:901
884,1220,6,-29,,,,,,2:904|3:903|4:902|5:905
885,1220,6,-29,,,,,,2:908|3:907|4:906|5:909
886,1220,6,-29,,,,,,2:912|3:911|4:910|5:913
887,1220,6,-29,,,,,,2:916|3:915|4:914|5:917
888,1220,6,-29,,,,,,2:920|3:919|4:918|5:921
889,1220,6,-29,,,,,,2:924|3:923|4:922|5:925
890,1220,6,-29,,,,,,2:928|3:927|4:926|5:929
891,1220,6,-29,,,,,,2:932|3:931|4:930|5:933
892,1220,6,-29,,,,,,2:936|3:935|4:934|5:937
893,1220,6,-29,,,,,,2:940|3:939|4:938|5:941
894,1220,6,-29,,,,,,
895,1220,6,-29,,,,,,
896,1220,6,-29,,,,,,
897,1220,6,-29,,,,,,
898,1220,6,-29,,,,,,
899,1220,6,-29,,,,,,
900,1220,6,-29,,,,,,
901,1220,6,-29,,,,,,
902,1220,6,-29,,,,,,
903,1220,6,-29,,,,,,
904,1220,6,-29,,,,,,
905,1220,6,-29,,,,,,
906,1220,6,-29,,,,,,
907,1220,6,-29,,,,,,
908,1220,6,-29,,,,,,
909,1220,6,-29,,,,,,
910,1220,6,-29,,,,,,
911,1220,6,-29,,,,,,
912,1220,6,-29,,,,,,
913,1220,6,-29,,,,,,
914,1220,6,-29,,,,,,
915,1220,6,-29,,,,,,
916,1220,6,-29,,,,,,
917,1220,6,-29,,,,,,
918,1220,6,-29,,,,,,
919,1220,6,-29,,,,,,
920,1220,6,-29,,,,,,
921,1220,6,-29,,,,,,
922,1220,6,-29,,,,,,
923,1220,6,-29,,,,,,
924,1220,6,-29,,,,,,
925,1220,6,-29,,,,,,
926,1220,6,-29,,,,,,
927,1220,6,-29,,,,,,
928,1220,6,-29,,,,,,
929,1220,6,-29,,,,,,
930,1220,6,-29,,,,,,
931,1220,6,-29,,,,,,
932,1220,6,-29,,,,,,
933,1220,6,-29,,,,,,
934,1220,6,-29,,,,,,
935,1220,6,-29,,,,,,
936,1220,6,-29,,,,,,
937,1220,6,-29,,,,,,
938,1220,6,-29,,,,,,
939,1220,6,-29,,,,,,
940,1220,6,-29,,,,,,
941,1220,6,-29,,,,,,
942,1750,1,1,,,,,,2:2546|3:2547|4:2548|5:2549
943,1010,,,,,,,,
945,1810,,40,,,,,,
946,580,-11,-4,,,,,,
948,1290,-2,5,,,,,,
950,1360,,-15,,,,,,
952,1860,,,,,,,,
954,1240,-2,-30,,,,,,
956,1040,1,7,,,,,,
958,1350,2,,,,,,,
960,,,18,,,,,,
962,630,-3,40,,,,,,
964,530,-1,-10,,,,,,
965,530,-1,-10,,,,,,
966,870,-2,7,,,,,,
968,820,-5,-16,,,,,,
970,940,,,,,,,,
972,940,,,,,,,,
973,650,,26,,,,,,
975,770,-2,-12,,,,,,
977,2050,,,,,,,,
979,290,3,,,,,,,
980,1400,1,15,,,,,,
981,880,,2,,,,,,
983,700,-3,5,,,,,,
985,740,-7,1,,,,,,
987,750,2,66,,,,,,
989,700,-3,5,,,,,,
991,700,-3,5,,,,,,
993,700,-3,5,,,,,,
995,710,3,,,,,,,2:996|3:997|4:998|5:999|25:1000|100:1001|250:1002|1000:1003|10000:1004
996,710,3,,,,,,,
997,710,3,,,,,,,
998,710,3,,,,,,,
999,710,3,,,,,,,
1000,710,3,,,,,,,
1001,710,3,,,,,,,
1002,650,2,-2,,,,,,
1003,980,11,13,,,,,,
1004,1000,11,,,,,,,
1005,1580,-4,-4,,,,,,
1007,2140,3,6,,,,,,
1009,465,7,66,,,,,,
1011,1940,,1,,,,,,
1013,1940,,1,,,,,,
1015,1940,,1,,,,,,
1017,800,5,-10,,,,,,
1019,2140,3,6,,,,,,
1021,2140,3,6,,,,,,
1023,2140,3,6,,,,,,
1025,800,,,,,,,,
1027,2140,3,6,,,,,,
1029,2140,3,6,,,,,,
1031,2140,3,6,,,,,,
1033,1940,,1,,,,,,
1035,1370,,7,,,,,,
1037,550,,,,,,,,
1038,440,1,1,,,,,,
1040,440,1,1,,,,,,
1042,440,1,1,,,,,,
1044,440,1,1,,,,,,
1046,440,1,1,,,,,,
1048,440,1,1,,,,,,
1050,540,,-3,,,,,,
1052,1370,,,,,,,,
1053,730,,-10,,,,,,
1055,730,,-10,,,,,,
1057,730,,-10,,,,,,
1059,930,8,-8,,,,,,
1061,770,1,-6,,,,,,
1063,740,7,-33,,,,,,
1065,740,7,-33,,,,,,
1067,1740,,-8,,,,,,
1069,1740,,-8,,,,,,
1071,1740,,-8,,,,,,
1073,1740,,-8,,,,,,
1075,1740,,-8,,,,,,
1077,1740,,-8,,,,,,
1079,1740,,-8,,,,,,
1081,1100,5,5,,,,,,
1083,1100,5,5,,,,,,
1085,1100,5,5,,,,,,
1087,1100,5,5,,,,,,
1089,1100,5,5,,,,,,
1091,1100,5,5,,,,,,
1093,1100,5,5,,,,,,
1095,1720,7,5,,,,,,
1097,1720,7,5,,,,,,
1099,1720,7,5,,,,,,
1101,1100,,2,,,,,,
1103,1100,,2,,,,,,
1105,1100,,,,,,,,
1107,1100,,,,,,,,
1109,1100,,2,,,,,,
1111,1100,,2,,,,,,
1113,1100,,2,,,,,,
1115,1250,-1,,,,,,,
1117,1250,-1,,,,,,,
1119,1250,-1,,,,,,,
1121,1250,-1,,,,,,,
1123,1250,-1,,,,,,,
1125,1250,-1,,,,,,,
1127,1250,-1,,,,,,,
1129,750,,2,,,,,,
1131,920,,,,,,,,
1133,910,,,,,,,,
1135,1030,,-4,,,,,,
1137,640,1,-4,,,,,,
1139,640,1,-4,,,,,,
1141,640,1,-4,,,,,,
1143,640,1,-4,,,,,,
1145,640,1,-4,,,,,,
1147,640,1,-4,,,,,,
1149,670,3,-5,,,,,,
1151,640,1,-4,,,,,,
1153,800,-1,6,,,,,,
1155,800,-1,6,,,,,,
1157,800,-1,6,,,,,,
1159,800,-1,6,,,,,,
1161,800,-1,6,,,,,,
1163,800,-1,6,,,,,,
1165,800,-1,6,,,,,,
1167,610,3,-5,,,,,,
1169,610,3,-5,,,,,,
1171,1390,3,40,,,,,,
1173,1410,2,174,,,,,,
1175,1410,2,174,,,,,,
1177,1410,2,174,,,,,,
1179,1410,2,174,,,,,,
1181,1410,2,174,,,,,,
1183,1410,2,174,,,,,,
1185,1410,2,174,,,,,,
1187,1730,1,10,,,,,,
1189,1560,-6,-14,,,,,,
1191,1560,-6,-14,,,,,,
1193,1560,-6,-14,,,,,,
1195,1560,-6,-14,,,,,,
1197,1560,-6,-14,,,,,,
1199,1560,-6,-14,,,,,,
1201,1560,-6,-14,,,,,,
1203,760,,-4,,,,,,
1205,760,,-4,,,,,,
1207,760,,-4,,,,,,
1209,760,,-4,,,,,,
1211,760,,-4,,,,,,
1213,760,,-4,,,,,,
1215,760,,-4,,,,,,
1217,760,,-4,,,,,,
1219,760,,-4,,,,,,
1221,760,,-4,,,,,,
1223,760,,-4,,,,,,
1225,760,,-4,,,,,,
1227,760,,-4,,,,,,
1229,760,,-4,,,,,,
1231,760,,-4,,,,,,
1233,760,,-4,,,,,,
1235,760,,-4,,,,,,
1237,1490,7,-4,,,,,,
1239,1490,7,-4,,,,,,
1241,1490,7,-4,,,,,,
1243,1490,7,-4,,,,,,
1245,1490,7,-4,,,,,,
1247,1490,7,-4,,,,,,
1249,1490,7,-4,,,,,,
1251,1490,7,-4,,,,,,
1253,1490,7,-4,,,,,,
1255,1490,7,-4,,,,,,
1257,1490,7,-4,,,,,,
1259,1490,7,-4,,,,,,
1261,1490,7,-4,,,,,,
1263,1490,7,-4,,,,,,
1265,1070,-2,-19,,,,,,
1267,1070,-2,-19,,,,,,
1269,1070,-2,-19,,,,,,
1271,1070,-2,-19,,,,,,
1273,1070,-2,-19,,,,,,
1275,1070,-2,-19,,,,,,
1277,1040,,-3,,,,,,
1279,1040,,-3,,,,,,
1281,1040,,-3,,,,,,
1283,1040,,-3,,,,,,
1285,1040,,-3,,,,,,
1287,1040,,-3,,,,,,
1289,1040,,-3,,,,,,
1291,860,-13,-2,,,,,,
1293,860,-13,-2,,,,,,
1295,860,-13,-2,,,,,,
1297,860,-13,-2,,,,,,
1299,860,-13,-2,,,,,,
1301,860,-13,-2,,,,,,
1303,860,-13,-2,,,,,,
1305,1570,,-5,,,,,,
1307,1380,3,-9,,,,,,
1309,1380,3,-9,,,,,,
1311,1380,3,-9,,,,,,
1313,1380,3,-9,,,,,,
1315,1380,3,-9,,,,,,
1317,1380,3,-9,,,,,,
1319,1380,3,-9,,,,,,
1321,1180,-6,4,,,,,,
1323,1180,-6,4,,,,,,
1325,1180,-6,4,,,,,,
1327,1180,-6,4,,,,,,
1329,1180,-6,4,,,,,,
1331,1180,-6,4,,,,,,
1333,1180,-6,4,,,,,,
1335,1050,3,3,,,,,,
1337,1050,3,3,,,,,,
1339,1050,3,3,,,,,,
1341,1050,3,3,,,,,,
1343,1050,3,3,,,,,,
1345,1050,3,3,,,,,,
1347,1050,3,3,,,,,,
1349,1060,-15,,,,,,,
1351,1060,-15,,,,,,,
1353,1060,-15,,,,,,,
1355,1060,-15,,,,,,,
1357,1060,-15,,,,,,,
1359,1060,-15,,,,,,,
1361,1060,-15,,,,,,,
1363,1180,-7,-2,,,,,,
1365,1180,-7,-2,,,,,,
1367,1180,-7,-2,,,,,,
1369,1180,-7,-2,,,,,,
1371,1180,-7,-2,,,,,,
1373,1180,-7,-2,,,,,,
1375,1180,-7,-2,,,,,,
1377,1360,1,-3,,,,,,
1379,1158,-3,,,,,,,
1381,1490,-5,2,,,,,,
1383,1490,-5,2,,,,,,
1385,1490,-5,2,,,,,,
1387,1490,-5,2,,,,,,
1389,1490,-5,2,,,,,,
1391,1490,-5,2,,,,,,
1393,1490,-5,2,,,,,,
1395,1490,-5,2,,,,,,
1397,1490,-5,2,,,,,,
1399,1490,-5,2,,,,,,
1401,1490,-5,2,,,,,,
1403,1490,-5,2,,,,,,
1405,1490,-5,2,,,,,,
1407,1490,-5,2,,,,,,
1409,1640,,-15,,,,,,
1410,1410,8,,,,,,,
1411,1600,-2,3,,,,,,
1413,1580,-7,-6,,,,,,
1415,1050,3,3,,,,,,
1417,1470,-2,63,,,,,,
1419,1930,1,17,,,,,,
1420,1030,,-1,,,,,,
1422,1030,,-1,,,,,,
1424,1030,,-1,,,,,,
1426,1030,,-1,,,,,,
1428,1030,,-1,,,,,,
1430,1030,,-1,,,,,,
1432,1030,,-1,,,,,,
1434,1440,-13,13,,,,,,
1436,740,,1,,,,,,
1438,1160,2,20,,,,,,
1440,1160,2,20,,,,,,
1442,1160,2,20,,,,,,
1444,1160,2,20,,,,,,
1446,1160,2,20,,,,,,
1448,1160,2,20,,,,,,
1450,1160,2,20,,,,,,
1452,1160,2,20,,,,,,
1454,1160,2,20,,,,,,
1456,1160,2,20,,,,,,
1458,1160,2,20,,,,,,
1459,1930,3,5,,,,,,
1460,1160,2,20,,,,,,
1461,3558,3,-25,,,,,,
1462,1160,2,20,,,,,,
1464,830,6,-2,,,,,,
1465,550,,-1,,,,,,
1466,690,6,128,,,,,,
1467,1020,4,20,,,,,,
1468,1020,4,20,,,,,,
1469,984,2,-2,,,,,,
1470,1020,,,,,,,,
1472,1020,,,,,,,,
1474,1020,,,,,,,,
1476,1020,,,,,,,,
1478,620,1,16,,,,,,
1481,1390,,,,,,,,
1482,1390,,,,,,,,
1483,1390,,,,,,,,
1484,1390,,,,,,,,
1485,1360,,-15,,,,,,
1486,1890,1,-37,,,,,,
1487,840,4,-8,,,,,,
1488,580,-2,3,,,,,,
1489,580,-2,3,,,,,,
1490,580,-2,3,,,,,,
1491,880,13,21,,,,,,
1492,1040,2,15,,,,,,
1493,840,,,,,,,,
1494,840,,,,,,,,
1495,930,8,-8,,,,,,
1496,1920,-4,,,,,,,
1497,620,1,16,,,,,,
1498,620,1,16,,,,,,
1499,620,1,16,,,,,,
1500,1640,,,,,,,,
1501,1020,,-18,,,,,,
1502,1210,-6,,,,,,,
1503,1040,1,7,,,,,,
1504,1020,,-18,,,,,,
1505,1040,1,7,,,,,,
1506,720,-9,-7,,,,,,
1507,700,-3,5,,,,,,
1508,780,-4,-4,,,,,,
1509,840,,,,,,,,
1510,1420,1,22,,,,,,
1511,1180,,-7,,,,,,
1513,1180,,-7,,,,,,
1515,1180,,-7,,,,,,
1517,1180,,-7,,,,,,
1519,1180,,-7,,,,,,
1521,1180,,-7,,,,,,
1523,760,-9,4,,,,,,
1525,1170,-1,2,,,,,,
1526,1170,-1,2,,,,,,
1527,700,4,,,,,,,
1528,700,4,,,,,,,
1529,700,4,,,,,,,
1530,700,4,,,,,,,
1531,700,4,,,,,,,
1532,700,4,,,,,,,
1533,700,4,,,,,,,
1534,700,4,,,,,,,
1535,1438,-1,5,,,,,,
1536,1568,,,,,,,,
1538,2086,-1,4,,,,,,
1539,650,3,4,,,,,,
1540,1670,3,37,,,,,,
1542,700,-3,5,,,,,,
1543,700,-3,5,,,,,,
1544,700,-3,5,,,,,,
1545,700,-3,5,,,,,,
1546,700,-3,5,,,,,,
1547,700,-3,5,,,,,,
1548,700,-3,5,,,,,,
1549,720,,22,,,,,,
1550,670,,,,,,,,
1552,820,-1,13,,,,,,
1554,880,13,21,,,,,,
1555,880,13,21,,,,,,
1556,880,13,21,,,,,,
1557,880,13,21,,,,,,
1558,880,13,21,,,,,,
1559,880,13,21,,,,,,
1560,880,13,21,,,,,,
1561,880,13,21,,,,,,
1562,880,13,21,,,,,,
1563,880,13,21,,,,,,
1564,880,13,21,,,,,,
1565,880,13,21,,,,,,
1566,880,13,21,,,,,,
1567,880,13,21,,,,,,
1568,880,13,21,,,,,,
1569,880,13,21,,,,,,
1570,880,13,21,,,,,,
1571,880,13,21,,,,,,
1572,880,13,21,,,,,,
1573,700,4,,,,,,,
1575,500,,9,,,,,,
1577,620,,-3,,,,,,
1579,450,1,17,,,,,,
1580,930,8,-8,,,,,,
1581,760,,-2,,,,,,
1582,550,,-1,,,,,,
1583,700,4,10,,,,,,
1584,1040,1,7,,,,,,
1585,1080,-3,8,,,,,,
1586,700,-3,5,,,,,,
1588,700,-3,5,,,,,,
1589,1010,1,-1,,,,,,
1590,700,-3,5,,,,,,
1591,700,-3,5,,,,,,
1592,832,,3,,,,,,
1594,790,,5,,,,,,
1595,620,4,3,,,,,,
1597,791,,8,,,,,,
1599,800,,3,,,,,,
1601,780,-5,7,,,,,,
1603,780,-5,7,,,,,,
1605,780,-5,7,,,,,,
1607,780,-5,7,,,,,,
1609,780,-5,7,,,,,,
1611,780,-5,7,,,,,,
1613,780,-5,7,,,,,,
1615,780,-5,7,,,,,,
1617,780,-5,7,,,,,,
1619,780,-5,7,,,,,,
1621,780,-5,7,,,,,,
1623,780,-5,7,,,,,,
1625,780,-5,7,,,,,,
1627,780,-5,7,,,,,,
1629,780,-5,7,,,,,,
1631,780,-5,7,,,,,,
1633,528,1,,,,,,,
1635,830,-1,-3,,,,,,
1637,830,7,-3,,,,,,
1639,830,7,-3,,,,,,
1641,830,7,-3,,,,,,
1643,830,7,-3,,,,,,
1645,830,7,-3,,,,,,
1647,830,7,-3,,,,,,
1648,3536,15,-37,,,,,,
1649,1220,6,-29,,,,,,
1650,1220,6,-29,,,,,,
1651,1220,6,-29,,,,,,
1652,1500,8,5,,,,,,
1653,1500,8,5,,,,,,
1654,465,7,66,,,,,,
1656,528,-5,50,,,,,,
1658,528,-5,50,,,,,,
1660,528,-5,50,,,,,,
1662,528,-5,50,,,,,,
1664,528,-5,50,,,,,,
1666,528,-5,50,,,,,,
1667,2256,-20,-23,,,,,,
1668,720,3,5,,,,,,
1669,720,3,5,,,,,,
1670,720,3,5,,,,,,
1671,720,3,5,,,,,,
1672,720,3,5,,,,,,
1673,370,8,106,,,,,,
1675,370,8,106,,,,,,
1677,370,8,106,,,,,,
1679,370,8,106,,,,,,
1681,370,8,106,,,,,,
1683,370,8,106,,,,,,
1685,370,8,106,,,,,,
1686,917,,-1,,,,,,
1687,720,3,5,,,,,,
1688,720,3,5,,,,,,
1689,720,3,5,,,,,,
1690,720,3,5,,,,,,
1691,720,3,5,,,,,,
1692,620,1,16,,,,,,
1694,700,-5,18,,,,,,
1696,700,-5,18,,,,,,
1698,700,-5,18,,,,,,
1700,700,-5,18,,,,,,
1702,700,-5,18,,,,,,
1704,620,1,16,,,,,,
1706,620,1,16,,,,,,
1708,620,1,16,,,,,,
1710,620,1,16,,,,,,
1712,620,1,16,,,,,,
1714,600,,4,,,,,,
1716,990,-3,-235,,,,,,
1718,990,-3,-235,,,,,,
1720,600,1,3,,,,,,
1722,630,,-5,,,,,,
1724,630,,-5,,,,,,
1725,620,1,16,,,,,,
1727,620,1,16,,,,,,
1729,620,1,16,,,,,,
1731,620,1,16,,,,,,
1733,850,2,4,,,,,,
1734,590,1,-2,,,,,,
1735,710,,15,,,,,,
1737,1070,,-7,,,,,,
1739,1190,-1,-2,,,,,,
1741,1190,-1,-2,,,,,,
1743,1190,-1,-2,,,,,,
1745,1190,-1,-2,,,,,,
1747,1190,-1,-2,,,,,,
1749,1190,-1,-2,,,,,,
1751,1190,-1,-2,,,,,,
1753,1190,-1,-2,,,,,,
1755,860,-2,8,,,,,,
1757,1580,-4,-4,,,,,,
1759,720,6,-9,,,,,,
1761,890,2,-19,,,,,,
1763,760,,-2,,,,,,
1765,760,,-2,,,,,,
1767,760,,-2,,,,,,
1769,760,,-2,,,,,,
1771,760,,-2,,,,,,
1773,760,,-2,,,,,,
1775,976,,,,,,,,
1777,530,3,2,,,,,,
1779,770,4,,,,,,,
1781,1210,-6,,,,,,,
1783,1020,,-18,,,,,,
1785,1400,2,-18,,,,,,
1787,990,-1,2,,,,,,
1789,950,,-9,,,,,,
1791,910,,,,,,,,
1793,580,5,-3,,,,,,2:5276|3:5277|4:5278|5:5279
1794,1110,,4,,,,,,
1796,465,7,66,,,,,,
1797,465,7,66,,,,,,
1798,500,-1,-2,,,,,,
1799,500,-1,-2,,,,,,
1800,1000,,-1,,,,,,
1801,1030,,,,,,,,
1802,840,,,,,,,,
1803,840,,,,,,,,
1804,850,2,4,,,,,,
1805,850,2,4,,,,,,
1806,990,-1,2,,,,,,
1807,990,-1,2,,,,,,
1808,530,3,2,,,,,,
1809,530,3,2,,,,,,
1810,530,3,2,,,,,,
1811,1380,2,28,,,,,,
1812,990,-1,2,,,,,,
1813,760,,-4,,,,,,
1814,760,,-4,,,,,,
1815,1380,2,28,,,,,,
1816,1380,2,28,,,,,,
1817,1380,2,28,,,,,,
1818,1380,2,28,,,,,,
1819,1380,2,28,,,,,,
1820,1380,2,28,,,,,,
1821,1380,2,28,,,,,,
1822,1380,2,28,,,,,,
1823,780,-4,1,,,,,,
1825,780,-4,1,,,,,,
1827,780,-4,1,,,,,,
1829,780,-4,1,,,,,,
1831,780,-4,1,,,,,,
1833,1370,,7,,,,,,
1835,1940,,1,,,,,,
1837,770,1,-6,,,,,,
1839,700,-3,5,,,,,,
1840,700,-3,5,,,,,,
1841,2086,,-5,,,,,,
1842,2216,,-30,,,,,,
1843,700,-3,5,,,,,,
1844,1360,,,,,,,,
1845,1488,,,,,,,,
1846,770,1,-6,,,,,,
1847,1720,3,1,,,,,,
1848,1104,-3,9,,,,,,
1849,720,8,11,,,,,,
1850,2256,-2,7,,,,,,
1851,1636,,-5,,,,,,
1852,700,-3,5,,,,,,
1853,720,5,,,,,,,
1854,1049,8,7,,,,,,
1855,1170,8,-15,,,,,,
1856,840,,,,,,,,
1857,1150,2,-9,,,,,,
1858,760,-3,-33,,,,,,
1859,560,1,3,,,,,,
1861,560,1,3,,,,,,
1863,980,,,,,,,,
1865,980,,,,,,,,
1867,980,,,,,,,,
1869,890,,4,,,,,,
1871,890,,4,,,,,,
1873,890,,4,,,,,,
1875,890,,4,,,,,,
1877,890,,4,,,,,,
1879,890,,4,,,,,,
1881,890,,4,,,,,,
1883,700,4,1,,,,,,
1885,700,4,1,,,,,,
1887,770,,,,,,,,
1889,770,,,,,,,,
1891,670,,-8,,,,,,
1893,690,,-7,,,,,,
1895,600,5,-10,,,,,,
1897,670,,-8,,,,,,
1899,690,,-7,,,,,,
1901,600,5,-10,,,,,,
1903,670,,-8,,,,,,
1905,660,-3,2,,,,,,
1907,660,-3,2,,,,,,
1909,660,-3,2,,,,,,
1911,660,-3,2,,,,,,
1913,660,-3,2,,,,,,
1915,660,-3,2,,,,,,
1917,660,-3,2,,,,,,
1919,660,-3,2,,,,,,
1921,910,,,,,,,,
1923,910,,,,,,,,
1925,1020,,-18,,,,,,
1927,1020,,-18,,,,,,
1929,1020,,-18,,,,,,
1931,990,-1,2,,,,,,
1933,990,-1,2,,,,,,
1935,600,1,100,,,,,,
1937,600,1,100,,,,,,
1939,710,1,-22,,,,,,
1940,710,1,-22,,,,,,
1941,710,1,-22,,,,,,
1942,860,1,-6,,,,,,
1944,630,1,,,,,,,
1946,1210,-6,,,,,,,
1947,830,-1,9,,,,,,
1949,580,-4,3,,,,,,
1951,970,1,4,,,,,,
1953,1210,,,,,,,,
1955,940,,,,,,,,
1957,670,,,,,,,,
1959,1040,3,-1,,,,,,
1961,1080,,,,,,,,
1963,930,9,10,,,,,,
1965,1730,1,27,,,,,,
1967,1730,1,27,,,,,,
1969,790,,,,,,,,
1971,700,4,1,,,,,,
1973,950,1,41,,,,,,
1975,1210,-6,,,,,,,
1977,1020,,-18,,,,,,
1978,500,-1,-2,,,,,,
1980,500,-1,-2,,,,,,
1982,550,,-4,,,,,,
1984,940,,,,,,,,
1985,1110,,,,,,,,
1987,970,1,4,,,,,,
1989,600,1,100,,,,,,
1991,600,1,100,,,,,,
1992,600,1,100,,,,,,
1993,600,1,100,,,,,,
1995,600,1,100,,,,,,
1996,600,1,100,,,,,,
1997,910,,,,,,,,
1999,910,,,,,,,,
2001,910,,,,,,,,
2003,910,,,,,,,,
2005,910,,,,,,,,
2007,710,,-1,,,,,,
2009,910,,,,,,,,
2011,910,,,,,,,,
2013,910,,,,,,,,
2015,970,,-1,,,,,,
2017,970,,-1,,,,,,
2019,970,,-1,,,,,,
2021,1030,,,,,,,,
2023,840,,,,,,,,
2025,1000,,-1,,,,,,
2026,700,,-7,,,,,,
2028,700,,-7,,,,,,
2030,789,-1,-7,,,,,,
2032,789,-1,-7,,,,,,
2034,700,,-7,,,,,,
2036,700,,-7,,,,,,
2038,700,,-7,,,,,,
2040,700,,-7,,,,,,
2042,700,,1,,,,,,
2044,700,,1,,,,,,
2046,700,,1,,,,,,
2048,700,,-7,,,,,,
2050,700,,1,,,,,,
2052,700,,1,,,,,,
2054,700,,-7,,,,,,
2056,700,,1,,,,,,
2058,700,,1,,,,,,
2060,700,,1,,,,,,
2062,700,,1,,,,,,
2064,700,,-7,,,,,,
2066,700,,1,,,,,,
2068,700,,1,,,,,,
2070,700,,1,,,,,,
2072,700,,1,,,,,,
2074,789,-1,-7,,,,,,
2076,700,,1,,,,,,
2078,700,,1,,,,,,
2080,700,,-7,,,,,,
2082,700,,1,,,,,,
2084,700,,-7,,,,,,
2086,700,,1,,,,,,
2088,700,,1,,,,,,
2090,700,,1,,,,,,
2092,789,-1,-7,,,,,,
2094,700,,1,,,,,,
2096,700,,1,,,,,,
2098,700,,1,,,,,,
2100,700,,1,,,,,,
2102,1080,,,,,,,,
2104,870,1,96,,,,,,
2106,1090,,,,,,,,
2108,910,,,,,,,,
2110,870,1,96,,,,,,
2112,1090,,,,,,,,
2114,1290,,1,,,,,,
2116,870,1,96,,,,,,
2118,650,1,,,,,,,
2120,1160,,,,,,,,
2122,870,1,96,,,,,,
2124,1090,,,,,,,,
2126,1100,6,-3,,,,,,
2128,730,1,,,,,,,
2130,580,1,-1,,,,,,
2132,560,1,3,,,,,,
2134,560,1,3,,,,,,
2136,560,1,3,,,,,,
2138,870,-3,,,,,,,
2140,870,-3,,,,,,,
2142,560,1,3,,,,,,
2144,870,-3,,,,,,,
2146,560,1,3,,,,,,
2148,1270,17,25,,,,,,
2149,1270,17,25,,,,,,
2150,470,-1,3,,,,,,
2152,440,-10,14,,,,,,
2154,440,-10,14,,,,,,
2156,440,-10,14,,,,,,
2158,440,-10,14,,,,,,
2160,1110,-3,14,,,,,,
2162,1110,-3,14,,,,,,
2164,780,1,32,,,,,,
2165,1520,2,11,,,,,,
2166,850,1,,,,,,,
2167,840,,,,,,,,
2169,710,,-1,,,,,,
2171,440,1,129,,,,,,
2173,850,1,,,,,,,
2175,850,1,,,,,,,
2177,850,1,,,,,,,
2178,850,1,,,,,,,
2179,850,1,,,,,,,
2181,850,1,,,,,,,
2183,850,1,,,,,,,
2185,850,1,,,,,,,
2187,850,1,,,,,,,
2189,850,1,,,,,,,
2191,850,1,,,,,,,
2193,850,1,,,,,,,
2195,850,1,,,,,,,
2197,650,-2,,,,,,,
2199,1520,2,11,,,,,,
2201,1520,2,11,,,,,,
2202,1520,2,11,,,,,,
2203,770,1,-6,,,,,,
2205,650,-2,,,,,,,
2207,650,-2,,,,,,,
2209,650,-2,,,,,,,
2211,650,-2,,,,,,,
2213,650,-2,,,,,,,
2215,650,-2,,,,,,,
2217,650,-2,,,,,,,
2219,780,1,32,,,,,,
2221,780,1,32,,,,,,
2223,780,1,32,,,,,,
2225,780,1,32,,,,,,
2227,780,1,32,,,,,,
2229,850,1,,,,,,,
2231,850,1,,,,,,,
2233,850,1,,,,,,,
2235,850,1,,,,,,,
2237,650,-2,,,,,,,
2239,650,-2,,,,,,,
2241,650,-2,,,,,,,
2243,650,-2,,,,,,,
2245,780,1,32,,,,,,
2247,780,1,32,,,,,,
2249,780,1,32,,,,,,
2250,780,1,32,,,,,,
2251,780,1,32,,,,,,
2253,780,1,32,,,,,,
2255,780,1,32,,,,,,
2257,780,1,32,,,,,,
2259,780,1,32,,,,,,
2261,780,1,32,,,,,,
2263,780,1,32,,,,,,
2265,780,1,32,,,,,,
2267,780,1,32,,,,,,
2269,780,1,32,,,,,,
2271,780,1,32,,,,,,
2273,780,1,32,,,,,,
2275,780,1,32,,,,,,
2277,780,1,32,,,,,,
2279,780,1,32,,,,,,
2281,780,1,32,,,,,,
2283,990,,1,,,,,,
2285,990,,1,,,,,,
2287,990,,1,,,,,,
2289,990,,1,,,,,,
2291,880,8,14,,,,,,
2293,990,,1,,,,,,
2295,880,8,14,,,,,,
2297,990,,1,,,,,,
2299,880,8,14,,,,,,
2301,990,,1,,,,,,
2303,880,8,14,,,,,,
2305,990,,1,,,,,,
2307,440,1,129,,,,,,
2309,830,,5,,,,,,
2311,830,,5,,,,,,
2313,950,,-9,,,,,,
2315,950,,-9,,,,,,
2317,950,,-9,,,,,,
2319,950,,-9,,,,,,
2321,950,,-9,,,,,,
2323,950,,-9,,,,,,
2325,950,,-9,,,,,,
2327,950,,-9,,,,,,
2329,950,,-9,,,,,,
2331,950,,-9,,,,,,
2333,950,,-9,,,,,,
2335,950,,-9,,,,,,
2337,870,-3,,,,,,,
2339,1290,2,11,,,,,,
2340,1290,2,11,,,,,,
2341,1110,2,-103,,,,,,
2343,1110,2,-103,,,,,,
2345,1110,2,-103,,,,,,
2347,900,-3,-1,,,,,,
2349,820,1,-8,,,,,,
2351,820,1,-8,,,,,,
2353,820,1,-8,,,,,,
2355,820,1,-8,,,,,,
2357,820,1,-8,,,,,,
2359,820,1,-8,,,,,,
2361,820,1,-8,,,,,,
2363,820,1,-8,,,,,,
2365,820,1,-8,,,,,,
2366,1740,-5,-12,,,,,,
2368,1800,-13,,,,,,,
2370,430,,15,,,,,,
2372,1710,,,,,,,,
2373,1310,-2,,,,,,,
2374,860,,,,,,,,
2375,560,,,,,,,,
2376,2120,2,14,,,,,,
2377,510,1,17,,,,,,
2378,700,-3,5,,,,,,
2379,740,,-4,,,,,,
2380,1320,1,-29,,,,,,
2381,1320,1,-29,,,,,,
2382,1320,1,-29,,,,,,
2383,1320,1,-29,,,,,,
2384,670,,-8,,,,,,
2385,1370,,7,,,,,,
2386,1500,,3,,,,,,
2387,760,,-4,,,,,,
2388,800,,,,,,,,
2389,550,,-1,,,,,,
2390,550,,-1,,,,,,
2391,1210,-6,,,,,,,
2393,820,1,-8,,,,,,
2394,550,,-1,,,,,,
2395,550,,-1,,,,,,
2396,1040,1,7,,,,,,
2397,1210,1,8,,,,,,
2398,1190,12,3,,,,,,
2399,854,-1,5,85,85,85,,,
2400,854,-1,5,85,85,85,,,
2401,854,-1,5,85,85,85,,,
2402,980,-2,-4,,,,,,
2403,1040,1,7,,,,,,
2404,700,-3,5,,,,,,
2405,1250,-1,,,,,,,
2406,461,,3,,,,,,
2407,970,,,,,,,,
2408,840,,,,,,,,
2409,700,-3,5,,,,,,
2410,1130,3,7,,,,,,
2411,700,-3,5,,,,,,
2412,2140,3,6,,,,,,
2413,2140,3,6,,,,,,
2414,2140,3,6,,,,,,
2415,1710,,-18,,,,,,
2416,1830,-7,,,,,,,
2417,1480,-12,50,,,,,,
2418,700,-3,5,,,,,,
2419,630,3,16,,,,,,
2420,1010,1,-1,,,,,,
2421,630,3,16,,,,,,
2422,440,1,1,,,,,,
2423,900,,-9,,,,,,
2424,760,,-2,,,,,,
2425,2209,-1,,,,,,,
2426,870,-3,,,,,,,
2428,550,,-1,,,,,,
2430,550,,-1,,,,,,
2432,550,,-1,,,,,,
2434,550,,-1,,,,,,
2436,550,,-1,,,,,,
2438,550,,-1,,,,,,
2440,550,,-1,,,,,,
2442,550,,-1,,,,,,
2444,550,,-1,,,,,,
2446,550,,-1,,,,,,
2448,550,,-1,,,,,,
2450,550,,-1,,,,,,
2452,550,,-1,,,,,,
2454,550,,-1,,,,,,
2456,550,,-1,,,,,,
2458,550,,-1,,,,,,
2460,840,,-2,,,,,,
2462,840,,-2,,,,,,
2464,840,,-2,,,,,,
2466,840,,-2,,,,,,
2468,840,,-2,,,,,,
2470,840,,-2,,,,,,
2472,840,,-2,,,,,,
2474,840,,-2,,,,,,
2476,840,,-2,,,,,,
2480,900,-3,-1,,,,,,
2481,700,4,,,,,,,
2483,550,,-1,,,,,,
2485,700,4,,,,,,,
2487,740,7,-33,,,,,,
2489,740,7,-33,,,,,,
2491,740,7,-33,,,,,,
2493,1720,7,5,,,,,,
2495,1720,7,5,,,,,,
2497,1720,7,5,,,,,,
2499,1030,,-4,,,,,,
2501,1030,,-4,,,,,,
2503,1030,,-4,,,,,,
2505,1190,-1,-2,,,,,,
2507,1190,-1,-2,,,,,,
2509,1190,-1,-2,,,,,,
2511,1180,,-7,,,,,,
2512,1010,1,-1,,,,,,
2513,1100,,2,,,,,,
2514,950,,,,,,,,
2516,990,-1,2,,,,,,
2518,550,,-4,,,,,,
2520,920,1,-2,,,,,,
2522,920,1,-2,,,,,,
2524,920,1,-2,,,,,,
2526,920,1,-2,,,,,,
2528,840,2,-2,,,,,,
2529,1390,,,,,,,,
2530,1410,2,,,,,,,
2532,1580,,,,,,,,2:2542|3:2543|4:2544|5:2545
2533,1750,1,1,,,,,,2:2546|3:2547|4:2548|5:2549
2534,1580,,,,,,,,2:2542|3:2543|4:2544|5:2545
2535,1330,,,,,,,,2:2546|3:2547|4:2548|5:2549
2536,1580,,,,,,,,2:2542|3:2543|4:2544|5:2545
2537,1750,1,1,,,,,,2:2546|3:2547|4:2548|5:2549
2538,1580,,,,,,,,2:2542|3:2543|4:2544|5:2545
2539,1750,1,1,,,,,,2:2546|3:2547|4:2548|5:2549
2540,1580,,,,,,,,2:2542|3:2543|4:2544|5:2545
2541,1750,1,1,,,,,,2:2546|3:2547|4:2548|5:2549
2542,1420,3,-39,,,,,,
2543,1360,12,9,,,,,,
2544,1820,1,-25,,,,,,
2545,,4,,,,,,,
2546,1750,1,1,,,,,,
2547,1750,1,1,,,,,,
2548,1750,1,1,,,,,,
2549,1750,1,1,,,,,,
2550,830,4,-12,,,,,,
2552,830,4,-12,,,,,,
2554,830,4,-12,,,,,,
2556,830,4,-12,,,,,,
2558,830,4,-12,,,,,,
2560,830,4,-12,,,,,,
2562,830,4,-12,,,,,,
2564,830,4,-12,,,,,,
2566,830,4,-12,,,,,,
2568,830,4,-12,,,,,,
2570,830,4,-12,,,,,,
2572,830,4,-12,,,,,,
2574,690,3,10,,,,,,
2575,690,,-1,,,,,,
2576,990,-1,56,,,,,,
2577,770,1,-6,,,,,,
2579,770,1,-6,,,,,,
2581,650,-3,-2,,,,,,
2583,1180,-1,-1,,,,,,
2585,1740,,-8,,,,,,
2587,800,-1,6,,,,,,
2589,1560,-6,-14,,,,,,
2591,1180,-1,-1,,,,,,
2593,1740,,-8,,,,,,
2595,800,-1,6,,,,,,
2597,1560,-6,-14,,,,,,
2599,1180,-1,-1,,,,,,
2601,1740,,-8,,,,,,
2603,1560,-6,-14,,,,,,
2605,800,-1,6,,,,,,
2607,1180,-1,-1,,,,,,
2609,1740,,-8,,,,,,
2611,1560,-6,-14,,,,,,
2613,800,-1,6,,,,,,
2615,1180,-1,-1,,,,,,
2617,1740,,-8,,,,,,
2619,800,-1,6,,,,,,
2621,1560,-6,-14,,,,,,
2623,1180,-1,-1,,,,,,
2625,1740,,-8,,,,,,
2627,800,-1,6,,,,,,
2629,1560,-6,-14,,,,,,
2631,290,3,,,,,,,
2633,560,-1,-4,,,,,,
2635,560,-1,-4,,,,,,
2637,560,-1,-4,,,,,,
2639,690,-1,-8,,,,,,
2641,690,-1,-8,,,,,,
2643,690,-1,-8,,,,,,
2645,380,-1,,,,,,,
2647,380,-1,,,,,,,
2649,380,-1,,,,,,,
2651,600,-3,,,,,,,
2653,1180,-1,-1,,,,,,
2655,1740,,-8,,,,,,
2657,800,-1,6,,,,,,
2659,1560,-6,-14,,,,,,
2661,1180,-1,-1,,,,,,
2663,1740,,-8,,,,,,
2665,800,-1,6,,,,,,
2667,1560,-6,-14,,,,,,
2669,1180,-1,-1,,,,,,
2671,1740,,-8,,,,,,
2673,800,-1,6,,,,,,
2675,1560,-6,-14,,,,,,
2677,1010,1,,,,,,,
2678,1010,1,,,,,,,
2679,1010,1,,,,,,,
2680,1010,1,,,,,,,
2681,1010,1,,,,,,,
2682,1010,1,,,,,,,
2683,1010,1,,,,,,,
2684,1010,1,,,,,,,
2685,1010,1,,,,,,,
2686,1010,1,,,,,,,
2687,1010,1,,,,,,,
2688,1010,1,,,,,,,
2689,1010,1,,,,,,,
2690,1010,1,,,,,,,
2691,1010,1,,,,,,,
2692,1010,1,,,,,,,
2693,1010,1,,,,,,,
2694,1010,1,,,,,,,
2695,1010,1,,,,,,,
2696,1010,1,,,,,,,
2697,1010,1,,,,,,,
2698,1010,1,,,,,,,
2699,1010,1,,,,,,,
2700,1010,1,,,,,,,
2701,1010,1,,,,,,,
2702,1010,1,,,,,,,
2703,1010,1,,,,,,,
2704,1010,1,,,,,,,
2705,1010,1,,,,,,,
2706,1010,1,,,,,,,
2707,1010,1,,,,,,,
2708,1010,1,,,,,,,
2709,1010,1,,,,,,,
2710,1010,1,,,,,,,
2711,1010,1,,,,,,,
2712,1010,1,,,,,,,
2713,1010,1,,,,,,,
2714,1410,3,-6,,,,,,
2715,1410,3,-6,,,,,,
2716,1010,1,,,,,,,
2717,1410,3,-6,,,,,,
2718,1410,3,-6,,,,,,
2719,1010,1,,,,,,,
2720,1410,3,-6,,,,,,
2721,1410,3,-6,,,,,,
2722,1010,1,,,,,,,
2723,1010,1,,,,,,,
2724,1410,3,-6,,,,,,
2725,1010,1,,,,,,,
2726,1410,3,-6,,,,,,
2727,1010,1,,,,,,,
2728,1410,3,-6,,,,,,
2729,1010,1,,,,,,,
2730,1410,3,-6,,,,,,
2731,1010,1,,,,,,,
2732,1410,3,-6,,,,,,
2733,1010,1,,,,,,,
2734,1410,3,-6,,,,,,
2735,1010,1,,,,,,,
2736,1410,3,-6,,,,,,
2737,1010,1,,,,,,,
2738,1410,3,-6,,,,,,
2739,1010,1,,,,,,,
2740,1410,3,-6,,,,,,
2741,1010,1,,,,,,,
2742,1410,3,-6,,,,,,
2743,1010,1,,,,,,,
2744,1410,3,-6,,,,,,
2745,1010,1,,,,,,,
2746,1410,3,-6,,,,,,
2747,1010,1,,,,,,,
2748,1410,3,-6,,,,,,
2749,2180,-1,1,,,,,,
2750,2180,-1,1,,,,,,
2751,2180,-1,1,,,,,,
2752,2180,-1,1,,,,,,
2753,2180,-1,1,,,,,,
2754,2180,-1,1,,,,,,
2755,2180,-1,1,,,,,,
2756,2180,-1,1,,,,,,
2757,2180,-1,1,,,,,,
2758,2180,-1,1,,,,,,
2759,2180,-1,1,,,,,,
2760,2180,-1,1,,,,,,
2761,2180,-1,1,,,,,,
2762,2180,-1,1,,,,,,
2763,2180,-1,1,,,,,,
2764,2180,-1,1,,,,,,
2765,2180,-1,1,,,,,,
2766,2180,-1,1,,,,,,
2767,2180,-1,1,,,,,,
2768,2180,-1,1,,,,,,
2769,2180,-1,1,,,,,,
2770,2180,-1,1,,,,,,
2771,2180,-1,1,,,,,,
2772,2180,-1,1,,,,,,
2773,1010,1,,,,,,,
2774,1010,1,,,,,,,
2775,1410,3,-6,,,,,,
2776,1010,1,,,,,,,
2777,1410,3,-6,,,,,,
2778,1010,1,,,,,,,
2779,1410,3,-6,,,,,,
2780,1010,1,,,,,,,
2781,1410,3,-6,,,,,,
2782,1010,1,,,,,,,
2783,1010,1,,,,,,,
2784,1410,3,-6,,,,,,
2785,1010,1,,,,,,,
2786,1010,1,,,,,,,
2787,1410,3,-6,,,,,,
2788,1010,1,,,,,,,
2789,1410,3,-6,,,,,,
2790,1010,1,,,,,,,
2791,1410,3,-6,,,,,,
2792,1010,1,,,,,,,
2793,1010,1,,,,,,,
2794,1010,1,,,,,,,
2795,900,,4,,,,,,
2796,1010,1,,,,,,,
2797,1010,1,,,,,,,
2798,900,,4,,,,,,
2799,1010,1,,,,,,,
2800,900,,4,,,,,,
2801,1010,1,,,,,,,
2802,1410,3,-6,,,,,,
2803,1010,1,,,,,,,
2804,1410,3,-6,,,,,,
2805,1010,1,,,,,,,
2806,1410,3,-6,,,,,,
2807,1010,1,,,,,,,
2808,1410,3,-6,,,,,,
2809,1010,1,,,,,,,
2810,1410,3,-6,,,,,,
2811,1010,1,,,,,,,
2812,1410,3,-6,,,,,,
2813,1010,1,,,,,,,
2814,1410,3,-6,,,,,,
2815,1010,1,,,,,,,
2816,1410,3,-6,,,,,,
2817,1010,1,,,,,,,
2818,1410,3,-6,,,,,,
2819,1010,1,,,,,,,
2820,1410,3,-6,,,,,,
2821,1010,1,,,,,,,
2822,1410,3,-6,,,,,,
2823,1010,1,,,,,,,
2824,1410,3,-6,,,,,,
2825,1010,1,,,,,,,
2826,1410,3,-6,,,,,,
2827,1010,1,,,,,,,
2828,1410,3,-6,,,,,,
2829,1010,1,,,,,,,
2830,1410,3,-6,,,,,,
2831,1010,1,,,,,,,
2832,700,-3,5,,,,,,
2833,1010,1,,,,,,,
2834,700,-3,5,,,,,,
2835,1010,1,,,,,,,
2836,700,-3,5,,,,,,
2837,1010,1,,,,,,,
2838,700,-3,5,,,,,,
2839,1010,1,,,,,,,
2840,700,-3,5,,,,,,
2841,1010,1,,,,,,,
2842,1010,1,,,,,,,
2843,1010,1,,,,,,,
2844,1010,1,,,,,,,
2845,1010,1,,,,,,,
2846,1010,1,,,,,,,
2847,1010,1,,,,,,,
2848,1010,1,,,,,,,
2849,1010,1,,,,,,,
2850,1010,1,,,,,,,
2851,1010,1,,,,,,,
2852,1010,1,,,,,,,
2853,1010,1,,,,,,,
2854,1010,1,,,,,,,
2855,1010,1,,,,,,,
2856,1010,1,,,,,,,
2857,1010,1,,,,,,,
2858,1010,1,,,,,,,
2859,1410,2,,,,,,,
2861,780,4,4,,,,,,
2862,1310,-1,-4,,,,,,
2864,1220,6,-29,,,,,,2:7923|3:7924|4:7925|5:7926
2865,1220,6,-29,,,,,,2:11160|3:11161|4:11162|5:11163
2866,1220,6,-29,,,,,,2:2870|3:2869|4:2868|5:2867
2867,1220,6,-29,,,,,,
2868,1220,6,-29,,,,,,
2869,1220,6,-29,,,,,,
2870,1220,6,-29,,,,,,
2871,970,,-4,,,,,,
2872,970,,-4,,,,,,
2873,970,,-4,,,,,,
2874,970,,-4,,,,,,
2875,1430,-2,-34,,,,,,
2876,870,-3,,,,,,,
2878,870,-3,,,,,,,
2880,870,-3,,,,,,,
2882,870,-3,,,,,,,
2883,2060,,,,,,,,
2884,1744,,,,,,,,
2885,1940,,1,,,,,,
2886,854,-4,3,,,,,,
2887,700,-3,5,,,,,,
2888,850,1,,,,,,,
2889,850,1,,,,,,,
2890,,-2,22,,,,,,
2892,1400,1,15,,,,,,
2893,820,1,-8,,,,,,
2894,770,1,-6,,,,,,
2896,1370,,7,,,,,,
2898,1940,,1,,,,,,
2900,800,5,-10,,,,,,
2902,930,8,-8,,,,,,
2904,770,1,-6,,,,,,
2906,1370,,7,,,,,,
2908,1940,,1,,,,,,
2910,800,5,-10,,,,,,
2912,930,8,-8,,,,,,
2914,770,1,-6,,,,,,
2916,1370,,7,,,,,,
2918,1940,,1,,,,,,
2920,800,5,-10,,,,,,
2922,930,8,-8,,,,,,
2924,770,1,-6,,,,,,
2926,1370,,7,,,,,,
2928,1940,,1,,,,,,
2930,800,5,-10,,,,,,
2932,930,8,-8,,,,,,
2934,770,1,-6,,,,,,
2936,1370,,7,,,,,,
2938,1940,,1,,,,,,
2940,800,5,-10,,,,,,
2942,930,8,-8,,,,,,
2944,700,-3,5,,,,,,
2945,700,-3,5,,,,,,
2946,660,1,-10,,,,,,
2947,570,,-2,,,,,,
2948,990,-1,2,,,,,,
2949,900,-3,-1,,,,,,
2950,700,4,10,,,,,,
2951,850,2,4,,,,,,
2952,760,,-4,,,,,,
2953,1020,,-18,,,,,,
2954,1020,,-18,,,,,,
2955,660,-3,2,,,,,,
2957,550,-2,-4,,,,,,
2958,550,-2,-4,,,,,,
2959,740,1,-19,,,,,,
2961,980,-4,2,,,,,,
2963,980,-4,2,,,,,,
2964,910,,,,,,,,
2966,1090,-3,,,,,,,
2967,860,1,22,,,,,,
2968,940,,,,,,,,
2969,940,,,,,,,,
2970,790,3,,,,,,,
2972,1160,,-9,,,,,,
2974,830,,,,,,,,
2976,1330,,,,,,,,
2978,800,5,-10,,,,,,
2979,800,5,-10,,,,,,
2980,800,5,-10,,,,,,
2981,800,5,-10,,,,,,
2982,800,5,-10,,,,,,
2983,800,5,-10,,,,,,
2984,800,5,-10,,,,,,
2985,800,5,-10,,,,,,
2986,800,5,-10,,,,,,
2987,800,5,-10,,,,,,
2988,800,5,-10,,,,,,
2989,800,5,-10,,,,,,
2990,800,5,-10,,,,,,
2991,800,5,-10,,,,,,
2992,800,5,-10,,,,,,
2993,800,5,-10,,,,,,
2994,800,5,-10,,,,,,
2995,800,5,-10,,,,,,
2996,1160,,,,,,,,
2997,810,-3,,,,,,,
2998,700,4,,,,,,,
3000,700,4,,,,,,,
3002,550,,-1,,,,,,
3004,550,,-1,,,,,,
3006,550,,-1,,,,,,
3008,550,,-1,,,,,,
3010,550,,-1,,,,,,
3012,550,,-1,,,,,,
3014,550,,-1,,,,,,
3016,550,,-1,,,,,,
3018,550,,-1,,,,,,
3020,550,,-1,,,,,,
3022,550,,-1,,,,,,
3024,550,,-1,,,,,,
3026,550,,-1,,,,,,
3028,550,,-1,,,,,,
3030,550,,-1,,,,,,
3032,550,,-1,,,,,,
3034,550,,-1,,,,,,
3036,550,,-1,,,,,,
3038,550,,-1,,,,,,
3040,550,,-1,,,,,,
3042,550,,-1,,,,,,
3044,550,,-1,,,,,,
3046,550,,-1,,,,,,
3049,700,4,,,,,,,
3051,700,4,,,,,,,
3053,1490,-5,2,,,,,,
3054,1490,-5,2,,,,,,
3057,480,,-2,,,,,,
3058,1160,,4,,,,,,
3059,1690,1,4,,,,,,
3060,930,8,-8,,,,,,
3061,770,1,-6,,,,,,
3062,3840,15,-126,,,,,,
3064,1916,11,-30,,,,,,
3066,1284,,11,,,,,,
3068,1284,,11,,,,,,
3070,1284,,11,,,,,,
3072,1284,,11,,,,,,
3074,1284,,11,,,,,,
3076,1284,,11,,,,,,
3078,1284,,11,,,,,,
3082,1284,,11,,,,,,
3084,1284,,11,,,,,,
3086,1284,,11,,,,,,
3088,1284,,11,,,,,,
3090,1284,,11,,,,,,
3092,1284,,11,,,,,,
3093,720,8,11,,,,,,
3094,720,8,11,,,,,,
3095,630,-7,-13,,,,,,
3096,630,-7,-13,,,,,,
3097,630,-7,-13,,,,,,
3098,630,-7,-13,,,,,,
3099,630,-7,-13,,,,,,
3100,630,-7,-13,,,,,,
3101,630,-7,-13,,,,,,
3102,760,,2,,,,,,
3103,760,,2,,,,,,
3104,990,-1,56,,,,,,
3105,770,1,-6,,,,,,
3107,790,1,,,,,,,
3109,1400,1,,,,,,,
3110,1400,1,,,,,,,
3111,1400,1,,,,,,,
3112,1400,1,,,,,,,
3113,1400,1,,,,,,,
3114,1040,1,7,,,,,,
3122,1630,,4,,,,,,
3123,1830,,,,,,,,
3125,1830,,,,,,,,
3127,1830,,,,,,,,
3128,2250,4,20,,,,,,
3129,2250,4,20,,,,,,
3130,2410,8,9,,,,,,
3131,2410,8,9,,,,,,
3132,2250,4,20,,,,,,
3133,1830,,,,,,,,
3135,860,-8,-2,,,,,,
3136,860,-9,-2,,,,,,
3137,860,-9,-2,,,,,,
3138,1240,,20,,,,,,
3140,1100,,2,,,,,,
3142,1800,,7,,,,,,
3144,1800,,7,,,,,,
3146,1800,,7,,,,,,
3147,1800,,7,,,,,,
3148,1800,,7,,,,,,
3150,1000,6,6,,,,,,
3151,1000,6,6,,,,,,
3152,2250,4,20,,,,,,
3153,2250,4,20,,,,,,
3154,2250,4,20,,,,,,
3155,2250,4,20,,,,,,
3156,2250,4,20,,,,,,
3157,940,,,,,,,,
3159,940,,,,,,,,
3161,1040,1,7,,,,,,
3162,920,,,,,,,,
3164,970,,-1,,,,,,
3165,1560,,,,,,,,
3166,1380,9,,,,,,,
3167,1510,,,,,,,,
3168,790,,10,,,,,,
3169,1380,9,,,,,,,
3170,1490,7,-4,,,,,,
3171,1490,7,-4,,,,,,
3172,1490,7,-4,,,,,,
3173,1490,7,-4,,,,,,
3174,1490,7,-4,,,,,,
3175,1490,7,-4,,,,,,
3176,1490,7,-4,,,,,,
3177,930,9,10,,,,,,
3179,1410,2,,,,,,,
3180,1410,2,,,,,,,
3181,1830,,,,,,,,
3182,1830,,,,,,,,
3183,1410,2,,,,,,,
3185,1410,2,,,,,,,
3186,1830,,,,,,,,
3187,1410,2,,,,,,,
3188,1360,,-15,,,,,,
3190,2130,,,,,,,,
3192,2130,,,,,,,,
3194,2130,,,,,,,,
3196,2130,,,,,,,,
3198,2130,,,,,,,,
3200,2130,,,,,,,,
3202,2130,,,,,,,,
3204,2160,-1,2,,,,,,
3206,1040,1,7,,,,,,
3207,1040,1,7,,,,,,
3208,620,1,16,,,,,,
3209,1340,5,-24,,,,,,
3211,,-7,-41,,,,,,
3213,,-7,-41,,,,,,
3214,1400,1,15,,,,,,
3215,1210,-6,,,,,,,
3216,1660,-3,-3,,,,,,
3218,1660,-3,-3,,,,,,
3219,1660,-3,-3,,,,,,
3220,1660,-3,-3,,,,,,
3221,1660,-3,-3,,,,,,
3222,1660,-3,-3,,,,,,
3223,1660,-3,-3,,,,,,
3224,1360,,-15,,,,,,
3226,560,1,3,,,,,,
3228,688,4,5,,,,,,
3230,840,,,,,,,,
3231,1890,-2,7,,,,,,
3233,1890,-2,7,,,,,,
3235,1890,-2,7,,,,,,
3237,1890,-2,7,,,,,,
3241,2660,6,-32,,,,,,
3242,1284,,11,,,,,,
3243,2660,6,-32,,,,,,
3244,1284,,11,,,,,,
3245,2600,1,-44,,,,,,
3246,1284,,11,,,,,,
3247,2660,6,-32,,,,,,
3248,1284,,11,,,,,,
3249,2530,,-30,,,,,,
3250,1370,7,,,,,,,
3251,2920,-1,-28,,,,,,
3252,1370,7,,,,,,,
3253,2370,,-30,,,,,,
3254,1370,7,,,,,,,
3255,2510,,-25,,,,,,
3256,1370,7,,,,,,,
3257,4430,,-592,,,,,,
3258,900,,2,,,,,,
3259,2510,,-25,,,,,,
3260,4379,,-5,,,,,,
3261,800,3,-1,,,,,,
3262,700,5,20,,,,,,
3263,700,5,20,,,,,,
3264,1210,-6,,,,,,,
3265,550,,-1,,,,,,
3266,960,15,-39,,,,,,
3267,2010,5,8,,,,,,
3268,2970,-57,-24,,,,,,
3269,860,-9,-2,,,,,,
3270,870,1,96,,,,,,
3271,2105,7,1,,,,,,
3272,17000,,,,,,,,
3325,1210,-6,,,,,,,
3327,730,3,11,,,,,,
3329,730,3,11,,,,,,
3331,730,3,11,,,,,,
3333,730,3,11,,,,,,
3335,730,3,11,,,,,,
3337,1190,7,-2,,,,,,
3339,1190,7,-2,,,,,,
3341,1190,7,-2,,,,,,
3343,1190,7,-2,,,,,,
3345,1130,,-89,,,,,,
3347,1130,,-89,,,,,,
3349,1130,,-89,,,,,,
3351,1130,,-89,,,,,,
3353,1130,,-89,,,,,,
3355,1800,,-57,,,,,,
3357,1800,,-57,,,,,,
3359,1800,,-57,,,,,,
3361,1800,,-57,,,,,,
3363,1640,,-70,,,,,,
3365,1640,,-70,,,,,,
3367,1640,,-70,,,,,,
3369,1640,,-70,,,,,,
3371,1640,,-70,,,,,,
3373,1640,,-70,,,,,,
3375,1640,,-70,,,,,,
3377,760,,-2,,,,,,
3379,1650,4,,,,,,,
3381,1650,4,,,,,,,
3383,1650,4,,,,,,,
3385,1040,-2,-59,,,,,,
3387,1373,-3,-3,,,,,,
3389,1320,4,-1,,,,,,
3391,750,7,,,,,,,
3393,810,6,,,,,,,
3395,830,1,-21,,,,,,
3396,1780,-4,12,,,,,,
3398,1780,-4,12,,,,,,
3400,1780,-4,12,,,,,,
3402,1780,-4,12,,,,,,
3404,1780,-4,12,,,,,,
3406,550,,-1,,,,,,
3408,550,,-1,,,,,,
3410,550,,-1,,,,,,
3412,550,,-1,,,,,,
3414,550,,-1,,,,,,
3416,550,,-1,,,,,,
3417,550,,-1,,,,,,
3418,550,,-1,,,,,,
3419,550,,-1,,,,,,
3420,,-7,-41,,,,,,
3422,550,,-1,,,,,,
3424,550,,-1,,,,,,
3426,550,,-1,,,,,,
3428,550,,-1,,,,,,
3430,550,,-1,,,,,,
3432,550,,-1,,,,,,
3434,550,,-1,,,,,,
3436,550,,-1,,,,,,
3438,1180,,-7,,,,,,
3440,1180,,-7,,,,,,
3442,1180,,-7,,,,,,
3444,1180,,-7,,,,,,
3446,1180,,-7,,,,,,
3448,1180,,-7,,,,,,
3450,1050,,2,,,,,,
3451,1050,,2,,,,,,
3452,1050,,2,,,,,,
3453,1050,,2,,,,,,
3454,1050,,2,,,,,,
3455,1050,,2,,,,,,
3456,1050,,2,,,,,,
3457,1050,,2,,,,,,
3458,1050,,2,,,,,,
3459,1050,,2,,,,,,
3460,1050,,2,,,,,,
3461,1050,,2,,,,,,
3462,1050,,2,,,,,,
3463,1050,,2,,,,,,
3464,1050,,2,,,,,,
3465,1050,,2,,,,,,
3466,1050,,2,,,,,,
3467,1050,,2,,,,,,
3468,1050,,2,,,,,,
3469,1050,,2,,,,,,
3472,1100,5,5,,,,,,
3473,1100,5,5,,,,,,
3474,1100,5,5,,,,,,
3475,1100,5,5,,,,,,
3476,1100,5,5,,,,,,
3477,1100,5,5,,,,,,
3478,1100,5,5,,,,,,
3479,1100,5,5,,,,,,
3480,1100,5,5,,,,,,
3481,1180,-1,-1,,,,,,
3483,1740,,-8,,,,,,
3485,1100,5,5,,,,,,
3486,800,-1,6,,,,,,
3488,1560,-6,-14,,,,,,
3490,1010,1,,,,,,,
3491,1010,1,,,,,,,
3492,1010,1,,,,,,,
3493,1010,1,,,,,,,
3494,1010,1,,,,,,,
3495,1010,1,,,,,,,
3496,1010,1,,,,,,,
3497,1010,1,,,,,,,
3498,1010,1,,,,,,,
3499,1010,1,,,,,,,
3500,1010,1,,,,,,,
3501,1010,1,,,,,,,
3502,1010,1,,,,,,,
3503,1010,1,,,,,,,
3504,1010,1,,,,,,,
3505,1010,1,,,,,,,
3506,1010,1,,,,,,,
3507,1010,1,,,,,,,
3508,1010,1,,,,,,,
3509,1010,1,,,,,,,
3510,1010,1,,,,,,,
3511,1410,3,-6,,,,,,
3512,1010,1,,,,,,,
3513,1010,1,,,,,,,
3514,1010,1,,,,,,,
3515,1010,1,,,,,,,
3516,1010,1,,,,,,,
3517,1410,3,-6,,,,,,
3518,1010,1,,,,,,,
3519,1410,3,-6,,,,,,
3520,1010,1,,,,,,,
3521,1410,3,-6,,,,,,
3522,1010,1,,,,,,,
3523,1410,3,-6,,,,,,
3524,1010,1,,,,,,,
3525,1010,1,,,,,,,
3526,1010,1,,,,,,,
3527,1410,3,-6,,,,,,
3528,1010,1,,,,,,,
3529,1410,3,-6,,,,,,
3530,1010,1,,,,,,,
3531,1410,3,-6,,,,,,
3532,1010,1,,,,,,,
3533,1410,3,-6,,,,,,
3534,1010,1,,,,,,,
3535,1410,3,-6,,,,,,
3536,1010,1,,,,,,,
3537,1410,3,-6,,,,,,
3538,1010,1,,,,,,,
3539,1410,3,-6,,,,,,
3540,1010,1,,,,,,,
3541,1410,3,-6,,,,,,
3542,1010,1,,,,,,,
3543,1410,3,-6,,,,,,
3544,1010,1,,,,,,,
3545,1410,3,-6,,,,,,
3546,1010,1,,,,,,,
3547,1410,3,-6,,,,,,
3548,1010,1,,,,,,,
3549,1410,3,-6,,,,,,
3550,1010,1,,,,,,,
3551,1410,3,-6,,,,,,
3552,1010,1,,,,,,,
3553,1410,3,-6,,,,,,
3554,1010,1,,,,,,,
3555,1410,3,-6,,,,,,
3556,1010,1,,,,,,,
3557,1410,3,-6,,,,,,
3558,1010,1,,,,,,,
3559,1410,3,-6,,,,,,
3560,1010,1,,,,,,,
3561,1410,3,-6,,,,,,
3562,1010,1,,,,,,,
3563,1410,3,-6,,,,,,
3564,1010,1,,,,,,,
3565,900,,4,,,,,,
3566,1010,1,,,,,,,
3567,900,,4,,,,,,
3568,1010,1,,,,,,,
3569,900,,4,,,,,,
3570,1010,1,,,,,,,
3571,900,,4,,,,,,
3572,1010,1,,,,,,,
3573,1010,1,,,,,,,
3574,1010,1,,,,,,,
3575,1010,1,,,,,,,
3576,900,,4,,,,,,
3577,1010,1,,,,,,,
3578,900,,4,,,,,,
3579,1010,1,,,,,,,
3580,1010,1,,,,,,,
3581,1410,3,-6,,,,,,
3582,1010,1,,,,,,,
3583,1410,3,-6,,,,,,
3584,1010,1,,,,,,,
3585,1410,3,-6,,,,,,
3586,1010,1,,,,,,,
3587,1410,3,-6,,,,,,
3588,1010,1,,,,,,,
3589,1410,3,-6,,,,,,
3590,1010,1,,,,,,,
3591,1410,3,-6,,,,,,
3592,1010,1,,,,,,,
3593,1410,3,-6,,,,,,
3594,1010,1,,,,,,,
3595,1410,3,-6,,,,,,
3596,1010,1,,,,,,,
3597,1410,3,-6,,,,,,
3598,1010,1,,,,,,,
3599,1010,1,,,,,,,
3600,1410,3,-6,,,,,,
3601,1010,1,,,,,,,
3602,1010,1,,,,,,,
3603,1410,3,-6,,,,,,
3604,1010,1,,,,,,,
3605,1010,1,,,,,,,
3606,700,-3,5,,,,,,
3607,1010,1,,,,,,,
3608,700,-3,5,,,,,,
3609,1010,1,,,,,,,
3610,1010,1,,,,,,,
3611,1010,1,,,,,,,
3612,1010,1,,,,,,,
3613,1010,1,,,,,,,
3614,1010,1,,,,,,,
3615,1010,1,,,,,,,
3616,1010,1,,,,,,,
3617,1010,1,,,,,,,
3618,1010,1,,,,,,,
3619,2180,-1,1,,,,,,
3620,2180,-1,1,,,,,,
3621,2180,-1,1,,,,,,
3622,2180,-1,1,,,,,,
3623,2180,-1,1,,,,,,
3624,2180,-1,1,,,,,,
3625,2180,-1,1,,,,,,
3626,2180,-1,1,,,,,,
3627,2180,-1,1,,,,,,
3628,2180,-1,1,,,,,,
3629,2180,-1,1,,,,,,
3630,2180,-1,1,,,,,,
3631,2180,-1,1,,,,,,
3632,2180,-1,1,,,,,,
3633,2180,-1,1,,,,,,
3634,2180,-1,1,,,,,,
3635,2180,-1,1,,,,,,
3636,2180,-1,1,,,,,,
3637,2180,-1,1,,,,,,
3638,2180,-1,1,,,,,,
3639,2180,-1,1,,,,,,
3640,2180,-1,1,,,,,,
3641,2180,-1,1,,,,,,
3642,2180,-1,1,,,,,,
3643,2180,-1,1,,,,,,
3644,2180,-1,1,,,,,,
3645,2180,-1,1,,,,,,
3646,2180,-1,1,,,,,,
3647,2180,-1,1,,,,,,
3648,2180,-1,1,,,,,,
3649,2180,-1,1,,,,,,
3650,2180,-1,1,,,,,,
3651,2180,-1,1,,,,,,
3652,2180,-1,1,,,,,,
3653,2180,-1,1,,,,,,
3654,2180,-1,1,,,,,,
3655,2180,-1,1,,,,,,
3656,2180,-1,1,,,,,,
3657,2180,-1,1,,,,,,
3658,2180,-1,1,,,,,,
3659,2180,-1,1,,,,,,
3660,2180,-1,1,,,,,,
3661,2180,-1,1,,,,,,
3662,2180,-1,1,,,,,,
3663,2180,-1,1,,,,,,
3664,2180,-1,1,,,,,,
3665,2180,-1,1,,,,,,
3666,2180,-1,1,,,,,,
3667,650,,,,,,,,
3678,1710,8,-6,,,,,,
3680,770,3,,,,,,,
3681,770,3,,,,,,,
3682,770,3,,,,,,,
3683,770,3,,,,,,,
3684,770,3,,,,,,,
3685,770,3,,,,,,,
3686,2660,6,-32,,,,,,
3687,3536,15,-37,,,,,,
3688,1230,-4,,,,,,,
3689,1230,-4,,,,,,,
3690,1230,-4,,,,,,,
3691,1230,-4,,,,,,,
3692,940,-8,-21,,,,,,
3693,1070,,-7,,,,,,
3694,720,6,-9,,,,,,
3695,1010,-4,,,,,,,
3696,1170,4,4,,,,,,
3697,1170,4,4,,,,,,
3698,840,,-2,,,,,,
3699,760,,2,,,,,,
3700,770,1,-6,,,,,,
3701,990,-1,56,,,,,,
3702,530,3,2,,,,,,
3703,1340,,3,,,,,,
3704,990,-1,56,,,,,,
3705,760,,2,,,,,,
3706,830,3,-35,,,,,,
3707,700,,1,,,,,,
3708,1040,1,7,,,,,,
3709,1040,1,7,,,,,,
3710,1040,1,7,,,,,,
3711,1370,,-3,,,,,,
3712,1370,,-3,,,,,,
3713,920,-2,-2,,,,,,
3714,920,-2,-2,,,,,,
3715,230,15,16,,,,,,
3716,230,15,16,,,,,,
3717,,1,,,,,,,
3718,1130,3,7,,,,,,
3719,530,3,2,,,,,,
3720,700,-6,-10,,,,,,
3721,1160,1,-3,,,,,,
3722,1020,,-18,,,,,,
3723,1020,,-18,,,,,,
3724,1020,,-18,,,,,,
3725,1020,,-18,,,,,,
3726,1020,,-18,,,,,,
3727,1020,,-18,,,,,,
3728,1020,,-18,,,,,,
3729,600,1,100,,,,,,
3730,600,1,100,,,,,,
3731,600,1,100,,,,,,
3732,600,1,100,,,,,,
3733,600,1,100,,,,,,
3734,1660,-2,-13,,,,,,
3735,1660,-2,-13,,,,,,
3736,1660,-2,-13,,,,,,
3737,1260,-4,28,,,,,,
3738,1660,-2,-13,,,,,,
3739,1660,-2,-13,,,,,,
3740,1660,-2,-13,,,,,,
3741,1660,-2,-13,,,,,,
3742,900,3,8,,,,,,
3743,400,16,23,,,,,,
3744,400,16,23,,,,,,
3745,700,-3,5,,,,,,
3746,1090,-1,,,,,,,
3748,540,4,-1,,,,,,
3749,1010,-2,-4,,,,,,
3751,890,2,,,,,,,
3753,1100,2,,,,,,,
3755,820,2,,,,,,,
3757,1710,1,23,,,,,,
3758,2080,3,9,,,,,,
3759,2140,3,6,,,,,,
3761,2140,3,6,,,,,,
3763,2140,3,6,,,,,,
3765,2140,3,6,,,,,,
3767,1370,,7,,,,,,
3769,1370,,7,,,,,,
3771,1370,,7,,,,,,
3773,1370,,7,,,,,,
3775,1370,,7,,,,,,
3777,2140,3,6,,,,,,
3779,2140,3,6,,,,,,
3781,2140,3,6,,,,,,
3783,2140,3,6,,,,,,
3785,2140,3,6,,,,,,
3787,2140,3,6,,,,,,
3789,2140,3,6,,,,,,
3791,770,1,-6,,,,,,
3793,1370,,7,,,,,,
3795,1940,,1,,,,,,
3797,800,5,-10,,,,,,
3799,930,8,-8,,,,,,
3801,1370,,-3,,,,,,
3803,670,-4,1,,,,,,
3805,670,-4,1,,,,,,
3807,720,3,5,,,,,,
3808,720,3,5,,,,,,
3809,720,3,5,,,,,,
3810,720,3,5,,,,,,
3811,720,3,5,,,,,,
3812,720,3,5,,,,,,
3813,720,3,5,,,,,,
3814,720,3,5,,,,,,
3815,720,3,5,,,,,,
3816,720,3,5,,,,,,
3817,720,3,5,,,,,,
3818,720,3,5,,,,,,
3819,720,3,5,,,,,,
3820,720,3,5,,,,,,
3821,720,3,5,,,,,,
3822,720,3,5,,,,,,
3823,640,-1,-42,,,,,,
3824,640,-1,-42,,,,,,
3825,640,-1,-42,,,,,,
3826,640,-1,-42,,,,,,
3827,680,1,5,,,,,,
3828,680,1,5,,,,,,
3829,680,1,5,,,,,,
3830,680,1,5,,,,,,
3831,680,1,5,,,,,,
3832,680,1,5,,,,,,
3833,680,1,5,,,,,,
3834,680,1,5,,,,,,
3835,680,1,5,,,,,,
3836,680,1,5,,,,,,
3837,680,1,5,,,,,,
3838,680,1,5,,,,,,
3839,830,1,-21,,,,,,
3840,830,1,-21,,,,,,
3841,830,1,-21,,,,,,
3842,830,1,-21,,,,,,
3843,830,1,-21,,,,,,
3844,830,1,-21,,,,,,
3845,840,,,,,,,,
3846,860,1,22,,,,,,
3847,830,1,-21,,,,,,
3848,700,-3,5,,,,,,
3849,1430,1,-2,,,,,,
3850,830,1,-21,,,,,,
3851,700,4,10,,,,,,
3853,465,7,66,,,,,,
3855,465,7,66,,,,,,
3857,465,7,66,,,,,,
3859,465,7,66,,,,,,
3861,465,7,66,,,,,,
3863,465,7,66,,,,,,
3865,465,7,66,,,,,,
3867,465,7,66,,,,,,
3869,740,,1,,,,,,
3870,740,,1,,,,,,
3871,740,,1,,,,,,
3872,740,,1,,,,,,
3873,740,,1,,,,,,
3874,740,,1,,,,,,
3875,740,,1,,,,,,
3876,740,,1,,,,,,
3877,740,,1,,,,,,
3878,740,,1,,,,,,
3879,740,,1,,,,,,
3880,740,,1,,,,,,
3881,740,,1,,,,,,
3882,740,,1,,,,,,
3883,740,,1,,,,,,
3884,740,,1,,,,,,
3885,740,,1,,,,,,
3886,740,,1,,,,,,
3887,740,,1,,,,,,
3888,740,,1,,,,,,
3889,740,,1,,,,,,
3890,740,,1,,,,,,
3891,740,,1,,,,,,
3892,740,,1,,,,,,
3893,740,4,7,,,,,,
3894,760,,2,,,,,,
3895,760,,2,,,,,,
3896,1040,1,7,,,,,,
3897,460,2,5,,,,,,
3898,1830,1,27,,,,,,
3899,980,-4,2,,,,,,
3901,830,1,-21,,,,,,
3902,850,3,6,,,,,,
3903,4304,4,67,,,,,,
3904,2180,-1,1,,,,,,
3905,1284,,11,,,,,,
3906,2180,-1,1,,,,,,
3907,1284,,11,,,,,,
3908,2180,-1,1,,,,,,
3909,1284,,11,,,,,,
3910,2180,-1,1,,,,,,
3911,1284,,11,,,,,,
3912,2180,-1,1,,,,,,
3913,1284,,11,,,,,,
3914,2180,-1,1,,,,,,
3915,1284,,11,,,,,,
3916,2180,-1,1,,,,,,
3917,1284,,11,,,,,,
3918,2180,-1,1,,,,,,
3919,1284,,11,,,,,,
3920,2180,-1,1,,,,,,
3921,1284,,11,,,,,,
3922,2180,-1,1,,,,,,
3923,1284,,11,,,,,,
3924,2180,-1,1,,,,,,
3925,1284,,11,,,,,,
3926,2180,-1,1,,,,,,
3927,1916,14,39,,,,,,
3928,2180,-1,1,,,,,,
3929,1916,14,39,,,,,,
3930,2180,-1,1,,,,,,
3931,1916,14,39,,,,,,
3932,2180,-1,1,,,,,,
3933,1916,14,39,,,,,,
3934,2180,-1,1,,,,,,
3936,2180,-1,1,,,,,,
3938,2180,-1,1,,,,,,
3940,2180,-1,1,,,,,,
3942,2180,-1,1,,,,,,
3944,2180,-1,1,,,,,,
3946,2180,-1,1,,,,,,
3948,2180,-1,1,,,,,,
3950,2180,-1,1,,,,,,
3951,300,1,,,,,,,
3952,2180,-1,1,,,,,,
3953,1230,-4,,,,,,,
3954,2180,-1,1,,,,,,
3955,1230,7,,,,,,,
3956,2180,-1,1,,,,,,
3957,1230,7,,,,,,,
3958,2180,-1,1,,,,,,
3959,1230,7,,,,,,,
3960,2180,-1,1,,,,,,
3961,1230,7,,,,,,,
3962,2180,-1,1,,,,,,
3963,1284,,11,,,,,,
3964,2180,-1,1,,,,,,
3965,1284,,11,,,,,,
3966,2180,-1,1,,,,,,
3967,1284,,11,,,,,,
3968,2180,-1,1,,,,,,
3969,1347,2,2,,,,,,
3970,2180,-1,1,,,,,,
3971,1550,3,3,,,,,,
3972,2180,-1,1,,,,,,
3973,700,-5,,,,,,,
3974,2180,-1,1,,,,,,
3975,700,-5,-3,,,,,,
3976,2180,-1,1,,,,,,
3977,700,-5,-3,,,,,,
3978,2180,-1,1,,,,,,
3979,828,-3,3,,,,,,
3980,2180,-1,1,,,,,,
3981,1660,,5,,,,,,
3982,2180,-1,1,,,,,,
3983,2230,,,,,,,,
3984,2180,-1,1,,,,,,
3985,530,2,19,,,,,,
3986,2180,-1,1,,,,,,
3987,589,7,-22,,,,,,
3988,2180,-1,1,,,,,,
3989,589,4,-14,,,,,,
3990,2180,-1,1,,,,,,
3991,560,8,-7,,,,,,
3992,2180,-1,1,,,,,,
3993,1230,-1,-1,,,,,,
3994,2180,-1,1,,,,,,
3995,1230,-3,1,,,,,,
3996,2180,-1,1,,,,,,
3997,1347,,,,,,,,
3998,2180,-1,1,,,,,,
3999,1537,2,,,,,,,
4000,850,3,6,,,,,,
4001,2500,,-30,,,,,,
4002,1820,3,8,,,,,,
4004,1040,1,7,,,,,,
4005,1040,1,7,,,,,,
4006,1250,3,-22,,,,,,
4007,820,1,-8,,,,,,
4008,690,1,-2,,,,,,
4009,690,1,-2,,,,,,
4010,690,1,-2,,,,,,
4012,910,,-2,,,,,,
4014,950,1,41,,,,,,
4016,910,,,,,,,,
4018,690,1,-2,,,,,,
4020,620,4,3,,,,,,
4021,520,,37,,,,,,
4022,330,,32,,,,,,
4023,750,,13,,,,,,
4024,750,,13,,,,,,
4025,750,,13,,,,,,
4026,750,,13,,,,,,
4027,750,,13,,,,,,
4028,750,,13,,,,,,
4029,750,,13,,,,,,
4030,750,,13,,,,,,
4031,750,,13,,,,,,
4033,1590,-3,7,,,,,,
4034,820,1,-10,,,,,,
4035,1040,1,7,,,,,,
4036,850,3,6,,,,,,
4037,2060,,6,,,,,,
4039,2060,,6,,,,,,
4041,2140,3,6,,,,,,
4042,2140,3,6,,,,,,
4043,1220,-1,-2,,,,,,
4045,550,,-1,,,,,,
4047,1240,-2,-30,,,,,,
4049,1200,-1,,,,,,,
4051,1310,5,-5,,,,,,
4053,2760,,-27,,,,,,
4055,830,1,-21,,,,,,
4056,2180,-1,1,,,,,,
4057,2180,-1,1,,,,,,
4058,2180,-1,1,,,,,,
4059,2180,-1,1,,,,,,
4060,2180,-1,1,,,,,,
4061,2180,-1,1,,,,,,
4062,2180,-1,1,,,,,,
4063,2180,-1,1,,,,,,
4064,2180,-1,1,,,,,,
4065,2180,-1,1,,,,,,
4066,5270,11,-72,,,,,,
4067,1160,,,,,,,,
4068,1530,6,-49,,,,,,
4069,1250,-1,,,,,,,
4070,1740,,-8,,,,,,
4071,640,1,-4,,,,,,
4072,1560,-6,-14,,,,,,
4073,660,1,-10,,,,,,
4075,790,,-15,,,,,,
4076,850,3,6,,,,,,
4077,700,-3,5,,,,,,
4078,700,-3,5,,,,,,
4079,560,7,5,,,,,,
4081,440,2,-18,,,,,,
4082,180,,1,,,,,,
4083,1960,,,,,,,,
4084,1960,,,,,,,,
4085,520,1,-8,,,,,,
4086,840,,-2,,,,,,
4087,1740,,-8,,,,,,
4089,980,,-18,,,,,,
4091,1870,,,,,,,,
4093,1690,5,7,,,,,,
4095,830,,3,,,,,,
4097,770,,-4,,,,,,
4099,980,,-18,,,,,,
4101,1870,,,,,,,,
4103,1690,5,7,,,,,,
4105,830,,3,,,,,,
4107,770,,-4,,,,,,
4109,980,,-18,,,,,,
4111,1870,,,,,,,,
4113,1690,5,7,,,,,,
4115,830,,3,,,,,,
4117,770,,-4,,,,,,
4119,770,3,-3,,,,,,
4121,770,3,-3,,,,,,
4123,770,3,-3,,,,,,
4125,770,3,-3,,,,,,
4127,770,3,-3,,,,,,
4129,770,3,-3,,,,,,
4131,770,3,-3,,,,,,
4133,3470,,,,,,,,
4135,4170,,,,,,,,
4136,2180,,,,,,,,
4137,3550,,,,,,,,
4138,2480,,,,,,,,
4139,3010,,,,,,,,
4140,3930,,,,,,,,
4142,2760,,,,,,,,
4143,2160,,,,,,,,
4144,7990,,,,,,,,
4145,3930,,,,,,,,
4146,3160,,,,,,,,
4147,2940,,,,,,,,
4148,4350,,,,,,,,
4149,5200,,,,,,,,
4150,1330,6,30,,,,,,
4151,840,-2,56,,,,,,
4153,,-1,17,,,,,,
4155,780,-5,7,,,,,,
4156,1910,1,,,,,,,
4158,,1,6,,,,,,
4159,,1,6,,,,,,
4160,1330,6,30,,,,,,2:4175|3:4174|4:4173|5:4172
4161,590,-4,-5,,,,,,
4162,1460,3,-49,,,,,,
4164,480,3,-15,,,,,,
4166,490,4,5,,,,,,
4168,320,2,7,,,,,,
4170,1890,-2,30,,,,,,
4172,1330,6,30,,,,,,
4173,1330,6,30,,,,,,
4174,1330,6,30,,,,,,
4175,1330,6,30,,,,,,
4177,850,3,6,,,,,,
4178,840,-2,56,,,,,,
4179,1270,1,11,,,,,,
4180,1740,,-8,,,,,,
4181,1690,,113,,,,,,
4182,800,3,-1,,,,,,
4183,700,-1,1,,,,,,
4184,800,-1,6,,,,,,
4185,800,-1,6,,,,,,
4186,710,-3,1,,,,,,
4187,600,-4,3,,,,,,
4188,600,5,3,,,,,,
4189,1450,2,12,,,,,,
4190,1880,1,,,,,,,
4191,2010,,-2,,,,,,
4192,2010,,-2,,,,,,
4193,2010,,-2,,,,,,
4194,1310,,5,,,,,,
4195,1800,5,5,,,,,,
4196,1760,4,13,,,,,,
4197,760,3,5,,,,,,
4198,760,6,2,,,,,,
4199,960,,,,,,,,
4200,1390,3,-2,,,,,,
4201,1540,,27,,,,,,
4202,350,,,,,,,,
4203,830,1,-21,,,,,,
4204,700,-3,5,,,,,,
4205,1450,,,80,80,80,,,
4206,1450,,,80,80,80,,,
4207,1450,2,22,,,,,,
4209,840,,,,,,,,
4211,,1,,,,,,,
4212,1570,1,,,,,,,
4213,1570,1,,,,,,,
4214,1570,1,,,,,,,
4215,1570,1,,,,,,,
4216,1570,1,,,,,,,
4217,1570,1,,,,,,,
4218,1570,1,,,,,,,
4219,1570,1,,,,,,,
4220,1570,1,,,,,,,
4221,1570,1,,,,,,,
4222,1570,1,,,,,,,
4223,1570,1,,,,,,,
4224,1720,-1,33,,,,,,
4225,1720,-1,33,,,,,,
4226,1720,-1,33,,,,,,
4227,1720,-1,33,,,,,,
4228,1720,-1,33,,,,,,
4229,1720,-1,33,,,,,,
4230,1720,-1,33,,,,,,
4231,1720,-1,33,,,,,,
4232,1720,-1,33,,,,,,
4233,1720,-1,33,,,,,,
4234,1720,-1,33,,,,,,
4235,1720,-1,33,,,,,,
4236,1820,-5,5,,,,,,
4237,910,,,,,,,,
4238,910,,,,,,,,
4239,910,,,,,,,,
4240,910,,,,,,,,
4241,1430,-5,-27,,,,,,
4242,500,-1,-2,,,,,,
4243,500,-1,-2,,,,,,
4244,620,,2,,,,,,
4245,620,,2,,,,,,
4246,620,,2,,,,,,
4247,2010,5,8,,,,,,
4248,830,1,-21,,,,,,
4249,830,1,-21,,,,,,
4250,480,,,,,,,,
4251,890,,-5,,,,,,
4252,890,,-5,,,,,,
4253,780,-2,-4,,,,,,
4254,780,-2,-4,,,,,,
4255,990,-1,2,,,,,,
4256,990,-1,2,,,,,,
4257,990,-1,2,,,,,,
4258,990,-1,2,,,,,,
4259,990,-1,2,,,,,,
4260,990,-1,2,,,,,,
4261,990,-1,2,,,,,,
4262,990,-1,2,,,,,,
4263,990,-1,2,,,,,,
4264,990,-1,2,,,,,,
4265,990,-1,2,,,,,,
4266,990,-1,2,,,,,,
4267,990,-1,2,,,,,,
4268,990,-1,2,,,,,,
4269,990,-1,2,,,,,,
4270,990,-1,2,,,,,,
4271,990,-1,2,,,,,,
4272,700,-3,5,,,,,,
4273,700,-3,5,,,,,,
4274,1020,,11,,,,,,
4275,1020,,11,,,,,,
4276,1020,,11,,,,,,
4277,1020,,11,,,,,,
4278,970,1,,,,,,,2:4279|3:4281
4279,970,1,,,,,,,
4280,850,3,6,,,,,,
4281,970,1,,,,,,,
4282,850,3,6,,,,,,
4283,700,-3,5,,,,,,
4284,1360,,-15,,,,,,
4285,1360,,-15,,,,,,
4286,1020,,-18,,,,,,
4287,560,1,3,,,,,,
4289,870,-3,,,,,,,
4291,870,-3,,,,,,,
4293,560,1,3,,,,,,
4295,2660,6,-32,,,,,,
4296,850,3,6,,,,,,
4297,2660,6,-32,,,,,,
4298,1370,,7,,,,,,
4300,1940,,1,,,,,,
4302,730,,,,,,,,
4304,2140,3,6,,,,,,
4306,610,6,5,,,,,,
4308,930,8,-8,,,,,,
4310,770,1,-6,,,,,,
4312,850,3,6,,,,,,
4313,840,,,,,,,,
4315,2130,3,12,,,,,,
4317,2130,3,12,,,,,,
4319,2130,3,12,,,,,,
4321,2130,3,12,,,,,,
4323,2130,3,12,,,,,,
4325,1770,-5,4,,,,,,
4327,1770,-5,4,,,,,,
4329,1770,-5,4,,,,,,
4331,1770,-5,4,,,,,,
4333,1770,-5,4,,,,,,
4335,2130,3,12,,,,,,
4337,2130,3,12,,,,,,
4339,2130,3,12,,,,,,
4341,2130,3,12,,,,,,
4343,2130,3,12,,,,,,
4345,1770,-5,4,,,,,,
4347,1770,-5,4,,,,,,
4349,1770,-5,4,,,,,,
4351,1770,-5,4,,,,,,
4353,1770,-5,4,,,,,,
4355,2130,3,12,,,,,,
4357,2130,3,12,,,,,,
4359,2130,3,12,,,,,,
4361,2130,3,12,,,,,,
4363,2130,3,12,,,,,,
4365,1770,-5,4,,,,,,
4367,1770,-5,4,,,,,,
4369,1770,-5,4,,,,,,
4371,1770,-5,4,,,,,,
4373,1770,-5,4,,,,,,
4375,2130,3,12,,,,,,
4377,2130,3,12,,,,,,
4379,2130,3,12,,,,,,
4381,2130,3,12,,,,,,
4383,2130,3,12,,,,,,
4385,1770,-5,4,,,,,,
4387,1770,-5,4,,,,,,
4389,1770,-5,4,,,,,,
4391,1770,-5,4,,,,,,
4393,1770,-5,4,,,,,,
4395,2130,3,12,,,,,,
4397,2130,3,12,,,,,,
4399,2130,3,12,,,,,,
4401,2130,3,12,,,,,,
4403,2130,3,12,,,,,,
4405,1770,-5,4,,,,,,
4407,1770,-5,4,,,,,,
4409,1770,-5,4,,,,,,
4411,1770,-5,4,,,,,,
4413,1770,-5,4,,,,,,
4415,1060,-15,,,,,,,
4416,780,,,,,,,,
4417,500,-1,-2,,,,,,
4419,500,-1,-2,,,,,,
4421,500,-1,-2,,,,,,
4423,500,-1,-2,,,,,,
4425,1330,-5,2,,,,,,
4426,1200,-3,,,,,,,
4427,760,,-2,,,,,,
4428,1040,1,7,,,,,,
4429,940,,-11,,,,,,
4430,940,,-11,,,,,,
4431,1040,8,-6,,,,,,
4432,1040,8,-6,,,,,,
4433,1500,-24,-13,,,,,,
4434,1500,-24,-13,,,,,,
4435,940,,,,,,,,
4436,990,-1,2,,,,,,
4438,770,,15,,,,,,
4440,770,,15,,,,,,
4442,990,-1,2,,,,,,
4443,2140,1,-11,,,,,,
4444,1060,-15,,,,,,,
4445,1180,,-7,,,,,,
4446,820,2,-30,,,,,,
4447,840,2,-2,,,,,,
4448,740,-7,1,,,,,,
4449,1330,6,30,,,,,,
4450,700,-3,5,,,,,,
4451,1330,6,30,,,,,,
4452,700,-3,5,,,,,,
4453,1330,6,30,,,,,,
4454,700,-3,5,,,,,,
4455,1330,6,30,,,,,,
4456,1030,,-7,,,,,,
4458,500,-1,-2,,,,,,
4460,500,-1,-2,,,,,,
4462,500,-1,-2,,,,,,
4464,500,-1,-2,,,,,,
4466,500,-1,-2,,,,,,
4468,500,-1,-2,,,,,,
4470,500,-1,-2,,,,,,
4472,500,-1,-2,,,,,,
4474,500,-1,-2,,,,,,
4476,500,-1,-2,,,,,,
4478,500,-1,-2,,,,,,
4480,500,-1,-2,,,,,,
4482,500,-1,-2,,,,,,
4484,1100,-3,4,,,,,,
4485,880,,-8,,,,,,
4486,730,-2,-16,,,,,,
4487,2220,,-140,,,,,,
4488,1780,,-3,,,,,,
4489,550,3,45,,,,,,
4490,2030,-3,,,,,,,
4492,820,-5,-16,,,,,,
4496,,,-2,,,,,,
4498,,,-1,,,,,,
4500,,,-1,,,,,,
4501,,,-1,,,,,,
4502,690,4,,,,,,,
4503,1530,6,-49,,,,,,
4504,1250,-1,,,,,,,
4505,1740,,-8,,,,,,
4506,640,1,-4,,,,,,
4507,1560,-6,-14,,,,,,
4508,1530,6,-49,,,,,,
4509,1250,-1,,,,,,,
4510,1740,,-8,,,,,,
4511,640,1,-4,,,,,,
4512,1560,-6,-14,,,,,,
4513,730,,,,,,,,
4514,2140,3,6,,,,,,
4515,730,,,,,,,,
4516,2140,3,6,,,,,,
4517,,-11,15,,,,,,
4519,4810,,-15,,,,,,
4520,2350,-3,-28,,,,,,
4521,3643,-11,66,,,,,,
4522,1070,,-1,,,,,,
4524,1070,,-1,,,,,,
4525,1070,,-1,,,,,,
4527,1250,,-8,,,,,,
4529,1250,,-8,,,,,,
4531,1250,,-8,,,,,,
4532,1250,,-8,,,,,,
4534,1250,,-8,,,,,,
4535,1210,,-1,,,,,,
4537,1210,,-1,,,,,,
4539,1210,,-1,,,,,,
4540,1210,,-1,,,,,,
4542,610,-3,3,,,,,,
4544,1190,,,,,,,,
4546,1190,,,,,,,,
4548,1190,,,,,,,,
4550,1190,,,,,,,,
4551,660,5,-3,,,,,,
4557,5800,,,,,,,,
4558,1460,7,5,90,90,90,,,
4559,1460,7,5,90,90,90,,,
4560,1460,7,5,90,90,90,,,
4561,1460,7,5,90,90,90,,,
4562,1460,7,5,90,90,90,,,
4563,1460,7,5,90,90,90,,,
4564,1460,7,5,90,90,90,,,
4565,960,2,-4,,,,,,
4566,1510,-3,13,,,,,,
4567,590,1,-4,,,,,,
4568,830,1,-21,,,,,,
4569,790,,,,,,,,
4570,790,,,,,,,,
4571,790,,,,,,,,
4572,880,-3,-1,,,,,,
4573,970,3,-1,,,,,,
4574,790,,,,,,,,
4575,1080,-1,,,,,,,
4576,1310,-7,-7,,,,,,
4577,1460,-9,-2,,,,,,
4578,1100,-1,,,,,,,
4579,550,1,1,,,,,,
4580,1490,7,-4,,,,,,
4582,1490,7,-4,,,,,,
4584,1490,7,-4,,,,,,
4585,1230,4,15,,,,,,
4587,1640,,6,,,,,,
4589,700,-3,5,,,,,,
4590,460,,-28,,,,,,
4591,590,,,,,,,,
4593,470,,,,,,,,
4595,810,-3,-14,,,,,,
4597,1040,1,7,,,,,,
4598,1040,1,7,,,,,,
4599,700,6,,,,,,,
4600,700,6,,,,,,,
4601,1020,,-18,,,,,,
4602,1020,,-18,,,,,,
4603,1040,1,7,,,,,,
4604,550,,-1,,,,,,
4605,1170,-3,,,,,,,
4606,1420,,,,,,,,
4607,1560,-5,-1,,,,,,
4608,700,4,1,,,,,,
4610,540,,-1,,,,,,
4611,780,,-32,,,,,,
4613,1040,-1,6,,,,,,
4614,1110,,6,,,,,,
4615,680,1,5,,,,,,
4616,830,1,-21,,,,,,
4617,700,-3,5,,,,,,
4618,1560,,2,,,,,,
4619,770,-1,2,,,,,,
4620,1370,-6,-1,,,,,,
4621,650,-2,24,,,,,,
4622,550,,-1,,,,,,
4623,650,-2,24,,,,,,
4624,940,,,,,,,,
4625,2660,6,-32,,,,,,
4626,850,3,6,,,,,,
4627,660,-3,2,,,,,,
4654,990,-1,56,,,,,,
4655,840,,,,,,,,
4656,700,-3,5,,,,,,
4657,830,3,-35,,,,,,
4658,990,-1,2,,,,,,
4659,990,-1,2,,,,,,
4660,990,-1,2,,,,,,
4661,990,-1,2,,,,,,
4662,990,-1,2,,,,,,
4663,990,-1,2,,,,,,
4664,990,-1,2,,,,,,
4665,990,-1,2,,,,,,
4666,990,-1,2,,,,,,
4667,990,-1,2,,,,,,
4668,1210,-6,,,,,,,
4670,780,-5,7,,,,,,
4671,780,-5,7,,,,,,
4672,780,-5,7,,,,,,
4673,780,-5,7,,,,,,
4674,1020,,-5,,,,,,
4675,1490,-5,2,,,,,,
4677,400,,-10,,,,,,
4678,1210,,-6,,,,,,
4679,1210,,-6,,,,,,
4680,1210,,-6,,,,,,
4681,1210,,-6,,,,,,
4682,460,3,4,,,,,,
4683,430,,-3,,,,,,
4684,1420,4,13,,,,,,
4686,830,1,-21,,,,,,
4687,1020,,-18,,,,,,
4689,1210,-6,,,,,,,
4691,970,-7,,,,,,,
4692,940,,,,,,,,
4693,1020,,-18,,,,,,
4694,740,,1,,,,,,
4695,740,,1,,,,,,
4696,740,,1,,,,,,
4697,740,,1,,,,,,
4698,740,,1,,,,,,
4699,740,,1,,,,,,
4700,1190,,,,,,,,
4701,1190,,,,,,,,
4702,1190,,,,,,,,
4703,780,-5,7,,,,,,
4704,660,1,,,,,,,
4705,830,1,-21,,,,,,
4706,850,3,6,,,,,,
4707,830,1,-21,,,,,,
4708,730,,,,,,,,
4710,1550,-4,-19,,,,,,
4712,1250,,3,,,,,,
4714,1730,,-4,,,,,,
4716,660,5,-8,,,,,,
4718,1710,,51,,,,,,
4720,1260,1,4,,,,,,
4722,1660,1,1,,,,,,
4724,860,17,,,,,,,
4726,1470,-2,-16,,,,,,
4728,960,,8,,,,,,
4730,1720,,1,,,,,,
4732,690,-1,-3,,,,,,
4734,1160,-4,39,,,,,,
4736,1380,3,,,,,,,
4738,1120,,,,,,,,
4740,870,1,1,,,,,,2:4741|3:4742|4:4743|5:4744
4741,870,1,1,,,,,,
4742,870,1,1,,,,,,
4743,870,1,1,,,,,,
4744,870,1,1,,,,,,
4745,660,11,,,,,,,
4747,1620,-16,-9,,,,,,
4749,1310,2,,,,,,,
4751,1720,,1,,,,,,
4753,810,5,1,,,,,,
4755,1440,,32,,,,,,
4757,1210,3,1,,,,,,
4759,1060,-1,-1,,,,,,
4761,3536,15,-37,,,,,,
4762,300,1,,,,,,,
4763,1220,6,-29,,,,,,
4764,1220,6,-29,,,,,,
4765,1220,6,-29,,,,,,
4766,1220,6,-29,,,,,,
4767,300,1,,,,,,,
4768,300,1,,,,,,,
4769,1220,6,-29,,,,,,
4770,1220,6,-29,,,,,,
4771,1220,6,-29,,,,,,
4772,1220,6,-29,,,,,,
4773,1700,,-9,,,,,,2:4774|3:4775|4:4776|5:4777
4774,1700,,-9,,,,,,
4775,1700,,-9,,,,,,
4776,1700,,-9,,,,,,
4777,1700,,-9,,,,,,
4778,1700,,-9,,,,,,2:4779|3:4780|4:4781|5:4782
4779,1700,,-9,,,,,,
4780,1700,,-9,,,,,,
4781,1700,,-9,,,,,,
4782,1700,,-9,,,,,,
4783,1700,,-9,,,,,,2:4784|3:4785|4:4786|5:4787
4784,1700,,-9,,,,,,
4785,1700,,-9,,,,,,
4786,1700,,-9,,,,,,
4787,1700,,-9,,,,,,
4788,1700,,-9,,,,,,2:4789|3:4790|4:4791|5:4792
4789,1700,,-9,,,,,,
4790,1700,,-9,,,,,,
4791,1700,,-9,,,,,,
4792,1700,,-9,,,,,,
4793,1700,,-9,,,,,,2:4794|3:4795|4:4796|5:4797
4794,1700,,-9,,,,,,
4795,1700,,-9,,,,,,
4796,1700,,-9,,,,,,
4797,1700,,-9,,,,,,
4798,1700,,-9,,,,,,2:4799|3:4800|4:4801|5:4802
4799,1700,,-9,,,,,,
4800,1700,,-9,,,,,,
4801,1700,,-9,,,,,,
4802,1700,,-9,,,,,,
4803,1700,,-9,,,,,,2:4804|3:4805|4:4806|5:4807
4804,1700,,-9,,,,,,
4805,1700,,-9,,,,,,
4806,1700,,-9,,,,,,
4807,1700,,-9,,,,,,
4808,720,-2,7,,,,,,
4809,940,,,,,,,,
4810,,-2,31,,,,,,
4811,940,-9,2,,,,,,
4812,,-2,3,,,,,,
4814,1690,,4,,,,,,
4815,1690,,4,,,,,,
4816,1690,,4,,,,,,
4817,830,1,-21,,,,,,
4818,1430,11,-5,,,,,,
4819,650,3,4,,,,,,
4820,650,3,4,,,,,,
4821,650,3,4,,,,,,
4822,650,3,4,,,,,,
4823,650,3,4,,,,,,
4824,650,3,4,,,,,,
4825,2070,,,,,,,,
4827,2070,,,,,,,,
4829,1220,,13,,,,,,
4830,,,-17,,,,,,
4832,,,-17,,,,,,
4834,,,-17,,,,,,
4836,760,,,,,,,,
4837,1220,,13,,,,,,
4838,500,-1,-2,,,,,,
4839,860,-8,-2,,,,,,
4840,550,,-1,,,,,,
4842,550,,-1,,,,,,
4844,550,,-1,,,,,,
4846,550,,-1,,,,,,
4848,550,,-1,,,,,,
4850,860,-8,-2,,,,,,
4852,990,-1,2,,,,,,
4853,990,-1,2,,,,,,
4854,990,-1,2,,,,,,
4855,990,-1,2,,,,,,
4856,730,,,,,,,,
4857,730,,,,,,,,
4858,730,,,,,,,,
4859,730,,,,,,,,
4860,730,,,,,,,,
4862,1550,-4,-19,,,,,,
4863,1550,-4,-19,,,,,,
4864,1550,-4,-19,,,,,,
4865,1550,-4,-19,,,,,,
4866,1550,-4,-19,,,,,,
4868,1250,,3,,,,,,
4869,1250,,3,,,,,,
4870,1250,,3,,,,,,
4871,1250,,3,,,,,,
4872,1250,,3,,,,,,
4874,1730,,-4,,,,,,
4875,1730,,-4,,,,,,
4876,1730,,-4,,,,,,
4877,1730,,-4,,,,,,
4878,1730,,-4,,,,,,
4880,660,5,-8,,,,,,
4881,660,5,-8,,,,,,
4882,660,5,-8,,,,,,
4883,660,5,-8,,,,,,
4884,660,5,-8,,,,,,
4886,1710,,51,,,,,,
4887,1710,,51,,,,,,
4888,1710,,51,,,,,,
4889,1710,,51,,,,,,
4890,1710,,51,,,,,,
4892,1260,1,4,,,,,,
4893,1260,1,4,,,,,,
4894,1260,1,4,,,,,,
4895,1260,1,4,,,,,,
4896,1260,1,4,,,,,,
4898,1660,1,1,,,,,,
4899,1660,1,1,,,,,,
4900,1660,1,1,,,,,,
4901,1660,1,1,,,,,,
4902,1660,1,1,,,,,,
4904,860,17,,,,,,,
4905,860,17,,,,,,,
4906,860,17,,,,,,,
4907,860,17,,,,,,,
4908,860,17,,,,,,,
4910,1470,-2,-16,,,,,,
4911,1470,-2,-16,,,,,,
4912,1470,-2,-16,,,,,,
4913,1470,-2,-16,,,,,,
4914,1470,-2,-16,,,,,,
4916,960,,8,,,,,,
4917,960,,8,,,,,,
4918,960,,8,,,,,,
4919,960,,8,,,,,,
4920,960,,8,,,,,,
4922,1720,,1,,,,,,
4923,1720,,1,,,,,,
4924,1720,,1,,,,,,
4925,1720,,1,,,,,,
4926,1720,,1,,,,,,
4928,690,-1,-3,,,,,,
4929,690,-1,-3,,,,,,
4930,690,-1,-3,,,,,,
4931,690,-1,-3,,,,,,
4932,690,-1,-3,,,,,,
4934,1160,-4,39,,,,,,
4935,1160,-4,39,,,,,,
4936,1160,-4,39,,,,,,
4937,1160,-4,39,,,,,,
4938,1160,-4,39,,,,,,
4940,1380,3,,,,,,,
4941,1380,3,,,,,,,
4942,1380,3,,,,,,,
4943,1380,3,,,,,,,
4944,1380,3,,,,,,,
4946,1120,,,,,,,,
4947,1120,,,,,,,,
4948,1120,,,,,,,,
4949,1120,,,,,,,,
4950,1120,,,,,,,,
4952,660,11,,,,,,,
4953,660,11,,,,,,,
4954,660,11,,,,,,,
4955,660,11,,,,,,,
4956,660,11,,,,,,,
4958,1620,-16,-9,,,,,,
4959,1620,-16,-9,,,,,,
4960,1620,-16,-9,,,,,,
4961,1620,-16,-9,,,,,,
4962,1620,-16,-9,,,,,,
4964,1310,2,,,,,,,
4965,1310,2,,,,,,,
4966,1310,2,,,,,,,
4967,1310,2,,,,,,,
4968,1310,2,,,,,,,
4970,1720,,1,,,,,,
4971,1720,,1,,,,,,
4972,1720,,1,,,,,,
4973,1720,,1,,,,,,
4974,1720,,1,,,,,,
4976,810,5,1,,,,,,
4977,810,5,1,,,,,,
4978,810,5,1,,,,,,
4979,810,5,1,,,,,,
4980,810,5,1,,,,,,
4982,1440,,32,,,,,,
4983,1440,,32,,,,,,
4984,1440,,32,,,,,,
4985,1440,,32,,,,,,
4986,1440,,32,,,,,,
4988,1210,3,1,,,,,,
4989,1210,3,1,,,,,,
4990,1210,3,1,,,,,,
4991,1210,3,1,,,,,,
4992,1210,3,1,,,,,,
4994,1060,-1,-1,,,,,,
4995,1060,-1,-1,,,,,,
4996,1060,-1,-1,,,,,,
4997,1060,-1,-1,,,,,,
4998,1060,-1,-1,,,,,,
5001,1440,-11,42,,,,,,
5002,1440,-11,42,,,,,,
5003,1440,-11,42,,,,,,
5004,,-3,,,,,,,
5008,690,,,,,,,,
5009,750,,26,,,,,,
5010,700,-3,5,,,,,,
5011,1690,8,17,,,,,,
5012,990,-1,56,,,,,,
5013,730,-5,-2,,,,,,
5014,730,-5,-2,,,,,,
5016,2160,-1,,,,,,,
5018,1770,14,,,,,,,
5020,990,,,,,,,,
5021,990,,,,,,,,
5022,990,,,,,,,,
5023,990,,,,,,,,
5024,810,,,,,,,,
5026,810,,,,,,,,
5028,810,,,,,,,,
5030,790,,1,,,,,,
5032,790,,1,,,,,,
5034,790,,1,,,,,,
5036,980,,2,,,,,,
5038,980,,2,,,,,,
5040,980,,2,,,,,,
5042,730,1,,,,,,,
5044,730,1,,,,,,,
5046,730,1,,,,,,,
5048,890,,,,,,,,
5050,890,,,,,,,,
5052,890,,,,,,,,
5054,4240,-21,-46,,,,,,
5056,1470,1,7,,,,,,
5057,1470,1,7,,,,,,
5058,1470,1,7,,,,,,
5059,1470,1,7,,,,,,
5060,1470,1,7,,,,,,
5061,1470,1,7,,,,,,
5062,630,-3,-5,,,,,,
5063,640,7,-5,,,,,,
5064,740,2,-5,,,,,,
5065,830,1,-21,,,,,,
5066,970,3,-1,,,,,,
5067,890,,5,,,,,,
5068,2660,6,-32,,,,,,
5069,850,3,6,,,,,,
5070,1100,2,,,,,,,
5071,1100,2,,,,,,,
5072,1100,2,,,,,,,
5073,1100,2,,,,,,,
5074,1100,2,,,,,,,
5075,1100,2,,,,,,,
5076,650,,,,,,,,
5077,650,,,,,,,,
5078,650,,,,,,,,
5079,2290,-5,2,,,,,,
5080,2290,-5,2,,,,,,
5081,1070,-2,-19,,,,,,
5082,2290,-5,2,,,,,,
5083,1070,-2,-19,,,,,,
5084,2290,-5,2,,,,,,
5085,1600,-60,110,,,,,,
5086,2290,-5,2,,,,,,
5087,1510,1,1,,,,,,
5088,2290,-5,2,,,,,,
5089,3280,-20,-20,,,,,,
5090,2290,-5,2,,,,,,
5091,1000,1,27,,,,,,
5092,2290,-5,2,,,,,,
5093,1730,,,,,,,,
5094,2290,-5,2,,,,,,
5095,550,-1,-1,,,,,,
5096,730,3,,,,,,,2:5131|3:5132|4:5133|5:5134
5097,1110,1,-56,,,,,,2:5135|3:5136|4:5137|5:5138
5098,650,-1,93,,,,,,2:5196|3:5197|4:5198|5:5199
5099,1030,-5,6,,,,,,2:5200|3:5201|4:5202|5:5203
5100,680,,28,,,,,,2:5268|3:5269|4:5270|5:5271
5101,1040,-1,-20,,,,,,2:5204|3:5205|4:5206|5:5207
5102,1040,-1,-20,,,,,,2:5208|3:5209|4:5210|5:5211
5103,1040,-1,-20,,,,,,2:5212|3:5213|4:5214|5:5215
5104,1040,-1,-20,,,,,,2:5216|3:5217|4:5218|5:5219
5105,1040,-1,-20,,,,,,2:5220|3:5221|4:5222|5:5223
5106,1040,-1,-20,,,,,,2:5220|3:5221|4:5222|5:5223
5107,1040,-6,-3,,,,,,
5108,1040,-6,-3,,,,,,
5109,1040,-6,-3,,,,,,
5110,1040,-6,-3,,,,,,
5111,1260,-8,7,,,,,,
5112,1260,-8,7,,,,,,
5113,1260,-8,7,,,,,,
5114,1260,-8,7,,,,,,
5115,1000,1,37,,,,,,
5116,1000,1,37,,,,,,
5117,1000,1,37,,,,,,
5118,1000,1,37,,,,,,
5119,1380,,3,,,,,,
5120,1380,,3,,,,,,
5121,1380,,3,,,,,,
5122,1380,,3,,,,,,
5123,1040,-6,-3,,,,,,
5124,1040,-6,-3,,,,,,
5125,1040,-6,-3,,,,,,
5126,1040,-6,-3,,,,,,
5127,1040,-6,-3,,,,,,
5128,1040,-6,-3,,,,,,
5129,1040,-6,-3,,,,,,
5130,1040,-6,-3,,,,,,
5131,730,3,,,,,,,
5132,730,3,,,,,,,
5133,730,3,,,,,,,
5134,730,3,,,,,,,
5135,1110,1,-56,,,,,,
5136,1110,1,-56,,,,,,
5137,1110,1,-56,,,,,,
5138,1110,1,-56,,,,,,
5139,540,,-4,,,,,,
5140,540,,-4,,,,,,
5141,540,,-4,,,,,,
5142,540,,-4,,,,,,
5143,620,1,-5,,,,,,
5144,620,1,-5,,,,,,
5145,620,1,-5,,,,,,
5146,620,1,-5,,,,,,
5147,620,1,-5,,,,,,
5148,620,1,-5,,,,,,
5149,620,1,-5,,,,,,
5150,620,1,-5,,,,,,
5151,990,1,3,,,,,,
5152,990,1,3,,,,,,
5153,990,1,3,,,,,,
5154,990,1,3,,,,,,
5155,980,-1,157,,,,,,
5156,980,-1,157,,,,,,
5157,980,-1,157,,,,,,
5158,980,-1,157,,,,,,
5159,1260,2,3,,,,,,
5160,1260,2,3,,,,,,
5161,1260,2,3,,,,,,
5162,1260,2,3,,,,,,
5163,1440,2,4,,,,,,
5164,1440,2,4,,,,,,
5165,1440,2,4,,,,,,
5166,1440,2,4,,,,,,
5167,660,,6,,,,,,
5168,660,,6,,,,,,
5169,660,,6,,,,,,
5170,660,,6,,,,,,
5171,660,,6,,,,,,
5172,660,1,,,,,,,
5173,660,1,,,,,,,
5174,660,1,,,,,,,
5175,660,1,,,,,,,
5176,1150,1,-31,,,,,,
5177,1150,1,-31,,,,,,
5178,1150,1,-31,,,,,,
5179,1150,1,-31,,,,,,
5180,1150,1,-31,,,,,,
5181,1150,1,-31,,,,,,
5182,1150,1,-31,,,,,,
5183,1150,1,-31,,,,,,
5184,1150,1,-31,,,,,,
5185,1150,1,-31,,,,,,
5186,1150,1,-31,,,,,,
5187,1150,1,-31,,,,,,
5188,1150,1,-31,,,,,,
5189,1150,1,-31,,,,,,
5190,1150,1,-31,,,,,,
5191,1150,1,-31,,,,,,
5192,1150,1,-31,,,,,,
5193,1150,1,-31,,,,,,
5194,1150,1,-31,,,,,,
5195,1150,1,-31,,,,,,
5196,650,-1,93,,,,,,
5197,650,-1,93,,,,,,
5198,650,-1,93,,,,,,
5199,650,-1,93,,,,,,
5200,1030,-5,6,,,,,,
5201,1030,-5,6,,,,,,
5202,1030,-5,6,,,,,,
5203,1030,-5,6,,,,,,
5204,1040,-1,-20,,,,,,
5205,1040,-1,-20,,,,,,
5206,1040,-1,-20,,,,,,
5207,1040,-1,-20,,,,,,
5208,1040,-1,-20,,,,,,
5209,1040,-1,-20,,,,,,
5210,1040,-1,-20,,,,,,
5211,1040,-1,-20,,,,,,
5212,1040,-1,-20,,,,,,
5213,1040,-1,-20,,,,,,
5214,1040,-1,-20,,,,,,
5215,1040,-1,-20,,,,,,
5216,1040,-1,-20,,,,,,
5217,1040,-1,-20,,,,,,
5218,1040,-1,-20,,,,,,
5219,1040,-1,-20,,,,,,
5220,1040,-1,-20,,,,,,
5221,1040,-1,-20,,,,,,
5222,1040,-1,-20,,,,,,
5223,1040,-1,-20,,,,,,
5224,1010,1,-1,,,,,,
5225,1010,1,-1,,,,,,
5226,1010,1,-1,,,,,,
5227,1010,1,-1,,,,,,
5228,610,,3,,,,,,
5229,610,,3,,,,,,
5230,610,,3,,,,,,
5231,610,,3,,,,,,
5232,650,,-3,,,,,,
5233,650,,-3,,,,,,
5234,650,,-3,,,,,,
5235,650,,-3,,,,,,
5236,650,2,2,,,,,,
5237,650,2,2,,,,,,
5238,650,2,2,,,,,,
5239,650,2,2,,,,,,
5240,880,-3,10,,,,,,
5241,880,-3,10,,,,,,
5242,880,-3,10,,,,,,
5243,880,-3,10,,,,,,
5244,620,1,-5,,,,,,
5245,620,1,-5,,,,,,
5246,620,1,-5,,,,,,
5247,620,1,-5,,,,,,
5248,930,2,,,,,,,
5249,930,2,,,,,,,
5250,930,2,,,,,,,
5251,930,2,,,,,,,
5252,1010,,,,,,,,
5253,1010,,,,,,,,
5254,1010,,,,,,,,
5255,1010,,,,,,,,
5256,1010,,,,,,,,
5257,1010,,,,,,,,
5258,1010,,,,,,,,
5259,1010,,,,,,,,
5260,840,1,9,,,,,,
5261,840,1,9,,,,,,
5262,840,1,9,,,,,,
5263,840,1,9,,,,,,
5264,810,-2,1,,,,,,
5265,810,-2,1,,,,,,
5266,810,-2,1,,,,,,
5267,810,-2,1,,,,,,
5268,680,,28,,,,,,
5269,680,,28,,,,,,
5270,680,,28,,,,,,
5271,680,,28,,,,,,
5272,680,-1,10,,,,,,
5273,680,-1,10,,,,,,
5274,680,-1,10,,,,,,
5275,680,-1,10,,,,,,
5276,580,5,-3,,,,,,
5277,580,5,-3,,,,,,
5278,580,5,-3,,,,,,
5279,580,5,-3,,,,,,
5280,810,-2,1,,,,,,2:5264|3:5265|4:5266|5:5267
5281,680,-1,10,,,,,,2:5272|3:5273|4:5274|5:5275
5282,840,1,9,,,,,,2:5260|3:5261|4:5262|5:5263
5283,610,,3,,,,,,2:5228|3:5229|4:5230|5:5231
5284,650,,-3,,,,,,2:5232|3:5233|4:5234|5:5235
5285,650,2,2,,,,,,2:5236|3:5237|4:5238|5:5239
5286,880,-3,10,,,,,,2:5240|3:5241|4:5242|5:5243
5287,620,1,-5,,,,,,2:5244|3:5245|4:5246|5:5247
5288,930,2,,,,,,,2:5248|3:5249|4:5250|5:5251
5289,1010,,,,,,,,2:5252|3:5253|4:5254|5:5255
5290,1010,,,,,,,,2:5256|3:5257|4:5258|5:5259
5291,1010,1,-1,,,,,,2:5224|3:5225|4:5226|5:5227
5292,1010,1,-1,,,,,,2:5224|3:5225|4:5226|5:5227
5293,1010,1,-1,,,,,,2:5224|3:5225|4:5226|5:5227
5294,1010,1,-1,,,,,,2:5224|3:5225|4:5226|5:5227
5295,1010,1,-1,,,,,,2:5224|3:5225|4:5226|5:5227
5296,1010,1,-1,,,,,,2:5224|3:5225|4:5226|5:5227
5297,1010,1,-1,,,,,,2:5224|3:5225|4:5226|5:5227
5298,1010,1,-1,,,,,,2:5224|3:5225|4:5226|5:5227
5299,1010,1,-1,,,,,,2:5224|3:5225|4:5226|5:5227
5300,1010,1,-1,,,,,,2:5224|3:5225|4:5226|5:5227
5301,1010,1,-1,,,,,,2:5224|3:5225|4:5226|5:5227
5302,1010,1,-1,,,,,,2:5224|3:5225|4:5226|5:5227
5303,1010,1,-1,,,,,,2:5224|3:5225|4:5226|5:5227
5304,1010,1,-1,,,,,,2:5224|3:5225|4:5226|5:5227
5305,660,,6,,,,,,2:5167|3:5168|4:5169|5:5170
5306,660,1,,,,,,,2:5172|3:5173|4:5174|5:5175
5307,1150,1,-31,,,,,,2:5176|3:5177|4:5178|5:5179
5308,1150,1,-31,,,,,,2:5180|3:5181|4:5182|5:5183
5309,1150,1,-31,,,,,,2:5184|3:5185|4:5186|5:5187
5310,1150,1,-31,,,,,,2:5188|3:5189|4:5190|5:5191
5311,1150,1,-31,,,,,,2:5192|3:5193|4:5194|5:5195
5312,1260,-8,7,,,,,,2:5111|3:5112|4:5113|5:5114
5313,1000,1,37,,,,,,2:5115|3:5116|4:5117|5:5118
5314,1380,,3,,,,,,2:5119|3:5120|4:5121|5:5122
5315,1040,-6,-3,,,,,,2:5107|3:5108|4:5109|5:5110
5316,1040,-6,-3,,,,,,2:5123|3:5124|4:5125|5:5126
5317,1040,-6,-3,,,,,,2:5127|3:5128|4:5129|5:5130
5318,1440,2,4,,,,,,2:5163|3:5164|4:5165|5:5166
5319,1260,2,3,,,,,,2:5159|3:5160|4:5161|5:5162
5320,540,,-4,,,,,,2:5139|3:5140|4:5141|5:5142
5321,620,1,-5,,,,,,2:5143|3:5144|4:5145|5:5146
5322,990,1,3,,,,,,2:5151|3:5152|4:5153|5:5154
5323,620,1,-5,,,,,,2:5147|3:5148|4:5149|5:5150
5324,980,-1,157,,,,,,2:5155|3:5156|4:5157|5:5158
5325,920,,-2,,,,,,
5327,1150,-17,,,,,,,
5328,820,17,17,,,,,,
5329,710,-1,11,,,,,,
5331,1050,5,-9,,,,,,
5333,1050,5,-9,,,,,,
5334,1050,5,-9,,,,,,
5335,1050,5,-9,,,,,,
5336,1050,5,-9,,,,,,
5337,1050,5,-9,,,,,,
5338,1050,5,-9,,,,,,
5339,1050,5,-9,,,,,,
5340,1050,5,-9,,,,,,
5341,1490,8,-3,,,,,,
5343,970,-4,-3,,,,,,
5345,700,1,-1,,,,,,
5347,1600,-5,,,,,,,
5348,1520,3,8,,,,,,
5349,3368,,11,,,,,,
5350,1210,,,,,,,,
5352,1210,,,,,,,,
5354,1210,,,,,,,,
5356,1210,,,,,,,,
5358,1210,,,,,,,,
5359,1210,,,,,,,,
5360,1210,,,,,,,,
5361,1210,,,,,,,,
5362,1210,,,,,,,,
5363,1210,,,,,,,,
5364,1210,,,,,,,,
5365,1210,,,,,,,,
5366,1210,,,,,,,,
5367,1210,,,,,,,,
5368,1210,,,,,,,,
5369,1210,,,,,,,,
5370,1910,,-11,,,,,,
5371,1910,,-11,,,,,,
5372,1910,,-11,,,,,,
5373,1910,,-11,,,,,,
5374,1910,,-11,,,,,,
5375,1910,,-11,,,,,,
5376,660,,-1,,,,,,
5378,660,,-1,,,,,,
5380,660,,-1,,,,,,
5382,660,,-1,,,,,,
5384,660,,-1,,,,,,
5386,660,,-1,,,,,,
5388,660,,-1,,,,,,
5390,660,,-1,,,,,,
5392,660,,-1,,,,,,
5394,660,,-1,,,,,,
5396,660,,-1,,,,,,
5398,660,,-1,,,,,,
5400,660,,-1,,,,,,
5402,660,,-1,,,,,,
5404,660,,-1,,,,,,
5406,660,,-1,,,,,,
5408,660,,-1,,,,,,
5410,660,,-1,,,,,,
5412,660,,-1,,,,,,
5414,660,,-1,,,,,,
5416,660,,-1,,,,,,
5418,1220,,-4,,,,,,
5420,1220,,-4,,,,,,
5422,1220,,-4,,,,,,
5424,1220,,-4,,,,,,
5426,1220,,-4,,,,,,
5428,1220,,-4,,,,,,
5430,1220,,-4,,,,,,
5432,1220,,-4,,,,,,
5434,1220,,-4,,,,,,
5436,1220,,-4,,,,,,
5438,1220,,-4,,,,,,
5440,1220,,-4,,,,,,
5442,1220,,-4,,,,,,
5444,1220,,-4,,,,,,
5446,1220,,-4,,,,,,
5448,1220,,-4,,,,,,
5450,1220,,-4,,,,,,
5452,1220,,-4,,,,,,
5454,1220,,-4,,,,,,
5456,1220,,-4,,,,,,
5458,1220,,-4,,,,,,
5460,1220,,-4,,,,,,
5462,1220,,-4,,,,,,
5464,1220,,-4,,,,,,
5466,1220,,-4,,,,,,
5468,1220,,-4,,,,,,
5470,1220,,-4,,,,,,
5472,1220,,-4,,,,,,
5474,1220,,-4,,,,,,
5476,1220,,-4,,,,,,
5478,1220,,-4,,,,,,
5480,1210,,,,,,,,
5481,1210,,,,,,,,
5482,1210,,,,,,,,
5483,1210,,,,,,,,
5484,1210,,,,,,,,
5485,1210,,,,,,,,
5486,1210,,,,,,,,
5487,1210,,,,,,,,
5488,1210,,,,,,,,
5489,1210,,,,,,,,
5490,1210,,,,,,,,
5491,1210,,,,,,,,
5492,1210,,,,,,,,
5493,1210,,,,,,,,
5494,1210,,,,,,,,
5495,1210,,,,,,,,
5496,1830,-3,-10,,,,,,
5497,1830,-3,-10,,,,,,
5498,1830,-3,-10,,,,,,
5499,1830,-3,-10,,,,,,
5500,1830,-3,-10,,,,,,
5501,1830,-3,-10,,,,,,
5502,1830,-3,-10,,,,,,
5503,1830,-3,-10,,,,,,
5504,520,,,,,,,,
5506,1230,,73,,,,,,
5507,860,1,22,,,,,,
5508,860,1,22,,,,,,
5509,520,,,,,,,,
5510,650,,,,,,,,
5511,650,,,,,,,,
5512,760,,2,,,,,,
5513,760,,2,,,,,,
5514,760,,,,,,,,
5515,760,,,,,,,,
5516,1160,2,20,,,,,,
5518,540,,-1,,,,,,
5519,540,,-1,,,,,,
5520,750,,26,,,,,,
5521,510,,60,,,,,,
5523,700,,,,,,,,
5525,480,,-25,,,,,,
5527,480,,-25,,,,,,
5529,480,,-25,,,,,,
5531,480,,-25,,,,,,
5533,480,,-25,,,,,,
5535,480,,-25,,,,,,
5537,480,,-25,,,,,,
5539,480,,-25,,,,,,
5541,480,,-25,,,,,,
5543,480,,-25,,,,,,
5545,480,,-25,,,,,,
5546,1930,3,5,,,,,,
5547,480,,-25,,,,,,
5549,480,,-25,,,,,,
5551,1050,5,-9,,,,,,
5552,1930,3,5,,,,,,
5553,1300,,16,,,,,,
5554,730,,,,,,,,
5555,1140,,4,,,,,,
5556,740,3,7,,,,,,
5557,870,,,,,,,,
5558,690,2,15,,,,,,
5559,740,,5,,,,,,
5560,690,,,,,,,,
5561,780,-5,7,,,,,,
5562,790,-1,-1,,,,,,
5563,850,,,,,,,,
5564,960,,,,,,,,
5565,960,,,,,,,,
5566,850,,,,,,,,
5567,850,,,,,,,,
5568,790,,3,,,,,,
5569,790,,3,,,,,,
5570,790,,3,,,,,,
5571,790,,3,,,,,,
5573,590,,7,,,,,,
5574,800,-1,6,,,,,,
5575,1250,-1,,,,,,,
5576,1740,,-8,,,,,,
5577,550,,-1,,,,,,
5578,550,,-1,,,,,,
5579,550,,-1,,,,,,
5580,550,,-1,,,,,,
5581,550,,-1,,,,,,
5582,550,,-1,,,,,,
5583,550,,-1,,,,,,
5584,550,,-1,,,,,,
5585,700,-3,5,,,,,,
5586,1650,-1,15,,,,,,
5587,1650,-1,15,,,,,,
5588,830,1,-21,,,,,,
5589,550,,-1,,,,,,
5590,550,,-1,,,,,,
5591,550,,-1,,,,,,
5592,770,,,,,,,,
5593,770,,,,,,,,
5594,770,,,,,,,,
5595,770,,,,,,,,
5596,770,,,,,,,,
5597,770,,,,,,,,
5598,770,,,,,,,,
5599,770,,,,,,,,
5600,770,,,,,,,,
5601,860,-2,8,,,,,,
5602,1110,,4,,,,,,
5603,710,,15,,,,,,
5604,950,,6,,,,,,
5605,580,-11,-4,,,,,,
5606,1160,,,,,,,,
5607,2280,,,,,,,,
5608,2080,-9,-8,,,,,,
5609,990,1,-5,,,,,,
5610,690,1,2,,,,,,
5615,990,-1,2,,,,,,
5616,1220,6,-29,,,,,,2:900|3:899|4:898|5:901
5617,1220,6,-29,,,,,,2:908|3:907|4:906|5:909
5618,1220,6,-29,,,,,,2:916|3:915|4:914|5:917
5619,1220,6,-29,,,,,,2:924|3:923|4:922|5:925
5620,1220,6,-29,,,,,,2:932|3:931|4:930|5:933
5621,1220,6,-29,,,,,,2:940|3:939|4:938|5:941
5622,1220,6,-29,,,,,,2:900|3:899|4:898|5:901
5623,1220,6,-29,,,,,,2:908|3:907|4:906|5:909
5624,1220,6,-29,,,,,,2:916|3:915|4:914|5:917
5625,1220,6,-29,,,,,,2:924|3:923|4:922|5:925
5626,1220,6,-29,,,,,,2:932|3:931|4:930|5:933
5627,1220,6,-29,,,,,,2:940|3:939|4:938|5:941
5628,720,8,11,,,,,,
5629,720,8,11,,,,,,
5630,720,8,11,,,,,,
5631,720,8,11,,,,,,
5632,720,8,11,,,,,,
5633,720,8,11,,,,,,
5634,720,8,11,,,,,,
5635,720,8,11,,,,,,
5636,720,8,11,,,,,,
5637,720,8,11,,,,,,
5638,720,8,11,,,,,,
5639,720,8,11,,,,,,
5640,720,8,11,,,,,,
5641,720,8,11,,,,,,
5642,1470,-2,63,,,,,,
5643,1470,-2,63,,,,,,
5644,1470,-2,63,,,,,,
5645,1470,-2,63,,,,,,
5646,1470,-2,63,,,,,,
5647,1470,-2,63,,,,,,
5648,1470,-2,63,,,,,,
5649,1470,-2,63,,,,,,
5650,1470,-2,63,,,,,,
5651,1470,-2,63,,,,,,
5652,1470,-2,63,,,,,,
5653,1470,-2,63,,,,,,
5654,1080,-1,-26,,,,,,
5655,1080,-1,-26,,,,,,
5656,1080,-1,-26,,,,,,
5657,1080,-1,-26,,,,,,
5658,1080,-1,-26,,,,,,
5659,1080,-1,-26,,,,,,
5660,1080,-1,-26,,,,,,
5661,1080,-1,-26,,,,,,
5662,1080,-1,-26,,,,,,
5663,1080,-1,-26,,,,,,
5664,1080,-1,-26,,,,,,
5665,1080,-1,-26,,,,,,
5666,1080,-1,-26,,,,,,
5667,1080,-1,-26,,,,,,
5668,760,,-4,,,,,,
5670,760,,-4,,,,,,
5672,760,,-4,,,,,,
5674,760,,-4,,,,,,
5676,760,,-4,,,,,,
5678,760,,-4,,,,,,
5680,760,,-4,,,,,,
5682,760,,-4,,,,,,
5684,760,,-4,,,,,,
5686,760,,-4,,,,,,
5688,760,,-4,,,,,,
5690,760,,-4,,,,,,
5692,760,,-4,,,,,,
5694,760,,-4,,,,,,
5696,760,,-4,,,,,,
5698,760,,-4,,,,,,
5700,760,,-4,,,,,,
5702,760,,-4,,,,,,
5704,1490,7,-4,,,,,,
5706,1490,7,-4,,,,,,
5708,1490,7,-4,,,,,,
5710,1490,7,-4,,,,,,
5712,1490,7,-4,,,,,,
5714,1490,7,-4,,,,,,
5716,1490,7,-4,,,,,,
5718,1490,7,-4,,,,,,
5720,1490,7,-4,,,,,,
5722,1490,7,-4,,,,,,
5724,1490,7,-4,,,,,,
5726,1490,7,-4,,,,,,
5728,1490,7,-4,,,,,,
5730,1490,7,-4,,,,,,
5732,800,,,,,,,,
5733,940,2,,,,,,,
5734,1490,7,-4,,,,,,
5736,1490,7,-4,,,,,,
5738,690,-5,-6,,,,,,
5739,660,-3,2,,,,,,
5741,660,-3,2,,,,,,
5743,660,-3,2,,,,,,
5745,660,-3,2,,,,,,
5747,660,-3,2,,,,,,
5749,660,-3,2,,,,,,
5751,660,-3,2,,,,,,
5753,660,-3,2,,,,,,
5755,660,-3,2,,,,,,
5757,660,-3,2,,,,,,
5759,660,-3,2,,,,,,
5761,660,-3,2,,,,,,
5763,660,-3,2,,,,,,
5765,660,-3,2,,,,,,
5767,990,-1,2,,,,,,
5769,1190,,6,,,,,,
5771,1190,,6,,,,,,
5773,1190,,6,,,,,,
5775,1190,,6,,,,,,
5777,1190,,6,,,,,,
5779,1190,,6,,,,,,
5781,1190,,6,,,,,,
5783,1190,,6,,,,,,
5785,1190,,6,,,,,,
5787,1190,,6,,,,,,
5789,1190,,6,,,,,,
5791,1190,,6,,,,,,
5793,1190,,6,,,,,,
5795,1190,,6,,,,,,
5797,1190,,6,,,,,,
5799,1190,,6,,,,,,
5801,1190,,6,,,,,,
5803,1190,,6,,,,,,
5805,1190,,6,,,,,,
5807,1190,,6,,,,,,
5809,1190,,6,,,,,,
5811,1190,,6,,,,,,
5813,1190,,6,,,,,,
5815,1190,,6,,,,,,
5817,1190,,6,,,,,,
5819,1190,,6,,,,,,
5821,1190,,6,,,,,,
5823,1190,,6,,,,,,
5825,1190,,6,,,,,,
5827,1190,,6,,,,,,
5829,1190,,6,,,,,,
5831,1190,,6,,,,,,
5833,1190,,6,,,,,,
5835,1190,,6,,,,,,
5837,1190,,6,,,,,,
5839,1190,,6,,,,,,
5841,1190,,6,,,,,,
5843,1190,,6,,,,,,
5845,1190,,6,,,,,,
5847,1190,,6,,,,,,
5849,1190,,6,,,,,,
5851,1190,,6,,,,,,
5853,1190,,6,,,,,,
5855,1190,,6,,,,,,
5857,1190,,6,,,,,,
5859,1190,,6,,,,,,
5861,1190,,6,,,,,,
5863,1190,,6,,,,,,
5865,1190,,6,,,,,,
5867,1190,,6,,,,,,
5869,1190,,6,,,,,,
5871,1190,,6,,,,,,
5873,1190,,6,,,,,,
5875,1190,,6,,,,,,
5877,1190,,6,,,,,,
5879,1190,,6,,,,,,
5881,1190,,6,,,,,,
5883,1190,,6,,,,,,
5885,1190,,6,,,,,,
5887,1190,,6,,,,,,
5889,1190,,6,,,,,,
5891,1190,,6,,,,,,
5893,1190,,6,,,,,,
5895,1190,,6,,,,,,
5897,1190,,6,,,,,,
5899,1190,,6,,,,,,
5901,1190,,6,,,,,,
5903,1190,,6,,,,,,
5905,1190,,6,,,,,,
5907,1190,,6,,,,,,
5909,1190,,6,,,,,,
5911,1190,,6,,,,,,
5913,1190,,6,,,,,,
5915,1190,,6,,,,,,
5917,1190,,6,,,,,,
5919,1190,,6,,,,,,
5921,1190,,6,,,,,,
5923,1190,,6,,,,,,
5925,1190,,6,,,,,,
5927,1190,,6,,,,,,
5929,1190,,6,,,,,,
5931,970,-5,4,,,,,,
5933,1480,-4,25,,,,,,
5935,550,,-1,,,,,,
5936,550,,-1,,,,,,
5937,550,,-1,,,,,,
5939,550,,-1,,,,,,
5940,550,,-1,,,,,,
5942,550,,-1,,,,,,
5943,550,,-1,,,,,,
5945,550,,-1,,,,,,
5947,550,,-1,,,,,,
5949,550,,-1,,,,,,
5951,550,,-1,,,,,,
5952,550,,-1,,,,,,
5954,550,,-1,,,,,,
5956,550,,-1,,,,,,
5958,550,,-1,,,,,,
5960,660,,-1,,,,,,
5962,660,,-1,,,,,,
5964,660,,-1,,,,,,
5966,660,,-1,,,,,,
5968,660,,-1,,,,,,
5970,1120,,28,,,,,,
5972,930,,-1,,,,,,
5974,1160,,,,,,,,
5976,1070,,20,,,,,,
5978,1070,,20,,,,,,
5980,1290,,-1,,,,,,
5982,910,,-3,,,,,,
5984,750,2,8,,,,,,
5986,730,-3,-2,,,,,,
5988,710,-3,-3,,,,,,
5990,710,-3,-3,,,,,,
5992,1020,,-18,,,,,,
5994,750,1,10,,,,,,
5996,750,1,10,,,,,,
5998,750,1,10,,,,,,
6000,750,1,10,,,,,,
6002,750,1,10,,,,,,
6004,1370,,-5,,,,,,
6006,1520,-3,4,,,,,,
6008,1520,-3,4,,,,,,
6010,1460,-4,14,,,,,,
6012,1190,,21,,,,,,
6014,900,-3,,,,,,,
6016,480,1,-1,,,,,,
6018,970,1,4,,,,,,
6020,2130,-1,5,,,,,,
6021,2130,-1,5,,,,,,
6022,2130,-1,5,,,,,,
6023,2130,-1,5,,,,,,
6024,2130,-1,5,,,,,,
6025,2130,-1,5,,,,,,
6026,2130,-1,5,,,,,,
6027,2130,-1,5,,,,,,
6028,2130,-1,5,,,,,,
6029,2130,-1,5,,,,,,
6030,2130,-1,5,,,,,,
6031,2130,-1,5,,,,,,
6032,1020,,-18,,,,,,
6034,1020,,-18,,,,,,
6036,550,,-1,,,,,,
6038,530,3,2,,,,,,
6040,630,,3,,,,,,
6041,630,,3,,,,,,
6043,1810,10,,,,,,,
6045,1810,10,,,,,,,
6047,1810,10,,,,,,,
6049,1810,10,,,,,,,
6051,1810,10,,,,,,,
6053,1810,10,,,,,,,
6055,1930,3,5,,,,,,
6057,1220,,-20,,,,,,
6058,2500,-44,-236,,,,,,
6059,2500,-44,-236,,,,,,
6061,720,3,5,,,,,,2:3811|3:3812|4:3813|5:3814
6062,720,3,5,,,,,,2:3811|3:3812|4:3813|5:3814
6063,5110,-6,-26,,,,,,
6064,1590,,,,,,,,
6065,1360,,3,,,,,,
6066,1450,,,,,,,,
6067,1650,,-10,,,,,,
6068,930,8,-8,,,,,,
6069,770,1,-6,,,,,,
6070,2140,3,6,,,,,,
6071,1040,1,7,,,,,,
6072,780,1,6,,,,,,
6073,840,,,,,,,,
6075,840,,,,,,,,
6077,840,,,,,,,,
6079,840,,,,,,,,
6081,2290,-3,,,,,,,
6082,2180,-26,,,,,,,
6083,840,-3,9,,,,,,
6084,840,-3,9,,,,,,
6085,970,,-4,,,,,,
6086,970,,-4,,,,,,
6087,970,,-4,,,,,,
6088,970,,-4,,,,,,
6089,1430,-2,-34,,,,,,
6090,1430,-2,-34,,,,,,
6091,1430,-2,-34,,,,,,
6092,1430,-2,-34,,,,,,
6093,1660,-3,-3,,,,,,
6094,1550,,,,,,,,
6095,1660,-3,-3,,,,,,
6096,1660,-3,-3,,,,,,
6097,850,,-3,,,,,,
6098,1210,-6,,,,,,,
6099,,1,,,,,,,
6100,,1,,,,,,,
6101,,1,,,,,,,
6102,,1,,,,,,,
6103,,1,,,,,,,
6104,840,-3,9,,,,,,
6105,2660,6,-32,,,,,,
6106,880,3,,,,,,,
6107,1320,,6,,,,,,
6108,1980,,,,,,,,
6109,930,,-2,,,,,,
6110,750,,10,,,,,,
6111,2080,,8,,,,,,
6112,1150,1,-31,,,,,,2:6114|3:6115|4:6116|5:6117
6113,750,1,10,,,,,,
6114,1150,1,-31,,,,,,
6115,1150,1,-31,,,,,,
6116,1150,1,-31,,,,,,
6117,1150,1,-31,,,,,,
6118,660,-3,2,,,,,,
6119,500,,3,,,,,,
6120,500,,3,,,,,,
6121,700,-3,5,,,,,,
6125,1230,-4,,,,,,,
6126,1230,-4,,,,,,,
6127,1230,-4,,,,,,,
6128,620,,,,,,,,
6129,1190,,,,,,,,
6130,1720,,6,,,,,,
6131,810,3,-4,,,,,,
6133,1140,-1,4,,,,,,
6135,1720,7,5,,,,,,
6137,800,,-46,,,,,,
6139,1190,,,,,,,,
6141,1710,,6,,,,,,
6143,660,2,-2,,,,,,
6145,660,2,-2,,,,,,
6147,660,2,-2,,,,,,
6149,710,2,-14,,,,,,
6151,710,2,-14,,,,,,
6153,710,2,-14,,,,,,
6155,1470,2,7,,,,,,
6157,890,2,3,,,,,,
6159,1020,5,,,,,,,
6161,1360,,,,,,,,
6163,830,,6,,,,,,
6165,950,4,-7,,,,,,
6167,800,,-12,,,,,,
6169,1200,,1,,,,,,
6171,1470,2,7,,,,,,
6173,1840,,,,,,,,
6178,870,-3,,,,,,,
6179,870,-3,,,,,,,
6180,1420,7,21,,,,,,
6181,1760,11,2,,,,,,
6182,920,4,-18,,,,,,
6183,1090,,1,,,,,,
6184,1530,,5,,,,,,
6185,1590,-2,17,,,,,,
6186,1140,,9,,,,,,
6187,1730,,-4,,,,,,
6188,900,,5,,,,,,
6189,1370,,3,,,,,,
6190,1340,,3,,,,,,
6191,1040,,-3,,,,,,
6192,1180,-7,-2,,,,,,
6193,640,1,-4,,,,,,
6194,1560,-6,-14,,,,,,
6195,710,,15,,,,,,
6196,2030,4,4,,,,,,
6197,830,3,-35,,,,,,
6198,620,1,16,,,,,,
6199,1180,,-14,,,,,,
6200,1270,-3,18,,,,,,
6201,1220,6,-29,,,,,,
6202,1270,-3,18,,,,,,
6203,1220,6,-29,,,,,,
6204,1270,-3,18,,,,,,
6205,1220,6,-29,,,,,,
6206,1270,-3,18,,,,,,
6207,1220,6,-29,,,,,,
6208,1940,,1,,,,,,
6209,840,3,5,,,,,,
6210,1220,6,-29,,,,,,
6211,1180,,-7,,,,,,
6213,1180,,-7,,,,,,
6215,1370,-2,,,,,,,
6217,1370,-2,,,,,,,
6219,1370,-2,,,,,,,
6221,1370,-2,,,,,,,
6223,1370,-2,,,,,,,
6225,1370,-2,,,,,,,
6227,1370,-2,,,,,,,
6229,1370,-2,,,,,,,
6231,1370,-2,,,,,,,
6233,1370,-2,,,,,,,
6235,1370,-2,,,,,,,
6237,1370,-2,,,,,,,
6239,1370,-2,,,,,,,
6241,1370,-2,,,,,,,
6243,1370,-2,,,,,,,
6245,1370,-2,,,,,,,
6247,1370,-2,,,,,,,
6249,1370,-2,,,,,,,
6251,1370,-2,,,,,,,
6253,1370,-2,,,,,,,
6255,1370,-2,,,,,,,
6257,1370,-2,,,,,,,
6259,1370,-2,,,,,,,
6261,1370,-2,,,,,,,
6263,1370,-2,,,,,,,
6265,1370,-2,,,,,,,
6267,1370,-2,,,,,,,
6269,1370,-2,,,,,,,
6271,1370,-2,,,,,,,
6273,1370,-2,,,,,,,
6275,1370,-2,,,,,,,
6277,1370,-2,,,,,,,
6279,1370,-2,,,,,,,
6281,1450,2,12,,,,,,
6283,1450,2,12,,,,,,
6285,1450,2,12,,,,,,
6287,1500,3,,,,,,,
6289,1500,3,,,,,,,
6291,1373,-1,-5,,,,,,
6293,1710,-3,45,,,,,,
6295,1710,-3,45,,,,,,
6297,1710,-3,45,,,,,,
6299,1710,-3,45,,,,,,
6301,1710,-3,45,,,,,,
6303,1710,-3,45,,,,,,
6305,1710,-3,45,,,,,,
6306,1750,-6,-27,,,,,,10:6307|100:6308|1000:6309|10000:6310
6307,1750,-6,-27,,,,,,
6308,1750,-6,-27,,,,,,
6309,1750,-6,-27,,,,,,
6310,1750,-6,-27,,,,,,
6311,1840,,-30,,,,,,
6313,770,-2,-12,,,,,,
6315,770,-2,-12,,,,,,
6317,770,-2,-12,,,,,,
6319,650,3,4,,,,,,100:6320|1000:6321
6320,650,3,4,,,,,,
6321,650,3,4,,,,,,
6322,1370,2,10,,,,,,
6324,1530,,15,,,,,,
6326,860,,,,,,,,
6328,880,4,,,,,,,
6330,600,,47,,,,,,
6332,1180,,-7,,,,,,
6333,1180,,-7,,,,,,
6335,1370,-2,,,,,,,
6337,1370,-2,,,,,,,
6339,1370,-2,,,,,,,
6341,1130,-1,16,,,,,,
6343,1560,,,,,,,,
6345,670,3,-5,,,,,,
6347,570,,-19,,,,,,
6349,900,5,-93,,,,,,
6351,1130,-1,16,,,,,,
6353,1560,,,,,,,,
6355,670,3,-5,,,,,,
6357,900,5,-93,,,,,,
6359,570,,-19,,,,,,
6361,1130,-1,16,,,,,,
6363,1560,,,,,,,,
6365,670,3,-5,,,,,,
6367,900,5,-93,,,,,,
6369,570,,-19,,,,,,
6371,1130,-1,16,,,,,,
6373,1560,,,,,,,,
6375,670,3,-5,,,,,,
6377,900,5,-93,,,,,,
6379,570,,-19,,,,,,
6381,1220,6,-29,,,,,,
6382,550,1,-58,,,,,,
6384,1050,,2,,,,,,
6386,1550,-5,36,,,,,,
6388,1640,,6,,,,,,
6390,1940,,1,,,,,,
6392,890,,7,,,,,,
6394,1050,,2,,,,,,
6396,1360,4,-23,,,,,,
6398,1100,5,5,,,,,,
6400,930,,6,,,,,,
6402,1050,,2,,,,,,
6404,1360,4,-23,,,,,,
6406,1100,5,5,,,,,,
6408,700,6,,,,,,,
6410,700,6,,,,,,,
6412,700,6,,,,,,,
6414,700,6,,,,,,,
6416,700,6,,,,,,,
6418,700,6,,,,,,,
6420,700,6,,,,,,,
6422,740,,1,,,,,,
6424,740,,1,,,,,,
6426,740,,1,,,,,,
6428,740,,1,,,,,,
6430,740,,1,,,,,,
6432,740,,1,,,,,,
6434,740,,1,,,,,,
6436,740,,1,,,,,,
6438,740,,1,,,,,,
6440,1220,6,-29,,,,,,
6441,1220,6,-29,,,,,,
6442,1220,6,-29,,,,,,
6443,1220,6,-29,,,,,,
6444,1220,6,-29,,,,,,
6445,1220,6,-29,,,,,,
6446,1220,6,-29,,,,,,
6447,1220,6,-29,,,,,,
6448,1650,-1,15,,,,,,
6450,590,,-1,,,,,,
6452,2140,3,6,,,,,,
6453,1260,-8,7,,,,,,2:6480|3:6481|4:6482|5:6483
6454,1260,-8,7,,,,,,2:6484|3:6485|4:6486|5:6487
6455,1260,-8,7,,,,,,2:6488|3:6489|4:6490|5:6491
6456,660,,6,,,,,,2:6492|3:6493|4:6494|5:6495
6457,1260,-8,7,,,,,,2:6496|3:6497|4:6498|5:6499
6458,1260,-8,7,,,,,,2:6500|3:6501|4:6502|5:6503
6459,1260,-8,7,,,,,,2:6504|3:6505|4:6506|5:6507
6460,1260,-8,7,,,,,,2:6508|3:6509|4:6510|5:6511
6461,500,-2,76,,,,,,
6462,1630,,,,,,,,
6463,1630,,,,,,,,
6464,2120,,,,,,,,
6465,350,,,,,,,,
6466,1730,,-20,,,,,,
6467,1210,-6,,,,,,,
6468,550,,-1,,,,,,
6469,730,,-2,,,,,,
6470,550,,-1,,,,,,
6472,550,,-1,,,,,,
6474,550,,-1,,,,,,
6476,550,,-1,,,,,,
6478,1890,,-2,,,,,,
6479,700,-3,5,,,,,,
6480,1260,-8,7,,,,,,
6481,1260,-8,7,,,,,,
6482,1260,-8,7,,,,,,
6483,1260,-8,7,,,,,,
6484,1260,-8,7,,,,,,
6485,1260,-8,7,,,,,,
6486,1260,-8,7,,,,,,
6487,1260,-8,7,,,,,,
6488,1260,-8,7,,,,,,
6489,1260,-8,7,,,,,,
6490,1260,-8,7,,,,,,
6491,1260,-8,7,,,,,,
6492,660,,6,,,,,,
6493,660,,6,,,,,,
6494,660,,6,,,,,,
6495,660,,6,,,,,,
6496,1260,-8,7,,,,,,
6497,1260,-8,7,,,,,,
6498,1260,-8,7,,,,,,
6499,1260,-8,7,,,,,,
6500,1260,-8,7,,,,,,
6501,1260,-8,7,,,,,,
6502,1260,-8,7,,,,,,
6503,1260,-8,7,,,,,,
6504,1260,-8,7,,,,,,
6505,1260,-8,7,,,,,,
6506,1260,-8,7,,,,,,
6507,1260,-8,7,,,,,,
6508,1260,-8,7,,,,,,
6509,1260,-8,7,,,,,,
6510,1260,-8,7,,,,,,
6511,1260,-8,7,,,,,,
6513,1040,1,7,,,,,,
6514,3310,4,-6,,,,,,
6515,2890,,-13,,,,,,
6516,3100,28,38,,,,,,
6517,3200,,,,,,,,
6518,3310,4,-6,,,,,,
6519,2890,,-13,,,,,,
6520,3100,28,38,,,,,,
6521,3200,,,,,,,,
6522,890,3,-4,,,,,,
6523,1320,-3,9,,,,,,
6524,1200,,3,,,,,,
6525,920,1,4,,,,,,
6526,2040,,5,,,,,,
6527,840,,6,,,,,,
6528,1130,3,-4,,,,,,
6529,740,-3,7,,,,,,2:6530|3:6531|4:6532|5:6533|25:6534
6530,740,-3,7,,,,,,
6531,740,-3,7,,,,,,
6532,740,-3,7,,,,,,
6533,740,-3,7,,,,,,
6534,740,-3,7,,,,,,
6541,790,-5,-2,,,,,,
6542,1180,,-14,,,,,,
6543,840,2,-2,,,,,,
6544,400,,-10,,,,,,
6545,760,,2,,,,,,
6546,760,,2,,,,,,
6547,490,,-39,,,,,,
6548,380,,,,,,,,
6549,880,13,21,,,,,,
6550,880,13,21,,,,,,
6551,880,13,21,,,,,,
6552,880,13,21,,,,,,
6553,880,13,21,,,,,,
6554,880,13,21,,,,,,
6555,880,13,21,,,,,,
6556,880,13,21,,,,,,
6557,880,13,21,,,,,,
6558,880,13,21,,,,,,
6559,880,13,21,,,,,,
6560,880,13,21,,,,,,
6561,660,-3,2,,,,,,
6562,1950,-2,-3,,,,,,
6563,1950,-2,-3,,,,,,
6564,1500,8,5,,,,,,
6566,720,3,5,,,,,,
6568,2140,3,6,,,,,,
6570,2086,-4,,,,,,,
6571,780,-5,7,,,,,,
6573,780,-5,7,,,,,,
6575,830,7,-3,,,,,,
6577,1296,3,-8,,,,,,
6579,370,8,106,,,,,,
6581,700,-5,16,,,,,,
6583,830,4,-12,,,,,,
6585,620,1,16,,,,,,
6587,630,-7,-13,,,,,,
6589,1180,-7,-2,,,,,,
6591,760,,-4,,,,,,
6593,760,,-4,,,,,,
6595,760,,-4,,,,,,
6597,760,,-4,,,,,,
6599,2130,,,,,,,,
6601,1030,,-1,,,,,,
6603,1490,-5,2,,,,,,
6605,1040,,-3,,,,,,
6607,860,-13,-2,,,,,,
6609,1380,3,-9,,,,,,
6611,1180,-6,4,,,,,,
6613,1050,3,3,,,,,,
6615,1100,,,,,,,,
6617,1250,-1,,,,,,,
6619,770,3,-3,,,,,,
6621,640,1,-4,,,,,,
6623,800,-1,6,,,,,,
6625,1740,,-8,,,,,,
6627,1100,5,5,,,,,,
6629,930,8,-8,,,,,,
6631,1410,2,174,,,,,,
6633,1560,-6,-14,,,,,,
6635,740,1,-1,,,,,,
6636,810,2,-1,,,,,,
6637,4486,15,-20,,,,,,
6638,380,,,,,,,,
6639,770,,,,,,,,
6640,340,,,,,,,,
6641,340,,,,,,,,
6642,340,,,,,,,,
6643,340,,,,,,,,
6644,340,,,,,,,,
6645,340,,,,,,,,
6646,340,,,,,,,,
6647,340,,,,,,,,
6648,1040,1,7,,,,,,
6649,840,,,,,,,,
6650,360,1,1,,,,,,
6651,360,1,1,,,,,,
6652,450,,,,,,,,
6653,450,,,,,,,,
6654,1360,,3,,,,,,
6655,2060,,6,,,,,,
6656,660,,,,,,,,
6657,1360,,3,,,,,,
6658,2060,,6,,,,,,
6659,660,,,,,,,,
6660,740,,,,,,,,
6661,1190,,,,,,,,
6662,1640,-9,18,,,,,,
6663,1280,-4,,,,,,,
6664,550,,-1,,,,,,
6665,1450,-3,-95,,,,,,
6666,1730,-5,18,,,,,,
6667,1000,1,27,,,,,,
6668,1000,1,27,,,,,,
6669,1000,1,27,,,,,,
6670,1000,1,27,,,,,,
6671,1000,1,27,,,,,,
6672,1000,1,27,,,,,,
6673,1200,1,27,,,,,,
6674,800,1,7,,,,,,
6675,920,-1,-24,,,,,,
6677,920,-1,-24,,,,,,
6678,920,-1,-24,,,,,,
6679,920,-1,-24,,,,,,
6680,920,-1,-24,,,,,,
6681,1210,-6,,,,,,,
6683,1210,-6,,,,,,,
6685,550,,-1,,,,,,
6687,550,,-1,,,,,,
6689,550,,-1,,,,,,
6691,550,,-1,,,,,,
6693,1100,2,,,,,,,
6695,3200,,,,,,,,
6696,1650,,-4,,,,,,
6697,580,1,-1,,,,,,
6699,860,1,-6,,,,,,
6701,860,1,-6,,,,,,
6703,860,1,-6,,,,,,
6705,860,1,-6,,,,,,
6707,630,-8,25,,,,,,
6708,790,,,,,,,,
6709,2320,,,,,,,,
6710,1040,-1,-20,,,,,,2:5220|3:5221|4:5222|5:5223
6711,1490,,4,,,,,,
6712,1020,,-18,,,,,,
6713,1210,9,2,,,,,,
6714,1210,6,7,,,,,,
6715,1850,-12,20,,,,,,
6716,1740,-9,2,,,,,,
6717,1740,,-10,,,,,,
6718,1850,,30,,,,,,
6719,1020,,-18,,,,,,
6720,730,,,,,,,,
6721,1310,3,-3,,,,,,
6722,750,4,1,,,,,,
6724,1650,-5,5,,,,,,
6728,990,-1,2,,,,,,
6729,1830,,,,,,,,
6731,620,3,-13,,,,,,
6733,630,4,-14,,,,,,
6735,570,2,-6,,,,,,
6737,600,3,-15,,,,,,
6739,1450,-6,6,,,,,,
6741,1552,-47,-33,,,,,,
6743,1114,-12,-19,,,,,,
6745,980,-2,-4,,,,,,
6746,980,-2,-4,,,,,,
6748,1340,,,,,,,,
6749,1090,2,4,,,,,,
6750,1370,,7,,,,,,
6752,1940,,1,,,,,,
6754,800,-3,19,,,,,,
6755,830,1,-21,,,,,,
6756,960,,7,,,,,,
6757,960,,7,,,,,,
6758,1040,1,7,,,,,,
6759,1410,3,-6,,,,,,
6760,1490,7,-4,,,,,,
6762,1490,7,-4,,,,,,
6764,1490,7,-4,,,,,,
6766,550,,-1,,,,,,
6767,830,1,-21,,,,,,
6768,1110,,,,,,,,
6769,1040,1,7,,,,,,
6770,1040,1,7,,,,,,
6771,990,-1,2,,,,,,
6772,990,-1,2,,,,,,
6773,1990,,,,,,,,
6774,1990,,,,,,,,
6775,1990,,,,,,,,
6776,1990,,,,,,,,
6777,1990,,,,,,,,
6778,1990,,,,,,,,
6779,1990,,,,,,,,
6780,2670,6,-32,,,,,,
6781,2660,6,-32,,,,,,
6782,2660,6,-32,,,,,,
6783,1280,1,1,,,,,,
6784,3920,-1,-16,,,,,,
6785,1610,-7,73,,,,,,
6786,1290,,-2,,,,,,
6787,1970,-3,,,,,,,
6788,1290,,-2,,,,,,
6789,1970,-3,,,,,,,
6790,720,,-2,,,,,,
6791,410,,4,,,,,,
6792,740,-2,-2,,,,,,
6793,1020,-1,11,,,,,,
6794,560,1,-4,,,,,,
6796,840,2,-2,,,,,,
6797,1050,5,-9,,,,,,
6798,1020,-1,11,,,,,,
6799,1020,-1,11,,,,,,
6800,1020,-1,11,,,,,,
6801,1020,-1,11,,,,,,
6802,1020,-1,11,,,,,,
6803,1020,-1,11,,,,,,
6804,1020,-1,11,,,,,,
6805,1020,-1,11,,,,,,
6806,1020,-1,11,,,,,,
6807,1020,-1,11,,,,,,
6808,1020,-1,11,,,,,,
6809,1620,,,,,,,,
6810,990,-1,2,,,,,,
6811,1104,,,,,,,,
6812,2160,-3,41,,,,,,
6814,1290,-2,5,,,,,,
6817,1580,-1,25,,,,,,
6818,1520,10,-3,84,84,84,,,
6819,760,,2,,,,,,
6820,1590,7,26,,,,,,
6821,740,1,-1,,,,,,
6822,465,1,4,,,,,,
6823,465,1,4,,,,,,
6824,465,1,4,,,,,,
6825,465,1,4,,,,,,
6826,465,1,4,,,,,,
6827,465,1,4,,,,,,
6828,854,1,-1,,,,,,
6829,854,1,-1,,,,,,
6830,854,1,-1,,,,,,
6831,854,1,-1,,,,,,
6832,854,1,-1,,,,,,
6833,854,1,-1,,,,,,
6834,724,1,5,,,,,,
6835,724,1,5,,,,,,
6836,724,1,5,,,,,,
6837,724,1,5,,,,,,
6838,724,1,5,,,,,,
6839,724,1,5,,,,,,
6840,530,,,,,,,,
6841,530,,,,,,,,
6842,530,,,,,,,,
6843,530,,,,,,,,
6844,530,,,,,,,,
6845,530,,,,,,,,
6846,661,,-5,,,,,,
6847,661,,-5,,,,,,
6848,661,,-5,,,,,,
6849,661,,-5,,,,,,
6850,661,,-5,,,,,,
6851,661,,-5,,,,,,
6852,3408,,,,,,,,
6853,3189,,-8,,,,,,
6854,3408,,,,,,,,
6855,3189,,-8,,,,,,
6856,512,1,-1,,,,,,
6857,659,3,-1,,,,,,
6858,724,1,1,,,,,,
6859,659,1,-1,,,,,,
6860,592,1,-7,,,,,,
6861,659,1,-1,,,,,,
6862,659,-1,-1,,,,,,
6863,659,1,-1,,,,,,
6864,724,42,100,,,,,,
6865,1368,1,8,,,,,,
6866,1368,1,8,,,,,,
6867,1368,1,8,,,,,,
6868,984,4,86,,,,,,
6869,984,4,86,,,,,,
6870,984,4,86,,,,,,
6871,984,4,86,,,,,,
6872,984,4,86,,,,,,
6873,984,4,86,,,,,,
6874,984,4,86,,,,,,
6875,984,4,86,,,,,,
6876,984,4,86,,,,,,
6877,984,4,86,,,,,,
6878,984,4,86,,,,,,
6879,984,4,86,,,,,,
6880,984,4,86,,,,,,
6881,984,4,86,,,,,,
6882,984,4,86,,,,,,
6883,912,,,,,,,,
6885,740,,2,,,,,,
6886,740,,2,,,,,,
6887,740,,2,,,,,,
6888,1940,,1,,,,,,
6889,950,2,10,,,,,,
6891,980,2,7,,,,,,
6893,770,1,-6,,,,,,
6894,1560,-6,-14,,,,,,
6895,640,1,-4,,,,,,
6896,780,-5,7,,,,,,
6897,860,-13,-2,,,,,,
6898,1230,-7,-9,,,,,,
6899,1000,,,,,,,,
6900,1320,,,,,,,,
6901,1150,-1,-97,,,,,,
6902,1200,,,,,,,,
6903,780,-5,7,,,,,,
6904,1900,1,,,,,,,
6905,1330,,-30,,,,,,
6906,1440,-10,,,,,,,
6907,1470,-5,4,,,,,,
6908,680,4,1,,,,,,
6910,750,-3,5,,,,,,
6912,560,2,2,,,,,,
6914,540,6,-7,,,,,,
6916,1380,-1,,,,,,,
6918,1150,,,,,,,,
6920,750,2,-5,,,,,,
6922,930,8,-8,,,,,,
6924,1760,,30,,,,,,
6926,912,,,,,,,,
6945,770,4,22,,,,,,
6946,770,4,22,,,,,,
6947,1030,2,10,,,,,,
6948,1030,2,10,,,,,,
6949,980,,12,,,,,,
6950,540,,-1,,,,,,
6951,540,,-1,,,,,,
6952,550,,-1,,,,,,
6953,760,,-2,,,,,,
6954,760,,-2,,,,,,
6955,760,,-2,,,,,,
6956,890,6,28,,,,,,
6957,660,5,97,,,,,,
6958,1210,-6,,,,,,,
6959,2140,3,6,,,,,,
6961,960,-4,-20,,,,,,
6962,870,-1,-76,,,,,,
6963,400,,,,,,,,
6964,650,2,-2,,,,,,
6965,1360,5,,,,,,,
6966,700,-3,5,,,,,,
6967,670,3,-5,,,,,,
6969,1860,5,12,,,,,,
6970,2384,-1,-100,,,,,,
6971,1175,3,,,,,,,
6973,1440,-3,,,,,,,
6975,1616,1,-1,,,,,,
6977,,4,9,,,,,,
6979,1175,3,,,,,,,
6981,1440,-3,,,,,,,
6983,1616,1,-1,,,,,,
6985,3152,-1,-23,,,,,,
6986,3792,1,-34,,,,,,
6987,3024,-11,7,,,,,,
6988,4048,,,,,,,,
6989,848,10,-8,,,,,,
6990,1243,20,-16,,,,,,
6991,1360,3,,,,,,,
6992,1232,9,-4,,,,,,
6993,1744,1,3,,,,,,
6994,1744,1,3,,,,,,
6995,1744,1,3,,,,,,
6996,1744,1,3,,,,,,
6997,2256,-4,1,,,,,,
6998,,-2,51,,,,,,
6999,1308,,-15,,,,,,
7000,1308,,,,,,,,
7001,1360,14,-7,,,,,,
7002,1308,9,-7,,,,,,
7003,1243,-9,-5,,,,,,
7050,2010,,-6,,,,,,
7051,1000,,,,,,,,
7053,1000,,,,,,,,
7054,860,1,-6,,,,,,
7056,860,1,-6,,,,,,
7058,860,1,-6,,,,,,
7060,860,1,-6,,,,,,
7062,890,,4,,,,,,
7064,890,,4,,,,,,
7066,890,,4,,,,,,
7068,890,,4,,,,,,
7070,890,,4,,,,,,
7072,890,,4,,,,,,
7074,890,,4,,,,,,
7076,890,,4,,,,,,
7078,890,,4,,,,,,
7080,890,,4,,,,,,
7082,890,,4,,,,,,
7084,890,,4,,,,,,
7086,890,,4,,,,,,
7088,890,,4,,,,,,
7090,890,,4,,,,,,
7092,890,,4,,,,,,
7094,890,,4,,,,,,
7096,740,,1,,,,,,
7097,740,,1,,,,,,
7098,740,,1,,,,,,
7099,740,,1,,,,,,
7100,740,,1,,,,,,
7101,740,,1,,,,,,
7102,740,,1,,,,,,
7103,740,,1,,,,,,
7104,740,,1,,,,,,
7105,740,,1,,,,,,
7106,740,,1,,,,,,
7107,740,,1,,,,,,
7108,1210,-6,,,,,,,
7109,1240,-2,-30,,,,,,
7110,1178,,2,,,,,,
7112,720,,8,,,,,,
7114,770,3,-3,,,,,,
7116,1740,,-2,,,,,,
7118,1080,-1,,,,,,,
7119,950,,3,,,,,,
7120,950,,,,,,,,
7121,1590,-3,1,,,,,,
7122,1178,,2,,,,,,
7124,720,,8,,,,,,
7126,1740,,-2,,,,,,
7128,1178,,2,,,,,,
7130,720,,8,,,,,,
7132,1740,,-2,,,,,,
7134,1178,,2,,,,,,
7136,720,,8,,,,,,
7138,1740,,-2,,,,,,
7140,920,6,-1,,,,,,
7141,990,,-4,,,,,,
7142,1288,3,20,,,,,,
7143,930,2,-17,,,,,,
7144,1030,2,13,,,,,,
7146,,-1,-21,,,,,,
7147,1740,-2,,,,,,,
7148,1590,-3,1,,,,,,
7149,1080,-1,,,,,,,
7150,1030,-9,5,,,,,,2:7151|3:7152|4:7153|5:7154
7151,1030,-9,5,,,,,,
7152,1030,-9,5,,,,,,
7153,1030,-9,5,,,,,,
7154,1030,-9,5,,,,,,
7155,1240,-2,-30,,,,,,
7156,660,1,-10,,,,,,
7157,970,,-1,,,,,,
7158,2022,,3,,,,,,
7159,770,3,-3,,,,,,
7162,750,,26,,,,,,
7164,950,,-9,,,,,,
7166,950,,-9,,,,,,
7168,950,,-9,,,,,,
7170,950,,-9,,,,,,
7172,950,,-9,,,,,,
7174,950,,-9,,,,,,
7176,950,,-9,,,,,,
7178,950,,-9,,,,,,
7180,950,,-9,,,,,,
7182,950,,-9,,,,,,
7184,950,,-9,,,,,,
7186,950,,-9,,,,,,
7188,950,,-9,,,,,,
7190,950,,-9,,,,,,
7192,950,,-9,,,,,,
7194,950,,-9,,,,,,
7196,950,,-9,,,,,,
7198,950,,-9,,,,,,
7200,950,,-9,,,,,,
7202,950,,-9,,,,,,
7204,950,,-9,,,,,,
7206,950,,-9,,,,,,
7208,950,,-9,,,,,,
7210,950,,-9,,,,,,
7212,950,,-9,,,,,,
7214,950,,-9,,,,,,
7216,950,,-9,,,,,,
7218,950,,-9,,,,,,
7220,950,,-9,,,,,,
7222,688,4,5,,,,,,
7223,688,4,5,,,,,,
7224,720,4,1,,,,,,
7225,1488,,-16,,,,,,
7226,870,-3,,,,,,,
7228,870,-3,,,,,,,
7230,976,,7,,,,,,
7236,1010,1,,,,,,,
7237,1410,3,-6,,,,,,
7238,1010,1,,,,,,,
7239,1010,1,,,,,,,
7240,1410,3,-6,,,,,,
7241,1010,1,,,,,,,
7242,1410,3,-6,,,,,,
7243,1010,1,,,,,,,
7244,1410,3,-6,,,,,,
7245,1010,1,,,,,,,
7246,1410,3,-6,,,,,,
7247,1010,1,,,,,,,
7248,1010,1,,,,,,,
7249,1010,1,,,,,,,
7250,1010,1,,,,,,,
7251,1010,1,,,,,,,
7252,1010,1,,,,,,,
7253,1010,1,,,,,,,
7254,1010,1,,,,,,,
7255,1010,1,,,,,,,
7256,1010,1,,,,,,,
7257,1410,3,-6,,,,,,
7258,1010,1,,,,,,,
7259,1410,3,-6,,,,,,
7260,1010,1,,,,,,,
7261,1410,3,-6,,,,,,
7262,1010,1,,,,,,,
7263,1410,3,-6,,,,,,
7264,1010,1,,,,,,,
7265,1410,3,-6,,,,,,
7266,1010,1,,,,,,,
7267,1410,3,-6,,,,,,
7268,1010,1,,,,,,,
7269,1010,1,,,,,,,
7270,1010,1,,,,,,,
7271,1010,1,,,,,,,
7272,1010,1,,,,,,,
7273,1010,1,,,,,,,
7274,1010,1,,,,,,,
7275,1010,1,,,,,,,
7276,1010,1,,,,,,,
7277,1010,1,,,,,,,
7278,1010,1,,,,,,,
7279,1010,1,,,,,,,
7280,1010,1,,,,,,,
7281,1010,1,,,,,,,
7282,1010,1,,,,,,,
7283,1010,1,,,,,,,
7284,1010,1,,,,,,,
7285,1010,1,,,,,,,
7286,1010,1,,,,,,,
7287,1410,3,-6,,,,,,
7288,1010,1,,,,,,,
7289,1410,3,-6,,,,,,
7290,1010,1,,,,,,,
7291,1410,3,-6,,,,,,
7292,1010,1,,,,,,,
7293,1410,3,-6,,,,,,
7294,1010,1,,,,,,,
7295,1410,3,-6,,,,,,
7296,1010,1,,,,,,,
7297,700,-3,5,,,,,,
7298,1010,1,,,,,,,
7299,700,-3,5,,,,,,
7300,1010,1,,,,,,,
7301,1010,1,,,,,,,
7302,700,-3,5,,,,,,
7303,1010,1,,,,,,,
7304,1010,1,,,,,,,
7305,1010,1,,,,,,,
7306,1410,3,-6,,,,,,
7307,1010,1,,,,,,,
7308,1410,3,-6,,,,,,
7309,1010,1,,,,,,,
7310,1410,3,-6,,,,,,
7311,1010,1,,,,,,,
7312,1410,3,-6,,,,,,
7313,1010,1,,,,,,,
7314,1410,3,-6,,,,,,
7315,1010,1,,,,,,,
7316,1410,3,-6,,,,,,
7317,1010,1,,,,,,,
7318,1410,3,-6,,,,,,
7319,724,,-11,,,,,,
7321,724,,-11,,,,,,
7323,724,,-11,,,,,,
7325,724,,-11,,,,,,
7327,724,,-11,,,,,,
7329,976,3,-18,,,,,,
7330,976,3,-18,,,,,,
7331,976,3,-18,,,,,,
7332,1560,-6,-14,,,,,,
7334,1560,-6,-14,,,,,,
7336,1560,-6,-14,,,,,,
7338,1560,-6,-14,,,,,,
7340,1560,-6,-14,,,,,,
7342,1560,-6,-14,,,,,,
7344,1560,-6,-14,,,,,,
7346,1560,-6,-14,,,,,,
7348,1560,-6,-14,,,,,,
7350,1560,-6,-14,,,,,,
7352,1560,-6,-14,,,,,,
7354,1560,-6,-14,,,,,,
7356,1560,-6,-14,,,,,,
7358,1560,-6,-14,,,,,,
7360,1560,-6,-14,,,,,,
7362,910,,,,,,,,
7364,910,,,,,,,,
7366,1720,7,5,,,,,,
7368,1720,7,5,,,,,,
7370,1030,,-4,,,,,,
7372,1030,,-4,,,,,,
7374,1030,,-4,,,,,,
7376,1030,,-4,,,,,,
7378,1720,7,5,,,,,,
7380,1720,7,5,,,,,,
7382,1720,7,5,,,,,,
7384,1720,7,5,,,,,,
7386,1940,,1,,,,,,
7388,1940,,1,,,,,,
7390,1370,,7,,,,,,
7392,1370,,7,,,,,,
7394,800,5,-10,,,,,,
7396,800,5,-10,,,,,,
7398,1940,,1,,,,,,
7399,1370,,7,,,,,,
7400,800,5,-10,,,,,,
7404,1180,,-7,,,,,,
7405,1180,,-7,,,,,,
7406,1180,,-7,,,,,,
7408,530,-1,-10,,,,,,
7409,710,-1,11,,,,,,
7410,912,22,-4,,,,,,
7411,1020,-1,11,,,,,,
7412,550,,-1,,,,,,
7413,1100,2,,,,,,,
7414,1616,,4,,,,,,
7416,2281,,12,,,,,,
7418,2216,3,-22,,,,,,
7420,1872,-3,2,,,,,,
7421,912,-2,-6,,,,,,
7422,912,-2,-6,,,,,,
7423,912,-2,-6,,,,,,
7424,912,-2,-6,,,,,,
7425,912,-2,-6,,,,,,
7426,912,-2,-6,,,,,,
7427,912,-2,-6,,,,,,
7428,912,-2,-6,,,,,,
7429,912,-2,-6,,,,,,
7430,912,-2,-6,,,,,,
7431,912,-2,-6,,,,,,
7432,848,,,,,,,,
7433,1232,-1,,,,,,,
7435,848,,-5,,,,,,
7437,1114,-1,3,,,,,,
7439,1488,5,-28,,,,,,
7441,750,2,-16,,,,,,
7443,848,1,-4,,,,,,
7445,976,,-11,,,,,,
7447,760,8,9,,,,,,
7449,2476,9,24,,,,,,
7451,854,-7,-3,,,,,,
7453,789,,-1,,,,,,
7454,789,,-1,,,,,,
7455,789,,-1,,,,,,
7456,789,,-1,,,,,,
7457,789,,-1,,,,,,
7458,789,,-1,,,,,,
7459,789,,-1,,,,,,
7460,789,,-1,,,,,,
7461,789,,-1,,,,,,
7462,789,,-1,,,,,,
7463,1210,-6,,,,,,,
7464,860,1,22,,,,,,
7465,789,-5,-4,,,,,,
7466,1210,-6,,,,,,,
7468,990,-1,2,,,,,,
7470,990,-1,2,,,,,,
7471,1020,,-18,,,,,,
7472,720,4,-16,,,,,,
7473,990,-1,2,,,,,,
7474,990,-1,2,,,,,,
7475,990,-1,2,,,,,,
7476,990,-1,2,,,,,,
7477,528,1,-1,,,,,,
7478,530,,,,,,,,
7479,910,,,,,,,,
7480,848,,,,,,,,
7481,848,,,,,,,,
7482,848,,,,,,,,
7483,848,,,,,,,,
7484,848,,,,,,,,
7485,848,,,,,,,,
7486,848,,,,,,,,
7487,848,,,,,,,,
7488,848,,,,,,,,
7489,848,,,,,,,,
7490,848,,,,,,,,
7491,848,,,,,,,,
7492,848,,,,,,,,
7493,848,,,,,,,,
7494,848,,,,,,,,
7495,848,,,,,,,,
7496,848,,,,,,,,
7497,700,,-7,,,,,,
7498,840,2,-2,,,,,,
7505,1102,,45,,,,,,
7508,660,-3,2,,,,,,
7509,400,-1,12,,,,,,
7510,400,-1,12,,,,,,
7511,490,,,,,,,,
7512,830,,5,,,,,,
7513,650,1,-6,,,,,,
7514,1090,,,,,,,,
7515,848,,-13,,,,,,
7517,1210,-6,,,,,,,
7518,1232,8,-10,,,,,,
7519,1232,8,-10,,,,,,
7520,1744,-1,4,,,,,,
7521,1744,-1,4,,,,,,
7523,1744,-1,4,,,,,,
7524,1744,-1,4,,,,,,
7525,1744,-1,4,,,,,,
7526,1744,-1,4,,,,,,
7527,710,1,-22,,,,,,
7528,710,1,-22,,,,,,
7529,592,1,3,,,,,,
7530,592,1,3,,,,,,
7531,592,1,3,,,,,,
7532,1360,,,,,,,,
7533,820,-5,-16,,,,,,
7534,848,2,,,,,,,
7535,1358,4,-7,,,,,,
7536,1360,,7,,,,,,
7537,848,,,,,,,,
7538,1488,-5,-60,,,,,,
7539,896,2,-8,,,,,,
7540,1488,1,12,,,,,,
7541,1872,-5,-60,,,,,,
7542,860,,-9,,,,,,
7543,770,,,,,,,,
7544,630,1,,,,,,,
7545,1020,,-18,,,,,,
7546,990,-1,2,,,,,,
7547,550,-2,-4,,,,,,
7548,1440,2,4,,,,,,
7550,1260,2,3,,,,,,
7552,1220,6,-29,,,,,,
7554,740,,1,,,,,,
7556,740,,1,,,,,,
7558,740,,1,,,,,,
7560,740,,1,,,,,,
7562,990,1,3,,,,,,
7564,3536,-5,-1,,,,,,
7565,3536,-5,-1,,,,,,
7566,1578,-1,-12,,,,,,
7568,1578,-1,-12,,,,,,
7570,1578,-1,-12,,,,,,
7572,930,9,10,,,,,,
7573,910,,-2,,,,,,
7574,920,,,,,,,,
7575,1210,-6,,,,,,,
7576,2128,3,6,,,,,,
7577,2128,3,6,,,,,,
7578,2128,3,6,,,,,,
7579,2128,3,6,,,,,,
7580,2128,3,6,,,,,,
7581,1308,38,29,,,,,,
7582,1373,38,20,,,,,,
7583,1438,33,36,,,,,,
7584,1178,50,28,,,,,,
7585,1308,32,27,,,,,,
7586,130,,,,,,,,
7587,2384,,,,,,,,
7588,2384,,,,,,,,
7589,2384,,,,,,,,
7590,2384,,,,,,,,
7591,2384,,,,,,,,
7592,1360,,,,,,,,
7593,,,2,,,,,,
7594,720,-1,4,,,,,,
7595,848,-1,-9,,,,,,
7596,848,-4,-9,,,,,,
7597,1580,-4,-4,,,,,,
7598,1410,2,,,,,,,
7599,890,,4,,,,,,
7600,670,,-8,,,,,,
7601,580,-4,3,,,,,,
7602,970,-4,-3,,,,,,
7603,1060,-15,,,,,,,
7604,700,,,,,,,,
7605,580,-11,-4,,,,,,
7606,1550,7,12,,,,,,
7607,1070,-2,-19,,,,,,
7608,1210,,,,,,,,
7609,1440,2,4,,,,,,
7610,710,-1,11,,,,,,
7611,530,-1,-10,,,,,,
7612,1180,,-7,,,,,,
7613,990,-1,2,,,,,,
7621,3536,15,-37,,,,,,
7622,1020,,-18,,,,,,
7624,1020,,-18,,,,,,
7626,1020,,-18,,,,,,
7628,1450,2,29,,,,,,
7629,1020,-1,11,,,,,,
7630,2020,-1,-6,,,,,,
7632,700,-3,5,,,,,,
7633,750,,26,,,,,,
7634,830,1,-21,,,,,,
7635,830,1,-21,,,,,,
7636,620,-11,14,,,,,,
7637,1838,,,,,,,,
7638,1838,,,,,,,,
7639,1838,,,,,,,,
7640,1838,,,,,,,,
7641,1838,,,,,,,,
7642,1838,,,,,,,,
7643,1838,,,,,,,,
7644,1838,,,,,,,,
7645,1838,,,,,,,,
7646,1838,,,,,,,,
7647,1838,,,,,,,,
7648,1838,,,,,,,,
7649,2180,,3,,,,,,
7650,1210,-6,,,,,,,
7652,550,,-1,,,,,,
7654,550,,-1,,,,,,
7656,550,,-1,,,,,,
7658,550,,-1,,,,,,
7660,550,,-1,,,,,,
7662,550,,-1,,,,,,
7664,550,,-1,,,,,,
7666,550,,-1,,,,,,
7668,,-1,-45,,,,,,
7670,2290,-5,2,,,,,,
7671,789,4,15,,,,,,
7672,842,1,,,,,,,
7673,789,4,15,,,,,,
7674,842,1,,,,,,,
7675,1040,,-3,,,,,,
7676,1892,-8,-7,,,,,,
7677,976,,,,,,,,
7678,700,-3,5,,,,,,
7679,2346,3,8,,,,,,
7681,919,-1,3,,,,,,
7682,848,,7,,,,,,
7684,976,-1,1,,,,,,
7686,976,-2,,,,,,,
7688,1050,2,-1,,,,,,
7690,1050,2,-1,,,,,,
7691,1178,10,2,,,,,,
7692,984,,-100,,,,,,
7694,984,,-100,,,,,,
7696,984,,-100,,,,,,
7698,984,,-100,,,,,,
7700,984,,-100,,,,,,
7702,984,,-100,,,,,,
7704,984,,-100,,,,,,
7706,984,,-100,,,,,,
7708,984,,-100,,,,,,
7710,984,,-100,,,,,,
7712,984,,-100,,,,,,
7714,984,,-100,,,,,,
7716,984,,-100,,,,,,
7718,984,,-100,,,,,,
7720,984,,-100,,,,,,
7722,984,,-100,,,,,,
7724,984,,-100,,,,,,
7726,984,,-100,,,,,,
7728,528,-1,-2,,,,,,
7730,528,-1,-2,,,,,,
7731,528,-1,-2,,,,,,
7732,528,-1,-2,,,,,,
7733,528,-1,-2,,,,,,
7734,528,-1,-2,,,,,,
7735,528,-1,-2,,,,,,
7736,528,-1,-2,,,,,,
7737,528,-1,-2,,,,,,
7738,1360,1,9,,,,,,
7740,660,-3,2,,,,,,
7742,660,-3,2,,,,,,
7744,660,-3,2,,,,,,
7746,660,-3,2,,,,,,
7748,660,-3,2,,,,,,
7750,660,-3,2,,,,,,
7752,660,-3,2,,,,,,
7754,660,-3,2,,,,,,
7758,590,,-1,,,,,,
7759,1872,-4,13,,,,,,
7761,1872,-4,13,,,,,,
7763,1616,-5,16,,,,,,
7765,1616,-5,16,,,,,,
7767,1616,8,1,,,,,,
7769,1616,8,1,,,,,,
7771,848,-67,33,,,,,,
7773,1632,46,26,,,,,,
7774,789,5,-3,,,,,,
7775,789,5,-3,,,,,,
7776,789,5,-3,,,,,,
7777,1249,-5,-30,,,,,,
7778,1249,-5,-30,,,,,,
7779,724,1,15,,,,,,
7780,724,1,15,,,,,,
7781,724,1,15,,,,,,
7782,724,1,15,,,,,,
7783,724,1,15,,,,,,
7784,724,1,15,,,,,,
7785,724,1,15,,,,,,
7786,724,1,15,,,,,,
7787,724,1,15,,,,,,
7788,724,1,15,,,,,,
7789,724,1,15,,,,,,
7790,724,1,15,,,,,,
7791,724,,1,,,,,,
7792,724,,1,,,,,,
7793,724,,1,,,,,,
7794,735,1,3,,,,,,
7795,735,1,3,,,,,,
7796,735,1,3,,,,,,
7797,724,1,15,,,,,,
7798,724,1,15,,,,,,
7799,724,1,15,,,,,,
7800,2256,-9,,,,,,,
7801,1500,3,,,,,,,
7803,620,1,16,,,,,,
7804,2128,4,7,,,,,,
7806,2128,,3,,,,,,
7807,2256,-1,1,,,,,,
7808,1872,1,98,,,,,,
7809,,1,1,,,,,,
7810,600,1,100,,,,,,
7811,990,-1,2,,,,,,
7812,1232,4,,,,,,,
7813,1360,,-4,,,,,,
7814,1232,4,,,,,,,
7815,1616,-3,15,,,,,,
7816,1360,,-4,,,,,,
7817,1616,-3,15,,,,,,
7818,848,4,,,,,,,
7819,1360,,-4,,,,,,
7820,848,4,,,,,,,
7821,720,,,,,,,,
7822,1360,,-4,,,,,,
7823,720,,,,,,,,
7824,919,,7,,,,,,
7825,1360,,-4,,,,,,
7826,919,,7,,,,,,
7827,1360,-7,-2,,,,,,
7828,1360,,-4,,,,,,
7829,1360,-7,-2,,,,,,
7830,720,,,,,,,,
7831,1360,,-4,,,,,,
7832,720,,,,,,,,
7833,1360,-7,-2,,,,,,
7834,1360,,-4,,,,,,
7835,1360,-7,-2,,,,,,
7836,720,,,,,,,,
7837,1360,,-4,,,,,,
7838,720,,,,,,,,
7839,1360,1,6,,,,,,
7840,1360,,-4,,,,,,
7841,1360,1,6,,,,,,
7842,1616,-3,15,,,,,,
7843,1360,,-4,,,,,,
7844,1616,-3,15,,,,,,
7845,720,,,,,,,,
7846,1360,,-4,,,,,,
7847,720,,,,,,,,
7848,1360,1,6,,,,,,
7849,1360,,-4,,,,,,
7850,1360,1,6,,,,,,
7851,720,,,,,,,,
7852,1360,,-4,,,,,,
7853,720,,,,,,,,
7854,784,8,-81,,,,,,
7855,1360,,-4,,,,,,
7856,784,8,-81,,,,,,
7857,1616,-3,15,,,,,,
7858,1360,,-4,,,,,,
7859,1616,-3,15,,,,,,
7860,1232,-10,11,,,,,,
7861,1360,,-4,,,,,,
7862,1232,-10,11,,,,,,
7863,1360,1,6,,,,,,
7864,1360,,-4,,,,,,
7865,1360,1,6,,,,,,
7866,1360,1,6,,,,,,
7867,1360,,-4,,,,,,
7868,1360,1,6,,,,,,
7869,720,,,,,,,,
7870,1360,,-4,,,,,,
7871,720,,,,,,,,
7872,1360,1,6,,,,,,
7873,1360,,-4,,,,,,
7874,1360,1,6,,,,,,
7875,1616,-3,15,,,,,,
7876,1360,,-4,,,,,,
7877,1616,-3,15,,,,,,
7878,1360,-7,-2,,,,,,
7879,1360,,-4,,,,,,
7880,1360,-7,-2,,,,,,
7881,720,,,,,,,,
7882,1360,,-4,,,,,,
7883,720,,,,,,,,
7884,1360,1,6,,,,,,
7885,1360,,-4,,,,,,
7886,1360,1,6,,,,,,
7887,1360,-7,-2,,,,,,
7888,1360,,-4,,,,,,
7889,1360,-7,-2,,,,,,
7890,1616,-3,15,,,,,,
7891,1360,,-4,,,,,,
7892,1616,-3,15,,,,,,
7893,720,,,,,,,,
7894,1360,,-4,,,,,,
7895,720,,,,,,,,
7896,720,,,,,,,,
7897,1360,,-4,,,,,,
7898,720,,,,,,,,
7899,1360,1,6,,,,,,
7900,1360,,-4,,,,,,
7901,1360,1,6,,,,,,
7902,720,,,,,,,,
7903,1360,,-4,,,,,,
7904,720,,,,,,,,
7905,1232,4,,,,,,,
7906,1360,,-4,,,,,,
7907,1232,4,,,,,,,
7908,1424,6,,,,,,,
7909,1360,,-4,,,,,,
7910,1424,6,,,,,,,
7911,1360,-7,-2,,,,,,
7912,1360,,-4,,,,,,
7913,1360,-7,-2,,,,,,
7914,720,,,,,,,,
7915,1360,,-4,,,,,,
7916,720,,,,,,,,
7917,848,,,,,,,,
7918,1616,7,-10,,,,,,
7919,970,,-1,,,,,,
7921,970,,-1,,,,,,
7922,724,3,-77,,,,,,
7923,1220,6,-29,,,,,,
7924,1220,6,-29,,,,,,
7925,1220,6,-29,,,,,,
7926,1220,6,-29,,,,,,
7927,1049,-11,-11,,,,,,
7928,789,,-1,,,,,,
7929,789,,-1,,,,,,
7930,789,,-1,,,,,,
7931,789,,,,,,,,
7932,789,,,,,,,,
7933,789,,,,,,,,
7934,1243,-1,,,,,,,
7936,740,,1,,,,,,
7938,1730,,-20,,,,,,
7939,1232,,41,,,,,,
7941,2098,1,-3,,,,,,
7942,1600,7,-43,,,,,,
7943,1600,7,-43,,,,,,
7944,1600,7,-43,,,,,,
7946,1600,7,-43,,,,,,
7948,1600,7,-43,,,,,,
7950,990,-1,2,,,,,,
7951,860,1,22,,,,,,
7952,1114,1,24,,,,,,
7954,950,,,,,,,,
7956,720,,,,,,,,
7958,2250,-46,-7,,,,,,
7959,,,-1,,,,,,
7960,,,-1,,,,,,
7961,740,3,45,,,,,,
7962,740,3,45,,,,,,
7963,740,3,45,,,,,,
7964,740,3,45,,,,,,
7965,740,3,45,,,,,,
7966,960,,7,,,,,,
7967,2550,-4,,,,,,,
7968,1020,-1,11,,,,,,
7969,1560,1,-13,,,,,,
7970,2790,-7,10,,,,,,
7971,2320,-29,-2,,,,,,
7972,830,1,-21,,,,,,
7973,1440,,-13,,,,,,
7974,830,2,,,,,,,
7975,2384,-1,13,,,,,,
7976,1872,-8,1,,,,,,
7977,1360,3,,,,,,,
7978,1616,-4,-8,,,,,,
7980,2256,1,1,,,,,,
7981,1901,-11,-22,,,,,,
7982,2128,-1,13,,,,,,
7983,1872,-8,1,,,,,,
7984,1360,8,-1,,,,,,
7985,1488,5,-9,,,,,,
7987,2384,5,-52,,,,,,
7988,2285,-11,-27,,,,,,
7989,1852,-3,,,,,,,
7990,1724,,3,,,,,,
7991,1710,-4,,,,,,,
7992,1710,-14,24,,,,,,
7993,1860,5,20,,,,,,
7994,1860,5,20,,,,,,
7995,1503,-1,7,,,,,,
7996,1503,-1,7,,,,,,
7997,1503,-1,7,,,,,,
7998,1503,-1,7,,,,,,
7999,1503,-1,7,,,,,,
8000,1503,-1,7,,,,,,
8001,1503,-1,7,,,,,,
8002,1503,-1,7,,,,,,
8003,1503,-1,7,,,,,,
8004,1503,-1,7,,,,,,
8005,1503,-1,7,,,,,,
8006,1503,-1,7,,,,,,
8007,465,,-1,,,,,,
8008,465,,-1,,,,,,
8009,465,,-1,,,,,,
8010,465,,-1,,,,,,
8011,465,,-1,,,,,,
8012,465,,-1,,,,,,
8013,465,,-1,,,,,,
8014,465,,-1,,,,,,
8015,465,,-1,,,,,,
8016,465,,-1,,,,,,
8017,465,,-1,,,,,,
8018,465,,-1,,,,,,
8019,465,,-1,,,,,,
8020,465,,-1,,,,,,
8021,465,,-1,,,,,,
8022,465,,-1,,,,,,
8023,2384,-8,25,,,,,,
8024,2256,-8,25,,,,,,
8025,2256,1,25,,,,,,
8026,2384,-2,25,,,,,,
8027,2768,3,-48,,,,,,
8028,4304,1,-37,,,,,,
8029,4304,1,-37,,,,,,
8030,4304,1,-37,,,,,,
8031,3682,-3,-15,,,,,,
8032,3938,-3,-15,,,,,,
8033,5602,-3,-15,,,,,,
8034,3938,-3,-15,,,,,,
8035,5730,-3,-15,,,,,,
8036,5730,-3,-15,,,,,,
8037,5730,-3,-15,,,,,,
8038,2914,,,,,,,,
8039,2914,,,,,,,,
8040,4066,,,,,,,,
8041,2914,,,,,,,,
8042,4066,,,,,,,,
8043,3938,,-18,,,,,,
8044,3938,,-18,,,,,,
8045,2658,-5,-1,,,,,,
8046,2914,-5,-1,,,,,,
8047,3938,-4,-20,,,,,,
8048,4578,-4,-20,,,,,,
8049,4578,-4,-20,,,,,,
8050,3810,-4,-20,,,,,,
8051,3810,-4,-20,,,,,,
8052,3810,-2,-5,,,,,,
8053,3810,-2,-5,,,,,,
8054,3810,-2,-5,,,,,,
8055,3536,-1,-3,,,,,,
8056,3536,-1,-3,,,,,,
8057,3536,-1,-3,,,,,,
8058,3664,,,,,,,,
8059,4688,,,,,,,,
8060,4176,,,,,,,,
8061,4176,,,,,,,,
8062,4176,,-34,,,,,,
8063,4176,,-34,,,,,,
8064,4176,,-34,,,,,,
8065,4176,,-34,,,,,,
8066,4176,,-34,,,,,,
8067,4176,,-34,,,,,,
8068,4176,,-34,,,,,,
8069,2256,,,,,,,,
8070,2256,,,,,,,,
8071,2384,,,,,,,,
8072,2384,,,,,,,,
8073,3024,,,,,,,,
8074,3024,,,,,,,,
8075,3024,,,,,,,,
8076,1373,3,4,,,,,,
8077,1373,-1,-1,,,,,,
8078,1373,1,1,,,,,,
8079,4816,,-15,,,,,,
8080,4816,,-15,,,,,,
8081,4304,,-20,,,,,,
8082,3408,,-7,,,,,,
8083,3664,,3,,,,,,
8084,2768,,-8,,,,,,
8085,3024,-1,4,,,,,,
8086,1375,40,79,,,,,,
8087,1488,11,68,,,,,,
8088,1104,28,74,,,,,,
8089,2768,-7,60,,,,,,
8090,1247,48,100,,,,,,
8091,1631,40,79,,,,,,
8093,1503,40,79,,,,,,
8094,1759,40,75,,,,,,
8095,3024,-1,4,,,,,,
8096,3152,12,-4,,,,,,
8097,3792,-1,-5,,,,,,
8098,3792,-1,-5,,,,,,
8099,2384,-3,48,,,,,,
8100,2384,-20,48,,,,,,
8101,2384,-20,48,,,,,,
8102,,48,73,,,,,,
8103,,36,75,,,,,,
8104,1744,41,79,,,,,,
8105,1616,12,51,,,,,,
8106,1744,12,46,,,,,,
8107,1872,12,46,,,,,,
8108,2512,15,11,,,,,,
8109,2768,15,11,,,,,,
8110,2768,15,11,,,,,,
8111,2768,15,11,,,,,,
8112,2768,15,11,,,,,,
8113,2768,15,11,,,,,,
8114,2768,15,11,,,,,,
8115,6736,-9,,,,,,,
8116,6224,-9,,,,,,,
8117,6224,-9,,,,,,,
8118,6480,-9,,,,,,,
8119,6480,-9,,,,,,,
8120,5712,-9,,,,,,,
8121,5712,-9,,,,,,,
8122,4304,-1,15,,,,,,
8123,4304,-1,15,,,,,,
8124,4304,-1,15,,,,,,
8125,3664,-16,16,,,,,,
8126,1744,-2,41,,,,,,
8127,3024,12,-72,,,,,,
8128,1248,40,100,,,,,,
8129,1248,40,100,,,,,,
8130,1248,46,100,,,,,,
8131,3920,-1,-16,,,,,,
8132,2256,,,,,,,,
8133,2512,-2,-50,,,,,,
8134,3536,15,-37,,,,,,
8135,2256,-1,-36,,,,,,
8136,1104,-17,97,,,,,,
8137,1744,-4,-10,,,,,,
8138,2256,-20,-23,,,,,,
8139,5395,26,-81,,,,,,
8140,4304,4,67,,,,,,
8141,5265,-1,-9,,,,,,
8142,2541,-97,9,,,,,,
8143,2256,-1,-16,,,,,,
8144,2256,-1,-16,,,,,,
8145,4816,-1,-16,,,,,,
8146,2256,-1,-16,,,,,,
8147,,3,,,,,,,
8148,2640,,,,,,,,
8149,2640,,,,,,,,
8150,2640,,,,,,,,
8151,2640,,,,,,,,
8152,2640,,,,,,,,
8153,3408,,,,,,,,
8154,3408,,,,,,,,
8155,3408,,,,,,,,
8156,2256,,,,,,,,
8157,1488,,,,,,,,
8158,1104,,,,,,,,
8159,2768,,-43,,,,,,
8160,4304,-2,-23,,,,,,
8161,4176,-10,,,,,,,
8162,2896,-4,-6,,,,,,
8163,2128,-1,47,,,,,,
8164,,10,12,,,,,,
8165,2512,,,,,,,,
8166,2512,,,,,,,,
8167,2512,,,,,,,,
8168,5840,-1,-18,,,,,,
8169,5456,,-100,,,,,,
8170,4048,,,,,,,,
8171,1744,,,,,,,,
8172,5584,2,-61,,,,,,
8173,9168,4,-83,,,,,,
8174,7056,-20,9,,,,,,
8175,6992,-22,-2,,,,,,
8176,8656,-20,-18,,,,,,
8177,6992,-20,-30,,,,,,
8178,8912,-20,-30,,,,,,
8179,7120,-19,22,,,,,,
8180,3152,12,-4,,,,,,
8181,3792,-1,-5,,,,,,
8182,5968,-21,94,,,,,,
8183,3152,12,-4,,,,,,
8184,3792,-1,-5,,,,,,
8185,3792,-1,-5,,,,,,
8186,3152,12,-4,,,,,,
8187,3792,-1,-5,,,,,,
8188,5968,-21,94,,,,,,
8189,3152,12,-4,,,,,,
8190,3792,-1,-5,,,,,,
8191,5968,-21,94,,,,,,
8192,3664,-1,-49,,,,,,
8193,3664,-9,13,,,,,,
8194,5456,-10,-100,,,,,,
8195,4304,-2,-22,,,,,,
8196,2128,23,74,,,,,,
8197,2768,-32,-44,,,,,,
8198,3280,-32,-44,,,,,,
8199,4816,-42,-85,,,,,,
8200,2768,-32,-44,,,,,,
8201,4688,-32,-44,,,,,,
8202,2384,-24,-45,,,,,,
8203,2128,-10,-3,,,,,,
8204,2128,-2,,,,,,,
8205,2512,-2,2,,,,,,
8206,1360,-1,67,,,,,,
8207,2640,-2,2,,,,,,
8208,2896,-2,-9,,,,,,
8209,3664,-2,-9,,,,,,
8210,3408,,,,,,,,
8211,3408,,,,,,,,
8212,2256,,,,,,,,
8213,2896,,,,,,,,
8214,2128,-4,13,,,,,,
8215,3024,,-45,,,,,,
8216,2384,-2,-10,,,,,,
8217,2384,-2,-10,,,,,,
8218,2384,-2,-10,,,,,,
8219,3408,8,,,,,,,
8220,3920,5,-10,,,,,,
8221,3408,-11,-46,,,,,,
8222,3792,-2,-46,,,,,,
8223,,30,85,,,,,,
8224,,30,85,,,,,,
8225,,30,100,,,,,,
8226,,30,91,,,,,,
8227,,30,100,,,,,,
8228,,30,100,,,,,,
8229,,30,100,,,,,,
8230,4560,-11,-100,,,,,,
8231,4176,-26,-97,,,,,,
8232,4560,-14,-96,,,,,,
8233,5200,-4,,,,,,,
8234,5200,-4,,,,,,,
8235,5200,-4,,,,,,,
8236,2512,-4,4,,,,,,
8237,2512,-4,4,,,,,,
8238,2512,-4,4,,,,,,
8239,3920,,-7,,,,,,
8240,3920,,-7,,,,,,
8241,3920,,-7,,,,,,
8242,3920,,-7,,,,,,
8243,3920,,-7,,,,,,
8244,3920,,-7,,,,,,
8246,5712,,,,,,,,
8247,5712,,,,,,,,
8248,5712,,,,,,,,
8249,5328,,,,,,,,
8250,5328,,,,,,,,
8251,5328,,,,,,,,
8252,5328,,,,,,,,
8253,5328,,,,,,,,
8254,5328,,,,,,,,
8255,5328,-2,2,,,,,,
8256,5328,-2,2,,,,,,
8257,5328,-2,2,,,,,,
8258,4432,,,,,,,,
8259,4432,,,,,,,,
8260,2384,4,-9,,,,,,
8261,1488,11,68,,,,,,
8262,1488,18,65,,,,,,
8263,1104,28,74,,,,,,
8264,2128,13,53,,,,,,
8265,2768,-7,60,,,,,,
8266,2285,-8,-18,,,,,,
8267,1616,29,76,,,,,,
8268,1616,33,76,,,,,,
8269,,33,66,,,,,,
8270,3024,-1,4,,,,,,
8271,3024,-1,4,,,,,,
8272,3024,-1,4,,,,,,
8273,3024,-1,4,,,,,,
8274,3024,-1,4,,,,,,
8275,3024,-1,4,,,,,,
8276,3024,-1,4,,,,,,
8277,3024,-1,4,,,,,,
8278,3024,-1,4,,,,,,
8279,1247,48,100,,,,,,
8280,1247,48,100,,,,,,
8281,1247,48,100,,,,,,
8282,1887,48,84,,,,,,
8283,919,39,99,,,,,,
8284,2640,19,34,,,,,,
8285,1375,40,79,,,,,,
8286,1375,40,79,,,,,,
8287,1375,40,79,,,,,,
8288,1503,40,79,,,,,,
8289,1631,40,79,,,,,,
8290,1631,40,75,,,,,,
8291,1759,40,75,,,,,,
8292,1759,40,75,,,,,,
8293,1759,40,75,,,,,,
8294,1759,42,58,,,,,,
8295,1759,42,58,,,,,,
8296,1759,42,58,,,,,,
8297,4304,,24,,,,,,
8298,4176,,24,,,,,,
8299,4304,,24,,,,,,
8300,4304,,24,,,,,,
8301,3920,,24,,,,,,
8302,2512,,-22,,,,,,
8303,3280,,,,,,,,
8304,2512,-5,-32,,,,,,
8305,4432,8,-7,,,,,,
8306,4432,,,,,,,,
8307,4432,,,,,,,,
8308,4432,,,,,,,,
8309,3152,,-9,,,,,,
8310,3152,,-9,,,,,,
8311,3152,,-9,,,,,,
8312,3152,,-9,,,,,,
8313,3152,,-9,,,,,,
8314,3152,,-9,,,,,,
8315,3152,,-9,,,,,,
8316,1762,-4,-100,,,,,,
8317,1762,-4,-100,,,,,,
8318,2086,-1,-72,,,,,,
8319,4304,11,-20,,,,,,
8320,4304,11,-20,,,,,,
8321,4304,11,-20,,,,,,
8322,,23,100,,,,,,
8323,,24,100,,,,,,
8324,,24,100,,,,,,
8325,3920,14,-10,,,,,,
8326,4816,-8,-12,,,,,,
8327,4816,-8,-12,,,,,,
8328,4681,,-20,,,,,,
8329,4681,,-20,,,,,,
8330,4681,,-20,,,,,,
8331,5459,1,-65,,,,,,
8332,5459,1,-65,,,,,,
8333,5459,1,-65,,,,,,
8334,2512,9,5,,,,,,
8335,2512,9,5,,,,,,
8336,2512,9,5,,,,,,
8337,2512,9,5,,,,,,
8338,2512,9,5,,,,,,
8339,2512,9,5,,,,,,
8340,2512,9,5,,,,,,
8341,5456,-4,-100,,,,,,
8342,6096,2,-93,,,,,,
8343,6096,2,-93,,,,,,
8344,6096,2,-93,,,,,,
8345,6096,2,-93,,,,,,
8346,6352,,-93,,,,,,
8347,6864,,-93,,,,,,
8348,3024,-3,-23,,,,,,
8349,3024,-3,-23,,,,,,
8350,3024,-3,-23,,,,,,
8351,2896,2,-13,,,,,,
8352,3152,-3,-39,,,,,,
8353,3536,4,-37,,,,,,
8354,1892,28,100,,,,,,
8355,1892,28,100,,,,,,
8356,1892,28,100,,,,,,
8357,3664,-3,-18,,,,,,
8358,3664,,-18,,,,,,
8359,4048,,-26,,,,,,
8360,4048,,-26,,,,,,
8361,3408,-5,-26,,,,,,
8362,3408,-5,-99,,,,,,
8363,3664,,-35,,,,,,
8364,3124,,-20,,,,,,
8365,3124,,-20,,,,,,
8366,3124,,-20,,,,,,
8367,3152,-1,-20,,,,,,
8368,3152,-1,-20,,,,,,
8369,3152,-1,-20,,,,,,
8370,3152,,,,,,,,
8371,6822,,-5,,,,,,
8372,3152,-1,-20,,,,,,
8373,3408,-1,15,,,,,,
8374,4304,,-37,,,,,,
8375,4816,-5,,,,,,,
8376,4816,-5,,,,,,,
8377,4816,-5,,,,,,,
8378,4048,,,,,,,,
8379,4048,,,,,,,,
8380,3920,,-11,,,,,,
8381,3920,,-11,,,,,,
8382,3920,,-11,,,,,,
8383,3920,,-11,,,,,,
8384,2730,,33,,,,,,
8385,2730,,33,,,,,,
8386,2730,,33,,,,,,
8387,2300,,46,,,,,,
8388,3050,,25,,,,,,
8389,4816,,,,,,,,
8390,3536,6,-14,,,,,,
8391,3280,-11,-93,,,,,,
8392,3024,-2,-94,,,,,,
8393,3024,-2,-50,,,,,,
8394,3408,-8,-20,,,,,,
8395,3152,,-9,,,,,,
8396,3792,-2,-46,,,,,,
8397,5712,-9,,,,,,,
8398,5730,-3,-15,,,,,,
8399,2128,-1,47,,,,,,
8400,2768,3,-48,,,,,,
8401,5328,-2,2,,,,,,
8402,5328,-2,2,,,,,,
8403,4432,,,,,,,,
8404,4432,,,,,,,,
8405,4176,,-34,,,,,,
8406,4048,,,,,,,,
8407,2512,9,5,,,,,,
8408,5459,1,-65,,,,,,
8409,3664,,-35,,,,,,
8410,2512,,-22,,,,,,
8411,4304,-1,15,,,,,,
8412,4304,-1,15,,,,,,
8413,4304,-1,15,,,,,,
8414,2640,,,,,,,,
8415,4048,,,,,,,,
8416,4304,-2,-22,,,,,,
8417,919,,-100,,,,,,
8419,919,,-100,,,,,,
8421,919,,-100,,,,,,
8423,919,,-100,,,,,,
8425,919,,-100,,,,,,
8427,919,,-100,,,,,,
8429,919,,-100,,,,,,
8431,919,,-100,,,,,,
8433,919,,-100,,,,,,
8435,919,,-100,,,,,,
8437,919,,-100,,,,,,
8439,919,,-100,,,,,,
8441,919,,-100,,,,,,
8443,919,,-100,,,,,,
8445,919,,-100,,,,,,
8447,919,,-100,,,,,,
8449,919,,-100,,,,,,
8451,919,,-100,,,,,,
8453,919,,-100,,,,,,
8455,919,,-100,,,,,,
8457,919,,-100,,,,,,
8459,919,,-100,,,,,,
8461,919,,-100,,,,,,
8463,919,-1,3,,,,,,
8464,800,-1,6,,,,,,
8465,720,3,5,,,,,,
8466,800,-1,6,,,,,,
8467,720,3,5,,,,,,
8468,800,-1,6,,,,,,
8469,720,3,5,,,,,,
8470,800,-1,6,,,,,,
8471,720,3,5,,,,,,
8472,800,-1,6,,,,,,
8473,720,3,5,,,,,,
8474,800,-1,6,,,,,,
8475,720,3,5,,,,,,
8476,800,-1,6,,,,,,
8477,720,3,5,,,,,,
8478,800,-1,6,,,,,,
8479,720,3,5,,,,,,
8480,800,-1,6,,,,,,
8481,720,3,5,,,,,,
8482,800,-1,6,,,,,,
8483,720,3,5,,,,,,
8484,800,-1,6,,,,,,
8485,720,3,5,,,,,,
8486,800,-1,6,,,,,,
8487,720,3,5,,,,,,
8488,800,-1,6,,,,,,
8489,720,3,5,,,,,,
8490,800,-1,6,,,,,,
8491,720,3,5,,,,,,
8492,800,-1,6,,,,,,
8493,720,3,5,,,,,,
8494,800,-1,6,,,,,,
8495,720,3,5,,,,,,
8496,1762,,,,,,,,
8498,1762,,,,,,,,
8500,1762,,,,,,,,
8502,1762,,,,,,,,
8504,1762,,,,,,,,
8506,1762,,,,,,,,
8508,1762,,,,,,,,
8510,1762,,,,,,,,
8512,1762,,,,,,,,
8514,1762,,,,,,,,
8516,1762,,,,,,,,
8518,1762,,,,,,,,
8520,1762,,,,,,,,
8522,1762,,,,,,,,
8524,1762,,,,,,,,
8526,1762,,,,,,,,
8528,1762,,,,,,,,
8530,1762,,,,,,,,
8532,1762,,,,,,,,
8534,1762,,,,,,,,
8536,1762,,,,,,,,
8538,1762,,,,,,,,
8540,1762,,,,,,,,
8542,1762,,,,,,,,
8544,1762,,,,,,,,
8546,1762,,,,,,,,
8548,1762,,,,,,,,
8550,1762,,,,,,,,
8552,1762,,,,,,,,
8554,1762,,,,,,,,
8556,1762,,,,,,,,
8558,1762,,,,,,,,
8560,1762,,,,,,,,
8562,1762,,,,,,,,
8564,1762,,,,,,,,
8566,1762,,,,,,,,
8568,1762,,,,,,,,
8570,1762,,,,,,,,
8572,1762,,,,,,,,
8574,1762,,,,,,,,
8576,1762,,,,,,,,
8578,1762,,,,,,,,
8580,1762,,,,,,,,
8582,1762,,,,,,,,
8584,1762,,,,,,,,
8586,1762,,,,,,,,
8588,1762,,,,,,,,
8590,1762,,,,,,,,
8592,1762,,,,,,,,
8594,1762,,,,,,,,
8596,1762,,,,,,,,
8598,1762,,,,,,,,
8600,1762,,,,,,,,
8602,1762,,,,,,,,
8604,1762,,,,,,,,
8606,1762,,,,,,,,
8608,1762,,,,,,,,
8610,1762,,,,,,,,
8612,1762,,,,,,,,
8614,1762,,,,,,,,
8616,1762,,,,,,,,
8618,1762,,,,,,,,
8620,1762,,,,,,,,
8622,1762,,,,,,,,
8624,1762,,,,,,,,
8626,1762,,,,,,,,
8628,1762,,,,,,,,
8630,1762,,,,,,,,
8632,1762,,,,,,,,
8634,1762,,,,,,,,
8636,1762,,,,,,,,
8638,1762,,,,,,,,
8640,1762,,,,,,,,
8642,1762,,,,,,,,
8644,1762,,,,,,,,
8646,1762,,,,,,,,
8648,1762,,,,,,,,
8650,2060,,,,,,,,
8651,720,3,5,,,,,,
8652,2060,,4,,,,,,
8653,720,3,5,,,,,,
8654,2060,,,,,,,,
8655,720,3,5,,,,,,
8656,2060,,,,,,,,
8657,720,3,5,,,,,,
8658,2060,,,,,,,,
8659,720,3,5,,,,,,
8660,2060,,,,,,,,
8661,720,3,5,,,,,,
8662,2060,,,,,,,,
8663,720,3,5,,,,,,
8664,2060,,,,,,,,
8665,720,3,5,,,,,,
8666,2060,,,,,,,,
8667,720,3,5,,,,,,
8668,2060,,,,,,,,
8669,720,3,5,,,,,,
8670,2060,,,,,,,,
8671,720,3,5,,,,,,
8672,2060,,,,,,,,
8673,720,3,5,,,,,,
8674,2022,,,,,,,,
8675,720,3,5,,,,,,
8676,2060,,,,,,,,
8677,720,3,5,,,,,,
8678,2060,,,,,,,,
8679,720,3,5,,,,,,
8680,2060,,,,,,,,
8681,720,3,5,,,,,,
8682,800,-1,6,,,,,,
8683,720,3,5,,,,,,
8684,800,-1,6,,,,,,
8685,720,3,5,,,,,,
8686,800,-1,6,,,,,,
8687,720,3,5,,,,,,
8688,800,-1,6,,,,,,
8689,720,3,5,,,,,,
8690,800,-1,6,,,,,,
8691,720,3,5,,,,,,
8692,800,-1,6,,,,,,
8693,720,3,5,,,,,,
8694,800,-1,6,,,,,,
8695,720,3,5,,,,,,
8696,800,-1,6,,,,,,
8697,720,3,5,,,,,,
8698,800,-1,6,,,,,,
8699,720,3,5,,,,,,
8700,800,-1,6,,,,,,
8701,720,3,5,,,,,,
8702,800,-1,6,,,,,,
8703,720,3,5,,,,,,
8704,800,-1,6,,,,,,
8705,720,3,5,,,,,,
8706,800,-1,6,,,,,,
8707,720,3,5,,,,,,
8708,800,-1,6,,,,,,
8709,720,3,5,,,,,,
8710,800,-1,6,,,,,,
8711,720,3,5,,,,,,
8712,800,-1,6,,,,,,
8713,720,3,5,,,,,,
8714,1568,-4,-9,,,,,,
8715,720,3,5,,,,,,
8716,1568,-4,-9,,,,,,
8717,720,3,5,,,,,,
8718,1568,-4,-9,,,,,,
8719,720,3,5,,,,,,
8720,1568,-4,-9,,,,,,
8721,720,3,5,,,,,,
8722,1568,-4,-9,,,,,,
8723,720,3,5,,,,,,
8724,1568,-4,-9,,,,,,
8725,720,3,5,,,,,,
8726,1568,-4,-9,,,,,,
8727,720,3,5,,,,,,
8728,1568,-4,-9,,,,,,
8729,720,3,5,,,,,,
8730,1568,-4,-9,,,,,,
8731,720,3,5,,,,,,
8732,1568,-4,-9,,,,,,
8733,720,3,5,,,,,,
8734,1568,-4,-9,,,,,,
8735,720,3,5,,,,,,
8736,1568,-4,-9,,,,,,
8737,720,3,5,,,,,,
8738,1568,-4,-9,,,,,,
8739,720,3,5,,,,,,
8740,1568,-4,-9,,,,,,
8741,720,3,5,,,,,,
8742,1568,-4,-9,,,,,,
8743,720,3,5,,,,,,
8744,1568,-4,-9,,,,,,
8745,720,3,5,,,,,,
8746,1568,-4,-9,,,,,,
8747,720,3,5,,,,,,
8748,1568,-4,-9,,,,,,
8749,720,3,5,,,,,,
8750,1568,-4,-9,,,,,,
8751,720,3,5,,,,,,
8752,1568,-4,-9,,,,,,
8753,720,3,5,,,,,,
8754,1568,-4,-9,,,,,,
8755,720,3,5,,,,,,
8756,1568,-4,-9,,,,,,
8757,720,3,5,,,,,,
8758,1568,-4,-9,,,,,,
8759,720,3,5,,,,,,
8760,1568,-4,-9,,,,,,
8761,720,3,5,,,,,,
8762,1568,-4,-9,,,,,,
8763,720,3,5,,,,,,
8764,1568,-4,-9,,,,,,
8765,720,3,5,,,,,,
8766,1568,-4,-9,,,,,,
8767,720,3,5,,,,,,
8768,1568,-4,-9,,,,,,
8769,720,3,5,,,,,,
8770,1568,-4,-9,,,,,,
8771,720,3,5,,,,,,
8772,1568,-4,-9,,,,,,
8773,720,3,5,,,,,,
8774,1568,-4,-9,,,,,,
8775,720,3,5,,,,,,
8776,1568,-4,-9,,,,,,
8777,720,3,5,,,,,,
8778,,,18,,,,,,
8780,,,18,,,,,,
8782,,,18,,,,,,
8784,1360,,-15,,,,,,
8786,,-7,-41,,,,,,
8788,720,-1,1,,,,,,
8790,1360,,9,,,,,,
8792,848,,-6,,,,,,
8794,1232,-1,2,,,,,,
8796,1940,,1,,,,,,
8797,3536,15,-37,,,,,,
8837,1957,,,,,,,,
8839,919,,3,,,,,,
8840,2022,,,,,,,,
8841,1308,-3,-10,,,,,,
8842,930,8,-8,,,,,,
8843,1830,-1,12,,,,,,
8844,490,1,20,,,,,,
8845,490,1,20,,,,,,
8846,490,1,20,,,,,,
8847,490,1,20,,,,,,
8848,490,1,20,,,,,,
8849,490,1,20,,,,,,
8850,490,1,20,,,,,,
8851,724,9,-100,,,,,,2:8852|3:8853|4:8854|5:8855
8852,724,9,-100,,,,,,
8853,724,9,-100,,,,,,
8854,724,9,-100,,,,,,
8855,724,9,-100,,,,,,
8856,1827,-4,12,,,,,,
8860,1360,7,100,,,,,,
8861,1488,2,99,,,,,,
8862,2256,1,91,,,,,,
8863,2256,1,91,,,,,,
8864,2256,1,91,,,,,,
8865,954,-3,,,,,,,
8866,976,-1,10,,,,,,
8867,976,-1,10,,,,,,
8868,976,-1,10,,,,,,
8869,976,-1,10,,,,,,
8870,3024,-18,-20,,,,,,
8871,2020,-1,-6,,,,,,
8872,976,,,,,,,,
8874,976,,,,,,,,
8876,976,,,,,,,,
8878,976,,,,,,,,
8880,1104,2,8,,,,,,
8882,1215,18,9,,,,,,2:8883|3:8884|4:8885|5:8886
8883,1215,18,9,,,,,,
8884,1215,18,9,,,,,,
8885,1215,18,9,,,,,,
8886,1215,5,-1,,,,,,
8887,3024,-18,-20,,,,,,
8888,3024,-18,-20,,,,,,
8889,3024,-18,-20,,,,,,
8890,710,3,,,,,,,2:8891|3:8892|4:8893|5:8894|25:8895|100:8896|250:8897|1000:8898|10000:8899
8891,710,3,,,,,,,
8892,710,3,,,,,,,
8893,710,3,,,,,,,
8894,710,3,,,,,,,
8895,710,3,,,,,,,
8896,710,3,,,,,,,
8897,650,2,-2,,,,,,
8898,980,11,13,,,,,,
8899,1000,11,,,,,,,
8900,1438,-1,-1,,,,,,
8901,854,-1,3,,,,,,
8903,854,-1,3,,,,,,
8905,854,-1,3,,,,,,
8907,854,-1,3,,,,,,
8909,854,-1,3,,,,,,
8911,854,-1,3,,,,,,
8913,854,-1,3,,,,,,
8915,854,-1,3,,,,,,
8917,854,-1,3,,,,,,
8919,854,-1,3,,,,,,
8921,854,-1,3,,,,,,
8923,490,,2,,,,,,
8924,720,-4,14,,,,,,
8925,720,-4,14,,,,,,
8926,720,-4,14,,,,,,
8927,720,-4,14,,,,,,
8928,784,-3,-32,,,,,,
8929,1114,-5,9,,,,,,
8930,1616,,,,,,,,
8932,1488,-2,,,,,,,
8934,1438,3,11,,,,,,
8936,1360,17,62,,,,,,
8938,1360,17,62,,,,,,
8940,970,,-1,,,,,,
8941,970,,-1,,,,,,
8942,464,6,5,,,,,,
8943,464,6,5,,,,,,
8944,464,6,5,,,,,,
8945,464,6,5,,,,,,
8946,464,6,5,,,,,,
8947,464,6,5,,,,,,
8948,464,6,5,,,,,,
8949,720,,8,,,,,,
8950,600,-3,,,,,,,
8951,592,-4,3,,,,,,2:8984|3:8985
8952,1488,,,,,,,,
8953,1488,,,,,,,,
8954,1488,,,,,,,,
8955,1488,,,,,,,,
8956,1488,,,,,,,,
8957,1488,,,,,,,,
8958,1488,,,,,,,,
8959,592,5,-15,,,,,,
8960,592,5,-15,,,,,,
8961,592,5,-15,,,,,,
8962,592,5,-15,,,,,,
8963,592,5,-15,,,,,,
8964,592,5,-15,,,,,,
8965,592,5,-15,,,,,,
8966,2060,,6,,,,,,
8967,2060,,6,,,,,,
8968,2060,,6,,,,,,
8969,2060,,6,,,,,,
8970,2060,,6,,,,,,
8971,2060,,6,,,,,,
8972,910,,,,,,,,
8974,910,,,,,,,,
8976,300,,,,,,,,
8977,900,2,64,,,,,,
8979,3152,,,,,,,,
8981,650,1,-6,,,,,,
8983,465,10,-4,,,,,,
8984,595,1,-4,,,,,,
8985,595,1,-1,,,,,,
8987,1616,-36,7,,,,,,
8988,848,1,16,,,,,,
8989,848,,,,,,,,
8990,848,,,,,,,,
8991,1827,-5,,,,,,,
8992,1827,-5,,,,,,,
8993,1827,-5,,,,,,,
8994,1827,-5,,,,,,,
8995,1827,-5,,,,,,,
8996,1827,-5,,,,,,,
8997,1827,-5,,,,,,,
9003,950,,26,,,,,,
9004,950,,26,,,,,,
9005,784,-2,-4,,,,,,
9006,784,,-4,,,,,,
9007,720,-4,-6,,,,,,
9008,,13,-100,,,,,,
9009,1360,7,6,,,,,,
9010,1744,,,,,,,,
9011,1488,3,2,,,,,,
9012,2128,1,61,,,,,,
9013,,-3,77,,,,,,
9016,1488,-12,-57,,,,,,
9017,854,1,-22,,,,,,
9018,848,-8,-4,,,,,,
9019,550,,-1,,,,,,
9020,912,22,-4,,,,,,
9021,550,,-1,,,,,,
9022,550,,-1,,,,,,
9023,550,,-1,,,,,,
9024,550,,-1,,,,,,
9025,1232,,4,,,,,,
9026,868,4,3,,,,,,
9028,976,6,7,,,,,,
9030,976,6,7,,,,,,
9032,976,6,7,,,,,,
9034,1872,6,-9,,,,,,
9036,1872,6,-9,,,,,,
9038,1872,6,-9,,,,,,
9040,912,-3,2,,,,,,
9042,912,-3,2,,,,,,
9044,1744,-1,46,,,,,,
9045,1744,-1,46,,,,,,
9046,1744,-1,46,,,,,,
9047,1744,-1,46,,,,,,
9048,1744,-1,46,,,,,,
9049,1744,-1,46,,,,,,
9050,1744,-1,46,,,,,,
9051,1744,-1,46,,,,,,
9052,912,-3,,,,,,,
9054,1244,-1,,,,,,,
9055,1244,-1,,,,,,,
9056,1244,-1,,,,,,,
9057,1244,-1,,,,,,,
9058,1244,-1,,,,,,,
9059,1244,-1,,,,,,,
9064,1190,,,,,,,,
9065,1190,,,,,,,,
9066,610,-3,3,,,,,,
9067,1568,,,,,,,,
9068,465,2,-39,,,,,,
9069,854,,-5,,,,,,
9070,668,,-1,,,,,,
9071,1192,,-27,,,,,,
9072,856,,1,,,,,,
9073,682,,-19,,,,,,
9074,2023,-3,,,,,,,
9075,740,,1,,,,,,
9076,1400,1,15,,,,,,
9077,820,1,-8,,,,,,
9078,830,1,-21,,,,,,
9079,465,1,15,,,,,,
9080,1584,,1,,,,,,
9081,1584,,1,,,,,,
9082,1210,-6,,,,,,,
9083,465,1,-1,,,,,,
9084,1488,-3,,,,,,,
9085,1232,-2,-2,,,,,,
9086,1232,-2,-2,,,,,,
9087,1232,-2,-2,,,,,,
9088,1232,-2,-2,,,,,,
9089,1232,-2,-2,,,,,,
9090,1232,-2,-2,,,,,,
9091,1979,,16,,,,,,
9092,1979,,16,,,,,,
9093,1979,,16,,,,,,
9094,1488,-4,9,,,,,,
9095,1488,-4,9,,,,,,
9096,854,,-5,,,,,,
9097,1308,,-1,,,,,,
9098,1704,-1,12,,,,,,
9099,984,,1,,,,,,
9100,810,,-19,,,,,,
9101,2151,-3,,,,,,,
9102,784,7,-79,,,,,,
9103,528,,,,,,,,
9104,848,,-9,,,,,,
9105,4304,,-9,,,,,,
9106,480,,-25,,,,,,
9138,1180,,-7,,,,,,
9139,720,3,5,,,,,,2:9146|3:9147|4:9148|5:9149
9140,720,3,5,,,,,,2:9150|3:9151|4:9152|5:9153
9141,720,3,5,,,,,,2:9154|3:9155|4:9156|5:9157
9142,720,3,5,,,,,,2:9158|3:9159|4:9160|5:9161
9143,720,3,5,,,,,,2:9162|3:9163|4:9164|5:9165
9144,720,3,5,,,,,,2:9166|3:9167|4:9168|5:9169
9145,720,3,5,,,,,,2:9170|3:9171|4:9172|5:9173
9146,720,3,5,,,,,,
9147,720,3,5,,,,,,
9148,720,3,5,,,,,,
9149,720,3,5,,,,,,
9150,720,3,5,,,,,,
9151,720,3,5,,,,,,
9152,720,3,5,,,,,,
9153,720,3,5,,,,,,
9154,720,3,5,,,,,,
9155,720,3,5,,,,,,
9156,720,3,5,,,,,,
9157,720,3,5,,,,,,
9158,720,3,5,,,,,,
9159,720,3,5,,,,,,
9160,720,3,5,,,,,,
9161,720,3,5,,,,,,
9162,720,3,5,,,,,,
9163,720,3,5,,,,,,
9164,720,3,5,,,,,,
9165,720,3,5,,,,,,
9166,720,3,5,,,,,,
9167,720,3,5,,,,,,
9168,720,3,5,,,,,,
9169,720,3,5,,,,,,
9170,720,3,5,,,,,,
9171,720,3,5,,,,,,
9172,720,3,5,,,,,,
9173,720,3,5,,,,,,
9174,926,,3,,,,,,
9176,926,,3,,,,,,
9177,926,,3,,,,,,
9179,926,,3,,,,,,
9181,926,,3,,,,,,
9183,926,,3,,,,,,
9185,926,,3,,,,,,
9187,300,1,,,,,,,2:9195|3:9196|4:9197|5:9198
9188,300,1,,,,,,,2:9207|3:9208|4:9209|5:9210
9189,300,1,,,,,,,2:9211|3:9212|4:9213|5:9214
9190,300,1,,,,,,,2:9215|3:9216|4:9217|5:9218
9191,300,1,,,,,,,2:9219|3:9220|4:9221|5:9222
9192,300,1,,,,,,,2:9223|3:9224|4:9225|5:9226
9193,300,1,,,,,,,2:9227|3:9228|4:9229|5:9230
9194,300,1,,,,,,,2:9231|3:9232|4:9233|5:9234
9195,300,1,,,,,,,
9196,300,1,,,,,,,
9197,300,1,,,,,,,
9198,300,1,,,,,,,
9199,300,1,,,,,,,
9200,300,1,,,,,,,
9201,300,1,,,,,,,
9202,300,1,,,,,,,
9203,300,1,,,,,,,
9204,300,1,,,,,,,
9205,300,1,,,,,,,
9206,300,1,,,,,,,
9207,300,1,,,,,,,
9208,300,1,,,,,,,
9209,300,1,,,,,,,
9210,300,1,,,,,,,
9211,300,1,,,,,,,
9212,300,1,,,,,,,
9213,300,1,,,,,,,
9214,300,1,,,,,,,
9215,300,1,,,,,,,
9216,300,1,,,,,,,
9217,300,1,,,,,,,
9218,300,1,,,,,,,
9219,300,1,,,,,,,
9220,300,1,,,,,,,
9221,300,1,,,,,,,
9222,300,1,,,,,,,
9223,300,1,,,,,,,
9224,300,1,,,,,,,
9225,300,1,,,,,,,
9226,300,1,,,,,,,
9227,300,1,,,,,,,
9228,300,1,,,,,,,
9229,300,1,,,,,,,
9230,300,1,,,,,,,
9231,300,1,,,,,,,
9232,300,1,,,,,,,
9233,300,1,,,,,,,
9234,300,1,,,,,,,
9235,300,1,,,,,,,
9236,720,3,5,,,,,,2:9246|3:9247|4:9248|5:9249
9237,720,3,5,,,,,,2:9254|3:9255|4:9256|5:9257
9238,720,3,5,,,,,,2:9250|3:9251|4:9252|5:9253
9239,720,3,5,,,,,,2:9258|3:9259|4:9260|5:9261
9240,720,3,5,,,,,,2:9262|3:9263|4:9264|5:9265
9241,720,3,5,,,,,,2:9266|3:9267|4:9268|5:9269
9242,720,3,5,,,,,,2:9270|3:9271|4:9272|5:9273
9243,720,3,5,,,,,,2:9274|3:9275|4:9276|5:9277
9244,720,3,5,,,,,,2:9278|3:9279|4:9280|5:9281
9245,720,3,5,,,,,,2:9282|3:9283|4:9284|5:9285
9246,720,3,5,,,,,,
9247,720,3,5,,,,,,
9248,720,3,5,,,,,,
9249,720,3,5,,,,,,
9250,720,3,5,,,,,,
9251,720,3,5,,,,,,
9252,720,3,5,,,,,,
9253,720,3,5,,,,,,
9254,720,3,5,,,,,,
9255,720,3,5,,,,,,
9256,720,3,5,,,,,,
9257,720,3,5,,,,,,
9258,720,3,5,,,,,,
9259,720,3,5,,,,,,
9260,720,3,5,,,,,,
9261,720,3,5,,,,,,
9262,720,3,5,,,,,,
9263,720,3,5,,,,,,
9264,720,3,5,,,,,,
9265,720,3,5,,,,,,
9266,720,3,5,,,,,,
9267,720,3,5,,,,,,
9268,720,3,5,,,,,,
9269,720,3,5,,,,,,
9270,720,3,5,,,,,,
9271,720,3,5,,,,,,
9272,720,3,5,,,,,,
9273,720,3,5,,,,,,
9274,720,3,5,,,,,,
9275,720,3,5,,,,,,
9276,720,3,5,,,,,,
9277,720,3,5,,,,,,
9278,720,3,5,,,,,,
9279,720,3,5,,,,,,
9280,720,3,5,,,,,,
9281,720,3,5,,,,,,
9282,720,3,5,,,,,,
9283,720,3,5,,,,,,
9284,720,3,5,,,,,,
9285,720,3,5,,,,,,
9286,720,3,5,,,,,,2:9307|3:9308|4:9309|5:9310
9287,720,3,5,,,,,,2:9311|3:9312|4:9313|5:9314
9288,720,3,5,,,,,,2:9315|3:9316|4:9317|5:9318
9289,720,3,5,,,,,,2:9319|3:9320|4:9321|5:9322
9290,720,3,5,,,,,,2:9323|3:9324|4:9325|5:9326
9291,720,3,5,,,,,,2:9327|3:9328|4:9329|5:9330
9292,720,3,5,,,,,,2:9331|3:9332|4:9333|5:9334
9293,720,3,5,,,,,,2:9307|3:9308|4:9309|5:9310
9294,720,3,5,,,,,,2:9311|3:9312|4:9313|5:9314
9295,720,3,5,,,,,,2:9315|3:9316|4:9317|5:9318
9296,720,3,5,,,,,,2:9319|3:9320|4:9321|5:9322
9297,720,3,5,,,,,,2:9323|3:9324|4:9325|5:9326
9298,720,3,5,,,,,,2:9327|3:9328|4:9329|5:9330
9299,720,3,5,,,,,,2:9331|3:9332|4:9333|5:9334
9300,720,3,5,,,,,,2:9307|3:9308|4:9309|5:9310
9301,720,3,5,,,,,,2:9311|3:9312|4:9313|5:9314
9302,720,3,5,,,,,,2:9315|3:9316|4:9317|5:9318
9303,720,3,5,,,,,,2:9319|3:9320|4:9321|5:9322
9304,720,3,5,,,,,,2:9323|3:9324|4:9325|5:9326
9305,720,3,5,,,,,,2:9327|3:9328|4:9329|5:9330
9306,720,3,5,,,,,,2:9331|3:9332|4:9333|5:9334
9307,720,3,5,,,,,,
9308,720,3,5,,,,,,
9309,720,3,5,,,,,,
9310,720,3,5,,,,,,
9311,720,3,5,,,,,,
9312,720,3,5,,,,,,
9313,720,3,5,,,,,,
9314,720,3,5,,,,,,
9315,720,3,5,,,,,,
9316,720,3,5,,,,,,
9317,720,3,5,,,,,,
9318,720,3,5,,,,,,
9319,720,3,5,,,,,,
9320,720,3,5,,,,,,
9321,720,3,5,,,,,,
9322,720,3,5,,,,,,
9323,720,3,5,,,,,,
9324,720,3,5,,,,,,
9325,720,3,5,,,,,,
9326,720,3,5,,,,,,
9327,720,3,5,,,,,,
9328,720,3,5,,,,,,
9329,720,3,5,,,,,,
9330,720,3,5,,,,,,
9331,720,3,5,,,,,,
9332,720,3,5,,,,,,
9333,720,3,5,,,,,,
9334,720,3,5,,,,,,
9335,720,3,5,,,,,,2:9343|3:9344|4:9345|5:9346
9336,720,3,5,,,,,,2:9347|3:9348|4:9349|5:9350
9337,720,3,5,,,,,,2:9351|3:9352|4:9353|5:9354
9338,720,3,5,,,,,,2:9355|3:9356|4:9357|5:9358
9339,720,3,5,,,,,,2:9359|3:9360|4:9361|5:9362
9340,720,3,5,,,,,,2:9363|3:9364|4:9365|5:9366
9341,720,3,5,,,,,,2:9367|3:9368|4:9369|5:9370
9342,720,3,5,,,,,,2:9371|3:9372|4:9373|5:9374
9343,720,3,5,,,,,,
9344,720,3,5,,,,,,
9345,720,3,5,,,,,,
9346,720,3,5,,,,,,
9347,720,3,5,,,,,,
9348,720,3,5,,,,,,
9349,720,3,5,,,,,,
9350,720,3,5,,,,,,
9351,720,3,5,,,,,,
9352,720,3,5,,,,,,
9353,720,3,5,,,,,,
9354,720,3,5,,,,,,
9355,720,3,5,,,,,,
9356,720,3,5,,,,,,
9357,720,3,5,,,,,,
9358,720,3,5,,,,,,
9359,720,3,5,,,,,,
9360,720,3,5,,,,,,
9361,720,3,5,,,,,,
9362,720,3,5,,,,,,
9363,720,3,5,,,,,,
9364,720,3,5,,,,,,
9365,720,3,5,,,,,,
9366,720,3,5,,,,,,
9367,720,3,5,,,,,,
9368,720,3,5,,,,,,
9369,720,3,5,,,,,,
9370,720,3,5,,,,,,
9371,720,3,5,,,,,,
9372,720,3,5,,,,,,
9373,720,3,5,,,,,,
9374,720,3,5,,,,,,
9375,720,3,5,,,,,,2:9383|3:9384|4:9385|5:9386
9376,720,3,5,,,,,,2:9387|3:9388|4:9389|5:9390
9377,720,3,5,,,,,,2:9391|3:9392|4:9393|5:9394
9378,720,3,5,,,,,,2:9395|3:9396|4:9397|5:9398
9379,720,3,5,,,,,,2:9399|3:9400|4:9401|5:9402
9380,720,3,5,,,,,,2:9403|3:9404|4:9405|5:9406
9381,720,3,5,,,,,,2:9407|3:9408|4:9409|5:9410
9382,720,3,5,,,,,,2:9411|3:9412|4:9413|5:9414
9383,720,3,5,,,,,,
9384,720,3,5,,,,,,
9385,720,3,5,,,,,,
9386,720,3,5,,,,,,
9387,720,3,5,,,,,,
9388,720,3,5,,,,,,
9389,720,3,5,,,,,,
9390,720,3,5,,,,,,
9391,720,3,5,,,,,,
9392,720,3,5,,,,,,
9393,720,3,5,,,,,,
9394,720,3,5,,,,,,
9395,720,3,5,,,,,,
9396,720,3,5,,,,,,
9397,720,3,5,,,,,,
9398,720,3,5,,,,,,
9399,720,3,5,,,,,,
9400,720,3,5,,,,,,
9401,720,3,5,,,,,,
9402,720,3,5,,,,,,
9403,720,3,5,,,,,,
9404,720,3,5,,,,,,
9405,720,3,5,,,,,,
9406,720,3,5,,,,,,
9407,720,3,5,,,,,,
9408,720,3,5,,,,,,
9409,720,3,5,,,,,,
9410,720,3,5,,,,,,
9411,720,3,5,,,,,,
9412,720,3,5,,,,,,
9413,720,3,5,,,,,,
9414,720,3,5,,,,,,
9416,976,3,-6,,,,,,
9418,848,,,,,,,,
9419,1616,4,-61,,,,,,
9420,663,-1,,,,,,,
9422,663,-1,,,,,,,
9423,663,-1,,,,,,,
9425,663,-1,,,,,,,
9427,663,-1,,,,,,,
9429,663,-1,,,,,,,
9431,663,-1,,,,,,,
9433,854,3,-3,,,,,,
9434,592,1,,,,,,,
9436,976,-3,1,,,,,,
9438,976,,3,,,,,,
9440,976,-3,-1,,,,,,
9442,976,-3,-1,,,,,,
9444,976,-3,-1,,,,,,
9446,976,-3,-1,,,,,,
9448,976,-3,-1,,,,,,
9450,976,-3,-1,,,,,,
9452,976,-3,-1,,,,,,
9454,1049,3,5,,,,,,
9456,1049,3,5,,,,,,
9457,1049,3,5,,,,,,
9459,1049,3,5,,,,,,
9461,1049,3,5,,,,,,
9463,1049,3,5,,,,,,
9465,1049,3,5,,,,,,
9467,820,1,-8,,,,,,
9468,1438,3,-15,,,,,,
9469,724,-3,-4,,,,,,
9470,919,-7,8,,,,,,
9472,400,,-3,,,,,,
9474,528,3,1,,,,,,
9475,530,,15,,,,,,
9477,530,,-3,,,,,,
9478,780,1,32,,,,,,
9479,780,1,32,,,,,,
9480,780,1,32,,,,,,
9481,780,1,32,,,,,,
9482,780,1,32,,,,,,
9483,780,1,32,,,,,,
9484,780,1,32,,,,,,
9485,780,1,32,,,,,,
9486,780,1,32,,,,,,
9487,700,,-7,,,,,,
9488,700,,-7,,,,,,
9489,700,,-7,,,,,,
9490,700,,-7,,,,,,
9491,970,,-1,,,,,,
9492,1080,,,,,,,,
9493,910,,,,,,,,
9494,730,1,,,,,,,
9495,1020,,-18,,,,,,
9496,1100,6,-3,,,,,,
9497,1290,,1,,,,,,
9498,870,1,96,,,,,,
9499,440,-10,14,,,,,,
9500,710,,-1,,,,,,
9501,1110,-3,14,,,,,,
9502,1110,,,,,,,,
9503,550,,-4,,,,,,
9504,670,,,,,,,,
9505,1730,1,27,,,,,,
9506,860,1,-6,,,,,,
9507,950,1,41,,,,,,
9508,700,,-7,,,,,,
9510,700,,-7,,,,,,
9512,700,,-7,,,,,,
9514,700,,-7,,,,,,
9516,789,-1,-7,,,,,,
9518,789,-1,-7,,,,,,
9520,700,,-7,,,,,,
9522,780,1,32,,,,,,
9524,780,1,32,,,,,,
9526,780,1,32,,,,,,
9527,780,1,32,,,,,,
9529,780,1,32,,,,,,
9531,780,1,32,,,,,,
9533,780,1,32,,,,,,
9535,780,1,32,,,,,,
9537,650,-2,,,,,,,
9538,650,-2,,,,,,,
9540,650,-2,,,,,,,
9542,650,-2,,,,,,,
9544,650,-2,,,,,,,
9546,850,1,,,,,,,
9547,850,1,,,,,,,
9549,850,1,,,,,,,
9551,850,1,,,,,,,
9553,850,1,,,,,,,
9555,1160,,,,,,,,
9556,1049,,,,,,,,
9557,919,,,,,,,,
9558,850,1,,,,,,,
9559,850,1,,,,,,,
9560,850,1,,,,,,,
9561,850,1,,,,,,,
9562,850,1,,,,,,,
9563,850,1,,,,,,,
9564,850,1,,,,,,,
9566,1000,,-1,,,,,,
9567,1000,,-1,,,,,,
9568,1000,,-1,,,,,,
9569,1000,,-1,,,,,,
9570,1000,,-1,,,,,,
9571,1000,,-1,,,,,,
9572,789,-1,-7,,,,,,
9573,789,-1,-7,,,,,,
9574,1000,,-1,,,,,,
9575,789,-1,-7,,,,,,
9576,789,-1,-7,,,,,,
9577,1520,2,11,,,,,,
9578,650,-2,,,,,,,
9579,1520,2,11,,,,,,
9580,650,-2,,,,,,,
9581,1520,2,11,,,,,,
9582,650,-2,,,,,,,
9583,1520,2,11,,,,,,
9584,650,-2,,,,,,,
9589,976,4,-100,,,,,,
9590,976,4,-100,,,,,,
9591,2512,-4,-12,,,,,,
9592,1020,,-18,,,,,,
9593,1020,,-18,,,,,,
9594,854,8,39,,,,,,
9595,840,,,,,,,,
9596,690,,,,,,,,
9597,464,,,,,,,,
9598,620,3,1,,,,,,
9599,592,1,3,,,,,,
9600,528,1,4,,,,,,
9601,464,,,,,,,,
9602,620,3,1,,,,,,
9603,592,1,3,,,,,,
9604,528,1,4,,,,,,
9605,464,,,,,,,,
9606,620,3,1,,,,,,
9607,592,1,3,,,,,,
9608,528,1,4,,,,,,
9609,464,,,,,,,,
9610,620,3,1,,,,,,
9611,592,1,3,,,,,,
9612,528,1,4,,,,,,
9613,464,,,,,,,,
9614,620,3,1,,,,,,
9615,592,1,3,,,,,,
9616,528,1,4,,,,,,
9617,464,,,,,,,,
9618,620,3,1,,,,,,
9619,592,1,3,,,,,,
9620,528,1,4,,,,,,
9621,464,,,,,,,,
9622,620,3,1,,,,,,
9623,592,1,3,,,,,,
9624,528,1,4,,,,,,
9625,1114,12,-14,,,,,,
9626,1450,,,80,80,80,,,
9627,840,,,,,,,,
9628,4442,-22,-49,,,,,,
9629,815,,,,,,,,
9631,1020,,-18,,,,,,
9632,1400,1,15,,,,,,
9633,1020,-1,11,,,,,,
9634,1420,2,3,,,,,,
9636,1488,-2,3,,,,,,
9638,848,-1,48,,,,,,
9640,1380,1,8,,,,,,
9642,1508,-7,-24,,,,,,
9644,825,-4,29,,,,,,
9646,1503,,,,,,,,
9647,1503,,,,,,,,
9648,1503,,,,,,,,
9649,1110,-4,9,,,,,,
9650,595,,7,,,,,,
9651,984,,-3,,,,,,
9652,1178,-5,3,,,,,,
9653,984,1,,,,,,,
9654,860,-8,-2,,,,,,
9655,,-36,32,,,,,,
9656,1104,1,,,,,,,
9657,1104,1,,,,,,,
9658,976,1,1,,,,,,
9659,1020,,-18,,,,,,
9660,1020,,-18,,,,,,
9662,700,-3,5,,,,,,
9665,1660,,,,,,,,
9666,2476,3,-28,,,,,,
9668,2476,3,-28,,,,,,
9670,2476,3,-28,,,,,,
9672,800,-1,6,,,,,,
9674,1250,-1,,,,,,,
9676,1740,,-8,,,,,,
9678,1100,5,5,,,,,,
9680,848,9,25,,,,,,
9681,740,1,-1,,,,,,
9682,1040,1,7,,,,,,
9683,595,-8,-82,,,,,,
9684,1744,7,22,,,,,,
9685,1872,,,,,,,,
9686,1957,,15,,,,,,
9687,919,8,,,,,,,
9688,595,1,-9,,,,,,
9689,1049,9,,,,,,,
9690,1114,-8,12,,,,,,
9691,1114,-8,12,,,,,,
9692,1178,-1,,,,,,,
9693,1178,-1,,,,,,,
9694,900,4,-1,,,,,,
9695,900,4,-1,,,,,,
9696,1114,3,1,,,,,,
9697,1114,3,1,,,,,,
9698,919,-1,-4,,,,,,
9699,919,-1,-4,,,,,,
9700,8295,-1,-1,,,,,,
9702,595,-1,-31,,,,,,
9703,1040,,-3,,,,,,
9704,1560,-6,-14,,,,,,
9705,1200,7,2,,,,,,
9706,1220,6,-29,,,,,,2:9709|3:9708|4:9707|5:9710
9707,1220,6,-29,,,,,,
9708,1220,6,-29,,,,,,
9709,1220,6,-29,,,,,,
9710,1220,6,-29,,,,,,
9711,750,,26,,,,,,
9713,2290,-5,2,,,,,,
9714,2290,-5,2,,,,,,
9715,854,-4,3,,,,,,
9717,854,3,1,,,,,,
9718,854,3,1,,,,,,
9719,854,3,1,,,,,,
9720,1114,4,23,,,,,,
9721,1040,1,7,,,,,,
9722,976,-1,10,,,,,,
9723,2476,1,,,,,,,
9724,1360,1,4,,,,,,
9725,976,,,,,,,,
9726,854,,,,,,,,
9727,976,1,2,,,,,,
9728,976,1,2,,,,,,
9729,659,1,-45,,,,,,
9731,,-2,22,,,,,,
9733,659,1,-45,,,,,,
9735,612,,-8,,,,,,
9736,848,-6,1,,,,,,
9739,550,,-1,,,,,,
9741,550,,-1,,,,,,
9743,550,,-1,,,,,,
9745,550,,-1,,,,,,
9747,2128,,1,,,,,,
9748,2128,,1,,,,,,
9749,720,,,,,,,,
9750,2128,,1,,,,,,
9751,2128,,1,,,,,,
9752,720,,,,,,,,
9753,2128,,1,,,,,,
9754,2128,,1,,,,,,
9755,720,,,,,,,,
9756,2128,,1,,,,,,
9757,2128,,1,,,,,,
9758,720,,,,,,,,
9759,2128,,1,,,,,,
9760,2128,,1,,,,,,
9761,720,,,,,,,,
9762,2128,,1,,,,,,
9763,2128,,1,,,,,,
9764,720,,,,,,,,
9765,2128,,1,,,,,,
9766,2128,,1,,,,,,
9767,720,,,,,,,,
9768,2128,,1,,,,,,
9769,2128,,1,,,,,,
9770,720,,,,,,,,
9771,2128,,1,,,,,,
9772,2128,,1,,,,,,
9773,720,,,,,,,,
9774,2128,,1,,,,,,
9775,2128,,1,,,,,,
9776,720,,,,,,,,
9777,2128,,1,,,,,,
9778,2128,,1,,,,,,
9779,720,,,,,,,,
9780,2128,,1,,,,,,
9781,2128,,1,,,,,,
9782,720,,,,,,,,
9783,2128,,1,,,,,,
9784,2128,,1,,,,,,
9785,720,,,,,,,,
9786,2128,,1,,,,,,
9787,2128,,1,,,,,,
9788,720,,,,,,,,
9789,2128,,1,,,,,,
9790,2128,,1,,,,,,
9791,720,,,,,,,,
9792,2128,,1,,,,,,
9793,2128,,1,,,,,,
9794,720,,,,,,,,
9795,2128,,1,,,,,,
9796,2128,,1,,,,,,
9797,720,,,,,,,,
9798,2128,,1,,,,,,
9799,2128,,1,,,,,,
9800,720,,,,,,,,
9801,2128,,1,,,,,,
9802,2128,,1,,,,,,
9803,720,,,,,,,,
9804,2128,,1,,,,,,
9805,2128,,1,,,,,,
9806,720,,,,,,,,
9807,2128,,1,,,,,,
9808,2128,,1,,,,,,
9809,720,,,,,,,,
9810,2128,,1,,,,,,
9811,2128,,1,,,,,,
9812,720,,,,,,,,
9813,2128,,1,,,,,,
9814,720,,,,,,,,
9815,660,3,-4,,,,,,
9816,660,3,-3,,,,,,
9817,2670,-3,100,,,,,,
9818,3643,-3,-18,,,,,,
9819,3838,2,-34,,,,,,
9820,3838,2,-34,,,,,,
9821,4304,-3,-28,,,,,,
9822,3920,,,,,,,,
9823,3408,-18,-100,,,,,,
9824,3408,-12,-100,,,,,,
9825,3449,-18,-100,,,,,,
9826,3792,15,5,,,,,,
9827,3792,15,5,,,,,,
9828,3792,15,5,,,,,,
9829,5395,3,1,,,,,,
9830,5395,3,1,,,,,,
9831,5395,3,1,,,,,,
9832,5395,3,1,,,,,,
9833,5395,3,1,,,,,,
9834,5435,1,-9,,,,,,
9835,5395,3,1,,,,,,
9836,3920,-8,15,,,,,,
9837,3920,-8,15,,,,,,
9838,3920,-8,15,,,,,,
9839,3708,-1,-15,,,,,,
9840,3708,-1,-15,,,,,,
9841,3708,-1,-15,,,,,,
9842,3920,,,,,,,,
9843,1762,,,,,,,,
9844,1762,,,,,,,,
9845,1762,,,,,,,,
9846,1762,,,,,,,,
9847,1762,,,,,,,,
9848,1762,,,,,,,,
9849,1762,,,,,,,,
9850,1762,,,,,,,,
9851,1762,,,,,,,,
9852,1762,,,,,,,,
9853,1762,,,,,,,,
9854,1762,,,,,,,,
9855,1762,,,,,,,,
9856,1762,,,,,,,,
9857,1762,,,,,,,,
9858,1762,,,,,,,,
9859,1762,,,,,,,,
9860,1762,,,,,,,,
9861,1762,,,,,,,,
9862,1762,,,,,,,,
9863,1762,,,,,,,,
9864,1762,,,,,,,,
9865,1762,,,,,,,,
9866,1762,,,,,,,,
9867,1762,,,,,,,,
9900,2670,-1,9,,,,,,
9901,2500,,-30,,,,,,
9902,1503,-1,3,,,,,,
9903,1178,2,13,,,,,,
9904,912,1,2,,,,,,
9906,912,-1,,,,,,,
9907,912,-1,,,,,,,
9908,912,-1,,,,,,,
9909,912,-1,,,,,,,
9910,912,-1,,,,,,,
9911,912,-1,,,,,,,
9912,912,-1,,,,,,,
9913,465,-8,5,,,,,,
9914,465,-8,5,,,,,,
9915,465,-8,5,,,,,,
9916,465,-8,5,,,,,,
9917,465,-8,5,,,,,,
9918,465,-8,5,,,,,,
9919,1488,1,-1,,,,,,
9920,595,-3,-1,,,,,,
9921,724,3,-4,,,,,,
9922,595,-1,7,,,,,,
9923,1632,3,3,,,,,,
9924,1178,-1,7,,,,,,
9925,465,1,-1,,,,,,
9926,465,-8,5,,,,,,
9927,465,-8,5,,,,,,
9928,465,-8,5,,,,,,
9929,465,-8,5,,,,,,
9930,465,-8,5,,,,,,
9931,465,-8,5,,,,,,
9932,1910,,-11,,,,,,
9933,912,,,,,,,,
9934,976,,-4,,,,,,
9935,976,,-4,,,,,,
9936,976,,-4,,,,,,
9937,976,,-4,,,,,,
9938,976,,-4,,,,,,
9939,976,,-4,,,,,,
9940,976,,-4,,,,,,
9941,976,,-4,,,,,,
9942,976,,-4,,,,,,
9943,1438,-1,3,,,,,,
9944,1243,1,-3,,,,,,
9945,528,,-1,,,,,,
9946,592,1,-5,,,,,,
9947,400,16,23,,,,,,
9948,2128,,1,,,,,,
9949,2128,,1,,,,,,
9950,720,,,,,,,,
9952,1424,11,-1,,,,,,
9953,1580,-55,-101,,,,,,
9954,1580,-55,-101,,,,,,
9955,1580,-55,-101,,,,,,
9956,1580,-55,-101,,,,,,
9957,1580,-55,-101,,,,,,
9958,1580,-55,-101,,,,,,
9959,1580,-55,-101,,,,,,
9960,1580,-55,-101,,,,,,
9961,1580,-55,-101,,,,,,
9962,1580,-55,-101,,,,,,
9963,1580,-55,-101,,,,,,
9964,1580,-55,-101,,,,,,
9965,1232,1,-3,,,,,,
9966,1616,3,12,,,,,,
9967,1360,12,-66,,,,,,
9968,1360,3,12,,,,,,
9969,,6,19,,,,,,
9970,560,9,19,,,,,,
9971,560,9,19,,,,,,
9972,640,2,55,,,,,,
9973,640,2,55,,,,,,
9974,1480,-69,99,,,,,,
9975,720,1,-3,,,,,,
9976,1000,1,27,,,,,,
9977,1000,1,27,,,,,,
9978,976,,,,,,,,
9980,976,,,,,,,,
9982,976,,,,,,,,
9984,1232,3,,,,,,,
9986,1104,-4,,,,,,,
9988,1104,-4,,,,,,,
9990,1104,-4,,,,,,,
9992,1488,-4,,,,,,,
9994,890,,4,,,,,,
9996,890,,4,,,,,,
9998,550,,-1,,,,,,
10000,550,,-1,,,,,,
10002,550,,-1,,,,,,
10004,550,,-1,,,,,,
10006,1470,1,28,,,,,,
10007,2086,-8,,,,,,,
10008,2345,15,-100,,,,,,
10009,2086,-8,,,,,,,
10010,1440,-7,1,,,,,,
10012,590,9,60,,,,,,
10014,590,9,60,,,,,,
10016,590,9,60,,,,,,
10018,590,9,60,,,,,,
10020,590,9,60,,,,,,
10022,590,9,60,,,,,,
10023,1010,2,-14,,,,,,
10024,1010,2,-14,,,,,,
10025,1070,,-4,,,,,,
10026,2086,-8,,,,,,,
10027,1070,,-4,,,,,,
10028,1070,,-4,,,,,,
10029,1872,-9,35,,,,,,
10031,1622,6,-1,,,,,,
10032,2086,-8,,,,,,,
10033,1000,1,27,,,,,,
10034,1000,1,27,,,,,,
10035,1762,1,4,,,,,,
10037,1232,,,,,,,,
10039,919,,-38,,,,,,
10041,1697,4,-5,,,,,,
10043,1308,,5,,,,,,
10045,854,,-16,,,,,,
10047,1762,,3,,,,,,
10049,1360,-1,8,,,,,,
10051,1232,,,,,,,,
10053,1370,,7,,,,,,
10055,2030,10,7,,,,,,
10057,1370,,7,,,,,,
10059,2030,10,7,,,,,,
10061,1370,,7,,,,,,
10063,2030,10,7,,,,,,
10065,1370,,7,,,,,,
10067,2030,10,7,,,,,,
10069,2140,3,6,,,,,,
10071,2140,3,6,,,,,,
10073,2140,3,6,,,,,,
10074,2140,3,6,,,,,,
10075,930,8,-8,,,,,,
10077,740,7,-33,,,,,,
10079,740,7,-33,,,,,,
10081,740,7,-33,,,,,,
10083,740,7,-33,,,,,,
10085,740,7,-33,,,,,,
10087,400,,4,,,,,,
10088,700,4,10,,,,,,
10089,700,4,10,,,,,,
10090,700,4,10,,,,,,
10091,700,4,10,,,,,,
10092,820,,-3,,,,,,
10093,2022,5,16,,,,,,
10095,2022,-9,11,,,,,,
10099,1957,,-4,,,,,,
10101,2151,-5,,,,,,,
10103,1892,-3,3,,,,,,
10105,360,-4,1,100,100,100,,,
10107,360,-4,1,,,,,,
10109,500,3,-5,,,,,,
10111,500,3,-5,,,,,,
10113,820,6,-6,,,,,,
10115,1090,,-4,,,,,,
10117,1090,,-4,,,,,,
10119,1090,,-4,,,,,,
10121,1090,,-4,,,,,,
10123,1090,,-4,,,,,,
10125,1090,,-4,,,,,,
10127,1090,,-4,,,,,,
10129,950,-4,2,,,,,,
10131,950,-4,2,,,,,,
10132,1114,-6,5,,,,,,
10134,1168,1,1,,,,,,
10136,1250,1,,,,,,,
10138,1250,1,,,,,,,
10140,1250,1,,,,,,,
10142,710,1,-22,,,,,,
10143,710,1,-22,,,,,,
10144,710,1,-22,,,,,,
10145,710,1,-22,,,,,,
10146,1370,5,29,,,,,,
10147,1370,5,29,,,,,,
10148,1370,5,29,,,,,,
10149,1370,5,29,,,,,,
10150,2274,4,37,,,,,,
10156,1330,-6,-36,,,,,,
10158,790,,,,,,,,
10159,790,,,,,,,,
10165,660,3,-2,,,,,,
10166,660,3,,,,,,,
10167,1270,9,,,,,,,2:10168|3:10169|4:10170
10168,1500,10,-12,,,,,,
10169,1620,14,12,,,,,,
10170,1870,,,,,,,,
10171,1530,2,76,,,,,,
10172,330,3,,,,,,,
10173,950,,26,,,,,,
10174,595,-1,-12,,,,,,
10175,595,-1,-12,,,,,,
10176,595,-1,-12,,,,,,
10177,595,-1,-12,,,,,,
10178,1210,-6,,,,,,,
10179,950,,26,,,,,,
10180,1010,1,,,,,,,
10181,1410,3,-6,,,,,,
10182,1010,1,,,,,,,
10183,1410,3,-6,,,,,,
10184,1010,1,,,,,,,
10185,1410,3,-6,,,,,,
10186,1010,1,,,,,,,
10187,1410,3,-6,,,,,,
10188,1010,1,,,,,,,
10189,1410,3,-6,,,,,,
10190,1010,1,,,,,,,
10191,1410,3,-6,,,,,,
10192,1010,1,,,,,,,
10193,1410,3,-6,,,,,,
10194,1010,1,,,,,,,
10195,1410,3,-6,,,,,,
10196,1010,1,,,,,,,
10197,1410,3,-6,,,,,,
10198,1010,1,,,,,,,
10199,1410,3,-6,,,,,,
10200,1010,1,,,,,,,
10201,1410,3,-6,,,,,,
10202,1010,1,,,,,,,
10203,1410,3,-6,,,,,,
10204,1010,1,,,,,,,
10205,1410,3,-6,,,,,,
10206,1010,1,,,,,,,
10207,1410,3,-6,,,,,,
10208,1010,1,,,,,,,
10209,1410,3,-6,,,,,,
10210,1010,1,,,,,,,
10211,1410,3,-6,,,,,,
10212,1010,1,,,,,,,
10213,1410,3,-6,,,,,,
10214,1010,1,,,,,,,
10215,1410,3,-6,,,,,,
10216,1010,1,,,,,,,
10217,1410,3,-6,,,,,,
10218,1010,1,,,,,,,
10219,1410,3,-6,,,,,,
10220,1010,1,,,,,,,
10221,1410,3,-6,,,,,,
10222,1010,1,,,,,,,
10223,1410,3,-6,,,,,,
10224,1010,1,,,,,,,
10225,1410,3,-6,,,,,,
10226,1010,1,,,,,,,
10227,1410,3,-6,,,,,,
10228,1010,1,,,,,,,
10229,1410,3,-6,,,,,,
10230,1010,1,,,,,,,
10231,1410,3,-6,,,,,,
10232,1010,1,,,,,,,
10233,1410,3,-6,,,,,,
10234,1010,1,,,,,,,
10235,1410,3,-6,,,,,,
10236,1010,1,,,,,,,
10237,1410,3,-6,,,,,,
10238,1010,1,,,,,,,
10239,1410,3,-6,,,,,,
10240,1010,1,,,,,,,
10241,1410,3,-6,,,,,,
10242,1010,1,,,,,,,
10243,1410,3,-6,,,,,,
10244,1010,1,,,,,,,
10245,1410,3,-6,,,,,,
10246,1010,1,,,,,,,
10247,1410,3,-6,,,,,,
10248,1010,1,,,,,,,
10249,1410,3,-6,,,,,,
10250,1010,1,,,,,,,
10251,1410,3,-6,,,,,,
10252,1010,1,,,,,,,
10253,1410,3,-6,,,,,,
10254,1010,1,,,,,,,
10255,1410,3,-6,,,,,,
10256,1010,1,,,,,,,
10257,1410,3,-6,,,,,,
10258,1010,1,,,,,,,
10259,1410,3,-6,,,,,,
10260,1010,1,,,,,,,
10261,1410,3,-6,,,,,,
10262,1010,1,,,,,,,
10263,1410,3,-6,,,,,,
10264,1010,1,,,,,,,
10265,1410,3,-6,,,,,,
10266,1010,1,,,,,,,
10267,1410,3,-6,,,,,,
10268,1010,1,,,,,,,
10269,1410,3,-6,,,,,,
10270,1010,1,,,,,,,
10271,1410,3,-6,,,,,,
10272,1010,1,,,,,,,
10273,1410,3,-6,,,,,,
10274,1010,1,,,,,,,
10275,1410,3,-6,,,,,,
10276,1010,1,,,,,,,
10277,1410,3,-6,,,,,,
10278,1010,1,,,,,,,
10279,1410,3,-6,,,,,,
10280,2070,,,,,,,,
10282,2070,,,,,,,,
10284,2070,,,,,,,,
10286,768,1,,,,,,,
10288,768,1,,,,,,,
10290,768,1,,,,,,,
10292,768,1,,,,,,,
10294,768,1,,,,,,,
10296,768,1,,,,,,,
10298,768,1,,,,,,,
10300,768,1,,,,,,,
10302,768,1,,,,,,,
10304,768,1,,,,,,,
10306,768,1,,,,,,,
10308,768,1,,,,,,,
10310,768,1,,,,,,,
10312,768,1,,,,,,,
10314,768,1,,,,,,,
10316,1296,,7,,,,,,
10318,1296,,7,,,,,,
10320,1296,,7,,,,,,
10322,1296,,7,,,,,,
10324,1296,,7,,,,,,
10326,976,3,-18,,,,,,
10327,976,3,-18,,,,,,
10328,1180,,-7,,,,,,
10329,1180,,-7,,,,,,
10330,1503,-5,-1,,,,,,
10332,1827,,-1,,,,,,
10334,789,2,-35,,,,,,
10336,740,7,-33,,,,,,
10338,2143,1,1,,,,,,
10340,2083,,-1,,,,,,
10342,917,7,-23,,,,,,
10344,543,4,100,,,,,,
10346,1740,,11,,,,,,
10348,1190,,,,,,,,
10350,720,,,,,,,,
10352,2030,3,27,,,,,,
10354,415,4,100,,,,,,
10356,415,4,100,,,,,,
10358,415,4,100,,,,,,
10360,415,4,100,,,,,,
10362,415,4,100,,,,,,
10364,465,5,100,,,,,,
10366,400,4,100,,,,,,
10368,740,7,-33,,,,,,
10370,1180,-1,-1,,,,,,
10372,1827,,-1,,,,,,
10374,789,,-35,,,,,,
10376,740,7,-33,,,,,,
10378,1180,-1,-1,,,,,,
10380,1827,,-1,,,,,,
10382,789,,-35,,,,,,
10384,740,7,-33,,,,,,
10386,1180,-1,-1,,,,,,
10388,1827,,-1,,,,,,
10390,789,,-35,,,,,,
10392,848,-1,12,,,,,,
10394,2151,7,5,,,,,,
10396,1892,3,1,,,,,,
10398,659,5,12,,,,,,
10400,1373,-1,7,,,,,,
10402,1827,,-1,,,,,,
10404,1373,-1,7,,,,,,
10406,1827,,-1,,,,,,
10408,1373,-1,7,,,,,,
10410,1827,,-1,,,,,,
10412,1373,-1,7,,,,,,
10414,1827,,-1,,,,,,
10416,1373,-1,7,,,,,,
10418,1827,,-1,,,,,,
10420,1180,-1,5,,,,,,
10422,1187,,-1,,,,,,
10424,1180,-1,5,,,,,,
10426,1187,,-1,,,,,,
10428,1180,-1,5,,,,,,
10430,1187,,-1,,,,,,
10432,1180,-1,5,,,,,,
10434,1187,,-1,,,,,,
10436,1180,-1,5,,,,,,
10438,1187,,-1,,,,,,
10440,2151,3,4,,,,,,
10442,2216,,1,,,,,,
10444,2086,-5,-1,,,,,,
10446,1827,3,12,,,,,,
10448,1827,3,12,,,,,,
10450,1827,3,12,,,,,,
10452,659,-3,,,,,,,
10454,659,-3,,,,,,,
10456,659,-3,,,,,,,
10458,1190,,,,,,,,
10460,1190,,,,,,,,
10462,1190,,,,,,,,
10464,1957,,-5,,,,,,
10466,1957,,-5,,,,,,
10468,1957,,-5,,,,,,
10470,1697,9,-8,,,,,,
10472,1697,9,-8,,,,,,
10474,1697,9,-8,,,,,,
10476,1460,7,5,,,,,,2:10477|3:10478|4:10479|5:10480|10:10481|25:10482|100:10483
10477,1460,7,5,,,,,,
10478,1460,7,5,,,,,,
10479,1460,7,5,,,,,,
10480,1460,7,5,,,,,,
10481,1460,7,5,,,,,,
10482,1716,-4,16,,,,,,
10483,1632,1,23,,,,,,
10485,1032,-3,,,,,,,
10486,1178,-26,-32,,,,,,
10487,1308,-9,24,,,,,,
10488,1178,,18,,,,,,
10489,1178,,18,,,,,,
10490,2151,3,-30,,,,,,
10491,1060,-15,,,,,,,
10492,2411,1,-1,,,,,,
10493,2411,1,-1,,,,,,
10494,1124,1,4,,,,,,
10495,919,-4,8,,,,,,
10496,530,-3,3,,,,,,
10498,976,-4,-1,,,,,,
10499,976,-4,-1,,,,,,
10500,480,,,,,,,,
10501,848,,1,,,,,,2:10502|3:10503|4:10504|5:10505
10502,848,,1,,,,,,
10503,848,,1,,,,,,
10504,848,,1,,,,,,
10505,848,,1,,,,,,
10506,2384,-4,-80,,,,,,
10507,1488,-8,8,,,,,,
10508,3280,,-7,,,,,,
10510,770,2,-6,,,,,,
10511,1940,,1,,,,,,
10512,1040,1,7,,,,,,
10513,,14,,,,,,,
10514,1438,,,,,,,,
10515,1762,-4,,,,,,,
10516,1114,,-11,,,,,,
10517,1114,,-11,,,,,,
10518,1114,,-11,,,,,,
10519,1114,,-11,,,,,,
10520,1114,,-11,,,,,,
10521,1762,,,,,,,,
10522,1892,,5,,,,,,
10523,2216,,,,,,,,
10524,2216,,12,,,,,,
10525,2800,,-23,,,,,,
10526,1114,-1,-11,,,,,,
10527,1114,-1,-11,,,,,,
10528,1114,-1,-11,,,,,,
10529,1114,-1,-11,,,,,,
10530,1114,-1,-11,,,,,,
10531,1112,-1,,,,,,,
10532,1112,-1,,,,,,,
10533,1112,-1,,,,,,,
10534,1112,-1,,,,,,,
10535,1112,-1,,,,,,,
10536,1112,-1,,,,,,,
10537,1112,-1,,,,,,,
10538,1114,-1,-11,,,,,,
10539,1438,,,,,,,,
10540,1762,-4,,,,,,,
10541,1373,1,,,,,,,
10542,1438,,-4,,,,,,
10543,1438,,-4,,,,,,
10544,1438,,-4,,,,,,
10545,1438,,-4,,,,,,
10546,1438,,-4,,,,,,
10547,1114,7,,,,,,,
10548,724,1,-1,,,,,,
10549,1438,-3,,,,,,,
10550,1114,7,,,,,,,
10551,1178,,7,,,,,,
10552,770,1,-6,,,,,,
10553,930,8,-8,,,,,,
10554,930,8,-8,,,,,,
10555,,,1,,,,,,
10556,919,35,30,,,,,,
10557,1114,34,-28,,,,,,
10558,1049,35,-30,,,,,,
10559,1049,-32,-32,,,,,,
10560,1114,-1,-11,,,,,,
10561,2128,,,,,,,,
10562,1744,,5,,,,,,
10563,984,1,,,,,,,
10564,1280,,,,,,,,
10566,2086,-4,,,,,,,
10567,1049,-32,-32,,,,,,
10568,1095,3,7,,,,,,
10569,1830,3,1,85,85,85,,,
10570,1830,3,1,85,85,85,,,
10571,1830,3,1,85,85,85,,,
10572,1830,3,1,85,85,85,,,
10573,1010,1,-1,,,,,,
10574,1010,1,-1,,,,,,
10575,1010,1,-1,,,,,,
10576,1010,1,-1,,,,,,
10577,1010,1,-1,,,,,,
10578,1010,1,-1,,,,,,
10579,1010,1,-1,,,,,,
10580,1010,1,-1,,,,,,
10581,550,9,9,,,,,,
10582,550,9,9,,,,,,
10583,550,9,9,,,,,,
10584,550,9,9,,,,,,
10585,1040,1,7,,,,,,
10586,712,5,-2,,,,,,
10587,1104,3,5,,,,,,
10588,440,2,-18,,,,,,
10589,480,,4,,,,,,
10591,3920,18,-20,,,,,,
10592,1178,-7,-8,,,,,,
10593,1049,,-9,,,,,,
10594,789,,-59,,,,,,
10595,1632,4,3,,,,,,
10596,1632,4,3,,,,,,
10597,720,,,,,,,,
10598,720,,,,,,,,
10599,720,,,,,,,,
10600,659,1,4,,,,,,
10601,660,3,,,,,,,
10602,660,3,,,,,,,
10603,1940,,1,,,,,,
10604,1940,,1,,,,,,
10605,1940,,1,,,,,,
10606,1940,,1,,,,,,
10607,1940,,1,,,,,,
10608,1940,,1,,,,,,
10609,1940,,1,,,,,,
10610,1940,,1,,,,,,
10611,1940,,1,,,,,,
10612,1940,,1,,,,,,
10613,1940,,1,,,,,,
10614,1940,,1,,,,,,
10615,1940,,1,,,,,,
10616,1940,,1,,,,,,
10617,1940,,1,,,,,,
10618,1940,,1,,,,,,
10619,1940,,1,,,,,,
10620,1940,,1,,,,,,
10621,1940,,1,,,,,,
10622,1940,,1,,,,,,
10623,1940,,1,,,,,,
10624,1940,,1,,,,,,
10625,1940,,1,,,,,,
10626,1940,,1,,,,,,
10627,1940,,1,,,,,,
10628,1940,,1,,,,,,
10629,1940,,1,,,,,,
10630,1940,,1,,,,,,
10631,1940,,1,,,,,,
10632,1940,,1,,,,,,
10633,1940,,1,,,,,,
10634,1940,,1,,,,,,
10635,1940,,1,,,,,,
10636,1940,,1,,,,,,
10637,1940,,1,,,,,,
10638,1940,,1,,,,,,
10639,1940,,1,,,,,,
10640,1940,,1,,,,,,
10641,1940,,1,,,,,,
10642,1940,,1,,,,,,
10643,1940,,1,,,,,,
10644,1940,,1,,,,,,
10645,1940,,1,,,,,,
10646,1940,,1,,,,,,
10647,1940,,1,,,,,,
10648,1940,,1,,,,,,
10649,1940,,1,,,,,,
10650,1940,,1,,,,,,
10651,1940,,1,,,,,,
10652,1940,,1,,,,,,
10653,1940,,1,,,,,,
10654,1940,,1,,,,,,
10655,1940,,1,,,,,,
10656,1940,,1,,,,,,
10657,1940,,1,,,,,,
10658,1940,,1,,,,,,
10659,1940,,1,,,,,,
10660,1940,,1,,,,,,
10661,1940,,1,,,,,,
10662,1940,,1,,,,,,
10663,1940,,1,,,,,,
10664,1940,,1,,,,,,
10665,1940,,1,,,,,,
10666,660,3,,,,,,,
10667,1940,,1,,,,,,
10668,1350,8,-2,,,,,,
10669,660,3,,,,,,,
10670,1940,,1,,,,,,
10671,1940,,1,,,,,,
10672,1940,,1,,,,,,
10673,1940,,1,,,,,,
10674,1940,,1,,,,,,
10675,1940,,1,,,,,,
10676,1940,,1,,,,,,
10677,1940,,1,,,,,,
10678,1940,,1,,,,,,
10679,1940,,1,,,,,,
10680,1940,,1,,,,,,
10681,1940,,1,,,,,,
10682,1940,,1,,,,,,
10683,1940,,1,,,,,,
10684,1940,,1,,,,,,
10685,1940,,1,,,,,,
10686,1940,,1,,,,,,
10687,1940,,1,,,,,,
10688,1940,,1,,,,,,
10689,1940,,1,,,,,,
10690,1940,,1,,,,,,
10691,1940,,1,,,,,,
10692,1940,,1,,,,,,
10693,1940,,1,,,,,,
10694,1940,,1,,,,,,
10695,1940,,1,,,,,,
10696,1940,,1,,,,,,
10697,1940,,1,,,,,,
10698,1940,,1,,,,,,
10699,1940,,1,,,,,,
10700,1940,,1,,,,,,
10701,1940,,1,,,,,,
10702,1940,,1,,,,,,
10703,1940,,1,,,,,,
10704,1940,,1,,,,,,
10705,1940,,1,,,,,,
10706,1940,,1,,,,,,
10707,1940,,1,,,,,,
10708,1940,,1,,,,,,
10709,1940,,1,,,,,,
10710,1940,,1,,,,,,
10711,1940,,1,,,,,,
10712,1940,,1,,,,,,
10713,1940,,1,,,,,,
10714,1940,,1,,,,,,
10715,1940,,1,,,,,,
10716,1940,,1,,,,,,
10717,1940,,1,,,,,,
10718,1940,,1,,,,,,
10719,1940,,1,,,,,,
10720,1940,,1,,,,,,
10721,1940,,1,,,,,,
10722,1940,,1,,,,,,
10723,1940,,1,,,,,,
10724,1940,,1,,,,,,
10725,1940,,1,,,,,,
10726,1940,,1,,,,,,
10727,1940,,1,,,,,,
10728,1940,,1,,,,,,
10729,1940,,1,,,,,,
10730,1940,,1,,,,,,
10731,1940,,1,,,,,,
10732,1940,,1,,,,,,
10733,1940,,1,,,,,,
10734,1940,,1,,,,,,
10735,1940,,1,,,,,,
10736,1940,,1,,,,,,
10737,1940,,1,,,,,,
10738,1940,,1,,,,,,
10739,1940,,1,,,,,,
10740,1940,,1,,,,,,
10741,1940,,1,,,,,,
10742,1940,,1,,,,,,
10743,1940,,1,,,,,,
10744,1940,,1,,,,,,
10745,1940,,1,,,,,,
10746,1940,,1,,,,,,
10747,1940,,1,,,,,,
10748,1940,,1,,,,,,
10749,1940,,1,,,,,,
10750,1940,,1,,,,,,
10751,1940,,1,,,,,,
10752,1940,,1,,,,,,
10753,1940,,1,,,,,,
10754,1940,,1,,,,,,
10755,1940,,1,,,,,,
10756,1940,,1,,,,,,
10757,1940,,1,,,,,,
10758,1940,,1,,,,,,
10759,1940,,1,,,,,,
10760,1940,,1,,,,,,
10761,1940,,1,,,,,,
10762,1940,,1,,,,,,
10763,1940,,1,,,,,,
10764,1940,,1,,,,,,
10765,1940,,1,,,,,,
10766,1940,,1,,,,,,
10767,1940,,1,,,,,,
10768,1940,,1,,,,,,
10769,1940,,1,,,,,,
10770,1940,,1,,,,,,
10771,1940,,1,,,,,,
10772,1940,,1,,,,,,
10773,1940,,1,,,,,,
10774,1940,,1,,,,,,
10775,1940,,1,,,,,,
10776,1940,,1,,,,,,
10777,1940,,1,,,,,,
10778,1940,,1,,,,,,
10779,1940,,1,,,,,,
10780,1940,,1,,,,,,
10781,1940,,1,,,,,,
10782,1940,,1,,,,,,
10783,1940,,1,,,,,,
10784,1940,,1,,,,,,
10785,1940,,1,,,,,,
10786,1940,,1,,,,,,
10787,1940,,1,,,,,,
10788,1940,,1,,,,,,
10789,1940,,1,,,,,,
10790,1940,,1,,,,,,
10791,1940,,1,,,,,,
10792,1940,,1,,,,,,
10793,1940,,1,,,,,,
10794,1940,,1,,,,,,
10795,1940,,1,,,,,,
10796,1940,,1,,,,,,
10797,1940,,1,,,,,,
10798,1940,,1,,,,,,
10799,1940,,1,,,,,,
10800,1940,,1,,,,,,
10801,1940,,1,,,,,,
10802,1940,,1,,,,,,
10803,1940,,1,,,,,,
10804,1940,,1,,,,,,
10805,1940,,1,,,,,,
10806,1940,,1,,,,,,
10807,1940,,1,,,,,,
10808,1180,,-7,,,,,,
10810,1180,,-7,,,,,,
10812,1616,,,,,,,,
10814,1764,7,7,,,,,,
10816,560,1,3,,,,,,
10818,2022,8,-5,,,,,,
10820,2256,4,-16,,,,,,
10822,1503,,-1,,,,,,
10824,1616,,,,,,,,
10826,1632,,1,,,,,,
10828,984,-1,1,,,,,,
10829,1010,1,,,,,,,
10830,1049,,,,,,,,
10831,1488,4,-20,,,,,,
10832,1488,4,-20,,,,,,
10833,1488,4,-20,,,,,,
10834,1488,4,-20,,,,,,
10835,1488,4,-20,,,,,,
10836,919,11,-3,,,,,,
10837,1243,3,-7,,,,,,
10838,1892,-1,12,,,,,,
10839,984,,,,,,,,
10840,1892,4,32,,,,,,
10841,789,30,38,,,,,,
10842,1178,5,-3,,,,,,
10844,784,-1,8,,,,,,
10845,784,-1,8,,,,,,
10846,784,-1,8,,,,,,
10847,784,-1,8,,,,,,
10848,660,-3,2,,,,,,
10849,660,-3,2,,,,,,
10850,660,-3,2,,,,,,
10851,660,-3,2,,,,,,
10852,2800,,-9,,,,,,
10853,2800,,-9,,,,,,
10854,2800,,-9,,,,,,
10855,2800,,-9,,,,,,
10856,1040,1,7,,,,,,
10857,1892,,-15,,,,,,
10858,1827,-1,4,,,,,,
10859,720,3,-12,,,,,,
10862,787,3,-16,,,,,,
10863,1243,,,,,,,,
10864,1697,,4,,,,,,
10865,854,3,-32,,,,,,
10866,789,7,7,,,,,,2:10867|3:10868|4:10869
10867,789,7,7,,,,,,
10868,789,7,7,,,,,,
10869,789,7,7,,,,,,
10870,854,1,-4,,,,,,
10871,1568,,5,,,,,,
10872,659,-1,8,,,,,,
10873,1438,-1,5,,,,,,
10874,530,,,,,,,,
10875,919,-1,3,,,,,,
10876,1762,1,3,,,,,,
10877,854,3,-32,,,,,,
10878,854,3,-32,,,,,,
10879,854,3,-32,,,,,,
10880,854,3,-32,,,,,,
10881,854,3,-32,,,,,,
10882,854,3,-32,,,,,,
10883,1940,,1,,,,,,
10884,1240,-2,-30,,,,,,
10885,789,,,,,,,,
10887,1104,-5,2,,,,,,
10888,1178,-1,-11,,,,,,
10889,840,2,-2,,,,,,
10890,854,,,,,,,,
10891,848,,,,,,,,
10893,1438,1,11,,,,,,
10894,720,-1,7,,,,,,
10895,984,,-1,,,,,,
10896,300,4,8,,,,,,
10897,465,1,4,,,,,,
10898,789,,,,,,,,
10899,2256,,,,,,,,2:10900|3:10901|4:10902|5:10903
10900,2476,,-30,,,,,,
10901,2476,-3,3,,,,,,
10902,2476,-3,3,,,,,,
10903,2476,-3,3,,,,,,
10904,400,,1,,,,,,2:10905|3:10906|4:10907|5:10908
10905,400,,1,,,,,,
10906,465,,1,,,,,,
10907,530,1,1,,,,,,
10908,595,1,1,,,,,,
10909,550,,-1,,,,,,
10911,550,,-1,,,,,,
10913,550,,-1,,,,,,
10915,550,,-1,,,,,,
10917,550,,-1,,,,,,
10919,550,,-1,,,,,,
10921,550,,-1,,,,,,
10923,550,,-1,,,,,,
10925,550,,-1,,,,,,
10927,550,,-1,,,,,,
10929,550,,-1,,,,,,
10931,550,,-1,,,,,,
10933,854,3,-32,,,,,,
10934,789,5,-3,,,,,,
10935,789,5,-3,,,,,,
10936,789,5,-3,,,,,,
10937,1872,5,9,,,,,,
10939,1232,,,,,,,,
10940,1697,,,,,,,,
10941,720,-3,-7,,,,,,
10942,789,5,1,,,,,,
10943,789,5,1,,,,,,
10944,789,5,1,,,,,,
10945,1940,,1,,,,,,
10946,5330,,,,,,,,
10947,5330,,,,,,,,
10948,5330,,,,,,,,
10949,5330,,,,,,,,
10950,930,2,-17,,,,,,
10951,930,2,-17,,,,,,
10952,919,-7,5,,,,,,
10954,1117,5,3,,,,,,
10956,1568,3,-3,,,,,,
10958,801,1,-4,,,,,,
10960,848,,13,,,,,,
10961,789,,23,,,,,,
10962,724,,23,,,,,,
10963,1232,,,,,,,,
10964,1243,,,,,,,,
10965,1243,,-28,,,,,,
10966,848,2,9,,,,,,
10967,1360,,-18,,,,,,
10968,848,,6,,,,,,
10969,2346,-4,-100,,,,,,
10970,720,-3,8,,,,,,
10971,405,,,,,,,,
10972,848,1,,,,,,,
10973,740,,,,,,,,
10975,595,-9,11,,,,,,
10976,2128,-4,12,,,,,,
10977,,3,,,,,,,
10978,1104,-24,19,,,,,,
10980,740,,,,,,,,
10981,1616,-5,,,,,,,
10983,976,,1,,,,,,
10984,976,,1,,,,,,
10985,1104,,,,,,,,
10986,1104,,,,,,,,
10987,868,,1,,,,,,
10988,868,,1,,,,,,
10989,976,,,,,,,,
10990,976,,,,,,,,
10991,1616,-14,30,,,,,,
10992,1616,-14,30,,,,,,
10993,659,,,,,,,,
10994,659,,,,,,,,
10995,1232,,41,,,,,,
10996,2256,-9,,,,,,,
10997,1616,-4,-1,,,,,,
10998,1744,5,-24,,,,,,
10999,1114,-4,-4,,,,,,
11001,1360,-5,16,,,,,,
11002,1488,-1,1,,,,,,
11003,976,,16,,,,,,2:11004|3:11004|4:11004|5:11005
11004,1373,-3,-5,,,,,,
11005,1373,-3,-5,,,,,,
11006,976,,16,,,,,,
11007,976,,16,,,,,,
11008,1104,,,,,,,,
11009,700,-3,5,,,,,,
11010,848,,,,,,,,
11011,1360,,,,,,,,
11012,848,,,,,,,,
11013,848,,,,,,,,
11014,10000,7,,,,,,,
11015,1940,,1,,,,,,
11016,1940,,1,,,,,,
11017,1940,,1,,,,,,
11018,1940,,1,,,,,,
11019,848,-4,-5,,,,,,
11020,1488,-8,-12,,,,,,
11021,1049,,-3,,,,,,
11022,1744,,,,,,,,
11023,789,,-1,,,,,,
11024,848,,-5,,,,,,
11025,1697,-4,5,,,,,,
11026,1360,1,3,,,,,,
11027,789,,,,,,,,
11028,789,,,,,,,,
11029,789,,,,,,,,
11030,789,,,,,,,,
11031,1900,2,26,,,,,,
11032,1130,,,,,,,,
11033,1100,2,6,,,,,,
11034,1310,5,-5,,,,,,
11035,1140,3,-5,,,,,,
11036,595,,9,,,,,,
11037,1503,-1,3,,,,,,
11039,720,4,-1,,,,,,
11040,848,1,3,,,,,,
11041,720,4,-1,,,,,,
11042,720,4,-1,,,,,,
11043,789,3,-1,,,,,,
11044,,-1,-4,,,,,,
11045,,-1,-4,,,,,,
11046,1240,-2,-30,,,,,,
11047,1568,7,-46,,,,,,
11048,984,1,,,,,,,
11049,1496,-8,15,,,,,,
11050,1049,3,5,,,,,,
11051,984,4,-5,,,,,,
11052,592,-3,-16,,,,,,
11053,789,-9,22,,,,,,
11054,976,7,9,,,,,,
11055,1438,-4,-16,,,,,,
11056,720,,1,,,,,,
11057,1296,-1,-19,,,,,,
11058,1632,-1,4,,,,,,
11059,1632,,24,,,,,,
11060,848,1,,,,,,,
11061,1632,-1,4,,,,,,
11062,3024,-18,-20,,,,,,
11063,595,-3,-3,,,,,,
11065,659,-1,18,,,,,,
11067,659,-4,13,,,,,,
11068,659,,-7,,,,,,
11069,659,,-7,,,,,,
11071,659,-4,13,,,,,,
11072,659,-4,13,,,,,,
11074,659,,-7,,,,,,
11076,659,-4,13,,,,,,
11078,659,-4,13,,,,,,
11079,659,,-7,,,,,,
11081,659,,-7,,,,,,
11083,659,,-7,,,,,,
11085,659,-4,13,,,,,,
11087,659,-4,13,,,,,,
11088,659,,-7,,,,,,
11090,465,7,66,,,,,,
11092,659,-4,13,,,,,,
11094,659,-4,13,,,,,,
11095,659,,-7,,,,,,
11097,659,,-7,,,,,,
11099,659,,-7,,,,,,
11101,659,,-7,,,,,,
11103,659,,-7,,,,,,
11105,465,7,66,,,,,,
11107,465,7,66,,,,,,
11109,465,7,66,,,,,,
11111,465,7,66,,,,,,
11113,465,7,66,,,,,,
11115,659,-4,13,,,,,,
11117,659,-4,13,,,,,,
11118,659,,-7,,,,,,
11120,659,,-7,,,,,,
11122,659,,-7,,,,,,
11124,659,,-7,,,,,,
11126,659,,-7,,,,,,
11128,1020,,-16,,,,,,
11130,659,-4,13,,,,,,
11132,659,-4,13,,,,,,
11133,659,,-7,,,,,,
11135,1940,,1,,,,,,
11136,917,,-1,,,,,,
11137,840,2,-2,,,,,,
11138,917,,-1,,,,,,
11139,840,2,-2,,,,,,
11140,917,,-1,,,,,,
11141,840,2,-2,,,,,,
11151,1232,-2,-2,,,,,,
11152,1232,-2,-2,,,,,,
11153,1232,-2,-2,,,,,,
11154,1232,-2,-2,,,,,,
11155,1210,-6,,,,,,,
11156,1730,,-20,,,,,,
11157,712,5,-2,,,,,,
11158,1632,-1,1,,,,,,
11159,1232,,,,,,,,
11160,1220,6,-29,,,,,,
11161,1220,6,-29,,,,,,
11162,1220,6,-29,,,,,,
11163,1220,6,-29,,,,,,
11164,2130,-1,5,,,,,,
11165,1114,-22,-16,,,,,,
11167,1030,-1,,,,,,,
11169,,2,8,,,,,,
11171,,2,8,,,,,,
11173,2128,-8,-5,,,,,,
11174,2128,11,-9,,,,,,
11175,1467,-13,-81,,,,,,
11176,1243,-4,4,,,,,,
11177,976,-12,-19,,,,,,
11178,1744,-5,,,,,,,
11179,464,,,,,,,,
11180,464,3,,,,,,,
11181,976,,,,,,,,
11182,976,,,,,,,,
11183,1232,,,,,,,,
11184,1360,,-3,,,,,,
11185,840,2,-2,,,,,,
11186,840,2,-2,,,,,,
11187,840,2,-2,,,,,,
11188,840,2,-2,,,,,,
11189,840,2,-2,,,,,,
11190,465,7,66,,,,,,
11191,465,7,66,,,,,,
11192,465,7,66,,,,,,
11193,465,7,66,,,,,,
11194,465,7,66,,,,,,
11195,465,7,66,,,,,,
11196,1503,-7,-1,,,,,,
11197,1744,,,,,,,,
11198,1104,,,,,,,,
11199,659,4,-5,,,,,,
11200,659,4,-5,,,,,,
11202,976,,,,,,,,
11203,720,-1,,,,,,,
11204,550,,-1,,,,,,
11205,400,1,-3,,,,,,2:11206|3:11207|4:11208|5:11209
11206,530,1,-3,,,,,,
11207,530,1,-11,,,,,,
11208,530,1,-3,,,,,,
11209,659,,-5,,,,,,
11210,3387,2,5,,,,,,
11211,848,-1,-8,,,,,,
11212,,,,,,,,,2:11213|3:11214|4:11215|5:11216
11217,2092,,7,,,,,,2:11218|3:11219|4:11220|5:11221
11218,2092,,7,,,,,,
11219,2092,,7,,,,,,
11220,2092,,7,,,,,,
11221,2092,,7,,,,,,
11222,2220,,12,,,,,,2:11223|3:11224|4:11225|5:11226
11223,2220,,12,,,,,,
11224,2220,,12,,,,,,
11225,2220,,12,,,,,,
11226,2220,,12,,,,,,
11227,,,,,,,,,2:11213|3:11214|4:11215|5:11216
11228,,,,,,,,,2:11213|3:11214|4:11215|5:11216
11229,,,,,,,,,2:11213|3:11214|4:11215|5:11216
11230,720,8,11,,,,,,
11231,720,8,11,,,,,,
11232,720,8,11,,,,,,
11233,720,8,11,,,,,,
11234,720,8,11,,,,,,
11235,2128,,,,,,,,
11237,720,8,11,,,,,,
11238,789,20,-12,,,,,,
11240,789,20,-12,,,,,,
11242,789,20,-12,,,,,,
11244,789,20,-12,,,,,,
11246,789,20,-12,,,,,,
11248,789,20,-12,,,,,,
11250,789,20,-12,,,,,,
11252,789,20,-12,,,,,,
11254,789,20,-12,,,,,,
11256,789,20,-12,,,,,,
11258,854,1,3,,,,,,
11259,1440,-7,1,,,,,,
11260,590,13,60,,,,,,
11262,528,,1,,,,,,
11264,528,,1,,,,,,
11266,530,3,1,,,,,,
11267,854,1,3,,,,,,
11268,1440,-7,1,,,,,,
11269,590,13,60,,,,,,
11271,528,,1,,,,,,
11273,990,-1,56,,,,,,
11274,1940,,1,,,,,,
11277,1940,,1,,,,,,
11278,1940,,1,,,,,,
11279,1697,-3,3,,,,,,
11280,724,,-9,,,,,,
11282,596,1,-24,,,,,,
11283,2022,,,,,,,,
11284,2022,,,,,,,,
11286,1697,-5,-5,,,,,,
11323,1308,-8,7,,,,,,
11324,530,1,15,,,,,,
11326,530,1,15,,,,,,
11328,1308,-1,1,,,,,,
11330,1762,-5,,,,,,,
11332,1568,-4,3,,,,,,
11334,1624,9,-9,,,,,,
11335,789,-1,,,,,,,
11337,1488,8,-1,,,,,,
11338,1488,8,-1,,,,,,
11339,750,,26,,,,,,
11340,750,,26,,,,,,
11341,680,1,5,,,,,,
11342,680,1,5,,,,,,
11343,680,1,5,,,,,,
11344,680,1,5,,,,,,
11345,680,1,5,,,,,,
11346,680,1,5,,,,,,
11347,680,1,5,,,,,,
11348,680,1,5,,,,,,
11349,680,1,5,,,,,,
11350,680,1,5,,,,,,
11351,680,1,5,,,,,,
11352,680,1,5,,,,,,
11353,680,1,5,,,,,,
11354,680,1,5,,,,,,
11355,680,1,5,,,,,,
11356,680,1,5,,,,,,
11357,680,1,5,,,,,,
11358,680,1,5,,,,,,
11359,680,1,5,,,,,,
11360,680,1,5,,,,,,
11361,680,1,5,,,,,,
11362,680,1,5,,,,,,
11363,680,1,5,,,,,,
11364,680,1,5,,,,,,
11365,680,1,5,,,,,,
11366,680,1,5,,,,,,
11367,1762,5,-4,,,,,,
11369,1762,5,-4,,,,,,
11371,1762,5,-4,,,,,,
11373,1762,5,-4,,,,,,
11375,1762,5,-4,,,,,,
11377,1762,5,-4,,,,,,
11379,1762,5,-4,,,,,,
11381,1762,5,-4,,,,,,
11382,1762,5,-4,,,,,,
11384,1762,5,-4,,,,,,
11386,1762,5,-4,,,,,,
11388,1762,5,-4,,,,,,
11389,1762,5,-4,,,,,,
11391,1762,5,-4,,,,,,
11393,1762,5,-4,,,,,,
11395,1762,5,-4,,,,,,
11396,1762,5,-4,,,,,,
11398,1762,5,-4,,,,,,
11400,1762,5,-4,,,,,,
11402,1762,5,-4,,,,,,
11403,1762,5,-4,,,,,,
11405,1762,5,-4,,,,,,
11407,1762,5,-4,,,,,,
11409,1762,5,-4,,,,,,
11410,1762,5,-4,,,,,,
11412,1762,5,-4,,,,,,
11414,1762,5,-4,,,,,,
11416,1762,5,-4,,,,,,
11417,1762,5,-4,,,,,,
11419,1762,5,-4,,,,,,
11421,2100,,,,,,,,
11422,2100,,,,,,,,
11423,2100,,,,,,,,
11424,2100,,,,,,,,
11425,2100,,,,,,,,
11426,2100,,,,,,,,
11427,550,,-1,,,,,,
11428,550,,-1,,,,,,
11429,550,,-1,,,,,,
11431,550,,-1,,,,,,
11433,550,,-1,,,,,,
11435,550,,-1,,,,,,
11437,550,,-1,,,,,,
11439,550,,-1,,,,,,
11441,550,,-1,,,,,,
11443,550,,-1,,,,,,
11445,550,,-1,,,,,,
11447,550,,-1,,,,,,
11449,550,,-1,,,,,,
11451,550,,-1,,,,,,
11453,550,,-1,,,,,,
11455,550,,-1,,,,,,
11457,550,,-1,,,,,,
11459,550,,-1,,,,,,
11461,550,,-1,,,,,,
11463,550,,-1,,,,,,
11465,550,,-1,,,,,,
11467,550,,-1,,,,,,
11469,550,,-1,,,,,,
11471,550,,-1,,,,,,
11473,550,,-1,,,,,,
11475,550,,-1,,,,,,
11477,550,,-1,,,,,,
11479,550,,-1,,,,,,
11481,550,,-1,,,,,,
11483,550,,-1,,,,,,
11485,550,,-1,,,,,,
11487,550,,-1,,,,,,
11489,550,,-1,,,,,,
11491,550,,-1,,,,,,
11493,550,,-1,,,,,,
11495,550,,-1,,,,,,
11497,550,,-1,,,,,,
11499,550,,-1,,,,,,
11501,550,,-1,,,,,,
11503,550,,-1,,,,,,
11505,550,,-1,,,,,,
11507,550,,-1,,,,,,
11509,550,,-1,,,,,,
11511,550,,-1,,,,,,
11513,550,,-1,,,,,,
11515,550,,-1,,,,,,
11517,550,,-1,,,,,,
11519,550,,-1,,,,,,
11521,550,,-1,,,,,,
11523,550,,-1,,,,,,
11525,700,4,10,,,,,,
11526,2450,,2,,,,,,
11527,4231,-2,-33,,,,,,
11547,2895,-2,-24,,,,,,
11548,4079,,,,,,,,
11549,2401,,,,,,,,
11550,3849,,-49,,,,,,
11551,4770,,,,,,,,
11552,4770,,,,,,,,
11553,7434,,-25,,,,,,
11574,,33,66,,,,,,
11578,,33,66,,,,,,
11580,,33,66,,,,,,
11599,1616,29,76,,,,,,
11600,,33,66,,,,,,
11601,,33,66,,,,,,
11603,1616,33,76,,,,,,
11604,,33,66,,,,,,
11605,,33,66,,,,,,
11606,,33,66,,,,,,
11628,976,-4,-1,,,,,,
11634,,4,10,,,,,,
11640,750,,26,,,,,,
11645,2993,,,,,,,,
11646,1908,3,-5,,,,,,
11647,3026,,,,,,,,
11656,950,2,10,,,,,,
11658,5100,,,,,,,,
11659,5100,,,,,,,,
11660,5100,,,,,,,,
11661,2300,,,,,,,,
11662,4200,,-10,,,,,,
11663,919,1,5,,,,,,
11664,620,1,-1,,,,,,
11665,620,3,-1,,,,,,
11666,465,1,-1,,,,,,
11667,465,1,-1,,,,,,
11668,465,1,-1,,,,,,
11669,465,1,-1,,,,,,
11670,465,1,-1,,,,,,
11671,465,1,-1,,,,,,
11672,465,1,-1,,,,,,
11673,465,1,-1,,,,,,
11674,1940,,1,,,,,,
11675,1940,,1,,,,,,
11676,1940,,1,,,,,,
11677,840,,,,,,,,
11678,800,-1,6,,,,,,
11679,840,2,-2,,,,,,
11680,720,1,,,,,,,
11681,1872,-1,10,,,,,,
11682,789,,7,,,,,,
11683,800,,,,,,,,
11684,800,,,,,,,,
11685,800,,,,,,,,
11686,740,,1,,,,,,
11687,740,,1,,,,,,
11688,740,,1,,,,,,
11689,740,,1,,,,,,
11690,740,,1,,,,,,
11691,740,,1,,,,,,
11692,740,,1,,,,,,
11693,740,,1,,,,,,
11694,740,,1,,,,,,
11695,740,,1,,,,,,
11696,740,,1,,,,,,
11697,740,,1,,,,,,
11698,740,,1,,,,,,
11699,740,,1,,,,,,
11700,1220,6,-29,,,,,,2:896|3:895|4:894|5:897
11701,1220,6,-29,,,,,,2:904|3:903|4:902|5:905
11702,1220,6,-29,,,,,,2:912|3:911|4:910|5:913
11703,1220,6,-29,,,,,,2:920|3:919|4:918|5:921
11704,870,-3,,,,,,,
11705,789,4,15,,,,,,
11706,789,4,15,,,,,,
11707,1150,3,3,,,,,,
11708,1200,7,2,,,,,,
11709,1490,-5,2,,,,,,
11710,1670,3,37,,,,,,
11711,710,-1,11,,,,,,
11712,740,,1,,,,,,
11713,740,,1,,,,,,
11714,740,,1,,,,,,
11715,740,,1,,,,,,
11716,740,,1,,,,,,
11717,740,,1,,,,,,
11718,740,,1,,,,,,
11719,1070,-2,-19,,,,,,
11720,1070,-2,-19,,,,,,
11721,1070,-2,-19,,,,,,
11722,550,,-1,,,,,,
11723,550,,-1,,,,,,
11724,550,,-1,,,,,,
11725,550,,-1,,,,,,
11726,550,,-1,,,,,,
11727,550,,-1,,,,,,
11728,550,,-1,,,,,,
11729,550,,-1,,,,,,
11730,550,,-1,,,,,,
11731,550,,-1,,,,,,
11732,550,,-1,,,,,,
11733,550,,-1,,,,,,
11734,550,,-1,,,,,,
11735,550,,-1,,,,,,
11736,550,,-1,,,,,,
11737,550,,-1,,,,,,
11738,1180,,-14,,,,,,
11739,1180,,-14,,,,,,
11740,1168,,2,,,,,,
11741,465,,-1,,,,,,
11742,465,,-1,,,,,,
11743,465,,-1,,,,,,
11744,465,,-1,,,,,,
11745,465,,-1,,,,,,
11746,465,,-1,,,,,,
11747,465,,-1,,,,,,
11748,1570,1,,,,,,,
11749,1570,1,,,,,,,
11750,1570,1,,,,,,,
11751,1570,1,,,,,,,
11752,1570,1,,,,,,,
11753,1570,1,,,,,,,
11754,1570,1,,,,,,,
11755,1570,1,,,,,,,
11756,1570,1,,,,,,,
11757,1570,1,,,,,,,
11758,1570,1,,,,,,,
11759,1720,-1,33,,,,,,
11760,1720,-1,33,,,,,,
11761,1720,-1,33,,,,,,
11762,1720,-1,33,,,,,,
11763,1720,-1,33,,,,,,
11764,1720,-1,33,,,,,,
11765,1720,-1,33,,,,,,
11766,1720,-1,33,,,,,,
11767,1720,-1,33,,,,,,
11768,1720,-1,33,,,,,,
11769,1720,-1,33,,,,,,
11770,620,3,-13,,,,,,
11771,630,4,-14,,,,,,
11772,570,2,-6,,,,,,
11773,600,3,-15,,,,,,
11774,854,-1,3,,,,,,
11775,854,-1,3,,,,,,
11776,854,-1,3,,,,,,
11777,854,-1,3,,,,,,
11778,854,-1,3,,,,,,
11779,854,-1,3,,,,,,
11780,854,-1,3,,,,,,
11781,854,-1,3,,,,,,
11782,854,-1,3,,,,,,
11783,854,-1,3,,,,,,
11784,854,-1,3,,,,,,
11785,1325,-6,-40,,,,,,
11787,1490,-5,2,,,,,,
11789,1490,-5,2,,,,,,
11791,1490,-5,2,,,,,,
11793,3792,,,,,,,,
11794,1503,8,8,,,,,,
11796,1632,8,8,,,,,,
11798,1552,5,9,,,,,,
11800,1168,,-3,,,,,,
11802,1957,-1,-1,,,,,,
11804,1957,-1,-1,,,,,,
11806,1957,-1,-1,,,,,,
11808,1957,-1,-1,,,,,,
11810,789,-3,,,,,,,
11812,868,1,1,,,,,,
11814,789,-1,,,,,,,
11816,917,2,-6,,,,,,
11818,984,3,1,,,,,,
11820,984,,,,,,,,
11822,984,7,,,,,,,
11824,2192,7,-4,,,,,,
11826,789,9,,,,,,,
11828,854,1,-5,,,,,,
11830,1957,-1,-3,,,,,,
11832,984,1,4,,,,,,
11834,854,3,3,,,,,,
11836,724,,-7,,,,,,
11838,2151,,3,,,,,,
11840,595,,-1,,,,,,
11842,1230,,73,,,,,,
11843,1230,,73,,,,,,
11844,1243,-5,-5,,,,,,
11845,1744,-4,-16,,,,,,
11846,1488,-9,-15,,,,,,
11847,730,,-10,,,,,,
11848,840,-3,,,,,,,
11849,1600,-5,2,,,,,,
11850,848,5,,,,,,,
11851,848,5,,,,,,,
11852,2320,2,2,,,,,,
11853,2320,2,2,,,,,,
11854,1232,,,,,,,,
11855,1232,,,,,,,,
11856,1744,10,10,,,,,,
11857,1744,10,10,,,,,,
11858,592,3,3,,,,,,
11859,592,3,3,,,,,,
11860,976,3,,,,,,,
11861,976,3,,,,,,,
11862,440,1,1,,,,,,
11863,440,1,1,,,,,,
11864,779,-4,-5,,,,,,
11865,779,-4,-3,,,,,,
11866,830,3,-16,,,,,,
11867,830,3,-16,,,,,,
11868,830,3,-16,,,,,,
11869,830,3,-16,,,,,,
11870,830,3,-16,,,,,,
11871,830,3,-16,,,,,,
11872,830,3,-16,,,,,,
11873,830,3,-16,,,,,,
11874,1330,6,30,,,,,,2:4449|3:4451|4:4453|5:4455
11875,850,3,6,,,,,,2:4036|3:4280|4:4282|5:4296
11876,850,3,6,,,,,,2:4312|3:4626|4:4706|5:5069
11877,1411,-3,-3,,,,,,
11879,1411,-3,-3,,,,,,
11881,1411,-3,-3,,,,,,
11883,1411,-3,-3,,,,,,
11885,1411,-3,-3,,,,,,
11887,1411,-3,-3,,,,,,
11889,1900,,-4,,,,,,
11891,2060,,6,,,,,,
11892,2060,,6,,,,,,
11893,1100,5,5,,,,,,
11894,1100,5,5,,,,,,
11895,1100,5,5,,,,,,
11896,1400,,,,,,,,
11898,1400,-4,-12,,,,,,
11899,1400,,9,,,,,,
11901,800,-5,-8,,,,,,
11902,1650,-20,-20,,,,,,
11904,865,1,22,,,,,,
11905,2421,-7,8,,,,,,
11907,2421,-7,8,,,,,,
11908,2421,-7,8,,,,,,
11910,520,,,,,,,,
11912,1150,5,-1,,,,,,
11914,1150,5,-1,,,,,,
11916,1508,10,-16,,,,,,
11917,1508,10,-16,,,,,,
11918,1300,6,10,,,,,,
11919,820,-2,,,,,,,
11920,1070,-2,-19,,,,,,
11922,990,-1,2,,,,,,
11923,1070,-2,-19,,,,,,
11924,1200,,3,,,,,,
11926,1200,,3,,,,,,
11928,1000,-10,13,,,,,,
11929,1000,-16,-11,,,,,,
11930,1000,11,-18,,,,,,
11931,1000,-10,13,,,,,,
11932,1000,-16,-11,,,,,,
11933,1000,11,-18,,,,,,
11934,1300,14,25,,,,,,
11936,1300,14,25,,,,,,
11938,1300,14,25,,,,,,
11940,650,1,-6,,,,,,
11941,740,,,,,,,,
11942,700,-3,5,,,,,,
11943,1830,,,,,,,,
11951,550,,-1,,,,,,
11953,550,,-1,,,,,,
11955,550,,-1,,,,,,
11957,550,,-1,,,,,,
11959,1000,1,27,,,,,,
11960,550,,-1,,,,,,
11962,550,,-1,,,,,,
11964,415,4,100,,,,,,
11966,415,4,100,,,,,,
11968,465,7,66,,,,,,
11970,465,7,66,,,,,,
11972,659,,-7,,,,,,
11974,659,,-7,,,,,,
11976,620,1,16,,,,,,
11978,620,1,16,,,,,,
11980,830,4,-12,,,,,,
11982,830,4,-12,,,,,,
11984,830,4,-12,,,,,,
11986,830,4,-12,,,,,,
11988,830,4,-12,,,,,,
11990,1284,-1,,,,,,,
11992,1370,7,,,,,,,
11994,1370,7,,,,,,,2:3250|3:3252|4:3254|5:3256
11995,1284,-66,75,,,,,,
11996,1180,,-14,,,,,,
11997,1460,7,5,90,90,90,,,
11998,2611,-12,-22,,,,,,
12000,2611,-12,-22,,,,,,
12002,589,3,21,,,,,,
12004,1095,,4,,,,,,
12006,840,,56,,,,,,
12007,590,10,60,,,,,,
12009,1411,-3,-3,,,,,,
12010,1411,-3,-3,,,,,,
12011,1347,,-1,,,,,,
12013,905,-8,-100,,,,,,
12014,1232,-1,-2,,,,,,
12015,1744,,,,,,,,
12016,800,2,-3,,,,,,
12017,440,2,-18,,,,,,
12018,440,2,-18,,,,,,
12019,779,3,,,,,,,
12020,1095,3,,,,,,,
12021,1010,1,,,,,,,
12022,1410,3,-6,,,,,,
12023,1010,1,,,,,,,
12024,1410,3,-6,,,,,,
12025,1010,1,,,,,,,
12026,1410,3,-6,,,,,,
12027,1010,1,,,,,,,
12028,1410,3,-6,,,,,,
12029,1010,1,,,,,,,
12030,1410,3,-6,,,,,,
12031,1010,1,,,,,,,
12032,1410,3,-6,,,,,,
12033,1010,1,,,,,,,
12034,1410,3,-6,,,,,,
12035,1010,1,,,,,,,
12036,1410,3,-6,,,,,,
12037,1010,1,,,,,,,
12038,1410,3,-6,,,,,,
12039,1010,1,,,,,,,
12040,1410,3,-6,,,,,,
12041,1010,1,,,,,,,
12042,1410,3,-6,,,,,,
12043,1010,1,,,,,,,
12044,1410,3,-6,,,,,,
12045,1010,1,,,,,,,
12046,1410,3,-6,,,,,,
12047,1010,1,,,,,,,
12048,1410,3,-6,,,,,,
12049,1010,1,,,,,,,
12050,1410,3,-6,,,,,,
12051,1010,1,,,,,,,
12052,1410,3,-6,,,,,,
12053,1010,1,,,,,,,
12054,1410,3,-6,,,,,,
12055,1010,1,,,,,,,
12056,1010,1,,,,,,,
12057,1010,1,,,,,,,
12058,1010,1,,,,,,,
12059,1010,1,,,,,,,
12060,1010,1,,,,,,,
12061,1010,1,,,,,,,
12062,1010,1,,,,,,,
12063,1010,1,,,,,,,
12064,1010,1,,,,,,,
12065,1010,1,,,,,,,
12066,1010,1,,,,,,,
12067,1010,1,,,,,,,
12068,1010,1,,,,,,,
12069,1010,1,,,,,,,
12070,1010,1,,,,,,,
12071,1010,1,,,,,,,
12072,1010,1,,,,,,,
12073,1010,1,,,,,,,
12074,1010,1,,,,,,,
12075,1010,1,,,,,,,
12076,1010,1,,,,,,,
12077,1010,1,,,,,,,
12078,1010,1,,,,,,,
12079,1010,1,,,,,,,
12080,1010,1,,,,,,,
12081,1010,1,,,,,,,
12082,1010,1,,,,,,,
12083,1010,1,,,,,,,
12084,1410,3,-6,,,,,,
12085,1010,1,,,,,,,
12086,1010,1,,,,,,,
12087,1010,1,,,,,,,
12088,1010,1,,,,,,,
12089,1010,1,,,,,,,
12090,1010,1,,,,,,,
12091,1010,1,,,,,,,
12092,1010,1,,,,,,,
12093,1010,1,,,,,,,
12094,1010,1,,,,,,,
12095,1010,1,,,,,,,
12096,1010,1,,,,,,,
12097,1010,1,,,,,,,
12098,1010,1,,,,,,,
12099,1010,1,,,,,,,
12100,1010,1,,,,,,,
12101,1010,1,,,,,,,
12102,1010,1,,,,,,,
12103,1010,1,,,,,,,
12104,1010,1,,,,,,,
12105,1010,1,,,,,,,
12106,1010,1,,,,,,,
12107,1010,1,,,,,,,
12108,1010,1,,,,,,,
12109,1010,1,,,,,,,
12110,1010,1,,,,,,,
12111,1010,1,,,,,,,
12112,1410,3,-6,,,,,,
12113,1010,1,,,,,,,
12114,1010,1,,,,,,,
12115,1010,1,,,,,,,
12116,1010,1,,,,,,,
12117,1010,1,,,,,,,
12118,1010,1,,,,,,,
12119,1010,1,,,,,,,
12120,1010,1,,,,,,,
12121,1010,1,,,,,,,
12122,1010,1,,,,,,,
12123,1010,1,,,,,,,
12124,1010,1,,,,,,,
12125,1010,1,,,,,,,
12126,1010,1,,,,,,,
12127,1010,1,,,,,,,
12128,1010,1,,,,,,,
12129,1410,3,-6,,,,,,
12130,1010,1,,,,,,,
12131,1410,3,-6,,,,,,
12132,1010,1,,,,,,,
12133,1010,1,,,,,,,
12134,1010,1,,,,,,,
12135,1010,1,,,,,,,
12136,1010,1,,,,,,,
12137,1010,1,,,,,,,
12138,1010,1,,,,,,,
12139,1010,1,,,,,,,
12140,1010,1,,,,,,,
12141,1010,1,,,,,,,
12142,1010,1,,,,,,,
12143,1010,1,,,,,,,
12144,1010,1,,,,,,,
12145,1010,1,,,,,,,
12146,1010,1,,,,,,,
12147,1010,1,,,,,,,
12148,1010,1,,,,,,,
12149,1010,1,,,,,,,
12150,1010,1,,,,,,,
12151,1010,1,,,,,,,
12152,1010,1,,,,,,,
12153,1010,1,,,,,,,
12154,1010,1,,,,,,,
12155,1010,1,,,,,,,
12156,1010,1,,,,,,,
12157,1010,1,,,,,,,
12158,1010,1,,,,,,,
12159,1010,1,,,,,,,
12160,1410,3,-6,,,,,,
12161,900,,4,,,,,,
12162,1010,1,,,,,,,
12163,1410,3,-6,,,,,,
12164,1010,1,,,,,,,
12165,1410,3,-6,,,,,,
12166,1010,1,,,,,,,
12167,1010,1,,,,,,,
12168,1010,1,,,,,,,
12169,1010,1,,,,,,,
12170,1010,1,,,,,,,
12171,1410,3,-6,,,,,,
12172,1010,1,,,,,,,
12173,1010,1,,,,,,,
12174,1010,1,,,,,,,
12175,1010,1,,,,,,,
12176,1010,1,,,,,,,
12177,1010,1,,,,,,,
12178,1010,1,,,,,,,
12179,1010,1,,,,,,,
12180,1410,3,-6,,,,,,
12181,1010,1,,,,,,,
12182,1010,1,,,,,,,
12183,1010,1,,,,,,,
12184,1010,1,,,,,,,
12185,1010,1,,,,,,,
12186,1010,1,,,,,,,
12187,1010,1,,,,,,,
12188,1010,1,,,,,,,
12189,1010,1,,,,,,,
12190,1010,1,,,,,,,
12191,1010,1,,,,,,,
12192,1010,1,,,,,,,
12193,1221,,,,,,,,
12197,1827,3,12,,,,,,
12199,2151,3,4,,,,,,
12201,1697,9,-8,,,,,,
12203,659,-3,,,,,,,
12205,1180,-1,-1,,,,,,
12207,1740,,-8,,,,,,
12209,1100,5,5,,,,,,
12211,800,-1,6,,,,,,
12213,1560,-6,-14,,,,,,
12215,1180,-1,-1,,,,,,
12217,1740,,-8,,,,,,
12219,1100,5,5,,,,,,
12221,800,-1,6,,,,,,
12223,1560,-6,-14,,,,,,
12225,1180,-1,-1,,,,,,
12227,1740,,-8,,,,,,
12229,1100,5,5,,,,,,
12231,800,-1,6,,,,,,
12233,1560,-6,-14,,,,,,
12235,1180,-1,-1,,,,,,
12237,1740,,-8,,,,,,
12239,1100,5,5,,,,,,
12241,800,-1,6,,,,,,
12243,1560,-6,-14,,,,,,
12245,526,3,,,,,,,
12247,560,-1,-4,,,,,,
12249,779,,17,,,,,,
12251,587,-1,,,,,,,
12253,1190,,,,,,,,
12255,1957,,-5,,,,,,
12257,1697,9,-8,,,,,,
12259,659,-3,,,,,,,
12261,1827,3,12,,,,,,
12263,2151,3,4,,,,,,
12265,1190,,,,,,,,
12267,1957,,-5,,,,,,
12269,1697,9,-8,,,,,,
12271,659,-3,,,,,,,
12273,1827,3,12,,,,,,
12275,2151,3,4,,,,,,
12277,1180,-1,-1,,,,,,
12279,1740,,-8,,,,,,
12281,1560,-6,-14,,,,,,
12283,800,-1,6,,,,,,
12285,1100,5,5,,,,,,
12287,1250,-1,,,,,,,
12289,1740,,-8,,,,,,
12291,1560,-6,-14,,,,,,
12293,800,-1,6,,,,,,
12295,1100,5,5,,,,,,
12297,1070,-2,-19,,,,,,
12299,380,-1,,,,,,,
12301,380,-1,,,,,,,
12303,380,-1,,,,,,,
12305,380,-1,,,,,,,
12307,380,-1,,,,,,,
12309,724,,-11,,,,,,
12311,724,,-11,,,,,,
12313,724,,-11,,,,,,
12315,1373,-1,7,,,,,,
12317,1827,,-1,,,,,,
12319,779,,,,,,,,
12321,690,-1,-8,,,,,,
12323,690,-1,-8,,,,,,
12325,690,-1,-8,,,,,,
12327,1030,,-4,,,,,,
12329,1720,7,5,,,,,,
12331,1030,,-4,,,,,,
12333,1720,7,5,,,,,,
12335,968,-5,,,,,,,
12337,463,1,,,,,,,
12339,1180,-1,5,,,,,,
12341,1187,,-1,,,,,,
12343,1180,-1,5,,,,,,
12345,1187,,-1,,,,,,
12347,1373,-1,7,,,,,,
12349,1827,,-1,,,,,,
12351,1221,-11,-18,,,,,,
12353,400,,4,,,,,,
12355,968,,4,,,,,,
12357,2105,9,1,,,,,,
12359,968,,,,,,,,
12361,716,3,-11,,,,,,
12363,905,-1,22,,,,,,
12365,905,-1,22,,,,,,
12367,905,-1,22,,,,,,
12369,905,-1,22,,,,,,
12371,905,-1,22,,,,,,
12373,3280,21,,,,,,,
12375,868,,-10,,,,,,
12377,868,,-10,,,,,,
12379,868,,-10,,,,,,
12381,1030,,-4,,,,,,
12383,1720,7,5,,,,,,
12385,1030,,-4,,,,,,
12387,1720,7,5,,,,,,
12389,1180,-6,4,,,,,,
12391,770,3,-3,,,,,,
12393,1347,,5,,,,,,
12395,2128,,-5,,,,,,
12397,463,1,-1,,,,,,
12399,653,-1,-59,,,,,,
12402,842,1,,,,,,,
12403,842,1,,,,,,,
12404,842,1,,,,,,,
12405,842,1,,,,,,,
12406,842,1,,,,,,,
12407,842,1,,,,,,,
12408,842,1,,,,,,,
12409,842,1,,,,,,,
12410,842,1,,,,,,,
12411,842,1,,,,,,,
12412,968,,,,,,,,
12414,1100,,2,,,,,,
12415,1740,,-8,,,,,,
12416,1230,4,15,,,,,,
12417,789,-1,,,,,,,
12418,1730,1,10,,,,,,
12419,1150,,,,,,,,
12420,1380,-1,,,,,,,
12421,1760,,30,,,,,,
12422,1347,,1,,,,,,
12424,1979,-20,-14,,,,,,
12426,1726,5,4,,,,,,
12428,1032,8,,,,,,,
12430,779,-4,,,,,,,
12432,589,,,,,,,,
12434,905,,12,,,,,,
12436,550,1,29,,,,,,
12439,,-5,,,,,,,
12441,1872,,20,,,,,,
12443,1872,,,,,,,,
12445,1940,,1,,,,,,
12447,1940,,1,,,,,,
12449,1370,,7,,,,,,
12451,1370,,7,,,,,,
12453,800,5,-10,,,,,,
12455,800,5,-10,,,,,,
12457,1150,,,,,,,,
12458,1380,-1,,,,,,,
12459,1760,,30,,,,,,
12460,1180,-1,-1,,,,,,
12462,1740,,-8,,,,,,
12464,1100,5,5,,,,,,
12466,800,-1,6,,,,,,
12468,1560,-6,-14,,,,,,
12470,1180,-1,-1,,,,,,
12472,1740,,-8,,,,,,
12474,1100,5,5,,,,,,
12476,800,-1,6,,,,,,
12478,1560,-6,-14,,,,,,
12480,1180,-1,-1,,,,,,
12482,1740,,-8,,,,,,
12484,1100,5,5,,,,,,
12486,800,-1,6,,,,,,
12488,1560,-6,-14,,,,,,
12490,740,7,-33,,,,,,
12492,1180,-1,-1,,,,,,
12494,1827,,-1,,,,,,
12496,789,,-35,,,,,,
12498,740,7,-33,,,,,,
12500,1180,-1,-1,,,,,,
12502,1827,,-1,,,,,,
12504,789,,-35,,,,,,
12506,740,7,-33,,,,,,
12508,1180,-1,-1,,,,,,
12510,1827,,-1,,,,,,
12512,789,,-35,,,,,,
12514,1040,-4,,,,,,,
12516,976,,,,,,,,
12518,905,-1,22,,,,,,
12520,905,-1,22,,,,,,
12522,905,-1,22,,,,,,
12524,905,-1,22,,,,,,
12526,1616,-10,20,,,,,,
12528,1616,-10,20,,,,,,
12530,1616,-10,20,,,,,,
12532,1616,-10,20,,,,,,
12534,1616,-10,20,,,,,,
12536,1616,-10,20,,,,,,
12538,1616,-10,20,,,,,,
12540,784,,-20,,,,,,
12542,1010,1,,,,,,,
12543,1410,3,-6,,,,,,
12544,1010,1,,,,,,,
12545,1410,3,-6,,,,,,
12546,1010,1,,,,,,,
12547,1410,3,-6,,,,,,
12548,1010,1,,,,,,,
12549,1410,3,-6,,,,,,
12550,1010,1,,,,,,,
12551,1410,3,-6,,,,,,
12552,1010,1,,,,,,,
12553,1410,3,-6,,,,,,
12554,1010,1,,,,,,,
12555,1410,3,-6,,,,,,
12556,1010,1,,,,,,,
12557,1410,3,-6,,,,,,
12558,1010,1,,,,,,,
12559,1410,3,-6,,,,,,
12560,1010,1,,,,,,,
12561,1410,3,-6,,,,,,
12562,1010,1,,,,,,,
12563,1410,3,-6,,,,,,
12564,1010,1,,,,,,,
12565,1410,3,-6,,,,,,
12566,1010,1,,,,,,,
12567,1010,1,,,,,,,
12568,1010,1,,,,,,,
12569,1010,1,,,,,,,
12570,1010,1,,,,,,,
12571,1010,1,,,,,,,
12572,1010,1,,,,,,,
12573,1010,1,,,,,,,
12574,1010,1,,,,,,,
12575,1010,1,,,,,,,
12576,1010,1,,,,,,,
12577,1010,1,,,,,,,
12578,1010,1,,,,,,,
12579,900,,4,,,,,,
12580,1410,3,-6,,,,,,
12581,1010,1,,,,,,,
12582,900,,4,,,,,,
12583,1410,3,-6,,,,,,
12584,1010,1,,,,,,,
12585,900,,4,,,,,,
12586,1410,3,-6,,,,,,
12587,1010,1,,,,,,,
12588,900,,4,,,,,,
12589,1410,3,-6,,,,,,
12590,1010,1,,,,,,,
12591,1410,3,-6,,,,,,
12592,1070,-2,-19,,,,,,
12594,1070,-2,-19,,,,,,
12596,1616,,5,,,,,,
12598,848,,,,,,,,
12600,526,1,-1,,,,,,
12601,900,-9,-12,,,,,,
12603,592,-3,,,,,,,
12605,750,-3,-12,,,,,,
12607,830,1,-21,,,,,,
12608,830,1,-21,,,,,,
12609,830,1,-21,,,,,,
12610,830,1,-21,,,,,,
12611,830,1,-21,,,,,,
12612,830,1,-21,,,,,,
12613,680,1,5,,,,,,
12614,680,1,5,,,,,,
12615,680,1,5,,,,,,
12616,680,1,5,,,,,,
12617,680,1,5,,,,,,
12618,680,1,5,,,,,,
12619,680,1,5,,,,,,
12620,680,1,5,,,,,,
12621,680,1,5,,,,,,
12622,680,1,5,,,,,,
12623,680,1,5,,,,,,
12624,680,1,5,,,,,,
12625,550,,-1,,,,,,
12627,550,,-1,,,,,,
12629,550,,-1,,,,,,
12631,550,,-1,,,,,,
12633,550,,-1,,,,,,
12635,550,,-1,,,,,,
12637,550,3,,,,,,,
12638,528,3,12,,,,,,
12639,528,,20,,,,,,
12640,1230,7,,,,,,,2:3955|3:3957|4:3959|5:3961
12641,,,-1,,,,,,
12642,842,1,,,,,,,
12643,4560,,,,,,,,
12644,4560,,,,,,,,
12645,4560,,,,,,,,
12646,2256,,20,,,,,,
12647,8016,,,,,,,,
12648,7095,,-5,,,,,,
12649,976,-20,,,,,,,
12650,2105,1,-4,,,,,,
12651,1000,5,,,,,,,
12652,1168,,,,,,,,
12654,740,,,,,,,,
12655,1744,,,,,,,,
12656,350,-2,,,,,,,
12657,350,-2,,,,,,,
12658,1853,4,-5,,,,,,
12659,2140,3,6,,,,,,
12660,2140,3,6,,,,,,
12661,2140,3,6,,,,,,
12662,2140,3,6,,,,,,
12663,2140,3,6,,,,,,
12664,2140,3,6,,,,,,
12665,2140,3,6,,,,,,
12666,2140,3,6,,,,,,
12667,2140,3,6,,,,,,
12668,2140,3,6,,,,,,
12669,2140,3,6,,,,,,
12670,2140,3,6,,,,,,
12671,2140,3,6,,,,,,
12672,2140,3,6,,,,,,
12673,2140,3,6,,,,,,
12674,2140,3,6,,,,,,
12675,2140,3,6,,,,,,
12676,2140,3,6,,,,,,
12677,2140,3,6,,,,,,
12678,2140,3,6,,,,,,
12679,2140,3,6,,,,,,
12680,2140,3,6,,,,,,
12681,2140,3,6,,,,,,
12682,2140,3,6,,,,,,
12683,2140,3,6,,,,,,
12684,2140,3,6,,,,,,
12685,2140,3,6,,,,,,
12686,2140,3,6,,,,,,
12687,2140,3,6,,,,,,
12688,2140,3,6,,,,,,
12689,2140,3,6,,,,,,
12690,2140,3,6,,,,,,
12691,592,-3,,,,,,,
12692,750,-3,-12,,,,,,
12693,10000,46,-47,,,,,,
12694,5326,-17,1,,,,,,
12695,550,,-1,,,,,,
12697,550,,-1,,,,,,
12699,550,,-1,,,,,,
12701,550,,-1,,,,,,
12703,8358,17,33,,,,,,
12704,4316,22,-21,,,,,,
12705,5389,13,-1,,,,,,
12706,4632,,-3,,,,,,
12707,5642,,-20,,,,,,
12708,6463,,-30,,,,,,
12709,5263,12,-17,,,,,,
12710,3811,8,5,,,,,,
12711,3937,,,,,,,,
12712,3179,,80,,,,,,
12713,3684,25,-26,,,,,,
12714,3621,5,60,,,,,,
12715,2611,,-4,,,,,,
12716,4253,-12,-12,,,,,,
12717,3179,-4,1,,,,,,
12718,2168,,22,,,,,,
12719,2168,,22,,,,,,
12720,2168,,22,,,,,,
12721,2484,,1,,,,,,
12722,3179,-9,-13,,,,,,
12723,3200,-14,-9,,,,,,
12724,4884,42,,,,,,,
12725,4632,,-3,,,,,,
12726,3937,,,,,,,,
12727,1789,5,-12,,,,,,
12728,1411,-3,-3,,,,,,
12730,1411,-3,-3,,,,,,
12732,1411,-3,-3,,,,,,
12734,1411,-3,-3,,,,,,
12736,1411,-3,-3,,,,,,
12738,1411,-3,-3,,,,,,
12740,1411,-3,-3,,,,,,
12742,1411,-3,-3,,,,,,
12744,1411,-3,-3,,,,,,
12746,1221,1,-1,,,,,,
12748,1050,,-1,,,,,,
12749,1050,,-3,,,,,,
12750,1060,,-3,,,,,,
12751,1221,,-1,,,,,,
12752,1250,-1,-3,,,,,,
12753,1347,-1,-8,,,,,,
12754,1420,-1,-4,,,,,,
12755,1474,,-1,,,,,,
12756,1537,1,-3,,,,,,
12757,842,,,,,,,,
12759,842,,,,,,,,
12761,842,,,,,,,,
12763,842,,,,,,,,
12765,2128,,,,,,,,
12766,2128,,,,,,,,
12767,2128,,,,,,,,
12768,2128,,,,,,,,
12769,842,,,,,,,,
12771,842,,,,,,,,
12773,840,-2,56,,,,,,
12774,840,-2,56,,,,,,
12775,465,,-1,,,,,,
12776,465,,-1,,,,,,
12777,465,,-1,,,,,,
12778,465,,-1,,,,,,
12779,465,,-1,,,,,,
12780,465,,-1,,,,,,
12781,465,,-1,,,,,,
12782,465,,-1,,,,,,
12783,842,3,,,,,,,
12785,830,4,-12,,,,,,
12786,842,1,,,,,,,
12788,1200,7,2,,,,,,
12789,1158,,-4,,,,,,
12791,350,-4,,,,,,,
12792,,,-1,,,,,,
12793,,,-1,,,,,,
12794,,,-1,,,,,,
12795,1158,1,-9,,,,,,
12796,1158,1,-9,,,,,,
12797,1663,3,-1,,,,,,
12798,1310,,,,,,,,
12800,1310,,,,,,,,
12802,1310,,,,,,,,
12804,905,,-4,,,,,,
12806,1916,,3,,,,,,
12807,1474,,7,,,,,,
12808,2151,,3,,,,,,
12809,2151,,3,,,,,,
12810,842,,-3,,,,,,
12811,1250,-1,,,,,,,
12812,1740,,-8,,,,,,
12813,842,,-3,,,,,,
12814,1411,-1,,,,,,,
12815,1740,,-8,,,,,,
12816,1744,,,,,,,,
12817,1789,,11,,,,,,
12819,968,-1,-1,,,,,,
12821,1600,,14,,,,,,
12823,905,-1,10,,,,,,
12825,1600,4,13,,,,,,
12827,848,-1,28,,,,,,
12829,1600,1,29,,,,,,
12831,1600,1,29,,,,,,
12833,1000,,,,,,,,
12835,1040,3,-1,,,,,,
12836,1086,1,-21,,,,,,
12837,1370,,7,,,,,,
12838,1040,1,7,,,,,,
12839,1410,2,,,,,,,
12840,530,-1,-10,,,,,,
12841,540,,-36,,,,,,
12842,984,-7,4,,,,,,
12843,400,-22,-19,,,,,,
12844,550,,-1,,,,,,
12845,1000,-5,-20,,,,,,
12846,960,,3,,,,,,
12848,1789,-5,-11,,,,,,
12849,1280,-22,-7,,,,,,
12851,480,-1,2,,,,,,
12853,480,-1,2,,,,,,
12854,1284,,-1,,,,,,
12855,1000,1,-15,,,,,,
12856,1000,1,-17,,,,,,
12857,1411,-3,-3,,,,,,
12859,1411,-3,-3,,,,,,
12861,840,,,,,,,,
12862,840,,,,,,,,
12863,1762,,,,,,,,
12865,1762,,,,,,,,
12867,1762,,,,,,,,
12869,1762,,,,,,,,
12871,1762,,,,,,,,
12873,1762,,,,,,,,
12875,1762,,,,,,,,
12877,1762,,,,,,,,
12879,1762,,,,,,,,
12881,1762,,,,,,,,
12883,1762,,,,,,,,
12885,590,10,60,,,,,,
12887,725,1,1,,,,,,
12888,1663,,3,,,,,,
12889,1663,,,,,,,,
12890,589,1,-1,,,,,,
12891,653,,,,,,,,
12892,653,,,,,,,,
12893,1537,,5,,,,,,
12894,1663,,,,,,,,
12895,589,,-1,,,,,,
12896,653,,,,,,,,
12897,463,1,,,,,,,
12898,463,1,,,,,,,
12899,2421,,9,,,,,,
12900,2421,,9,,,,,,
12902,2150,,,,,,,,
12904,2150,,,,,,,,
12905,550,,-1,,,,,,
12907,550,,-1,,,,,,
12909,550,,-1,,,,,,
12911,550,,-1,,,,,,
12913,550,,-1,,,,,,
12915,550,,-1,,,,,,
12917,550,,-1,,,,,,
12919,550,,-1,,,,,,
12921,4000,,-89,,,,,,
12922,1411,-4,-8,,,,,,
12924,1158,-7,4,,,,,,
12926,1158,-7,4,,,,,,
12927,716,-18,7,,,,,,
12929,700,-1,-1,,,,,,
12931,700,,-17,,,,,,
12932,1095,7,,,,,,,
12934,1370,7,,,,,,,2:3993|3:3995|4:3997|5:3999
12935,800,5,-1,,,,,,
12936,590,10,60,,,,,,
12938,842,1,,,,,,,
12939,4000,,-89,,,,,,
12940,4000,,-89,,,,,,
12954,589,8,8,,,,,,
12955,1180,,-14,,,,,,
12956,1580,2,6,,,,,,
12957,1410,,19,,,,,,
12958,590,,,,,,,,
12959,630,,3,,,,,,
12960,1762,,,,,,,,
12962,1762,,,,,,,,
12964,1762,,,,,,,,
12966,1762,,,,,,,,
12968,1762,,,,,,,,
12970,1762,,,,,,,,
12972,1762,,,,,,,,
12974,1762,,,,,,,,
12976,1762,,,,,,,,
12978,1762,,,,,,,,
12980,1762,,,,,,,,
12982,1762,,,,,,,,
12984,1762,,,,,,,,
12986,1762,,,,,,,,
12988,1762,,,,,,,,
12990,1762,,,,,,,,
12992,1762,,,,,,,,
12994,1762,,,,,,,,
12996,1762,,,,,,,,
12998,1762,,,,,,,,
13000,1762,,,,,,,,
13002,1762,,,,,,,,
13004,1762,,,,,,,,
13006,1762,,,,,,,,
13008,1762,,,,,,,,
13010,1762,,,,,,,,
13012,1762,,,,,,,,
13014,1762,,,,,,,,
13016,1762,,,,,,,,
13018,1762,,,,,,,,
13020,1762,,,,,,,,
13022,1762,,,,,,,,
13024,1762,,,,,,,,
13026,1762,,,,,,,,
13028,1762,,,,,,,,
13030,1762,,,,,,,,
13032,1762,,,,,,,,
13034,1762,,,,,,,,
13036,1762,,,,,,,,
13038,1762,,,,,,,,
13040,1762,,,,,,,,
13042,1762,,,,,,,,
13044,1762,,,,,,,,
13046,1762,,,,,,,,
13048,1762,,,,,,,,
13050,1762,,,,,,,,
13052,1762,,,,,,,,
13054,1762,,,,,,,,
13056,1762,,,,,,,,
13058,1762,,,,,,,,
13060,1762,,,,,,,,
13062,1762,,,,,,,,
13064,1762,,,,,,,,
13066,1762,,,,,,,,
13068,2128,,1,,,,,,
13069,2128,,1,,,,,,
13070,720,,,,,,,,
13071,1916,1,-4,,,,,,
13072,1221,,,,,,,,
13073,2105,,-1,,,,,,
13074,1744,-1,46,,,,,,
13075,1744,-1,46,,,,,,
13076,1744,-1,46,,,,,,
13077,1744,-1,46,,,,,,
13078,1744,-1,46,,,,,,
13079,1230,-4,,,,,,,
13080,3368,-11,20,,,,,,
13081,3368,-11,20,,,,,,
13082,3368,-11,20,,,,,,
13083,3368,-11,20,,,,,,
13084,3368,-11,20,,,,,,
13085,3368,-11,20,,,,,,
13086,3368,-11,20,,,,,,
13087,3368,-11,20,,,,,,
13088,3368,-11,20,,,,,,
13089,3368,-11,20,,,,,,
13090,3368,-11,20,,,,,,
13091,3368,-11,20,,,,,,
13092,3368,-11,20,,,,,,
13093,3368,-11,20,,,,,,
13094,3368,-11,20,,,,,,
13095,3368,-11,20,,,,,,
13096,3368,-11,20,,,,,,
13097,3368,-11,20,,,,,,
13098,3368,-11,20,,,,,,
13099,3368,-11,20,,,,,,
13100,3368,-11,20,,,,,,
13101,3368,-11,20,,,,,,
13102,,1,,,,,,,
13103,917,,-1,,,,,,
13104,1221,,7,,,,,,
13105,1510,1,1,,,,,,
13106,1510,1,1,,,,,,
13107,1540,,1,,,,,,
13108,1660,,5,,,,,,
13109,1660,,5,,,,,,
13110,1660,,5,,,,,,
13111,1800,,7,,,,,,
13112,1730,,,,,,,,
13113,1730,,,,,,,,
13114,1730,,,,,,,,
13115,1730,,,,,,,,
13116,1033,,-91,,,,,,
13117,1100,1,1,,,,,,
13118,1500,-1,-5,,,,,,
13119,1660,-5,1,,,,,,
13120,1600,-4,-4,,,,,,
13121,1950,4,4,,,,,,
13122,1950,4,4,,,,,,
13123,1950,4,4,,,,,,
13124,1950,4,4,,,,,,
13125,550,-1,-1,,,,,,
13126,550,-1,-1,,,,,,
13127,550,-1,-1,,,,,,
13128,550,-1,-1,,,,,,
13129,770,2,-6,,,,,,
13130,770,2,-6,,,,,,
13131,770,2,-6,,,,,,
13132,770,2,-6,,,,,,
13133,590,,7,,,,,,
13134,590,,7,,,,,,
13135,590,,7,,,,,,
13136,590,,7,,,,,,
13137,500,,-7,,,,,,
13138,550,,-1,,,,,,
13139,590,,-1,,,,,,
13140,716,,-5,,,,,,
13141,2060,,,,,,,,
13142,2230,,,,,,,,
13143,2230,,,,,,,,
13144,2230,,,,,,,,
13145,840,2,-2,,,,,,
13146,840,2,-2,,,,,,
13147,840,2,-2,,,,,,
13148,840,2,-2,,,,,,
13151,1762,,,,,,,,
13153,1762,,,,,,,,
13155,1762,,,,,,,,
13157,1762,,,,,,,,
13159,1762,,,,,,,,
13161,1762,,,,,,,,
13163,1762,,,,,,,,
13165,1762,,,,,,,,
13167,1762,,,,,,,,
13169,1762,,,,,,,,
13171,1762,,,,,,,,
13173,1762,,,,,,,,
13175,1762,,,,,,,,
13177,1508,8,-20,,,,,,
13178,9901,4,-18,,,,,,
13179,5444,4,-14,,,,,,
13180,5444,4,-14,,,,,,
13181,1347,12,-100,,,,,,
13182,1095,,,,,,,,
13183,912,-1,,,,,,,
13184,912,-1,,,,,,,
13185,912,-1,,,,,,,
13186,1347,2,1,,,,,,
13187,,,-1,,,,,,
13188,630,-7,-13,,,,,,
13189,760,,2,,,,,,
13190,2300,3,1,,,,,13191,
13191,,,,,,,13189,13190,
13192,2300,3,1,,,,,,
13193,1539,-3,-3,,,,,,
13195,716,,,,,,,,
13196,700,-1,-1,,,,,,
13197,700,,-17,,,,,,
13198,700,-1,-1,,,,,,
13199,700,,-17,,,,,,
13200,905,,,,,,,,
13201,905,,,,,,,,
13202,900,-9,-12,,,,,,
13203,1032,,4,,,,,,
13204,550,,,,,,,,2:3985|3:3987|4:3989|5:3991
13205,650,,,,,,,,
13206,1940,,1,,,,,,
13207,1940,,1,,,,,,
13208,1940,,1,,,,,,
13209,1940,,1,,,,,,
13210,1940,,1,,,,,,
13211,1940,,1,,,,,,
13212,1940,,1,,,,,,
13213,1940,,1,,,,,,
13214,1940,,1,,,,,,
13215,1176,4,-1,,,,,,
13216,1176,4,-1,,,,,,
13217,1176,4,-1,,,,,,
13218,1176,4,-1,,,,,,
13219,1940,,1,,,,,,
13220,1284,,11,,,,,,
13221,2128,,1,,,,,,
13222,2128,,1,,,,,,
13223,720,,,,,,,,
13224,1940,,1,,,,,,
13225,10000,-3,-30,,,,,,
13226,1762,3,-18,,,,,,
13227,740,5,5,,,,,,
13229,740,5,5,,,,,,
13231,740,5,5,,,,,,
13233,653,,-8,,,,,,
13235,976,5,-5,,,,,,
13237,976,5,-5,,,,,,
13239,976,5,-5,,,,,,
13241,1663,7,16,,,,,,
13242,1663,7,16,,,,,,
13243,1221,-1,-9,,,,,,
13244,1221,-1,-9,,,,,,
13245,590,10,60,,,,,,
13247,1616,,,,,,,,
13248,650,-3,5,,,,,,
13249,842,1,,,,,,,
13250,1539,-3,-3,,,,,,
13252,1539,-3,-3,,,,,,
13254,1539,-3,-3,,,,,,
13256,905,3,1,,,,,,
13258,842,1,-4,,,,,,
13259,1284,,5,,,,,,
13260,2042,,-1,,,,,,
13261,905,4,-4,,,,,,
13262,2270,1,-38,,,,,,
13263,2611,-17,3,,,,,,
13265,1347,-5,3,,,,,,
13267,1347,-5,3,,,,,,
13269,1347,-5,3,,,,,,
13271,1347,-5,3,,,,,,
13273,1979,16,-13,,,,,,
13274,1916,-1,9,,,,,,
13275,2358,-8,-11,,,,,,
13276,1095,8,1,,,,,,
13277,590,10,60,,,,,,
13279,1789,5,3,,,,,,
13280,2232,,-5,,,,,,
13281,720,,,,,,,,
13282,1940,,1,,,,,,
13283,589,5,86,,,,,,
13284,1158,-4,,,,,,,
13285,1726,,-3,,,,,,
13286,770,4,-6,,,,,,
13287,600,,,,,,,,
13288,2295,,29,,,,,,
13289,1940,,1,,,,,,
13290,1940,,1,,,,,,
13291,1940,,1,,,,,,
13292,1940,,1,,,,,,
13293,1940,,1,,,,,,
13294,1940,,1,,,,,,
13295,1940,,1,,,,,,
13296,1940,,1,,,,,,
13297,1940,,1,,,,,,
13298,1940,,1,,,,,,
13299,1940,,1,,,,,,
13300,1940,,1,,,,,,
13301,1940,,1,,,,,,
13302,842,-2,1,,,,,,
13303,842,-2,1,,,,,,
13304,842,-2,1,,,,,,
13305,842,-2,1,,,,,,
13306,842,-2,1,,,,,,
13307,710,3,,,,,,,2:13308|3:13309|4:13310|5:13311|25:13312|100:13313|250:13314|1000:13315|10000:13316
13308,710,3,,,,,,,
13309,710,3,,,,,,,
13310,710,3,,,,,,,
13311,710,3,,,,,,,
13312,710,3,,,,,,,
13313,710,3,,,,,,,
13314,650,2,-2,,,,,,
13315,980,11,13,,,,,,
13316,1000,11,,,,,,,
13317,1158,-1,7,,,,,,
13318,1740,,12,,,,,,
13319,1537,7,37,,,,,,
13320,2256,10,25,,,,,,
13321,2640,,,,,,,,
13322,1872,,,,,,,,
13323,1232,,,,,,,,
13324,1232,,,,,,,,
13325,1232,,,,,,,,
13326,1232,,,,,,,,
13327,670,,,,,,,,
13328,2060,,6,,,,,,
13329,2232,,-5,,,,,,
13330,720,,,,,,,,
13331,2232,,-5,,,,,,
13332,720,,,,,,,,
13333,2232,,-5,,,,,,
13334,720,,,,,,,,
13335,2232,,-5,,,,,,
13336,720,,,,,,,,
13337,2232,,-5,,,,,,
13338,720,,,,,,,,
13339,1474,11,17,,,,,,
13340,2128,,1,,,,,,
13341,2128,,1,,,,,,
13342,2232,,-5,,,,,,
13343,540,,-3,,,,,,
13344,540,,-3,,,,,,
13345,1180,,-14,,,,,,
13346,1180,,-14,,,,,,
13347,550,,-1,,,,,,
13348,550,,-1,,,,,,
13349,550,,-1,,,,,,
13350,550,,-1,,,,,,
13351,550,,-1,,,,,,
13352,550,,-1,,,,,,
13353,1050,5,-9,,,,,,
13354,820,1,-8,,,,,,
13355,1095,1,-9,,,,,,
13356,1400,1,15,,,,,,
13357,400,,-9,,,,,,
13358,653,7,-16,,,,,,
13359,530,8,1,,,,,,
13360,1537,3,4,,,,,,
13361,1284,1,-3,,,,,,
13362,400,3,,,,,,,
13363,653,7,-16,,,,,,
13364,610,8,3,,,,,,
13365,1537,3,3,,,,,,
13366,1284,1,7,,,,,,
13367,400,1,-1,,,,,,
13368,653,7,-16,,,,,,
13369,610,8,3,,,,,,
13370,1537,8,9,,,,,,
13371,1284,1,-1,,,,,,
13372,400,-3,-1,,,,,,
13373,653,7,-16,,,,,,
13374,630,8,,,,,,,
13375,1537,5,4,,,,,,
13376,1284,1,7,,,,,,
13377,400,-1,-3,,,,,,
13378,653,7,-16,,,,,,
13379,800,11,-5,,,,,,
13380,1537,5,4,,,,,,
13381,1284,1,-5,,,,,,
13382,905,,,,,,,,
13383,1095,9,-15,,,,,,
13385,716,4,-1,,,,,,
13387,1158,7,3,,,,,,
13389,1726,7,12,,,,,,
13391,638,-5,28,,,,,,
13392,650,,,,,,,,
13393,650,,,,,,,,
13394,716,-1,-14,,,,,,
13395,968,,,,,,,,
13396,905,4,1,,,,,,
13397,990,-1,2,,,,,,
13398,1210,,,,,,,,
13399,560,1,3,,,,,,
13400,950,,-9,,,,,,
13401,950,,-9,,,,,,
13402,950,,-9,,,,,,
13403,950,,-9,,,,,,
13404,990,,1,,,,,,
13405,550,,-4,,,,,,
13406,990,,1,,,,,,
13407,1110,,,,,,,,
13408,990,,1,,,,,,
13409,990,,1,,,,,,
13410,1290,,1,,,,,,
13411,870,1,96,,,,,,
13412,990,,1,,,,,,
13413,560,1,3,,,,,,
13414,860,1,-6,,,,,,
13415,910,,,,,,,,
13416,910,,,,,,,,
13417,910,,,,,,,,
13418,910,,,,,,,,
13419,1020,,-18,,,,,,
13420,1020,,-18,,,,,,
13421,463,,,,,,,,
13423,1474,-16,-5,,,,,,
13424,1474,-16,-5,,,,,,
13425,1474,-16,-5,,,,,,
13426,1474,18,-36,,,,,,
13427,1474,18,-36,,,,,,
13428,1474,18,-36,,,,,,
13429,1250,-3,18,,,,,,
13430,1020,,-18,,,,,,
13431,1020,,-18,,,,,,
13432,1411,-3,-3,,,,,,
13434,1895,,,,,,,,
13435,830,-1,1,,,,,,
13436,480,,-25,,,,,,
13437,465,7,66,,,,,,
13438,720,,,,,,,,
13439,1852,-8,-24,,,,,,
13441,1852,-8,-24,,,,,,
13443,1852,-8,-24,,,,,,
13445,720,,,,,,,,
13446,720,,,,,,,,
13447,632,,,,,,,,
13448,632,,,,,,,,
13450,463,1,,,,,,,
13451,463,1,,,,,,,
13453,760,1,1,,,,,,
13454,760,1,1,,,,,,
13456,1284,-1,-39,,,,,,
13457,1284,-1,-39,,,,,,
13459,2040,3,,,,,,,
13460,2040,3,,,,,,,
13462,1726,5,-5,,,,,,
13463,1726,5,-5,,,,,,
13465,1347,7,-3,,,,,,
13466,1347,7,-3,,,,,,
13468,716,-18,,,,,,,
13469,716,-18,,,,,,,
13471,589,,7,,,,,,
13472,589,,7,,,,,,
13474,1144,1,4,,,,,,
13475,1144,1,4,,,,,,
13477,1144,7,8,,,,,,
13478,1144,7,8,,,,,,
13480,1016,3,5,,,,,,
13481,1016,3,5,,,,,,
13483,1221,1,29,,,,,,
13484,1221,1,29,,,,,,
13486,1474,14,-9,,,,,,
13487,1474,14,-9,,,,,,
13489,1474,-4,11,,,,,,
13490,1474,-4,11,,,,,,
13492,842,-8,5,,,,,,
13493,842,-8,5,,,,,,
13495,760,-3,,,,,,,
13496,760,-3,,,,,,,
13498,905,3,3,,,,,,
13499,905,3,3,,,,,,
13501,968,-18,-5,,,,,,
13502,968,-18,-5,,,,,,
13504,905,-5,1,,,,,,
13505,905,-5,1,,,,,,
13507,1252,,-1,,,,,,
13508,1252,,-1,,,,,,
13510,1537,4,9,,,,,,
13511,1537,4,9,,,,,,
13513,905,4,1,,,,,,
13514,1744,7,22,,,,,,
13515,1872,,,,,,,,
13516,1957,,15,,,,,,
13517,1744,-1,22,,,,,,
13518,1726,,,,,,,,
13519,1916,7,22,,,,,,
13520,1922,,,,,,,,
13521,2057,,15,,,,,,
13522,1834,-1,-12,,,,,,
13523,1806,,,,,,,,
13524,860,1,22,,,,,,
13525,860,1,22,,,,,,
13526,860,1,22,,,,,,
13527,1020,-1,11,,,,,,
13528,1020,-1,11,,,,,,
13529,840,,,,,,,,
13530,860,1,22,,,,,,
13531,1020,-1,11,,,,,,
13532,840,,,,,,,,
13533,1020,-1,11,,,,,,
13534,830,1,-21,,,,,,
13535,1020,-1,11,,,,,,
13536,830,1,-21,,,,,,
13537,830,1,-21,,,,,,
13538,400,,-9,,,,,,
13539,653,7,-16,,,,,,
13540,530,8,1,,,,,,
13541,1537,3,4,,,,,,
13542,1284,1,-3,,,,,,
13543,400,3,,,,,,,
13544,653,7,-16,,,,,,
13545,610,8,3,,,,,,
13546,1537,3,3,,,,,,
13547,1284,1,7,,,,,,
13548,400,1,-1,,,,,,
13549,653,7,-16,,,,,,
13550,610,8,3,,,,,,
13551,1537,8,9,,,,,,
13552,1284,1,-1,,,,,,
13553,400,-3,-1,,,,,,
13554,653,7,-16,,,,,,
13555,630,8,,,,,,,
13556,1537,5,4,,,,,,
13557,1284,1,7,,,,,,
13558,400,-1,-3,,,,,,
13559,653,7,-16,,,,,,
13560,800,11,-5,,,,,,
13561,1537,5,4,,,,,,
13562,1284,1,-5,,,,,,
13563,1762,,,,,,,,
13564,1762,,,,,,,,
13565,2484,,,,,,,,
13566,2484,,,,,,,,
13567,2484,,,,,,,,
13568,2484,,,,,,,,
13569,2484,,,,,,,,
13570,589,,,,,,,,
13571,550,-1,,,,,,,
13572,990,,,,,,,,
13573,990,5,,,,,,,
13575,1400,1,15,,,,,,
13576,1600,9,-4,,,,,,
13578,3124,,-64,,,,,,
13579,848,5,,,,,,,
13580,848,5,,,,,,,
13581,2320,2,2,,,,,,
13582,2320,2,2,,,,,,
13583,1232,,,,,,,,
13584,1232,,,,,,,,
13585,1744,10,10,,,,,,
13586,1744,10,10,,,,,,
13587,592,3,3,,,,,,
13588,592,3,3,,,,,,
13589,976,3,,,,,,,
13590,976,3,,,,,,,
13591,848,5,,,,,,,
13592,848,5,,,,,,,
13593,2320,2,2,,,,,,
13594,2320,2,2,,,,,,
13595,1232,,,,,,,,
13596,1232,,,,,,,,
13597,1744,10,10,,,,,,
13598,1744,10,10,,,,,,
13599,592,3,3,,,,,,
13600,592,3,3,,,,,,
13601,976,3,,,,,,,
13602,976,3,,,,,,,
13603,848,5,,,,,,,
13604,848,5,,,,,,,
13605,2320,2,2,,,,,,
13606,2320,2,2,,,,,,
13607,1232,,,,,,,,
13608,1232,,,,,,,,
13609,1744,10,10,,,,,,
13610,1744,10,10,,,,,,
13611,592,3,3,,,,,,
13612,592,3,3,,,,,,
13613,976,3,,,,,,,
13614,976,3,,,,,,,
13615,848,5,,,,,,,
13616,848,5,,,,,,,
13617,2320,2,2,,,,,,
13618,2320,2,2,,,,,,
13619,1232,,,,,,,,
13620,1232,,,,,,,,
13621,1744,10,10,,,,,,
13622,1744,10,10,,,,,,
13623,592,3,3,,,,,,
13624,592,3,3,,,,,,
13625,976,3,,,,,,,
13626,976,3,,,,,,,
13627,848,5,,,,,,,
13628,848,5,,,,,,,
13629,2320,2,2,,,,,,
13630,2320,2,2,,,,,,
13631,1232,,,,,,,,
13632,1232,,,,,,,,
13633,1744,10,10,,,,,,
13634,1744,10,10,,,,,,
13635,592,3,3,,,,,,
13636,592,3,3,,,,,,
13637,976,3,,,,,,,
13638,976,3,,,,,,,
13639,1221,3,-49,,,,,,
13640,1916,,-3,,,,,,
13641,1916,,-3,,,,,,
13642,1537,7,17,,,,,,
13643,1537,7,17,,,,,,
13644,890,,-50,,,,,,
13645,890,,-50,,,,,,
13646,1146,1,-38,,,,,,
13647,905,-3,-54,,,,,,
13648,1114,,,,,,,,
13649,1114,,,,,,,,
13650,1114,,,,,,,,
13651,1114,,,,,,,,
13652,886,-1,8,,,,,,
13653,1100,2,,,,,,,
13654,,,-1,,,,,,
13655,400,7,,,,,,,
13656,1300,6,10,,,,,,
13657,700,,,,,,,,2:3973|3:3975|4:3977|5:3979
13658,789,,-1,,,,,,
13660,830,1,-4,,,,,,
13661,1940,,1,,,,,,
13662,1940,,1,,,,,,
13663,1250,-1,,,,,,,
13664,1740,,-8,,,,,,
13665,972,,-8,,,,,,
13666,465,,-1,,,,,,
13667,848,5,,,,,,,
13668,848,5,,,,,,,
13669,2320,2,2,,,,,,
13670,2320,2,2,,,,,,
13671,1232,,,,,,,,
13672,1232,,,,,,,,
13673,1744,10,10,,,,,,
13674,1744,10,10,,,,,,
13675,592,3,3,,,,,,
13676,592,3,3,,,,,,
13677,976,3,,,,,,,
13678,976,3,,,,,,,
13679,2128,,1,,,,,,
13680,740,,1,,,,,,
13681,830,1,-21,,,,,,
13682,1730,1,27,,,,,,
13683,1730,1,27,,,,,,
13684,1730,1,27,,,,,,
13685,1730,1,27,,,,,,
13686,1730,1,27,,,,,,
13687,1730,1,27,,,,,,
13688,1730,1,27,,,,,,
13689,1730,1,27,,,,,,
13690,1730,1,27,,,,,,
13691,1730,1,27,,,,,,
13692,1730,1,27,,,,,,
13693,1730,1,27,,,,,,
14401,3000,,,,,,,,
15297,1940,,1,,,,,,
15303,1940,,1,,,,,,
15304,1940,,1,,,,,,
15309,1940,,1,,,,,,
15344,1940,,1,,,,,,
15345,1940,,1,,,,,,
15346,1940,,1,,,,,,
16176,1744,-1,46,,,,,,
16492,720,,22,,,,,,
16494,700,-3,5,,,,,,
16495,700,-3,5,,,,,,
16684,700,-3,5,,,,,,
16888,1570,1,,,,,,,
16889,1570,1,,,,,,,
16890,1720,-1,33,,,,,,
16891,1720,-1,33,,,,,,
16892,3368,-11,20,,,,,,
16893,3368,-11,20,,,,,,
17152,1390,,,,,,,,
17868,2130,-1,5,,,,,,
18459,905,,,,,,,,
18467,1020,,-18,,,,,,
18555,400,,-9,,,,,,
18556,653,7,-16,,,,,,
18557,530,8,1,,,,,,
18558,1537,3,4,,,,,,
18559,1284,1,-3,,,,,,
18560,400,3,,,,,,,
18561,653,7,-16,,,,,,
18562,610,8,3,,,,,,
18563,1537,3,3,,,,,,
18564,1284,1,7,,,,,,
18565,400,1,-1,,,,,,
18566,653,7,-16,,,,,,
18567,610,8,3,,,,,,
18568,1537,8,9,,,,,,
18569,1284,1,-1,,,,,,
18570,400,-3,-1,,,,,,
18571,653,7,-16,,,,,,
18572,630,8,,,,,,,
18573,1537,5,4,,,,,,
18574,1284,1,7,,,,,,
18575,400,-1,-3,,,,,,
18576,653,7,-16,,,,,,
18577,800,11,-5,,,,,,
18578,1537,5,4,,,,,,
18579,1284,1,-5,,,,,,
18580,1762,,,,,,,,
18581,2484,,,,,,,,
18582,2484,,,,,,,,
18583,2484,,,,,,,,
18584,2484,,,,,,,,
18585,2484,,,,,,,,
19473,1095,3,,,,,,,
19476,2128,,1,,,,,,
19478,1250,8,-18,,,,,,
19481,1284,8,-18,,,,,,
19484,1470,-2,63,,,,,,
19486,1470,-2,63,,,,,,
19488,1470,-2,63,,,,,,
19490,1470,-2,63,,,,,,
19492,659,1,4,,,,,,
19493,780,-5,7,,,,,,
19496,780,-5,7,,,,,,
19499,1500,8,5,,,,,,
19500,1220,6,-29,,,,,,
19501,600,,11,,,,,,
19504,720,3,5,,,,,,
19505,800,-3,-3,,,,,,
19507,800,-3,-3,,,,,,
19509,800,-3,-3,,,,,,
19511,800,-3,-3,,,,,,
19513,984,-1,-5,,,,,,
19515,840,,,,,,,,
19517,790,2,-12,,,,,,
19519,790,2,-12,,,,,,
19521,670,-3,10,,,,,,
19523,1114,1,3,,,,,,
19525,750,,13,,,,,,
19527,595,,-4,,,,,,
19528,595,,-4,,,,,,
19529,636,,,,,,,,
19532,659,1,4,,,,,,
19535,1296,3,-8,,,,,,
19538,830,7,-3,,,,,,
19541,700,-5,16,,,,,,
19544,659,,-7,,,,,,
19547,1020,,-16,,,,,,
19550,830,4,-12,,,,,,
19553,620,1,16,,,,,,
19556,400,1,,,,,,,
19558,3024,-18,-20,,,,,,
19559,1210,-6,,,,,,,
19560,600,-5,7,,,,,,
19562,780,-5,7,,,,,,
19564,724,-3,-4,,,,,,
19566,700,-3,5,,,,,,
19567,700,-3,5,,,,,,
19568,700,-3,5,,,,,,
19569,700,-3,5,,,,,,
19570,1284,,11,,,,,,2:3066|3:3068|4:3070|5:3072
19572,1284,,11,,,,,,2:3074|3:3076|4:3078|5:3082
19574,1284,,11,,,,,,2:3084|3:3086|4:3088|5:3090
19576,1284,,11,,,,,,2:3092|3:3242|4:3244|5:3246
19578,1284,,11,,,,,,2:3248|3:3905|4:3907|5:3909
19580,1284,,11,,,,,,2:3911|3:3913|4:3915|5:3917
19582,1284,,11,,,,,,2:3919|3:3921|4:3923|5:3925
19584,1916,14,39,,,,,,2:3927|3:3929|4:3931|5:3933
19586,1095,1,,,,,,,
19589,1095,5,,,,,,,
19592,779,4,,,,,,,
19595,968,24,1,,,,,,
19598,968,9,12,,,,,,
19601,779,5,-11,,,,,,
19604,1250,11,-12,,,,,,
19607,1250,11,-12,,,,,,
19610,400,-5,,,,,,,
19613,465,,-1,,,,,,
19615,465,,-1,,,,,,
19617,465,,-1,,,,,,
19619,465,,-1,,,,,,
19621,465,,-1,,,,,,
19623,465,,-1,,,,,,
19625,465,,-1,,,,,,
19627,465,,-1,,,,,,
19629,465,,-1,,,,,,
19631,465,,-1,,,,,,
19634,460,1,1,,,,,,
19636,460,1,1,,,,,,
19637,779,1,-12,,,,,,
19639,779,-4,-3,,,,,,
19641,779,-4,-3,,,,,,
19643,779,-4,-3,,,,,,
19645,779,-4,-3,,,,,,
19647,779,-4,-3,,,,,,
19649,779,-4,-3,,,,,,
19651,465,,-1,,,,,,
19653,1474,-8,-14,,,,,,
19656,950,,-9,,,,,,
19659,950,,-9,,,,,,
19662,950,,-9,,,,,,
19665,400,-5,,,,,,,
19668,842,1,1,,,,,,
19669,1180,,-7,,,,,,
19672,1180,,-7,,,,,,
19675,1108,3,-4,,,,,,
19677,653,3,3,,,,,,
19679,530,,-4,,,,,,
19681,480,,-1,,,,,,
19683,724,-3,-1,,,,,,
19685,1150,2,-3,,,,,,
19687,656,,-2,,,,,,
19689,1476,,4,,,,,,
19691,789,1,,,,,,,
19693,1720,,13,,,,,,
19695,1084,3,-7,,,,,,
19697,1380,-4,-15,,,,,,
19699,1040,,,,,,,,
19701,590,10,60,,,,,,
19704,1539,-3,-3,,,,,,
19707,620,1,16,,,,,,
19710,830,4,-12,,,,,,
19712,1114,-3,,,,,,,
19714,1114,-3,,,,,,,
19716,1114,-3,,,,,,,
19718,1114,-3,,,,,,,
19720,589,3,21,,,,,,
19722,589,5,8,,,,,,
19724,905,-1,,,,,,,
19727,800,,,,,,,,
19730,1616,,,,,,,,
19732,789,20,-12,,,,,,
19734,1010,1,,,,,,,
19735,1010,1,,,,,,,
19736,1010,1,,,,,,,
19737,1010,1,,,,,,,
19738,1010,1,,,,,,,
19739,1010,1,,,,,,,
19740,1010,1,,,,,,,
19741,1010,1,,,,,,,
19742,1010,1,,,,,,,
19743,1010,1,,,,,,,
19744,1010,1,,,,,,,
19745,1010,1,,,,,,,
19746,1010,1,,,,,,,
19747,1010,1,,,,,,,
19748,1010,1,,,,,,,
19749,1010,1,,,,,,,
19750,1010,1,,,,,,,
19751,1010,1,,,,,,,
19752,1010,1,,,,,,,
19753,1010,1,,,,,,,
19754,1010,1,,,,,,,
19755,1010,1,,,,,,,
19756,1010,1,,,,,,,
19757,1010,1,,,,,,,
19758,1010,1,,,,,,,
19759,1010,1,,,,,,,
19760,1010,1,,,,,,,
19761,700,-3,5,,,,,,
19762,1010,1,,,,,,,
19763,1010,1,,,,,,,
19764,1010,1,,,,,,,
19765,1010,1,,,,,,,
19766,1010,1,,,,,,,
19767,1010,1,,,,,,,
19768,1010,1,,,,,,,
19769,1010,1,,,,,,,
19770,1010,1,,,,,,,
19771,1010,1,,,,,,,
19772,1010,1,,,,,,,
19773,1010,1,,,,,,,
19774,1010,1,,,,,,,
19775,1410,3,-6,,,,,,
19776,1010,1,,,,,,,
19777,1410,3,-6,,,,,,
19778,1010,1,,,,,,,
19779,1410,3,-6,,,,,,
19780,1010,1,,,,,,,
19781,1410,3,-6,,,,,,
19782,1010,1,,,,,,,
19783,1010,1,,,,,,,
19784,1010,1,,,,,,,
19785,1010,1,,,,,,,
19786,1010,1,,,,,,,
19787,1010,1,,,,,,,
19788,1010,1,,,,,,,
19789,1010,1,,,,,,,
19790,1010,1,,,,,,,
19791,1010,1,,,,,,,
19792,1010,1,,,,,,,
19793,1010,1,,,,,,,
19794,1010,1,,,,,,,
19795,1010,1,,,,,,,
19796,1010,1,,,,,,,
19797,1010,1,,,,,,,
19798,1010,1,,,,,,,
19799,1010,1,,,,,,,
19800,1010,1,,,,,,,
19801,1010,1,,,,,,,
19802,1010,1,,,,,,,
19803,1010,1,,,,,,,
19804,1010,1,,,,,,,
19805,1010,1,,,,,,,
19806,1010,1,,,,,,,
19807,1010,1,,,,,,,
19808,1010,1,,,,,,,
19809,1010,1,,,,,,,
19810,1010,1,,,,,,,
19811,1010,1,,,,,,,
19812,700,-3,5,,,,,,
19813,1010,1,,,,,,,
19814,1010,1,,,,,,,
19815,1410,3,-6,,,,,,
19816,1010,1,,,,,,,
19817,1010,1,,,,,,,
19818,1010,1,,,,,,,
19819,1010,1,,,,,,,
19820,1010,1,,,,,,,
19821,1010,1,,,,,,,
19822,1010,1,,,,,,,
19823,1010,1,,,,,,,
19824,1010,1,,,,,,,
19825,1010,1,,,,,,,
19826,1010,1,,,,,,,
19827,1410,3,-6,,,,,,
19828,1010,1,,,,,,,
19829,1010,1,,,,,,,
19830,1010,1,,,,,,,
19831,1010,1,,,,,,,
19832,1410,3,-6,,,,,,
19833,1010,1,,,,,,,
19834,1410,3,-6,,,,,,
19835,1010,1,,,,,,,
19836,1410,3,-6,,,,,,
19837,844,7,,,,,,,
19838,842,-3,9,,,,,,
19839,720,4,,,,,,,
19840,1010,1,,,,,,,
19841,1410,3,-6,,,,,,
19842,1010,1,,,,,,,
19843,1410,3,-6,,,,,,
19844,1010,1,,,,,,,
19845,1410,3,-6,,,,,,
19846,1010,1,,,,,,,
19847,1010,1,,,,,,,
19848,1010,1,,,,,,,
19849,1410,3,-6,,,,,,
19850,1010,1,,,,,,,
19851,1410,3,-6,,,,,,
19852,1010,1,,,,,,,
19853,1010,1,,,,,,,
19854,1010,1,,,,,,,
19855,1010,1,,,,,,,
19856,1010,1,,,,,,,
19857,1010,1,,,,,,,
19858,1010,1,,,,,,,
19859,1010,1,,,,,,,
19860,1010,1,,,,,,,
19861,1410,3,-6,,,,,,
19862,1010,1,,,,,,,
19863,1410,3,-6,,,,,,
19864,1010,1,,,,,,,
19865,1410,3,-6,,,,,,
19866,1010,1,,,,,,,
19867,1410,3,-6,,,,,,
19868,1010,1,,,,,,,
19869,1410,3,-6,,,,,,
19870,1010,1,,,,,,,
19871,1410,3,-6,,,,,,
19872,1010,1,,,,,,,
19873,1410,3,-6,,,,,,
19874,1010,1,,,,,,,
19875,1410,3,-6,,,,,,
19876,1010,1,,,,,,,
19877,1410,3,-6,,,,,,
19878,1010,1,,,,,,,
19879,1410,3,-6,,,,,,
19880,1010,1,,,,,,,
19881,1410,3,-6,,,,,,
19882,1010,1,,,,,,,
19883,1010,1,,,,,,,
19884,1010,1,,,,,,,
19885,1010,1,,,,,,,
19886,1010,1,,,,,,,
19887,900,,4,,,,,,
19888,1010,1,,,,,,,
19889,1010,1,,,,,,,
19890,1010,1,,,,,,,
19891,900,,4,,,,,,
19892,1010,1,,,,,,,
19893,1010,1,,,,,,,
19894,1010,1,,,,,,,
19895,900,,4,,,,,,
19896,1010,1,,,,,,,
19897,900,,4,,,,,,
19898,1010,1,,,,,,,
19899,1010,1,,,,,,,
19900,1010,1,,,,,,,
19901,1010,1,,,,,,,
19902,1010,1,,,,,,,
19903,900,,4,,,,,,
19904,1010,1,,,,,,,
19905,1010,1,,,,,,,
19906,1010,1,,,,,,,
19907,1010,1,,,,,,,
19908,1010,1,,,,,,,
19909,1010,1,,,,,,,
19910,1010,1,,,,,,,
19911,900,,4,,,,,,
19912,779,9,-4,,,,,,
19915,653,1,-3,,,,,,
19918,1108,-3,,,,,,,
19921,700,3,-7,,,,,,
19924,700,3,-7,,,,,,
19927,700,3,-7,,,,,,
19930,700,3,-7,,,,,,
19933,700,3,-7,,,,,,
19936,700,3,-7,,,,,,
19939,968,1,8,,,,,,
19941,1552,3,3,,,,,,
19943,1350,,,,,,,,
19946,1350,,,,,,,,
19949,1350,,,,,,,,
19952,1350,,,,,,,,
19955,1350,,,,,,,,
19958,2042,-1,-4,,,,,,
19961,450,,5,,,,,,
19964,1720,,9,,,,,,
19967,589,4,,,,,,,
19970,450,,5,,,,,,
19973,2042,-1,-4,,,,,,
19976,450,,5,,,,,,
19979,1720,,9,,,,,,
19982,589,4,,,,,,,
19985,450,,5,,,,,,
19988,716,,17,,,,,,
19991,720,,,,,,,,
19994,930,8,-8,,,,,,
19997,789,1,1,,,,,,
20000,1640,,6,,,,,,
20002,1600,-12,5,,,,,,
20005,830,4,-16,,,,,,
20008,500,,-7,,,,,,
20011,968,-1,1,,,,,,
20014,1095,3,7,,,,,,
20017,830,4,-16,,,,,,
20020,912,1,-58,,,,,,
20023,902,-3,-16,,,,,,
20026,1104,7,-4,,,,,,
20029,1104,2,8,,,,,,
20032,1040,-3,-2,,,,,,
20035,1296,-4,-33,,,,,,
20038,1348,,,,,,,,
20041,789,1,1,,,,,,
20044,1720,,13,,,,,,
20047,700,3,-7,,,,,,
20050,2140,3,6,,,,,,
20053,463,,4,,,,,,
20056,653,,,,,,,,
20059,720,,,,,,,,
20062,1616,-10,20,,,,,,
20065,1616,-10,20,,,,,,
20068,2232,-4,3,,,,,,
20071,2232,-4,3,,,,,,
20074,2232,-4,3,,,,,,
20077,2232,-4,3,,,,,,
20080,530,,8,,,,,,
20083,1160,,,,,,,,
20086,450,1,-1,,,,,,
20089,1720,,9,,,,,,
20092,653,3,-7,,,,,,
20095,530,,8,,,,,,
20098,1160,,,,,,,,
20101,450,1,-1,,,,,,
20104,1720,,9,,,,,,
20107,653,4,3,,,,,,
20110,526,,,,,,,,
20113,716,,3,,,,,,
20116,716,,3,,,,,,
20119,716,,3,,,,,,
20122,716,,3,,,,,,
20125,716,,3,,,,,,
20128,905,,7,,,,,,
20131,1284,1,,,,,,,
20134,450,,,,,,,,
20137,1979,,3,,,,,,
20140,653,3,-1,,,,,,
20143,1600,-12,5,,,,,,
20146,640,1,-4,,,,,,
20149,1100,,2,,,,,,
20152,1410,2,174,,,,,,
20155,1380,3,-9,,,,,,
20158,1490,7,-4,,,,,,
20161,1762,5,-4,,,,,,
20164,1957,-1,-1,,,,,,
20166,1390,3,40,,,,,,
20169,1250,-1,,,,,,,
20172,1740,,-8,,,,,,
20175,1100,5,5,,,,,,
20178,800,-1,6,,,,,,
20181,1560,-6,-14,,,,,,
20184,1250,-1,,,,,,,
20187,1740,,-8,,,,,,
20190,1100,5,5,,,,,,
20193,800,-1,6,,,,,,
20196,1560,-6,-14,,,,,,
20199,1370,,7,,,,,,
20202,1940,,1,,,,,,
20205,580,-4,3,,,,,,
20208,1580,-4,-4,,,,,,
20211,2130,3,12,,,,,,
20214,2130,3,12,,,,,,
20217,2130,3,12,,,,,,
20220,1246,-7,54,,,,,,
20223,1246,-7,54,,,,,,
20226,1246,-7,54,,,,,,
20229,1246,-7,54,,,,,,
20232,1246,-7,54,,,,,,
20235,1246,-7,54,,,,,,
20238,968,3,-3,,,,,,
20240,2143,1,1,,,,,,
20243,740,,17,,,,,,
20246,968,,,,,,,,
20249,1061,,-1,,,,,,
20251,2230,,,,,,,,
20254,2230,,,,,,,,
20257,2242,,,,,,,,
20260,2230,,,,,,,,
20263,2230,,,,,,,,
20266,1104,-5,-1,,,,,,
20269,1104,-5,-1,,,,,,
20272,1360,,,,,,,,
20275,916,1,-10,,,,,,
20278,916,1,-10,,,,,,
20280,900,,4,,,,,,
20281,900,,4,,,,,,
20282,900,,4,,,,,,
20283,2180,-1,1,,,,,,
20284,2180,-1,1,,,,,,
20285,2180,-1,1,,,,,,
20286,2180,-1,1,,,,,,
20287,2180,-1,1,,,,,,
20288,2180,-1,1,,,,,,
20289,2180,-1,1,,,,,,
20290,2180,-1,1,,,,,,
20291,2180,-1,1,,,,,,
20292,2180,-1,1,,,,,,
20293,2180,-1,1,,,,,,
20294,2180,-1,1,,,,,,
20295,2180,-1,1,,,,,,
20296,2180,-1,1,,,,,,
20297,2180,-1,1,,,,,,
20298,2180,-1,1,,,,,,
20299,2180,-1,1,,,,,,
20300,2180,-1,1,,,,,,
20301,2180,-1,1,,,,,,
20302,2180,-1,1,,,,,,
20303,2180,-1,1,,,,,,
20304,2180,-1,1,,,,,,
20305,2180,-1,1,,,,,,
20306,2180,-1,1,,,,,,
20307,2180,-1,1,,,,,,
20308,2180,-1,1,,,,,,
20309,2180,-1,1,,,,,,
20310,2180,-1,1,,,,,,
20311,2180,-1,1,,,,,,
20312,2180,-1,1,,,,,,
20313,2180,-1,1,,,,,,
20314,2180,-1,1,,,,,,
20315,2180,-1,1,,,,,,
20316,2180,-1,1,,,,,,
20317,2180,-1,1,,,,,,
20318,2180,-1,1,,,,,,
20319,2180,-1,1,,,,,,
20320,2180,-1,1,,,,,,
20321,2180,-1,1,,,,,,
20322,2180,-1,1,,,,,,
20323,2180,-1,1,,,,,,
20324,2180,-1,1,,,,,,
20325,2180,-1,1,,,,,,
20326,2180,-1,1,,,,,,
20327,2180,-1,1,,,,,,
20328,2180,-1,1,,,,,,
20329,2180,-1,1,,,,,,
20330,2180,-1,1,,,,,,
20331,2180,-1,1,,,,,,
20332,2180,-1,1,,,,,,
20333,2180,-1,1,,,,,,
20334,2180,-1,1,,,,,,
20335,2180,-1,1,,,,,,
20336,2180,-1,1,,,,,,
20337,2180,-1,1,,,,,,
20338,2180,-1,1,,,,,,
20339,2180,-1,1,,,,,,
20340,2180,-1,1,,,,,,
20341,2180,-1,1,,,,,,
20342,2180,-1,1,,,,,,
20343,2180,-1,1,,,,,,
20344,2180,-1,1,,,,,,
20345,2180,-1,1,,,,,,
20346,2180,-1,1,,,,,,
20347,2180,-1,1,,,,,,
20348,2180,-1,1,,,,,,
20349,2180,-1,1,,,,,,
20350,2180,-1,1,,,,,,
20351,2180,-1,1,,,,,,
20352,2180,-1,1,,,,,,
20353,2180,-1,1,,,,,,
20354,2180,-1,1,,,,,,
20355,1347,-1,5,,,,,,
20356,589,1,-3,,,,,,
20357,589,1,-3,,,,,,
20358,1498,-5,-7,,,,,,
20360,1498,-5,-7,,,,,,
20362,1498,-5,-7,,,,,,
20364,1498,-5,-7,,,,,,
20366,620,1,16,,,,,,
20368,1957,-1,-1,,,,,,
20370,1957,-1,-1,,,,,,
20372,1957,-1,-1,,,,,,
20374,1957,-1,-1,,,,,,
20376,1762,,,,,,,,
20379,1762,,,,,,,,
20382,1762,,,,,,,,
20385,1762,,,,,,,,
20388,1220,6,-29,,,,,,2:928|3:927|4:926|5:929
20389,,,,,,,,,2:11213|3:11214|4:11215|5:11216
20390,1860,5,12,,,,,,
20391,1940,,1,,,,,,
20392,1940,,1,,,,,,
20393,550,,-1,,,,,,
20394,550,,-1,,,,,,
20395,550,,-1,,,,,,
20396,550,,-1,,,,,,
20397,2130,,,,,,,,
20398,1940,,1,,,,,,
20399,1940,,1,,,,,,
20400,1940,,1,,,,,,
20401,1200,7,2,,,,,,
20402,1180,-6,4,,,,,,
20403,1200,7,2,,,,,,
20404,1940,,1,,,,,,
20405,840,-2,56,,,,,,
20406,1640,,6,,,,,,
20407,760,,-4,,,,,,
20408,2128,,,,,,,,
20409,1940,,1,,,,,,
20410,1940,,1,,,,,,
20411,1940,,1,,,,,,
20412,1940,,1,,,,,,
20413,1940,,1,,,,,,
20414,1940,,1,,,,,,
20415,1250,-1,,,,,,,
20416,1740,,-8,,,,,,
20417,1030,,-4,,,,,,
20418,1720,7,5,,,,,,
20419,1940,,1,,,,,,
20420,1940,,1,,,,,,
20421,1250,-1,,,,,,,
20422,1740,,-8,,,,,,
20423,1030,,-4,,,,,,
20424,1720,7,5,,,,,,
20425,1870,,,,,,,,
20426,1690,5,7,,,,,,
20427,1940,,1,,,,,,
20428,1100,,2,,,,,,
20429,1740,,-8,,,,,,
20430,465,,-1,,,,,,
20431,1490,-5,2,,,,,,
20433,848,-4,-5,,,,,,
20436,1488,-8,-12,,,,,,
20439,1049,,-3,,,,,,
20442,1744,,,,,,,,
20445,2086,-4,,,,,,,
20447,2232,,-5,,,,,,
20449,490,1,20,,,,,,
20451,490,1,20,,,,,,
20453,490,1,20,,,,,,
20455,490,1,20,,,,,,
20457,490,1,20,,,,,,
20459,490,1,20,,,,,,
20461,490,1,20,,,,,,
20463,589,8,8,,,,,,
20465,919,,3,,,,,,
20467,1221,,,,,,,,
20469,2022,,,,,,,,
20471,2105,,-1,,,,,,
20473,1308,-3,-10,,,,,,
20475,930,8,-8,,,,,,
20477,919,1,5,,,,,,
20479,620,1,-1,,,,,,
20481,620,3,-1,,,,,,
20483,1530,6,-49,,,,,,
20485,1250,-1,,,,,,,
20487,1740,,-8,,,,,,
20489,640,1,-4,,,,,,
20491,1560,-6,-14,,,,,,
20493,1100,5,5,,,,,,
20495,1400,,,,,,,,
20499,1400,-4,-12,,,,,,
20501,1400,,9,,,,,,
20505,800,-5,-8,,,,,,
20507,724,1,-1,,,,,,
20509,1114,7,,,,,,,
20511,1114,7,,,,,,,
20513,1178,,7,,,,,,
20515,,,1,,,,,,
20517,1503,-1,3,,,,,,
20520,2281,-3,-11,,,,,,
20523,1411,-3,-3,,,,,,
20524,1411,-3,-3,,,,,,
20525,1411,-3,-3,,,,,,
20526,710,-1,,,,,,,
20527,550,,,,,,,,2:20528|3:20529|4:20530|5:20531
20528,530,2,19,,,,,,
20529,589,7,-22,,,,,,
20530,589,4,-14,,,,,,
20531,560,8,-7,,,,,,
20532,2168,-1,83,,,,,,
20533,2168,-1,83,,,,,,
20534,2168,-1,83,,,,,,
20535,2168,-1,83,,,,,,
20536,2168,-1,83,,,,,,
20537,550,3,,,,,,,
20539,550,3,,,,,,,
20541,550,3,,,,,,,
20543,1410,3,-6,,,,,,
20544,1410,3,-6,,,,,,
20545,1410,3,-6,,,,,,
20546,1410,3,-6,,,,,,
20547,1600,7,-43,,,,,,
20548,550,,-1,,,,,,
20549,550,,-1,,,,,,
20550,550,,-1,,,,,,
20551,550,,-1,,,,,,
20552,1180,-7,-2,,,,,,
20553,680,4,1,,,,,,
20554,1320,-3,9,,,,,,
20555,1380,3,-9,,,,,,
20556,750,-3,5,,,,,,
20557,,-1,17,,,,,,
20558,1200,7,2,,,,,,
20559,2022,,3,,,,,,
20560,540,6,-7,,,,,,
20561,800,-1,6,,,,,,
20562,980,,-18,,,,,,
20563,800,-1,6,,,,,,
20564,1250,-1,,,,,,,
20565,1740,,-8,,,,,,
20566,1030,,-4,,,,,,
20567,1720,7,5,,,,,,
20568,1040,-2,-59,,,,,,
20569,1940,,1,,,,,,
20570,1940,,1,,,,,,
20571,1100,2,,,,,,,
20572,1010,-2,-4,,,,,,
20573,820,2,,,,,,,
20574,1380,-1,,,,,,,
20575,1760,,30,,,,,,
20576,2143,1,1,,,,,,
20577,2083,,-1,,,,,,
20578,770,1,-6,,,,,,
20579,770,,-4,,,,,,
20580,880,4,,,,,,,
20581,789,,-1,,,,,,
20582,789,,-1,,,,,,
20583,789,,-1,,,,,,
20584,620,1,16,,,,,,
20585,620,1,16,,,,,,
20586,620,1,16,,,,,,
20587,1240,-2,-30,,,,,,
20590,1474,4,-5,,,,,,
20593,1957,-1,-1,,,,,,
20594,2421,1,1,,,,,,
20595,789,-4,-7,,,,,,
20598,1250,,3,,,,,,
20599,1730,,-4,,,,,,
20600,1220,6,-29,,,,,,2:936|3:935|4:934|5:937
20601,2533,,,,,,,,
20602,3780,,-5,,,,,,
20603,1711,-16,-20,,,,,,
20604,1875,4,,,,,,,
20605,2467,,-7,,,,,,
20606,2500,,-7,,,,,,
20607,1411,-3,-3,,,,,,
20608,710,-1,,,,,,,
20609,842,4,4,,,,,,
20611,1100,,,,,,,,
20613,550,,-3,,,,,,
20615,842,,,,,,,,
20617,3900,,-9,,,,,,
20618,3900,,-9,,,,,,
20619,3900,,-3,,,,,,
20620,4500,1,-8,,,,,,
20621,4500,1,-8,,,,,,
20622,4500,1,-8,,,,,,
20623,3432,,,,,,,,
20624,3432,,,,,,,,
20625,3432,4,,,,,,,
20626,1450,4,46,,,,,,
20627,1460,10,45,,,,,,
20628,1650,12,45,,,,,,
20629,7726,5,,,,,,,
20630,3500,,,,,,,,
20631,3000,,,,,,,,
20632,3558,,,,,,,,
20633,2484,,25,,,,,,
20634,653,,1,,,,,,
20635,4758,,-8,,,,,,
20636,4442,,,,,,,,
20637,5263,,-43,,,,,,
20638,4884,,-17,,,,,,
20639,3621,,-32,,,,,,
20640,3621,,-32,,,,,,
20641,3621,,-32,,,,,,
20642,3621,,-32,,,,,,
20643,3621,,-32,,,,,,
20644,2358,,,,,,,,
20645,2358,,,,,,,,
20646,2358,,,,,,,,
20647,2926,,,,,,,,
20648,2926,,,,,,,,
20649,3620,,,,,,,,
20650,3495,,18,,,,,,
20651,4379,,-8,,,,,,
20652,4379,,-8,,,,,,
20653,3053,,-4,,,,,,
20654,2400,-1,-1,,,,,,
20655,830,3,-35,,,,,,
20657,830,3,-35,,,,,,
20659,1872,,,,,,,,
20661,2640,-7,-9,,,,,,
20663,1872,,,,,,,,
20665,1872,,,,,,,,
20667,1872,,,,,,,,
20669,1872,,,,,,,,
20671,1872,,,,,,,,
20673,1872,,,,,,,,
20675,1872,,,,,,,,
20677,1872,,,,,,,,
20679,1872,,,,,,,,
20681,1872,,,,,,,,
20683,1872,,,,,,,,
20685,1872,,,,,,,,
20687,1872,,,,,,,,
20689,1872,,,,,,,,
20691,1872,,,,,,,,
20693,2768,-8,-13,,,,,,
20695,1180,,-7,,,,,,
20696,1180,-7,-7,,,,,,
20697,550,,-1,,,,,,
20698,700,4,,,,,,,
20699,550,,-1,,,,,,
20700,550,,-1,,,,,,
20701,550,,-1,,,,,,
20702,550,,-1,,,,,,
20703,2020,-1,-6,,,,,,
20704,1375,1,-1,,,,,,
20706,1897,1,7,,,,,,
20708,789,1,1,,,,,,
20710,770,3,-3,,,,,,
20712,789,1,,,,,,,
20714,830,1,-21,,,,,,
20716,830,1,-21,,,,,,
20718,680,1,5,,,,,,
20720,1660,-11,5,,,,,,
20722,1190,,,,,,,,
20724,1168,1,-1,,,,,,
20727,1616,-3,,,,,,,
20730,2227,-9,-12,,,,,,
20733,2295,4,-9,,,,,,
20736,2256,,,,,,,,
20739,2256,,,,,,,,
20742,1539,-3,-3,,,,,,
20745,4758,13,-7,,,,,,
20746,4758,13,-7,,,,,,
20747,905,,-5,,,,,,
20749,970,1,4,,,,,,
20752,600,1,100,,,,,,
20754,770,-3,3,,,,,,
20756,1130,3,-4,,,,,,
20760,2232,,-5,,,,,,
20762,1940,,1,,,,,,
20763,1940,,1,,,,,,
20764,720,,,,,,,,
20766,700,-3,5,,,,,,
20767,700,-3,5,,,,,,
20768,700,-3,5,,,,,,
20769,700,-3,5,,,,,,
20770,1040,1,7,,,,,,
20771,1040,1,7,,,,,,
20772,1040,1,7,,,,,,
20773,717,,3,,,,,,
20775,1414,,,,,,,,
20777,1982,,3,,,,,,
20779,656,,4,,,,,,
20781,656,,4,,,,,,
20782,1957,-1,-1,,,,,,
20784,886,-1,8,,,,,,
20785,1600,9,-4,,,,,,
20786,830,4,-12,,,,,,
20787,830,4,-12,,,,,,
20788,830,4,-12,,,,,,
20789,830,4,-12,,,,,,
20790,830,4,-12,,,,,,
20791,2020,-1,-6,,,,,,
20792,984,,-4,,,,,,
20794,1411,,5,,,,,,
20796,2022,,3,,,,,,
20798,750,,26,,,,,,
20799,968,1,,,,,,,
20800,589,,1,64,64,64,,,
20801,589,,1,64,64,64,,,
20802,1049,-32,-32,,,,,,
20803,1940,,1,,,,,,
20804,1940,,1,,,,,,
20805,1940,,1,,,,,,
20806,1940,,1,,,,,,
20807,1940,,1,,,,,,
20808,1940,,1,,,,,,
20809,1940,,1,,,,,,
20810,1940,,1,,,,,,
20811,1940,,1,,,,,,
20812,1940,,1,,,,,,
20813,1940,,1,,,,,,
20814,1940,,1,,,,,,
20815,1940,,1,,,,,,
20816,1940,,1,,,,,,
20817,1940,,1,,,,,,
20818,1940,,1,,,,,,
20819,1940,,1,,,,,,
20820,1940,,1,,,,,,
20821,1940,,1,,,,,,
20822,1940,,1,,,,,,
20823,1940,,1,,,,,,
20824,1940,,1,,,,,,
20825,1940,,1,,,,,,
20826,1940,,1,,,,,,
20827,1940,,1,,,,,,
20828,1940,,1,,,,,,
20829,1940,,1,,,,,,
20830,1940,,1,,,,,,
20831,1940,,1,,,,,,
20832,848,,-9,,,,,,
20834,1360,,,,,,,,
20836,1424,4,-12,,,,,,
20838,800,-1,6,,,,,,
20840,1250,-1,,,,,,,
20842,1740,,-8,,,,,,
20844,1100,5,5,,,,,,
20846,1560,-6,-14,,,,,,
20849,912,-1,8,,,,,,
20851,968,-16,-1,,,,,,
20853,620,,,,,,,,
20854,1221,4,1,,,,,,
20855,1221,4,1,,,,,,
20856,1221,4,1,,,,,,
20857,1221,4,1,,,,,,
20858,1221,4,1,,,,,,
20859,1221,4,1,,,,,,
20860,1221,4,1,,,,,,
20861,1221,4,1,,,,,,
20862,1221,4,1,,,,,,
20863,1221,4,1,,,,,,
20864,1221,4,1,,,,,,
20865,1221,4,1,,,,,,
20866,1221,4,1,,,,,,
20867,1221,4,1,,,,,,
20868,1221,4,1,,,,,,
20869,1100,-4,-4,,,,,,
20870,1100,-4,-4,,,,,,
20871,1100,-4,-4,,,,,,
20872,1100,-4,-4,,,,,,
20873,1100,-4,-4,,,,,,
20874,1100,-4,-4,,,,,,
20875,1100,-4,-4,,,,,,
20876,1100,-4,-4,,,,,,
20877,1100,-4,-4,,,,,,
20878,1100,-4,-4,,,,,,
20879,1100,-4,-4,,,,,,
20880,1100,-4,-4,,,,,,
20881,1100,-4,-4,,,,,,
20882,1100,-4,-4,,,,,,
20883,1100,-4,-4,,,,,,
20884,1320,1,-29,,,,,,
20885,990,5,5,,,,,,
20886,860,1,5,,,,,,
20888,779,,4,,,,,,
20890,750,,,,,,,,
20892,1158,,,,,,,,
20893,968,,,,,,,,
20895,900,,,,,,,,
20897,900,,,,,,,,
20899,1032,,,,,,,,
20901,1158,3,21,,,,,,
20902,1158,3,21,,,,,,
20903,1010,1,-1,,,,,,2:10579|3:10577|4:10575|5:10573
20904,1158,3,21,,,,,,
20905,1158,3,21,,,,,,
20906,1010,1,-1,,,,,,2:10580|3:10578|4:10576|5:10574
20907,1158,3,21,,,,,,
20908,1158,3,21,,,,,,
20909,1010,1,-1,,,,,,2:2512|3:599|4:1589|5:2420
20910,1095,8,-11,,,,,,
20911,550,,-1,,,,,,
20912,854,1,-22,,,,,,
20913,589,,1,64,64,64,,,
20914,589,,1,64,64,64,,,
20915,589,,1,64,64,64,,,
20916,589,,1,64,64,64,,,
20917,589,,1,64,64,64,,,
20918,589,,1,64,64,64,,,
20919,589,,1,64,64,64,,,
20920,589,,1,64,64,64,,,
20921,589,,1,64,64,64,,,
20922,589,,1,64,64,64,,,
20923,589,,1,64,64,64,,,
20924,589,,1,64,64,64,,,
20925,589,,1,64,64,64,,,
20926,589,,1,64,64,64,,,
20927,589,,1,64,64,64,,,
20928,589,,1,64,64,64,,,
20929,589,,1,64,64,64,,,
20930,589,,1,64,64,64,,,
20931,589,,1,64,64,64,,,
20932,589,,1,64,64,64,,,
20933,589,,1,64,64,64,,,
20934,589,,1,64,64,64,,,
20935,589,,1,64,64,64,,,
20936,589,,1,64,64,64,,,
20937,589,,1,64,64,64,,,
20938,589,,1,64,64,64,,,
20939,589,,1,64,64,64,,,
20940,589,,1,64,64,64,,,
20941,589,,1,64,64,64,,,
20942,589,,1,64,64,64,,,
20943,589,,1,64,64,64,,,
20944,589,,1,64,64,64,,,
20945,589,,1,64,64,64,,,
20946,589,,1,64,64,64,,,
20947,589,,1,64,64,64,,,
20948,589,,1,64,64,64,,,
20949,589,,1,64,64,64,,,
20950,589,,1,64,64,64,,,
20951,589,,1,64,64,64,,,
20952,589,,1,64,64,64,,,
20953,589,,1,64,64,64,,,
20954,589,,1,64,64,64,,,
20955,589,,1,64,64,64,,,
20956,589,,1,64,64,64,,,
20957,589,,1,64,64,64,,,
20958,589,,1,64,64,64,,,
20959,589,,1,64,64,64,,,
20960,589,,1,64,64,64,,,
20961,589,,1,64,64,64,,,
20962,589,,1,64,64,64,,,
20963,589,,1,64,64,64,,,
20964,589,,1,64,64,64,,,
20965,589,,1,64,64,64,,,
20966,589,,1,64,64,64,,,
20967,589,,1,64,64,64,,,
20968,589,,1,64,64,64,,,
20969,589,,1,64,64,64,,,
20970,589,,1,64,64,64,,,
20971,589,,1,64,64,64,,,
20972,589,,1,64,64,64,,,
20973,589,,1,64,64,64,,,
20974,589,,1,64,64,64,,,
20975,589,,1,64,64,64,,,
20976,589,,1,64,64,64,,,
20977,589,,1,64,64,64,,,
20978,589,,1,64,64,64,,,
20979,589,,1,64,64,64,,,
20980,589,,1,64,64,64,,,
20981,589,,1,64,64,64,,,
20982,589,,1,64,64,64,,,
20983,589,,1,64,64,64,,,
20984,589,,1,64,64,64,,,
20985,589,,1,64,64,64,,,
20986,589,,1,64,64,64,,,
20987,589,,1,64,64,64,,,
20988,589,,1,64,64,64,,,
20989,589,,1,64,64,64,,,
20990,589,,1,64,64,64,,,
20991,589,,1,64,64,64,,,
20992,589,,1,64,64,64,,,
20993,589,,1,64,64,64,,,
20994,589,,1,64,64,64,,,
20995,589,,1,64,64,64,,,
20996,589,,1,64,64,64,,,
20997,,-3,1,,,,,,
21000,792,1,1,,,,,,
21003,1744,-3,-58,,,,,,
21006,668,2,-4,,,,,,
21009,1168,3,1,,,,,,
21012,926,,9,,,,,,
21015,2276,,4,,,,,,
21018,1236,,-12,,,,,,
21021,1358,,-3,,,,,,
21024,1690,-1,7,,,,,,
21028,1347,2,2,,,,,,
21031,1550,3,3,,,,,,
21033,1550,3,3,,,,,,
21034,1032,-3,,,,,,,
21036,,,18,,,,,,
21037,2611,-4,-4,,,,,,
21038,2611,-4,-4,,,,,,
21039,2611,-4,-4,,,,,,
21040,2611,-4,-4,,,,,,
21041,2611,-4,-4,,,,,,
21042,2611,-4,-4,,,,,,
21043,716,-1,-1,,,,,,
21046,1474,5,-3,,,,,,
21047,716,,1,,,,,,
21049,1762,,,,,,,,
21052,700,-3,5,,,,,,
21053,700,-3,5,,,,,,
21054,700,-3,5,,,,,,
21055,700,-3,5,,,,,,
21056,1040,1,7,,,,,,
21057,1040,1,7,,,,,,
21058,1040,1,7,,,,,,
21059,656,,4,,,,,,
21060,1957,-1,-1,,,,,,
21061,848,5,,,,,,,
21063,848,5,,,,,,,
21064,2320,2,2,,,,,,
21066,2320,2,2,,,,,,
21067,1232,,,,,,,,
21069,1232,,,,,,,,
21070,1744,10,10,,,,,,
21072,1744,10,10,,,,,,
21073,592,3,3,,,,,,
21075,592,3,3,,,,,,
21076,976,3,,,,,,,
21078,976,3,,,,,,,
21079,1032,-3,,,,,,,
21081,845,-5,1,,,,,,
21084,845,-5,1,,,,,,
21087,845,-5,1,,,,,,
21090,400,-1,100,,,,,,
21093,400,-1,100,,,,,,
21096,400,-1,100,,,,,,
21099,370,8,106,,,,,,
21102,370,8,106,,,,,,
21105,370,8,106,,,,,,
21108,748,-5,16,,,,,,
21111,748,-5,16,,,,,,
21114,748,-5,16,,,,,,
21117,530,,,,,,,,
21120,530,,,,,,,,
21123,530,,,,,,,,
21126,830,4,-12,,,,,,
21129,830,4,-12,,,,,,
21132,830,4,-12,,,,,,
21134,830,4,-12,,,,,,
21136,830,4,-12,,,,,,
21138,830,4,-12,,,,,,
21140,830,4,-12,,,,,,
21143,465,7,66,,,,,,
21146,465,7,66,,,,,,
21149,465,7,66,,,,,,
21151,465,7,66,,,,,,
21153,465,7,66,,,,,,
21155,465,7,66,,,,,,
21157,465,7,66,,,,,,
21160,620,1,16,,,,,,
21163,620,1,16,,,,,,
21166,620,1,16,,,,,,
21169,620,1,16,,,,,,
21171,620,1,16,,,,,,
21173,620,1,16,,,,,,
21175,620,1,16,,,,,,
21177,659,,-7,,,,,,
21180,659,,-7,,,,,,
21183,659,,-7,,,,,,
21186,2232,,-5,,,,,,
21187,2640,,,,,,,,
21188,2640,,,,,,,,
21189,2640,,,,,,,,
21190,2640,,,,,,,,
21191,2640,,,,,,,,
21192,2640,,,,,,,,
21193,2640,,,,,,,,
21194,2640,,,,,,,,
21195,2640,,,,,,,,
21196,2640,,,,,,,,
21197,2640,,,,,,,,
21198,1490,-5,2,,,,,,
21200,1490,-5,2,,,,,,
21202,1310,,,,,,,,
21205,1744,-3,-58,,,,,,
21206,1168,3,1,,,,,,
21207,912,-1,8,,,,,,
21208,830,5,8,,,,,,
21209,1894,-5,12,,,,,,
21211,784,3,2,,,,,,
21213,589,,,,,,,,
21214,848,,,,,,,,
21216,789,,,,,,,,
21217,789,,,,,,,,
21218,789,,,,,,,,
21219,789,,,,,,,,
21220,789,,,,,,,,
21221,789,,,,,,,,
21222,789,,,,,,,,
21223,789,,,,,,,,
21224,789,,,,,,,,
21225,789,,,,,,,,
21226,789,,,,,,,,
21227,789,,,,,,,,
21228,789,,,,,,,,
21229,789,,,,,,,,
21230,789,,,,,,,,
21231,789,,,,,,,,
21232,789,,,,,,,,
21233,789,,,,,,,,
21234,789,,,,,,,,
21235,789,,,,,,,,
21236,789,,,,,,,,
21237,789,,,,,,,,
21238,789,,,,,,,,
21239,789,,,,,,,,
21240,1058,2,,,,,,,
21241,1058,,7,,,,,,
21242,1208,,,,,,,,
21243,1020,,-18,,,,,,
21244,838,,-1,,,,,,
21245,688,1,3,,,,,,
21246,620,-11,14,,,,,,
21247,906,2,2,,,,,,
21248,2384,,,,,,,,
21249,1378,1,,,,,,,
21251,789,,,,,,,,
21252,850,1,,,,,,,
21253,1146,1,-38,,,,,,
21254,905,-3,-54,,,,,,
21255,1890,-2,30,,,,,,
21257,1806,,,,,,,,
21259,1040,1,7,,,,,,
21260,1503,-7,-1,,,,,,
21261,540,,-1,,,,,,
21262,840,2,-2,,,,,,
21263,380,-1,,,,,,,
21264,779,-4,-3,,,,,,
21266,779,-4,-3,,,,,,
21268,830,3,-16,,,,,,
21270,589,-4,7,,,,,,
21273,1168,,,,,,,,
21275,820,6,-6,,,,,,
21276,,-3,77,,,,,,
21278,2660,6,-32,,,,,,
21279,1762,,,,,,,,
21282,720,,,,,,,,
21284,2232,,-5,,,,,,
21285,2232,,-5,,,,,,
21287,2086,-4,,,,,,,
21289,2232,,-5,,,,,,
21291,1726,21,-9,,,,,,
21293,1726,-8,16,,,,,,
21295,2086,-4,,,,,,,
21297,2086,-4,,,,,,,
21298,716,,-3,,,,,,
21301,1464,-1,8,,,,,,
21304,1853,,,,,,,,
21307,2020,-1,-6,,,,,,
21308,1424,-7,22,,,,,,
21309,1424,-7,22,,,,,,
21310,1424,-7,22,,,,,,
21311,1424,-7,22,,,,,,
21312,1424,-7,22,,,,,,
21313,1424,-7,22,,,,,,
21314,1663,-1,3,,,,,,
21316,850,3,6,,,,,,2:4000|3:4076|4:4177|5:3902
21318,1470,-2,63,,,,,,
21320,1470,-2,63,,,,,,
21322,1470,-2,63,,,,,,
21324,1470,-2,63,,,,,,
21326,1220,6,-29,,,,,,2:4771|3:4772|4:4769|5:4770
21328,1580,,,,,,,,2:2542|3:2543|4:2544|5:2545
21330,1750,1,1,,,,,,2:2546|3:2547|4:2548|5:2549
21332,1220,6,-29,,,,,,2:4763|3:4764|4:4765|5:4766
21334,1220,6,-29,,,,,,2:4763|3:4764|4:4765|5:4766
21336,1220,6,-29,,,,,,2:4763|3:4764|4:4765|5:4766
21338,300,1,,,,,,,2:3951|3:4762|4:4767|5:4768
21340,2640,,,,,,,,
21341,1730,,-20,,,,,,
21343,589,2,1,,,,,,
21345,589,2,1,,,,,,
21347,1726,1,20,,,,,,
21350,780,4,4,,,,,,
21352,1284,,11,,,,,,2:3963|3:3965|4:3967|5:13220
21354,905,-1,3,,,,,,
21356,1830,3,1,85,85,85,,,2:10571|3:10572|4:10569|5:10570
21358,2640,,,,,,,,
21359,2640,,,,,,,,
21360,2640,,,,,,,,
21361,842,1,,,,,,,
21362,842,1,,,,,,,
21363,842,1,,,,,,,
21364,842,1,,,,,,,
21365,842,1,,,,,,,
21366,842,1,,,,,,,
21367,842,1,,,,,,,
21368,842,1,,,,,,,
21369,842,1,,,,,,,
21370,842,1,,,,,,,
21371,842,1,,,,,,,
21372,842,1,,,,,,,
21373,842,1,,,,,,,
21374,842,1,,,,,,,
21375,842,1,,,,,,,
21376,842,1,,,,,,,
21377,842,1,,,,,,,
21378,842,1,,,,,,,
21379,842,1,,,,,,,
21380,842,1,,,,,,,
21381,842,1,,,,,,,
21382,842,1,,,,,,,
21383,842,1,,,,,,,
21384,842,1,,,,,,,
21385,842,1,,,,,,,
21386,842,1,,,,,,,
21387,1086,-3,-16,,,,,,
21389,1086,-3,-16,,,,,,
21391,2640,-5,-17,,,,,,
21392,589,2,1,,,,,,
21394,1000,6,6,,,,,,
21396,2140,3,6,,,,,,
21397,2140,3,6,,,,,,
21398,2140,3,6,,,,,,
21399,2140,3,6,,,,,,
21400,2140,3,6,,,,,,
21401,2140,3,6,,,,,,
21402,2140,3,6,,,,,,
21403,2140,3,6,,,,,,
21404,2140,3,6,,,,,,
21405,2140,3,6,,,,,,
21406,2140,3,6,,,,,,
21407,2140,3,6,,,,,,
21408,2140,3,6,,,,,,
21409,2140,3,6,,,,,,
21410,2140,3,6,,,,,,
21411,2140,3,6,,,,,,
21412,2140,3,6,,,,,,
21413,2140,3,6,,,,,,
21414,2140,3,6,,,,,,
21415,2140,3,6,,,,,,
21416,2140,3,6,,,,,,
21417,2140,3,6,,,,,,
21418,2140,3,6,,,,,,
21419,2140,3,6,,,,,,
21420,2140,3,6,,,,,,
21421,2140,3,6,,,,,,
21422,2140,3,6,,,,,,
21423,2140,3,6,,,,,,
21424,2140,3,6,,,,,,
21425,2140,3,6,,,,,,
21426,2140,3,6,,,,,,
21427,2140,3,6,,,,,,
21428,1770,-5,4,,,,,,
21429,1770,-5,4,,,,,,
21430,1770,-5,4,,,,,,
21431,1770,-5,4,,,,,,
21432,1770,-5,4,,,,,,
21433,620,1,16,,,,,,
21434,1770,-5,4,,,,,,
21435,1770,-5,4,,,,,,
21436,1770,-5,4,,,,,,
21437,1770,-5,4,,,,,,
21438,1770,-5,4,,,,,,
21439,2140,3,6,,,,,,
21445,1744,-1,46,,,,,,
21446,1744,-1,46,,,,,,
21469,1210,,,,,,,,
21471,1210,,,,,,,,
21473,1210,,,,,,,,
21475,1210,,,,,,,,
21477,1910,,-11,,,,,,
21480,1910,,-11,,,,,,
21483,1020,,-18,,,,,,
21486,1380,,3,,,,,,2:21492|3:21493|4:21494|5:21495
21488,1764,-1,3,,,,,,2:21496|3:21497|4:21498|5:21499
21490,840,1,9,160,160,160,,,2:21500|3:21501|4:21502|5:21503
21492,1380,,3,,,,,,
21493,1380,,3,,,,,,
21494,1380,,3,,,,,,
21495,1380,,3,,,,,,
21496,1764,-1,3,,,,,,
21497,1764,-1,3,,,,,,
21498,1764,-1,3,,,,,,
21499,1764,-1,3,,,,,,
21500,840,1,9,160,160,160,,,
21501,840,1,9,160,160,160,,,
21502,840,1,9,160,160,160,,,
21503,840,1,9,160,160,160,,,
21504,1333,-3,29,,,,,,
21507,2800,-8,-30,,,,,,
21508,2547,-11,-31,,,,,,
21509,2421,-3,-30,,,,,,
21511,2348,-14,-9,,,,,,
21512,2110,1,,,,,,,
21515,2366,1,-8,,,,,,
21518,2366,1,-8,,,,,,
21521,2494,1,-16,,,,,,
21524,1010,1,,,,,,,
21525,1010,1,,,,,,,
21526,1010,1,,,,,,,
21527,1010,1,,,,,,,
21528,984,1,,,,,,,
21529,984,1,,,,,,,
21530,460,3,4,,,,,,
21531,550,,-1,,,,,,
21532,1916,-1,9,,,,,,
21533,1916,-1,9,,,,,,
21534,1916,-1,9,,,,,,
21535,1916,-1,9,,,,,,
21536,1916,-1,9,,,,,,
21537,1916,-1,9,,,,,,
21538,1916,-1,9,,,,,,
21539,1284,,-3,,,,,,
21541,781,,6,,,,,,
21543,2168,,24,,,,,,
21545,954,-3,,,,,,,
21547,1744,,,,,,,,
21549,1488,,-9,,,,,,
21551,1744,,,,,,,,
21553,1853,-4,,,,,,,
21555,1168,,7,,,,,,2:21557|3:21558|4:21559|5:21560|25:21561
21557,1168,,7,,,,,,
21558,1168,,7,,,,,,
21559,1168,,7,,,,,,
21560,1168,,7,,,,,,
21561,1168,,7,,,,,,
21562,1854,4,-45,,,,,,
21564,2052,-1,-32,,,,,,
21566,2124,-5,-81,,,,,,
21568,2018,-3,37,,,,,,
21570,848,,,,,,,,
21572,1744,,,,,,,,
21574,1104,-3,,,,,,,
21576,1488,,,,,,,,
21578,592,-1,,,,,,,
21580,1488,,-9,,,,,,
21582,,3,,,,,,,
21584,1616,,,,,,,,
21586,1872,11,26,,,,,,
21588,1488,,-37,,,,,,
21590,1744,1,-12,,,,,,
21592,2128,8,-70,,,,,,
21594,1744,-4,1,,,,,,
21596,1104,,54,,,,,,
21598,2128,,,,,,,,
21604,1616,4,,,,,,,
21606,1616,,,,,,,,
21608,1744,,,,,,,,
21610,1744,7,-30,,,,,,
21612,1488,-7,-89,,,,,,
21614,1872,-5,-20,,,,,,
21616,1853,-4,,,,,,,
21618,,-9,,,,,,,
21620,,4,,,,,,,
21622,1210,-6,,,,,,,
21624,3578,,66,,,,,,
21626,1032,-3,-2,,,,,,
21629,865,1,22,,,,,,
21631,1158,-1,12,80,70,80,,,
21633,1936,,,,,,,,
21634,1936,,,,,,,,
21637,1313,-8,-34,,,,,,
21640,840,2,-2,,,,,,
21641,840,2,-2,,,,,,
21642,840,2,-2,,,,,,
21643,770,3,-3,,,,,,
21646,1500,1,-2,,,,,,
21649,1726,1,-3,,,,,,
21652,1700,6,19,,,,,,
21655,1472,3,-8,,,,,,
21656,1000,1,24,,,,,,2:21658|3:21659|4:21660|5:21661
21658,1000,1,24,,,,,,
21659,1000,1,37,,,,,,
21660,1256,-5,37,,,,,,
21661,1438,-1,37,,,,,,
21662,750,,26,,,,,,
21664,780,-4,-4,,,,,,
21666,780,-4,-4,,,,,,
21668,780,-4,-4,,,,,,
21670,780,-4,-4,,,,,,
21672,780,-4,-4,,,,,,
21674,780,-4,-4,,,,,,
21676,780,-4,-4,,,,,,
21678,780,-4,-4,,,,,,
21680,780,-4,-4,,,,,,
21682,780,-4,-4,,,,,,
21684,950,,-9,,,,,,
21687,950,,-9,,,,,,
21690,950,,-9,,,,,,
21693,1000,1,27,,,,,,
21695,2168,,4,,,,,,
21697,830,1,-21,,,,,,
21698,1411,-3,-3,,,,,,
21701,1411,-3,-3,,,,,,
21704,1411,-3,-3,,,,,,
21707,1411,-3,-3,,,,,,
21710,1040,1,7,,,,,,
21711,550,,-1,,,,,,
21712,550,,-1,,,,,,
21713,970,1,4,,,,,,
21714,750,,26,,,,,,
21715,1040,1,7,,,,,,
21716,780,-5,7,,,,,,
21717,1390,,,,,,,,
21718,1040,1,7,,,,,,
21719,500,5,13,,,,,,
21720,500,5,13,,,,,,
21722,848,2,,,,,,,
21723,1358,4,-7,,,,,,
21724,700,-3,5,,,,,,
21726,1210,-6,,,,,,,
21728,1400,1,,,,,,,
21730,2248,1,8,,,,,,
21733,852,,-7,,,,,,
21736,789,,-1,,,,,,
21739,1020,12,-17,,,,,,
21742,1984,8,-14,,,,,,
21745,590,10,60,,,,,,
21748,8978,36,16,,,,,,
21750,9872,-43,-8,,,,,,
21752,1020,12,-17,,,,,,
21754,1347,-9,13,,,,,,
21756,840,,,,,,,,
21758,1243,,-1,,,,,,
21759,1040,1,7,,,,,,
21760,1086,1,8,,,,,,
21762,1086,1,-21,,,,,,
21764,1086,4,-21,,,,,,
21766,958,1,-9,,,,,,
21768,1086,7,-12,,,,,,
21770,1086,1,-21,,,,,,
21772,958,1,16,,,,,,
21774,1020,-1,11,,,,,,
21775,1040,1,7,,,,,,
21776,2232,,-5,,,,,,
21778,720,,,,,,,,
21780,2232,,-5,,,,,,
21782,720,,,,,,,,
21784,2232,,-5,,,,,,
21786,720,,,,,,,,
21788,12000,,-32,,,,,,
21789,842,1,,,,,,,
21790,842,1,,,,,,,
21791,2140,-1,-2,,,,,,
21793,2140,-1,-2,,,,,,
21795,2140,-1,-2,,,,,,
21797,905,-8,8,,,,,,
21798,1168,13,-14,,,,,,
21799,1411,,-18,,,,,,
21800,2264,3,6,,,,,,
21802,842,1,,,,,,,
21804,1308,-12,-31,,,,,,
21807,1411,-5,-4,,,,,,
21810,1411,-5,-4,,,,,,
21813,1411,-5,-4,,,,,,
21816,659,,-7,,,,,,
21817,659,,-7,,,,,,
21820,1318,3,4,,,,,,2:21822|3:21823|4:21824|5:21825
21822,1318,3,4,,,,,,
21823,1318,3,4,,,,,,
21824,1318,3,4,,,,,,
21825,1318,3,4,,,,,,
21826,1236,,-12,,,,,,
21827,1220,6,-29,,,,,,
21828,1220,6,-29,,,,,,
21829,1358,,-3,,,,,,
21830,1220,6,-29,,,,,,
21831,1220,6,-29,,,,,,
21832,1690,-1,7,,,,,,
21833,1220,6,-29,,,,,,
21834,1220,6,-29,,,,,,
21837,900,-3,-1,,,,,,
21838,968,7,-4,,,,,,
21841,1940,,1,,,,,,
21842,1940,,1,,,,,,
21843,1940,,1,,,,,,
21844,1940,,1,,,,,,
21845,1940,,1,,,,,,
21846,1940,,1,,,,,,
21847,905,4,3,,,,,,
21849,968,4,,,,,,,
21851,1411,4,1,,,,,,
21853,1095,1,1,,,,,,
21855,716,,5,,,,,,
21857,842,,-3,,,,,,
21859,540,,-3,,,,,,
21861,1940,,1,,,,,,
21862,1940,,1,,,,,,
21863,1940,,1,,,,,,
21864,1940,,1,,,,,,
21865,1940,,1,,,,,,
21866,1940,,1,,,,,,
21867,1940,,1,,,,,,
21868,1940,,1,,,,,,
21869,1940,,1,,,,,,
21870,1940,,1,,,,,,
21871,1940,,1,,,,,,
21872,1940,,1,,,,,,
21873,1940,,1,,,,,,
21874,1940,,1,,,,,,
21875,1940,,1,,,,,,
21880,740,,1,,,,,,
21882,1762,,,,,,,,
21885,1762,,,,,,,,
21888,779,-4,-3,,,,,,
21890,779,-4,-3,,,,,,
21892,1250,-1,,,,,,,
21895,1730,1,10,,,,,,
21898,2232,,-5,,,,,,
21900,720,,,,,,,,
21902,926,,3,,,,,,
21905,720,3,5,,,,,,2:8473|3:8475|4:8477|5:8479
21907,2209,-1,,,,,,,
21909,2285,-11,-27,,,,,,
21911,2541,-97,9,,,,,,
21912,,33,66,,,,,,
21913,2640,19,34,,,,,,
21914,976,-4,-1,,,,,,
21916,2232,,-5,,,,,,
21918,663,-1,,,,,,,
21921,1049,3,5,,,,,,
21924,720,3,5,,,,,,2:8481|3:8483|4:8485|5:8487
21926,720,3,5,,,,,,2:8481|3:8483|4:8485|5:8487
21928,720,3,5,,,,,,2:8481|3:8483|4:8485|5:8487
21930,720,3,5,,,,,,2:8465|3:8467|4:8469|5:8471
21932,720,3,5,,,,,,2:8723|3:8725|4:8727|5:8729
21934,720,3,5,,,,,,2:8731|3:8733|4:8735|5:8737
21936,720,3,5,,,,,,2:8739|3:8741|4:8743|5:8745
21938,720,3,5,,,,,,2:8747|3:8749|4:8751|5:8753
21940,720,3,5,,,,,,2:8755|3:8757|4:8759|5:8761
21942,720,3,5,,,,,,2:8763|3:8765|4:8767|5:8769
21944,720,3,5,,,,,,2:8771|3:8773|4:8775|5:8777
21946,720,3,5,,,,,,2:1687|3:1688|4:1689|5:1690
21948,720,3,5,,,,,,2:1691|3:6566|4:19504|5:1668
21950,720,3,5,,,,,,2:1669|3:1670|4:1671|5:1672
21952,976,-3,-1,,,,,,
21955,720,3,5,,,,,,2:8489|3:8491|4:8493|5:8495
21957,720,3,5,,,,,,2:8651|3:8653|4:8655|5:8657
21959,720,3,5,,,,,,2:8659|3:8661|4:8663|5:8665
21961,720,3,5,,,,,,2:8667|3:8669|4:8671|5:8673
21963,720,3,5,,,,,,2:8675|3:8677|4:8679|5:8681
21965,720,3,5,,,,,,2:8683|3:8685|4:8687|5:8689
21967,720,3,5,,,,,,2:8691|3:8693|4:8695|5:8697
21969,720,3,5,,,,,,2:8699|3:8701|4:8703|5:8705
21971,720,3,5,,,,,,2:8707|3:8709|4:8711|5:8713
21973,720,3,5,,,,,,2:8715|3:8717|4:8719|5:8721
21975,1210,-6,,,,,,,
21978,550,,-1,,,,,,
21981,550,,-1,,,,,,
21984,550,,-1,,,,,,
21987,550,,-1,,,,,,
21990,1872,,,,,,,,
21992,3242,5,-38,,,,,,
21994,550,,-1,,,,,,
21997,550,,-1,,,,,,
22000,1010,1,,,,,,,
22001,1010,1,,,,,,,
22002,1424,-4,7,,,,,,
22003,1424,-4,7,,,,,,
22006,1697,-5,-5,,,,,,
22009,1347,,,,,,,,
22010,1347,,,,,,,,
22011,1347,,,,,,,,
22012,1347,,,,,,,,
22013,1347,,,,,,,,
22014,1347,,,,,,,,
22015,1347,,,,,,,,
22016,1347,,,,,,,,
22017,1347,,,,,,,,
22018,1347,,,,,,,,
22019,1347,,,,,,,,
22020,1347,,,,,,,,
22021,1347,,,,,,,,
22022,1347,,,,,,,,
22023,1347,,,,,,,,
22024,1347,,,,,,,,
22025,1347,,,,,,,,
22026,1347,,,,,,,,
22027,1347,,,,,,,,
22028,1347,,,,,,,,
22029,1347,,,,,,,,
22030,1347,,,,,,,,
22031,1347,,,,,,,,
22032,1347,,,,,,,,
22033,865,1,22,,,,,,
22035,840,,,,,,,,
22037,865,1,22,,,,,,
22039,865,1,22,,,,,,
22041,840,,,,,,,,
22043,840,,,,,,,,
22045,1020,-1,11,,,,,,
22047,840,,,,,,,,
22049,865,1,22,,,,,,
22051,1020,-1,11,,,,,,
22053,1020,-1,11,,,,,,
22055,1020,-1,11,,,,,,
22057,1020,-1,11,,,,,,
22059,1020,-1,11,,,,,,
22061,1020,-1,11,,,,,,
22063,1020,-1,11,,,,,,
22065,1020,-1,11,,,,,,
22067,1020,-1,11,,,,,,
22069,1020,-1,11,,,,,,
22071,1020,-1,11,,,,,,
22073,1020,-1,11,,,,,,
22075,1020,-1,11,,,,,,
22077,1020,-1,11,,,,,,
22079,968,1,8,,,,,,
22081,968,1,8,,,,,,
22083,1728,,,,,,,,
22084,1728,,,,,,,,
22085,1728,,,,,,,,
22086,1728,,,,,,,,
22087,1979,,-1,,,,,,
22088,2307,,,,,,,,
22089,2307,,,,,,,,
22090,2307,,,,,,,,
22091,2307,,,,,,,,
22092,1979,,-1,,,,,,
22093,1296,1,5,,,,,,
22094,1284,,-3,,,,,,
22095,710,1,-22,,,,,,
22096,550,,-1,,,,,,
22097,1612,1,-3,,,,,,
22100,1612,-1,5,,,,,,
22103,1100,1,-14,,,,,,
22106,590,10,60,,,,,,
22109,976,-4,-1,,,,,,
22111,716,1,20,,,,,,
22114,1960,,2,,,,,,
22116,990,-1,2,,,,,,
22118,1160,2,20,,,,,,
22121,480,,-25,,,,,,
22124,2232,-16,4,,,,,,
22127,1568,-4,-9,,,,,,
22129,1568,-4,-9,,,,,,
22131,1568,-4,-9,,,,,,
22133,1568,-4,-9,,,,,,
22135,1568,-4,-9,,,,,,
22137,1568,-4,-9,,,,,,
22139,1568,-4,-9,,,,,,
22141,1568,-4,-9,,,,,,
22143,1568,-4,-9,,,,,,
22145,1568,-4,-9,,,,,,
22147,1568,-4,-9,,,,,,
22149,1568,-4,-9,,,,,,
22151,1568,-4,-9,,,,,,
22153,1568,-4,-9,,,,,,
22155,1568,-4,-9,,,,,,
22157,1568,-4,-9,,,,,,
22159,800,-1,6,,,,,,
22161,800,-1,6,,,,,,
22163,800,-1,6,,,,,,
22165,800,-1,6,,,,,,
22167,800,-1,6,,,,,,
22169,800,-1,6,,,,,,
22171,800,-1,6,,,,,,
22173,800,-1,6,,,,,,
22175,800,-1,6,,,,,,
22177,800,-1,6,,,,,,
22179,800,-1,6,,,,,,
22181,800,-1,6,,,,,,
22183,800,-1,6,,,,,,
22185,800,-1,6,,,,,,
22187,800,-1,6,,,,,,
22189,800,-1,6,,,,,,
22191,1010,-4,,,,,,,
22192,2494,1,-16,,,,,,
22195,2494,1,-16,,,,,,
22198,2494,1,-16,,,,,,
22201,2494,1,-16,,,,,,
22204,2494,1,-16,,,,,,
22207,1500,8,5,,,,,,2:1652|3:1653|4:6564|5:19499
22208,740,,1,,,,,,
22209,550,,-1,,,,,,
22212,550,,-1,,,,,,
22215,550,,-1,,,,,,
22218,550,,-1,,,,,,
22221,550,,-1,,,,,,
22224,550,,-1,,,,,,
22227,1220,6,-29,,,,,,2:19500|3:1649|4:1650|5:1651
22228,1220,6,-29,,,,,,2:21827|3:21830|4:21833|5:21828
22229,1220,6,-29,,,,,,2:21831|3:21834|4:6201|5:6203
22230,1220,6,-29,,,,,,2:6205|3:6207|4:6381|5:6210
22231,1616,-10,20,,,,,,
22234,595,,-1,,,,,,
22236,1616,-10,20,,,,,,
22239,1616,-10,20,,,,,,
22242,1250,-1,,,,,,,
22244,1730,1,10,,,,,,
22246,1616,-10,20,,,,,,
22249,1020,,-16,,,,,,
22251,1390,3,40,,,,,,
22254,1390,3,40,,,,,,
22257,1390,3,40,,,,,,
22260,1390,3,40,,,,,,
22263,1390,3,40,,,,,,
22266,1390,3,40,,,,,,
22269,1390,3,40,,,,,,
22272,1390,3,40,,,,,,
22275,1390,3,40,,,,,,
22278,1390,3,40,,,,,,
22281,1390,3,40,,,,,,
22284,1390,3,40,,,,,,
22287,1020,-1,11,,,,,,
22288,2421,-7,8,,,,,,
22290,2421,-7,8,,,,,,
22292,2421,,9,,,,,,
22294,2421,,9,,,,,,
22296,1853,1,21,,,,,,
22299,1411,-5,-4,,,,,,
22302,1411,-5,-4,,,,,,
22305,1411,-5,-4,,,,,,
22308,1049,-32,-32,,,,,,
22309,1049,-32,-32,,,,,,
22310,1049,-32,-32,,,,,,
22311,1049,-32,-32,,,,,,
22312,1114,34,-28,,,,,,
22313,1114,34,-28,,,,,,
22314,1114,34,-28,,,,,,
22315,1114,34,-28,,,,,,
22316,1243,-1,-4,,,,,,
22318,4304,,,,,,,,
22319,3621,12,-66,,,,,,
22320,589,4,,,,,,,
22321,1730,1,27,,,,,,
22322,717,8,8,,,,,,
22323,2258,-5,3,,,,,,
22324,2064,5,-18,,,,,,
22325,2105,1,17,,,,,,
22326,777,1,-1,,,,,,
22327,1310,1,4,,,,,,
22328,1720,,,,,,,,
22329,1284,,3,,,,,,
22330,2020,-1,-6,,,,,,
22331,1040,-2,-1,,,,,,
22333,1316,11,-3,,,,,,
22335,1316,1,-3,,,,,,
22337,1114,34,-28,,,,,,
22338,1114,34,-28,,,,,,
22339,1114,34,-28,,,,,,
22340,1049,35,-30,,,,,,
22341,1049,35,-30,,,,,,
22342,1049,35,-30,,,,,,
22343,1049,35,-30,,,,,,
22344,1049,35,-30,,,,,,
22345,1049,35,-30,,,,,,
22346,919,35,30,,,,,,
22347,919,35,30,,,,,,
22348,919,35,30,,,,,,
22349,919,35,30,,,,,,
22350,661,,,,,,,,
22351,1890,-1,,,,,,,
22353,1740,,,,,,,,
22355,790,,,,,,,,
22358,790,,,,,,,,
22361,790,,,,,,,,
22364,510,,,,,,,,
22365,1040,1,7,,,,,,
22366,5200,-1,-24,,,,,,
22367,1040,1,7,,,,,,
22368,1808,1,-18,,,,,,
22370,1808,1,-18,,,,,,
22372,1864,3,13,,,,,,
22374,840,-1,,,,,,,
22376,2832,4,-33,,,,,,
22378,3472,22,-58,,,,,,
22380,2704,-4,-22,,,,,,
22382,2192,-7,-25,,,,,,
22384,3472,-5,-47,,,,,,
22386,1438,3,-15,,,,,,
22388,1936,3,,,,,,,
22390,1936,3,,,,,,,
22392,1936,3,,,,,,,
22394,1936,3,,,,,,,
22396,1936,3,,,,,,,
22398,2478,-4,-7,,,,,,
22400,716,4,20,,,,,,
22402,700,4,,,,,,,
22403,560,1,3,,,,,,
22404,1210,-6,,,,,,,
22405,550,,-1,,,,,,
22406,550,,-1,,,,,,
22407,550,,-1,,,,,,
22408,550,,-1,,,,,,
22409,550,,-1,,,,,,
22410,1020,-1,11,,,,,,
22411,865,1,22,,,,,,
22413,865,1,22,,,,,,
22414,1726,-3,41,,,,,,
22415,1104,1,,,,,,,
22416,865,1,22,,,,,,
22418,865,1,22,,,,,,
22420,865,1,22,,,,,,
22422,1020,-1,11,,,,,,
22424,1020,-1,11,,,,,,
22426,1020,-1,11,,,,,,
22428,976,-1,10,,,,,,
22430,660,-3,2,,,,,,
22433,980,-4,2,,,,,,
22435,980,-4,2,,,,,,
22437,2092,2,1,,,,,,
22438,1762,,,,,,,,
22441,717,8,8,,,,,,
22443,550,,-1,,,,,,
22446,550,,-1,,,,,,
22449,550,,-1,,,,,,
22452,550,,-1,,,,,,
22455,550,,-1,,,,,,
22458,550,,-1,,,,,,
22461,550,,-1,,,,,,
22464,550,,-1,,,,,,
22467,550,,-1,,,,,,
22470,550,,-1,,,,,,
22473,1411,,1,,,,,,
22475,1100,,,,,,,,
22477,592,1,1,,,,,,
22481,2258,-5,3,,,,,,
22486,2105,1,17,,,,,,
22494,2295,4,8,,,,,,
22496,2295,4,8,,,,,,
22498,2295,4,8,,,,,,
22500,2295,4,8,,,,,,
22502,2295,4,8,,,,,,
22504,865,1,22,,,,,,
22506,840,,,,,,,,
22508,880,,,64,64,64,,,
22510,840,,,,,,,,
22512,840,,,,,,,,
22514,840,,,,,,,,
22516,1490,3,-8,,,,,,
22517,1474,,,,,,,,
22519,1730,1,27,,,,,22539,
22520,1730,1,27,,,,,22540,
22521,520,,,,,,,,
22522,520,,,,,,,,
22523,520,,,,,,,,
22524,520,,,,,,,,
22525,520,,,,,,,,
22526,520,,,,,,,,
22527,520,,,,,,,,
22528,520,,,,,,,,
22529,520,,,,,,,,
22530,520,,,,,,,,
22531,520,,,,,,,,
22532,520,,,,,,,,
22533,520,,,,,,,,
22534,520,,,,,,,,
22535,520,,,,,,,,
22536,520,,,,,,,,
22537,520,,,,,,,,
22538,520,,,,,,,,
22539,,,,,,,13189,22519,
22540,,,,,,,13189,22520,
22541,520,,,,,,,,
22542,1360,7,-5,,,,,,
22545,1488,11,-8,,,,,,
22547,1979,-1,-3,,,,,,
22550,1979,-1,-3,,,,,,
22552,2105,,,,,,,,
22555,2105,,,,,,,,
22557,420,-1,-5,,,,,,
22560,2290,-5,2,,,,,,
22561,2290,-5,2,,,,,,
22562,2290,-5,2,,,,,,
22563,2290,-5,2,,,,,,
22564,2290,-5,2,,,,,,
22565,2290,-5,2,,,,,,
22566,2290,-5,2,,,,,,
22567,2290,-5,2,,,,,,
22568,2290,-5,2,,,,,,
22569,2290,-5,2,,,,,,
22570,2290,-5,2,,,,,,
22571,2290,-5,2,,,,,,
22572,2290,-5,2,,,,,,
22573,2290,-5,2,,,,,,
22574,2290,-5,2,,,,,,
22575,2290,-5,2,,,,,,
22576,2290,-5,2,,,,,,
22577,2290,-5,2,,,,,,
22578,2290,-5,2,,,,,,
22579,2290,-5,2,,,,,,
22580,2290,-5,2,,,,,,
22581,2290,-5,2,,,,,,
22582,2290,-5,2,,,,,,
22583,2290,-5,2,,,,,,
22584,2290,-5,2,,,,,,
22585,2290,-5,2,,,,,,
22586,779,,8,,,,,,
22588,1979,,,,,,,,
22589,550,,-1,,,,,,
22590,1020,,-18,,,,,,
22591,860,,,,,,,,
22593,1221,,,,,,,,
22595,1221,,,,,,,,
22597,1221,,,,,,,,
22599,1861,-3,-58,,,,,,
22601,1861,-3,-58,,,,,,
22603,1861,-3,-58,,,,,,
22606,7500,,,,,,,,
22607,7500,,,,,,,,
22608,7500,,,,,,,,
22609,7500,,,,,,,,
22610,2150,,-3,,,,,,
22613,1744,1,3,,,,,,
22616,1221,-1,4,,,,,,
22619,1753,,5,,,,,,
22622,1616,,,,,,,,
22625,789,1,-7,,,,,,
22628,1312,-3,7,,,,,,
22631,1625,,17,,,,,,
22634,976,-1,,,,,,,
22636,1598,-2,-12,,,,,,
22638,592,-1,-1,,,,,,
22641,1312,,1,,,,,,
22644,1753,-1,3,,,,,,
22647,2128,,,,,,,,
22650,720,1,,,,,,,
22653,1272,,-5,,,,,,
22656,1756,,9,,,,,,
22659,2290,-5,2,,,,,,
22660,1539,-3,-3,,,,,,
22663,3984,,20,,,,,,
22664,2105,1,17,,,,,,
22665,1957,-1,-1,,,,,,
22666,1510,-3,13,,,,,,
22667,550,,-1,,,,,,
22668,550,,-1,,,,,,
22669,550,,-1,,,,,,
22670,550,,-1,,,,,,
22671,1901,-11,-22,,,,,,
22673,2285,-11,-27,,,,,,
22675,2168,5,-4,,,,,,
22677,653,,3,,,,,,
22678,710,,,,,,,,
22679,2168,,7,,,,,,
22680,2168,,7,,,,,,
22681,2168,,7,,,,,,
22682,2168,,7,,,,,,
22683,1284,7,-3,,,,,,
22684,1284,7,-3,,,,,,
22686,2800,-29,25,,,,,,
22687,2500,-20,-11,,,,,,
22688,600,,,,,,,,
22689,600,,,,,,,,
22691,578,1,,,,,,,
22692,578,1,,,,,,,
22694,1542,,-7,,,,,,
22695,1542,,-7,,,,,,
22697,1650,,,,,,,,
22698,1650,,,,,,,,
22700,1158,,-100,,,,,,
22701,1158,,-100,,,,,,
22703,2290,-5,2,,,,,,
22704,5459,1,-65,,,,,,
22705,9033,,-60,,,,,,
22706,9033,,-60,,,,,,
22707,9033,,-60,,,,,,
22708,919,39,99,,,,,,
22709,919,39,99,,,,,,
22710,784,,,,,,,,
22711,840,,,,,,,,
22713,1360,,,,,,,,
22715,1488,,,,,,,,
22717,,,9,,,,,,
22719,1243,-4,,,,,,,
22721,919,35,30,,,,,,
22722,919,35,30,,,,,,
22723,919,35,30,,,,,,
22724,1114,34,-28,,,,,,
22725,1049,35,-30,,,,,,
22726,1049,35,-30,,,,,,
22727,1049,35,-30,,,,,,
22728,1049,35,-30,,,,,,
22729,919,35,30,,,,,,
22730,919,35,30,,,,,,
22731,1122,1,-1,,,,,,
22734,1122,1,-1,,,,,,
22737,1122,1,-1,,,,,,
22740,1122,1,-1,,,,,,
22743,1122,1,-1,,,,,,
22744,1122,1,-1,,,,,,
22746,3495,-36,-49,,,,,,
22748,3116,-34,-49,,,,,,
22750,3368,-30,-25,,,,,,
22752,3242,-29,-50,,,,,,
22754,990,-1,2,,,,,,
22756,990,-1,2,,,,,,
22758,990,-1,2,,,,,,
22760,1040,1,7,,,,,,
22761,1474,8,-49,,,,,,
22762,830,,25,,,,,,
22763,1168,3,-3,,,,,,
22764,1680,3,-3,,,,,,
22765,1284,4,-1,,,,,,
22766,1284,4,-1,,,,,,
22767,1284,4,-1,,,,,,
22768,1284,4,-1,,,,,,
22769,1296,,,,,,,,
22770,1296,,,,,,,,
22771,1296,,,,,,,,
22772,1296,,,,,,,,
22773,1296,,,,,,,,
22774,1020,-1,11,,,,,,
22775,1020,-1,11,,,,,,
22777,1040,1,7,,,,,,
22778,10000,-1,-62,,,,,,
22779,1940,,1,,,,,,
22780,2293,,-5,,,,,,
22783,2293,,-5,,,,,,
22786,2293,,-5,,,,,,
22789,950,,-9,,,,,,
22792,950,,-9,,,,,,
22795,950,,-9,,,,,,
22798,1100,2,,,,,,,
22800,1100,2,,,,,,,
22802,2290,-5,2,,,,,,
22803,1246,-7,54,,,,,,
22804,696,,8,,,,,,
22806,696,,8,,,,,,
22808,696,,8,,,,,,
22810,696,,8,,,,,,
22812,696,,8,,,,,,
22814,696,,8,,,,,,
22816,1010,-1,10,,,,,,
22817,1221,5,-13,,,,,,
22818,1600,,8,,,,,,
22820,1808,1,5,,,,,,2:22822|3:22823|4:22824|5:22825
22822,1808,1,5,,,,,,
22823,1808,1,5,,,,,,
22824,1808,1,5,,,,,,
22825,1808,1,5,,,,,,
22826,1762,1,1,,,,,,
22829,2105,1,3,,,,,,
22832,1378,1,1,,,,,,
22835,1378,1,1,,,,,,
22838,2140,2,4,,,,,,
22840,1992,1,8,,,,,,
22842,1853,5,-1,,,,,,
22844,1916,-1,-1,,,,,,
22846,1853,5,-1,,,,,,
22848,1210,,,,,,,,
22850,1210,,,,,,,,
22852,1210,,,,,,,,
22854,1210,,,,,,,,
22856,1910,,-11,,,,,,
22859,1910,,-11,,,,,,
22862,1210,,,,,,,,
22864,1210,,,,,,,,
22866,1830,-3,-10,,,,,,
22869,1663,-1,-7,,,,,,2:22905|3:22906|4:22907|5:22908
22871,1663,-1,-7,,,,,,2:22921|3:22922|4:22923|5:22924
22873,1663,-1,-7,,,,,,2:22897|3:22898|4:22899|5:22900
22875,1663,-1,-7,,,,,,2:22925|3:22926|4:22927|5:22928
22877,1010,,,,,,,,2:22901|3:22902|4:22903|5:22904
22879,1663,-1,-7,,,,,,2:22893|3:22894|4:22895|5:22896
22881,1663,-1,-7,,,,,,2:22909|3:22910|4:22911|5:22912
22883,1663,-1,-7,,,,,,2:22913|3:22914|4:22915|5:22916
22885,1663,-1,-7,,,,,,2:22917|3:22918|4:22919|5:22920
22887,1663,-1,-7,,,,,,2:22889|3:22890|4:22891|5:22892
22889,1663,-1,-7,,,,,,
22890,1663,-1,-7,,,,,,
22891,1663,-1,-7,,,,,,
22892,1663,-1,-7,,,,,,
22893,1663,-1,-7,,,,,,
22894,1663,-1,-7,,,,,,
22895,1663,-1,-7,,,,,,
22896,1663,-1,-7,,,,,,
22897,1663,-1,-7,,,,,,
22898,1663,-1,-7,,,,,,
22899,1663,-1,-7,,,,,,
22900,1663,-1,-7,,,,,,
22901,840,1,9,,,,,,
22902,840,1,9,,,,,,
22903,840,1,9,,,,,,
22904,840,1,9,,,,,,
22905,1663,-1,-7,,,,,,
22906,1663,-1,-7,,,,,,
22907,1663,-1,-7,,,,,,
22908,1663,-1,-7,,,,,,
22909,1663,-1,-7,,,,,,
22910,1663,-1,-7,,,,,,
22911,1663,-1,-7,,,,,,
22912,1663,-1,-7,,,,,,
22913,1663,-1,-7,,,,,,
22914,1663,-1,-7,,,,,,
22915,1663,-1,-7,,,,,,
22916,1663,-1,-7,,,,,,
22917,1663,-1,-7,,,,,,
22918,1663,-1,-7,,,,,,
22919,1663,-1,-7,,,,,,
22920,1663,-1,-7,,,,,,
22921,1663,-1,-7,,,,,,
22922,1663,-1,-7,,,,,,
22923,1663,-1,-7,,,,,,
22924,1663,-1,-7,,,,,,
22925,1663,-1,-7,,,,,,
22926,1663,-1,-7,,,,,,
22927,1663,-1,-7,,,,,,
22928,1663,-1,-7,,,,,,
22929,1360,-3,-68,,,,,,
22932,1360,-1,-1,,,,,,
22935,1872,-1,-18,,,,,,
22938,6968,4,100,,,,,,
22939,4568,-20,28,,,,,,
22940,5705,,-14,,,,,,
22941,1246,-7,54,,,,,,
22943,1246,-7,54,,,,,,
22945,1246,-7,54,,,,,,
22947,1246,-7,54,,,,,,
22949,465,,-1,,,,,,
22951,852,,-7,,,,,,
22954,852,2,-3,,,,,,
22957,720,,1,,,,,,
22960,465,1,15,,,,,,
22963,842,-7,-1,,,,,,
22966,1104,1,-57,,,,,,
22969,1044,2,1,,,,,,
22971,1406,,-5,,,,,,
22973,968,1,-2,,,,,,
22975,555,,,,,,,,
22978,1550,2,-2,,,,,,
22981,917,,-1,,,,,,
22983,1190,-1,-2,,,,,,
22986,656,1,-5,,,,,,
22988,976,1,29,,,,,,
22991,1370,,-16,,,,,,
22993,1436,,7,,,,,,
22994,1020,,-18,,,,,,
22997,1020,,-18,,,,,,
22999,550,,-1,,,,,,
23002,550,,-1,,,,,,
23005,1956,-4,,,,,,,
23006,2340,3,,,,,,,
23007,1020,-1,11,,,,,,
23009,840,,,,,,,,
23011,840,,,,,,,,
23013,840,,,,,,,,
23015,840,,,,,,,,
23017,840,,,,,,,,
23019,840,,,,,,,,
23021,840,,,,,,,,
23023,1020,-1,11,,,,,,
23025,1020,-1,11,,,,,,
23027,1020,-1,11,,,,,,
23029,1020,-1,11,,,,,,
23031,1020,-1,11,,,,,,
23033,1020,-1,11,,,,,,
23035,1020,-1,11,,,,,,
23037,700,1,1,,,,,,
23040,2547,-7,9,,,,,,
23041,2800,24,4,,,,,,
23042,3684,-50,22,,,,,,
23043,1663,3,7,,,,,,
23044,1789,7,-18,,,,,,
23045,1010,1,,,,,,,
23046,1010,1,,,,,,,
23047,980,,-18,,,,,,
23050,1870,,,,,,,,
23053,1690,5,7,,,,,,
23056,830,,3,,,,,,
23059,770,,-4,,,,,,
23062,,,-1,,,,,,
23064,590,10,60,,,,,,
23067,1010,1,,,,,,,
23068,1010,1,,,,,,,
23069,968,1,4,,,,,,
23070,1010,1,,,,,,,
23071,2050,3,-6,,,,,,
23072,840,2,-2,,,,,,
23073,779,-4,-3,,,,,,
23075,779,-4,-3,,,,,,
23077,2168,-3,3,,,,,,
23079,2232,-11,71,,,,,,
23081,2737,1,75,,,,,,
23082,840,2,-2,,,,,,
23083,1212,,-3,,,,,,2:23085|3:23086|4:23087|5:23088|10:23089|20:23090
23085,1212,2,53,,,,,,
23086,1212,2,53,,,,,,
23087,1468,-8,13,,,,,,
23088,1468,-8,13,,,,,,
23089,1724,,8,,,,,,
23090,2108,1,6,,,,,,
23091,779,,,,,,,,
23093,653,3,,,,,,,
23095,1474,,26,,,,,,
23097,1450,,4,,,,,,
23099,,2,9,,,,,,
23101,1050,,,,,,,,
23103,1100,,,,,,,,
23104,960,1,7,,,,,,
23105,660,,,,,,,,
23106,1000,,,,,,,,
23107,660,,,,,,,,
23108,2150,,16,,,,,,
23110,1762,,,,,,,,
23113,1762,,,,,,,,
23116,1762,,,,,,,,
23119,1762,,,,,,,,
23122,1853,5,-1,,,,,,
23124,1762,,,,,,,,
23127,1114,-3,,,,,,,
23129,1114,,,,,,,,
23131,1010,1,,,,,,,
23132,1010,1,,,,,,,
23133,1010,1,,,,,,,
23134,1010,1,,,,,,,
23135,1010,1,,,,,,,
23136,1010,1,,,,,,,
23137,1010,1,,,,,,,
23138,1010,1,,,,,,,
23139,1010,1,,,,,,,
23140,1010,1,,,,,,,
23141,1010,1,,,,,,,
23142,1010,1,,,,,,,
23143,1010,1,,,,,,,
23144,1010,1,,,,,,,
23145,1010,1,,,,,,,
23146,1010,1,,,,,,,
23147,1010,1,,,,,,,
23148,1010,1,,,,,,,
23149,1010,1,,,,,,,
23150,1010,1,,,,,,,
23151,1010,1,,,,,,,
23152,1010,1,,,,,,,
23153,1010,1,,,,,,,
23154,1010,1,,,,,,,
23155,1010,1,,,,,,,
23156,1010,1,,,,,,,
23157,1010,1,,,,,,,
23158,1010,1,,,,,,,
23159,1010,1,,,,,,,
23160,1010,1,,,,,,,
23161,1010,1,,,,,,,
23162,1010,1,,,,,,,
23163,1010,1,,,,,,,
23164,1010,1,,,,,,,
23165,1010,1,,,,,,,
23166,1010,1,,,,,,,
23167,1010,1,,,,,,,
23168,1010,1,,,,,,,
23169,1010,1,,,,,,,
23170,1010,1,,,,,,,
23171,900,,4,,,,,,
23172,1010,1,,,,,,,
23173,900,,4,,,,,,
23174,1010,1,,,,,,,
23175,1010,1,,,,,,,
23176,1010,1,,,,,,,
23177,1010,1,,,,,,,
23178,1010,1,,,,,,,
23179,1010,1,,,,,,,
23180,1010,1,,,,,,,
23181,1010,1,,,,,,,
23182,1010,1,,,,,,,
23183,968,1,4,,,,,,
23184,1410,3,-6,,,,,,
23185,600,,,,,,,,
23188,1390,3,40,,,,,,
23191,1390,3,40,,,,,,
23194,1390,3,40,,,,,,
23197,1390,3,40,,,,,,
23200,1390,3,40,,,,,,
23203,1390,3,40,,,,,,
23206,852,-1,,,,,,,
23209,1250,-1,,,,,,,
23212,1250,-1,,,,,,,
23215,1250,-1,,,,,,,
23218,1250,-1,,,,,,,
23221,1250,-1,,,,,,,
23224,1016,,2,,,,,,
23227,1592,,,,,,,,
23230,490,1,20,,,,,,
23232,1592,,,,,,,,
23235,1642,,13,,,,,,
23237,1592,,,,,,,,
23240,568,,,,,,,,
23242,1740,,11,,,,,,
23245,1410,3,-6,,,,,,
23246,1720,,,,,,,,
23249,1720,7,5,,,,,,
23252,848,3,-6,,,,,,
23255,592,2,,,,,,,
23258,789,,-35,,,,,,
23261,740,7,-33,,,,,,
23264,1180,-1,-1,,,,,,
23267,1827,,-1,,,,,,
23270,905,-1,22,,,,,,
23273,905,-1,22,,,,,,
23276,1070,-2,-19,,,,,,
23279,1060,-15,,,,,,,
23282,1957,-1,-1,,,,,,
23285,828,5,-9,,,,,,
23288,956,4,-7,,,,,,
23291,750,,3,,,,,,
23294,828,3,-7,,,,,,
23297,1874,3,12,,,,,,
23300,400,1,1,,,,,,
23303,1370,,7,,,,,,
23306,1940,,1,,,,,,
23309,528,1,7,,,,,,
23312,452,,,,,,,,
23315,1106,1,,,,,,,
23318,1940,,1,,,,,,
23321,1592,,,,,,,,
23324,1592,,,,,,,,
23327,1592,,,,,,,,
23330,1180,-6,4,,,,,,
23332,1180,-6,4,,,,,,
23334,1180,-6,4,,,,,,
23336,1250,2,,,,,,,
23339,2018,,,,,,,,
23342,1960,,,,,,,,
23345,2211,,1,,,,,,
23348,1592,-8,3,,,,,,
23351,2130,3,12,,,,,,
23354,528,1,7,,,,,,
23357,1424,1,-11,,,,,,
23360,1277,5,-9,,,,,,
23363,2301,,1,,,,,,
23366,1250,-1,,,,,,,
23369,1250,-1,,,,,,,
23372,1250,-1,,,,,,,
23375,1250,-1,,,,,,,
23378,1250,-1,,,,,,,
23381,910,,,,,,,,
23384,1720,7,5,,,,,,
23387,842,1,,,,,,,
23389,716,,,,,,,,
23392,1250,-1,,,,,,,
23395,1250,-1,,,,,,,
23398,1250,-1,,,,,,,
23401,1250,-1,,,,,,,
23404,1250,-1,,,,,,,
23407,842,-1,-1,,,,,,
23410,2002,3,12,,,,,,
23413,770,1,-6,,,,,,
23416,2168,-1,83,,,,,,
23417,900,,4,,,,,,
23418,2180,-1,1,,,,,,
23419,2180,-1,1,,,,,,
23420,2180,-1,1,,,,,,
23421,2180,-1,1,,,,,,
23422,2180,-1,1,,,,,,
23423,2180,-1,1,,,,,,
23424,2180,-1,1,,,,,,
23425,2180,-1,1,,,,,,
23426,2180,-1,1,,,,,,
23427,2180,-1,1,,,,,,
23428,2180,-1,1,,,,,,
23429,2180,-1,1,,,,,,
23430,2180,-1,1,,,,,,
23431,2180,-1,1,,,,,,
23432,2180,-1,1,,,,,,
23433,2180,-1,1,,,,,,
23434,2180,-1,1,,,,,,
23435,2180,-1,1,,,,,,
23436,2180,-1,1,,,,,,
23437,2180,-1,1,,,,,,
23438,2180,-1,1,,,,,,
23439,2180,-1,1,,,,,,
23440,2180,-1,1,,,,,,
23441,2180,-1,1,,,,,,
23442,1498,-5,-7,,,,,,
23444,1043,4,,,,,,,
23446,1424,,-6,,,,,,
23448,1621,5,,,,,,,
23450,661,,,,,,,,
23451,661,,,,,,,,
23452,661,,,,,,,,
23453,661,,,,,,,,
23454,661,,,,,,,,
23455,661,,,,,,,,
23456,661,,,,,,,,
23457,661,,,,,,,,
23458,1230,-4,,,,,,,
23460,919,35,30,,,,,,
23461,919,35,30,,,,,,
23462,919,35,30,,,,,,
23463,919,35,30,,,,,,
23464,919,35,30,,,,,,
23465,919,35,30,,,,,,
23466,1049,35,-30,,,,,,
23467,1049,35,-30,,,,,,
23468,1049,35,-30,,,,,,
23469,1049,35,-30,,,,,,
23470,1049,35,-30,,,,,,
23471,1114,34,-28,,,,,,
23472,1114,34,-28,,,,,,
23473,1114,34,-28,,,,,,
23474,1114,34,-28,,,,,,
23475,1114,34,-28,,,,,,
23476,1114,34,-28,,,,,,
23477,1114,34,-28,,,,,,
23478,1049,-32,-32,,,,,,
23479,1049,-32,-32,,,,,,
23480,1049,-32,-32,,,,,,
23481,1049,-32,-32,,,,,,
23482,1049,-32,-32,,,,,,
23483,1049,-32,-32,,,,,,
23484,1049,-32,-32,,,,,,
23485,1049,-32,-32,,,,,,
23486,1049,-32,-32,,,,,,
23487,1537,1,-3,,,,,,
23489,600,1,100,,,,,,
23490,968,-7,3,,,,,,2:23492|3:22329|4:23493|5:23494
23492,1095,-12,5,,,,,,
23493,1347,,7,,,,,,
23494,1537,,,,,,,,
23495,612,5,-4,,,,,,
23497,320,1,,,,,,,
23499,700,-3,5,,,,,,
23502,572,2,,,,,,,
23504,1150,9,,,,,,,
23506,1150,9,,,,,,,
23508,1150,9,,,,,,,
23510,976,,20,,,,,,
23512,976,,20,,,,,,
23514,976,,12,,,,,,
23516,840,2,-2,,,,,,
23517,1494,3,-32,,,,,,
23520,1622,9,-20,,,,,,
23522,960,5,7,,,,,,
23525,590,10,60,,,,,,
23528,1696,5,,,,,,,
23533,1800,,7,,,,,,
23543,550,,-1,,,,,,
23545,550,,-1,,,,,,
23547,550,,-1,,,,,,
23549,550,,-1,,,,,,
23551,550,,-1,,,,,,
23553,550,,-1,,,,,,
23555,550,,-1,,,,,,
23557,550,,-1,,,,,,
23559,550,,-1,,,,,,
23561,550,,-1,,,,,,
23563,550,,-1,,,,,,
23565,550,,-1,,,,,,
23567,550,,-1,,,,,,
23569,550,,-1,,,,,,
23571,550,,-1,,,,,,
23573,550,,-1,,,,,,
23575,550,,-1,,,,,,
23577,550,,-1,,,,,,
23579,550,,-1,,,,,,
23581,550,,-1,,,,,,
23583,550,,-1,,,,,,
23585,550,,-1,,,,,,
23587,550,,-1,,,,,,
23589,550,,-1,,,,,,
23591,984,-1,1,,,,,,
23593,789,,-1,,,,,,
23595,600,3,-15,,,,,,
23597,589,8,8,,,,,,
23599,1600,1,29,,,,,,
23601,926,,3,,,,,,
23603,2140,-1,-2,,,,,,
23605,2140,-1,-2,,,,,,
23607,2140,-1,-2,,,,,,
23609,976,-4,-1,,,,,,
23611,1325,-6,-40,,,,,,
23613,1490,-5,2,,,,,,
23615,1744,1,3,,,,,,
23617,2128,,,,,,,,
23619,1598,-2,-12,,,,,,
23620,1616,,,,,,,,
23622,2086,-4,,,,,,,
23624,620,3,-13,,,,,,
23626,668,2,-4,,,,,,
23628,2064,5,-18,,,,,,
23630,1284,8,-18,,,,,,
23632,1380,3,,,,,,,
23633,1660,1,1,,,,,,
23634,1720,,1,,,,,,
23635,1060,-1,-1,,,,,,
23636,810,5,1,,,,,,
23637,660,11,,,,,,,
23638,860,17,,,,,,,
23639,660,5,-8,,,,,,
23640,620,1,16,,,,,,
23642,1600,1,29,,,,,,
23644,976,5,-5,,,,,,
23646,854,3,3,,,,,,
23648,1470,-2,63,,,,,,
23649,720,3,5,,,,,,2:9274|3:9275|4:9276|5:9277
23650,350,-4,,,,,,,
23652,950,2,10,,,,,,
23653,1550,-4,-19,,,,,,
23654,589,3,21,,,,,,
23655,1210,,,,,,,,
23657,1210,,,,,,,,
23659,1910,,-11,,,,,,
23661,1260,-8,7,,,,,,2:23663|3:23664|4:23665|5:23666
23663,1260,-8,7,,,,,,
23664,1260,-8,7,,,,,,
23665,1260,-8,7,,,,,,
23666,1260,-8,7,,,,,,
23667,1762,,,,,,,,
23670,1040,1,7,,,,,,
23673,1663,-6,3,,,,,,
23675,1663,-6,3,,,,,,
23677,1407,-5,,,,,,,
23679,1070,-2,-19,,,,,,
23680,1454,-6,-1,,,,,,
23682,1454,-6,-1,,,,,,
23684,1095,3,7,,,,,,
23685,550,,-1,,,,,,
23688,550,,-1,,,,,,
23691,550,,-1,,,,,,
23694,550,,-1,,,,,,
23697,550,,-1,,,,,,
23700,550,,-1,,,,,,
23703,550,,-1,,,,,,
23706,550,,-1,,,,,,
23709,550,,-1,,,,,,
23712,550,,-1,,,,,,
23715,550,,-1,,,,,,
23718,550,,-1,,,,,,
23721,550,,-1,,,,,,
23724,550,,-1,,,,,,
23727,550,,-1,,,,,,
23730,550,,-1,,,,,,
23733,550,,-1,,,,,,
23736,550,,-1,,,,,,
23739,550,,-1,,,,,,
23742,550,,-1,,,,,,
23745,550,,-1,,,,,,
23748,550,,-1,,,,,,
23751,550,,-1,,,,,,
23754,550,,-1,,,,,,
23757,5516,-21,-38,,,,,,
23759,5516,-21,-38,,,,,,
23760,3368,-20,-47,,,,,,
23762,1347,2,2,,,,,,
23764,1347,2,2,,,,,,
23766,1347,2,2,,,,,,
23767,1347,2,2,,,,,,
23768,789,20,-12,,,,,,
23770,1010,1,,,,,,,
23771,465,,-1,,,,,,
23773,1020,-1,11,,,,,,
23775,770,,,,,,,,
23776,400,,,,,,,,
23777,386,,,,,,,,
23778,400,,,,,,,,
23779,386,,,,,,,,
23780,400,,,,,,,,
23781,386,,,,,,,,
23782,386,,,,,,,,
23783,386,,,,,,,,
23784,383,,,,,,,,
23785,800,-1,6,,,,,,
23787,1350,-1,4,,,,,,
23789,1740,,-8,,,,,,
23791,1347,,4,,,,,,
23792,550,,-1,,,,,,
23793,1210,-6,,,,,,,
23794,550,,-1,,,,,,
23795,1210,-6,,,,,,,
23796,840,,,,,,,,
23798,700,4,,,,,,,
23800,550,,-1,,,,,,
23802,1450,,,96,96,96,,,
23804,1210,-6,,,,,,,
23806,550,,-1,,,,,,
23808,1450,,,88,88,88,,,
23810,1450,,,88,88,88,,,
23812,1224,5,-1,,,,,,
23814,1010,1,,,,,,,
23815,1010,1,,,,,,,
23816,1010,1,,,,,,,
23817,1010,1,,,,,,,
23818,550,,-1,,,,,,
23819,1224,5,-1,,,,,,
23820,1660,,,,,,,,
23821,1663,-6,3,,,,,,
23822,1454,-6,-1,,,,,,
23823,1347,2,2,,,,,,
23824,1032,-1,-1,,,,,,2:23825|3:23826|4:23827|5:23828|25:23829
23825,1032,-1,-1,,,,,,
23826,1032,-1,-1,,,,,,
23827,1032,-1,-3,,,,,,
23828,1032,-1,-1,,,,,,
23829,1124,-3,-7,,,,,,
23830,1210,-6,,,,,,,
23831,1800,5,3,,,,,,
23832,530,3,2,,,,,,
23833,790,3,3,,,,,,
23834,1778,-11,-4,,,,,,
23835,700,4,,,,,,,
23836,1454,,-7,,,,,,
23837,1912,1,15,,,,,,
23838,1872,,,,,,,,
23839,550,,-1,,,,,,
23840,653,,-3,,,,,,
23841,653,,1,,,,,,
23842,716,,3,,,,,,
23843,1347,1,7,,,,,,
23844,1347,1,7,,,,,,
23845,1284,-1,5,,,,,,
23846,2105,-1,4,,,,,,
23847,2232,-1,5,,,,,,
23848,2168,,,,,,,,
23849,1832,4,-7,,,,,,
23850,1832,4,-7,,,,,,
23851,1832,4,-7,,,,,,
23852,1746,6,100,,,,,,
23853,1746,6,100,,,,,,
23854,1746,6,100,,,,,,
23855,1570,5,,,,,,,
23856,1570,1,,,,,,,
23857,1570,1,,,,,,,
23858,,1,,,,,,,
23859,2128,5,3,,,,,,
23861,1660,,,,,,,,
23862,1663,-6,3,,,,,,
23863,1454,-6,-1,,,,,,
23864,1347,2,2,,,,,,
23865,680,-3,-8,,,,,,
23866,1032,-1,-1,,,,,,2:23966|3:23967|4:23968|5:23969|25:23970
23867,1210,-6,,,,,,,
23868,1800,5,3,,,,,,
23869,530,3,2,,,,,,
23870,790,3,3,,,,,,
23871,1778,-11,-4,,,,,,
23872,2040,-9,3,,,,,,
23873,2040,-9,3,,,,,,
23874,2040,-9,3,,,,,,
23875,700,4,,,,,,,
23876,1454,,-7,,,,,,
23877,1912,1,15,,,,,,
23878,1872,,,,,,,,
23879,550,,-1,,,,,,
23880,550,,-1,,,,,,
23881,550,,-1,,,,,,
23882,550,,-1,,,,,,
23883,550,,-1,,,,,,
23884,550,,-1,,,,,,
23885,550,,-1,,,,,,
23886,653,,-3,,,,,,
23887,653,,1,,,,,,
23888,716,,3,,,,,,
23889,1347,1,7,,,,,,
23890,1347,1,7,,,,,,
23891,1284,-1,5,,,,,,
23892,2105,-1,4,,,,,,
23893,2232,-1,5,,,,,,
23894,2168,,,,,,,,
23895,1832,4,-7,,,,,,
23896,1832,4,-7,,,,,,
23897,1832,4,-7,,,,,,
23898,1746,6,100,,,,,,
23899,1746,6,100,,,,,,
23900,1746,6,100,,,,,,
23901,1570,5,,,,,,,
23902,1570,5,,,,,,,
23903,1570,5,,,,,,,
23904,,1,,,,,,,
23905,1656,3,68,,,,,,
23906,1158,3,-7,,,,,,
23907,1158,3,-7,,,,,,
23908,1310,,,,,,,,
23911,912,-8,3,,,,,,
23913,912,-8,3,,,,,,
23915,912,-8,3,,,,,,
23917,912,-8,3,,,,,,
23919,912,-8,3,,,,,,
23921,912,-8,3,,,,,,
23923,912,-8,3,,,,,,
23925,912,-8,3,,,,,,
23927,1104,,,,,,,,
23929,1104,,,,,,,,
23931,1104,,,,,,,,
23933,1104,,,,,,,,
23935,1104,,,,,,,,
23937,1104,,,,,,,,
23939,1104,,,,,,,,
23941,1104,,,,,,,,
23943,806,3,1,,,,,,
23946,1104,1,,,,,,,
23948,660,-3,2,,,,,,
23951,1084,5,3,,,,,,
23953,1032,,,,,,,,
23956,1032,4,4,,,,,,
23959,1488,2,3,,,,,,
23962,1032,-1,-1,,,,,,2:23966|3:23967|4:23968|5:23969|25:23970
23964,1210,-6,,,,,,,
23966,1032,-1,-1,,,,,,
23967,1032,-1,-1,,,,,,
23968,1032,-1,-3,,,,,,
23969,1032,-1,-1,,,,,,
23970,1124,-3,-7,,,,,,
23971,716,,3,,,,,,
23973,716,,3,,,,,,
23975,1284,-1,5,,,,,,
23977,1284,-1,5,,,,,,
23979,1784,-1,-4,,,,,,
23981,1784,-1,-4,,,,,,
23983,1570,1,,,,,,,
23985,1570,1,,,,,,,
23987,3368,-11,20,,,,,,
23989,3368,-11,20,,,,,,
23991,1720,-1,33,,,,,,
23993,1720,-1,33,,,,,,
23995,1876,15,-3,,,,,,
23997,1876,15,-3,,,,,,
24000,1165,11,-3,,,,,,
24003,770,1,-6,,,,,,
24006,930,8,-8,,,,,,
24009,1158,1,5,,,,,,
24012,1726,-3,1,,,,,,
24015,1158,1,5,,,,,,
24018,1726,-3,1,,,,,,
24021,1158,1,5,,,,,,
24024,1726,4,12,,,,,,
24027,1158,1,5,,,,,,
24030,,,,112,112,112,,,
24031,,,,112,112,112,,,
24032,,,,112,112,112,,,
24033,,,,112,112,112,,,
24034,800,-1,-5,,,,,,
24037,1600,-1,,,,,,,
24040,1740,,2,,,,,,
24043,770,-1,-3,,,,,,
24046,789,,1,,,,,,
24049,840,,,,,,,,
24051,840,,,,,,,,
24053,840,,,,,,,,
24055,865,1,22,,,,,,
24057,1020,-1,11,,,,,,
24059,865,1,22,,,,,,
24061,1020,-1,11,,,,,,
24063,865,1,22,,,,,,
24065,840,,,,,,,,
24067,865,1,22,,,,,,
24069,840,,,,,,,,
24071,840,,,,,,,,
24073,840,,,,,,,,
24075,840,,,,,,,,
24077,1180,,-7,,,,,,
24078,1180,,-7,,,,,,
24079,1180,,-7,,,,,,
24080,1180,,-7,,,,,,
24081,1180,,-7,,,,,,
24082,1180,,-7,,,,,,
24083,1180,,-7,,,,,,
24084,1180,,-7,,,,,,
24085,1180,,-7,,,,,,
24086,1180,,-7,,,,,,
24087,1180,,-7,,,,,,
24088,1180,,-7,,,,,,
24089,1180,,-7,,,,,,
24090,1180,,-7,,,,,,
24091,1180,,-7,,,,,,
24092,1180,,-7,,,,,,
24093,1180,,-7,,,,,,
24094,1180,,-7,,,,,,
24095,1180,,-7,,,,,,
24096,1180,,-7,,,,,,
24097,1180,,-7,,,,,,
24098,1180,,-7,,,,,,
24099,1180,,-7,,,,,,
24100,1180,,-7,,,,,,
24101,1180,,-7,,,,,,
24102,1180,,-7,,,,,,
24103,1180,,-7,,,,,,
24104,1180,,-7,,,,,,
24105,1180,,-7,,,,,,
24106,1180,,-7,,,,,,
24107,1180,,-7,,,,,,
24108,1180,,-7,,,,,,
24109,1180,,-7,,,,,,
24110,1180,,-7,,,,,,
24111,1180,,-7,,,,,,
24112,1180,,-7,,,,,,
24113,1180,,-7,,,,,,
24114,1180,,-7,,,,,,
24115,720,8,11,,,,,,
24116,1180,,-7,,,,,,
24117,1180,,-7,,,,,,
24118,1180,,-7,,,,,,
24119,1180,,-7,,,,,,
24120,1180,,-7,,,,,,
24121,1180,,-7,,,,,,
24122,720,8,11,,,,,,
24123,1570,1,,,,,,,
24125,3368,-11,20,,,,,,
24127,1720,-1,33,,,,,,
24129,2290,-5,2,,,,,,
24130,2020,-1,-6,,,,,,
24131,848,,,,,,,,
24132,2512,9,5,,,,,,
24133,2232,,-5,,,,,,
24134,2232,,-5,,,,,,
24135,2232,,-5,,,,,,
24136,490,1,20,,,,,,
24137,490,1,20,,,,,,
24138,490,1,20,,,,,,
24139,490,1,20,,,,,,
24140,490,1,20,,,,,,
24141,490,1,20,,,,,,
24142,490,1,20,,,,,,
24143,589,8,8,,,,,,
24144,1830,,21,,,,,,
24147,550,1,-31,,,,,,
24149,550,,18,,,,,,
24151,500,,,,,,,,
24153,550,,,,,,,,
24155,934,,,,,,,,
24157,1530,6,-49,,,,,,
24158,1250,-1,,,,,,,
24159,1740,,-8,,,,,,
24160,640,1,-4,,,,,,
24161,1560,-6,-14,,,,,,
24162,1100,5,5,,,,,,
24163,1400,,,,,,,,
24165,1400,-4,-12,,,,,,
24166,1400,,9,,,,,,
24168,800,-5,-8,,,,,,
24169,550,3,,,,,,,
24170,528,3,12,,,,,,
24171,528,,20,,,,,,
24172,1114,7,,,,,,,
24173,724,1,-1,,,,,,
24174,1114,7,,,,,,,
24175,1178,,7,,,,,,
24176,,,1,,,,,,
24177,919,,3,,,,,,
24178,1221,,,,,,,,
24179,2022,,,,,,,,
24180,2105,,-1,,,,,,
24181,1308,-3,-10,,,,,,
24182,930,8,-8,,,,,,
24183,919,1,5,,,,,,
24184,620,1,-1,,,,,,
24185,620,3,-1,,,,,,
24186,717,8,8,,,,,,
24187,950,2,-3,,,,,,
24189,1158,-1,7,,,,,,
24190,1740,,12,,,,,,
24191,1537,7,37,,,,,,
24192,550,1,-31,,,,,,
24194,550,1,-31,,,,,,
24195,550,,18,,,,,,
24197,550,,18,,,,,,
24198,500,,,,,,,,
24200,500,,,,,,,,
24201,550,,,,,,,,
24203,550,,,,,,,,
24204,934,,,,,,,,
24206,934,,,,,,,,
24207,2150,2,-3,,,,,,
24209,2150,2,-3,,,,,,
24211,2150,2,-3,,,,,,
24213,2150,2,-3,,,,,,
24215,2150,2,-3,,,,,,
24217,1033,5,-6,,,,,,
24219,1040,3,4,,,,,,
24222,976,-4,-1,,,,,,
24223,2086,-4,,,,,,,
24224,2086,-4,,,,,,,
24225,1616,1,17,,,,,,
24227,1616,1,17,,,,,,
24229,1536,-1,12,,,,,,
24232,2232,,-5,,,,,,
24233,2232,,-5,,,,,,
24234,2232,,-5,,,,,,
24235,4046,,-8,,,,,,
24236,2140,-1,-2,,,,,,
24238,2232,,-5,,,,,,
24240,2140,-1,-2,,,,,,
24242,2232,,-5,,,,,,
24244,2140,-1,-2,,,,,,
24246,2232,,-5,,,,,,
24248,2140,-1,-2,,,,,,
24249,2140,-1,-2,,,,,,
24250,2140,-1,-2,,,,,,
24251,465,,-1,,,,,,
24253,1010,1,,,,,,,
24254,1095,7,,,,,,,
24255,1104,-6,-16,,,,,,
24256,960,,7,,,,,,
24257,960,,7,,,,,,
24258,900,3,1,,,,,,
24259,900,3,1,,,,,,
24260,976,,,,,,,,
24261,976,,,,,,,,
24262,882,,,,,,,,
24263,1020,-1,11,,,,,,
24265,1612,,,,,,,,
24266,1612,,,,,,,,
24268,839,,-1,,,,,,
24271,984,-1,1,,,,,,
24276,8120,,,,,,,,
24277,1221,1,-1,,,,,,
24279,1221,,-4,,,,,,
24281,1221,,-1,,,,,,
24283,1221,-4,-5,,,,,,
24285,1284,,-1,,,,,,
24287,1600,3,-9,,,,,,
24288,1150,2,,,,,,,
24291,1508,,,,,,,,
24294,2016,,2,,,,,,
24297,1300,-5,-100,,,,,,
24298,463,,,,,,,,
24299,700,,-7,,,,,,
24300,600,,,,,,,,
24301,1370,,7,,,,,,
24302,1940,,1,,,,,,
24303,789,,-1,,,,,,
24304,770,1,-6,,,,,,
24305,600,,,,,,,,
24307,1370,,7,,,,,,
24309,1940,,1,,,,,,
24311,789,,-1,,,,,,
24313,770,1,-6,,,,,,
24315,600,,,,,,,,
24317,1370,,7,,,,,,
24319,1940,,1,,,,,,
24321,789,,-1,,,,,,
24323,770,1,-6,,,,,,
24325,880,,,,,,,,
24327,880,,,,,,,,
24329,2400,,12,,,,,,
24331,1508,10,-16,,,,,,
24332,1508,10,-16,,,,,,
24333,1762,,,,,,,,
24336,465,,-1,,,,,,
24338,1312,-1,-10,,,,,,
24340,1312,3,-10,,,,,,
24342,1312,-1,-10,,,,,,
24344,1312,2,-10,,,,,,
24346,1312,3,-10,,,,,,
24348,1312,4,-10,,,,,,
24360,2290,-5,2,,,,,,
24361,770,1,-6,,,,,,
24362,770,1,-6,,,,,,
24363,770,1,-6,,,,,,
24364,770,1,-6,,,,,,
24365,770,1,-6,,,,,,
24366,770,1,-6,,,,,,
24367,1730,1,27,,,,,24368,
24368,,,,,,,13189,24367,
24370,779,-4,-3,,,,,,
24372,,,-5,,,,,,
24374,1360,,,,,,,,
24376,1360,,,,,,,,
24378,1232,,,,,,,,
24380,1232,,,,,,,,
24382,1075,,,,,,,,
24384,1075,,,,,,,,
24386,595,-1,-31,,,,,,
24387,1000,1,-10,,,,,,
24389,1850,,3,,,,,,
24391,1940,,1,,,,,,
24393,770,1,-6,,,,,,
24395,1124,1,,,,,,,
24397,1000,1,-10,,,,,,
24399,1850,,3,,,,,,
24401,1940,,1,,,,,,
24403,770,1,-6,,,,,,
24405,1000,1,-10,,,,,,
24407,1850,,3,,,,,,
24409,1940,,1,,,,,,
24411,770,1,-6,,,,,,
24413,1676,-2,-4,,,,,,
24415,,,,,,,13189,560,
24416,350,-4,,,,,,,
24417,1642,1,16,,,,,,
24418,2040,,,,,,,,
24419,540,,-5,,,,,,
24420,1228,,,,,,,,
24421,1740,,,,,,,,
24422,2064,-5,13,,,,,,
24423,2064,-5,13,,,,,,
24424,2064,-5,13,,,,,,
24425,2064,-5,13,,,,,,
24426,1730,1,27,,,,,24427,
24427,,,,,,,13189,24426,
24428,1390,3,40,,,,,,
24430,1390,3,40,,,,,,
24431,1390,3,40,,,,,,
24432,1480,-4,25,,,,,,
24433,1210,-6,,,,,,,
24434,650,,,,,,,,
24435,990,-1,2,,,,,,
24436,990,-1,2,,,,,,
24437,1390,3,40,,,,,,
24438,1390,3,40,,,,,,
24439,1390,3,40,,,,,,
24440,1390,3,40,,,,,,
24441,465,,-1,,,,,,
24442,700,-3,5,,,,,,
24443,,3,40,,,,,,
24444,779,-4,-3,,,,,,
24460,1118,,,,,,,,
24463,2184,,,,,,,,
24466,948,1,,,,,,,
24469,1762,,,,,,,,
24472,1762,,,,,,,,
24475,1762,,,,,,,,
24478,1762,3,-18,,,,,,
24479,2042,25,110,,,,,,
24480,779,3,,,,,,,
24481,1095,3,,,,,,,
24482,1221,3,-49,,,,,,
24483,2768,-8,-13,,,,,,
24484,2768,-8,-13,,,,,,
24485,2768,-8,-13,,,,,,
24486,2768,-8,-13,,,,,,
24488,1762,,,,,,,,
24491,2800,-37,-16,,,,,,
24493,1010,1,,,,,,,
24494,900,,4,,,,,,
24495,590,10,60,,,,,,
24511,1614,,,,,,,,
24514,1614,,,,,,,,
24517,1614,,,,,,,,
24520,2150,2,-3,,,,,,
24522,1940,,1,,,,,,
24523,2700,-1,-7,,,,,,
24524,5400,,-4,,,,,,
24525,415,,,,,,,,
24527,415,,,,,,,,
24528,840,2,-2,,,,,,
24529,840,,,,,,,,
24531,1438,-3,,,,,,,
24533,1438,-3,,,,,,,
24534,920,7,39,,,,,,
24535,1080,,,,,,,,
24537,1894,6,33,,,,,,
24539,1894,6,33,,,,,,
24541,1080,,,,,,,,
24542,1080,,,,,,,,
24543,1130,,-89,,,,,,
24544,1130,,-89,,,,,,
24545,649,1,3,,,,,,
24546,2092,2,1,,,,,,
24547,612,,-8,,,,,,
24549,670,,-8,,,,,,
24551,1876,15,-3,,,,,,
24553,1876,15,-3,,,,,,
24554,2020,-1,-6,,,,,,
24555,2768,-7,-17,,,,,,
24557,2640,-7,-9,,,,,,
24559,2384,-7,-9,,,,,,
24561,2768,-7,-9,,,,,,
24563,2640,-7,-9,,,,,,
24565,1221,1,-1,,,,,,
24567,1050,,-1,,,,,,
24569,1050,,-3,,,,,,
24571,1060,,-3,,,,,,
24573,1221,,-1,,,,,,
24575,1250,-1,-3,,,,,,
24577,1347,-1,-8,,,,,,
24579,1420,-1,-4,,,,,,
24581,1474,,-1,,,,,,
24583,1537,1,-3,,,,,,
24585,1615,,,,,,,,
24587,1615,,,,,,,,
24589,1830,-3,,,,,,,
24592,1852,-8,-24,,,,,,
24595,1800,,7,,,,,,
24598,550,,-1,,,,,,
24601,550,,-1,,,,,,
24603,550,,-1,,,,,,
24605,550,,-1,,,,,,
24607,650,3,,,,,,,
24609,1940,,1,,,,,,
24611,1940,,1,,,,,,
24613,850,1,,,,,,,
24615,650,3,,,,,,,
24617,1744,1,3,,,,,,
24619,1744,1,3,,,,,,
24621,650,3,,,,,,,
24623,550,,-1,,,,,,
24626,550,,-1,,,,,,
24629,550,,-1,,,,,,
24632,550,,-1,,,,,,
24635,550,,-1,,,,,,
24638,550,,-1,,,,,,
24641,550,,-1,,,,,,
24644,550,,-1,,,,,,
24650,1180,,-7,,,,,,
24652,950,,,,,,,,
24655,1410,2,,,,,,,
24656,3472,22,-58,,,,,,
24658,3472,-5,-47,,,,,,
24660,2611,-4,-4,,,,,,
24661,2611,-4,-4,,,,,,
24662,2611,-4,-4,,,,,,
24663,2611,-4,-4,,,,,,
24664,1236,,-12,,,,,,
24666,1358,,-3,,,,,,
24668,1690,-1,7,,,,,,
24670,1616,-9,3,,,,,,
24672,968,4,21,,,,,,
24673,1221,1,8,,,,,,
24674,1537,4,9,,,,,,
24675,848,-1,48,,,,,,
24676,1221,1,8,,,,,,
24678,1537,4,9,,,,,,
24680,848,-1,48,,,,,,
24682,1020,-1,11,,,,,,
24684,1020,-1,11,,,,,,
24686,680,1,5,,,,,,
24688,1450,-8,11,,,,,,
24690,1104,1,,,,,,,
24691,1180,,-7,,,,,,
24693,980,-4,2,,,,,,
24695,980,-4,2,,,,,,
24697,1221,-4,2,,,,,,
24699,2232,4,-7,,,,,,
24701,1872,,,,,,,,
24702,2510,4,-32,,,,,,
24703,520,,,,,,,,
24704,996,1,8,,,,,,
24706,1730,1,8,,,,,,
24708,3487,20,-88,,,,,,
24709,1474,,,,,,,,
24711,1176,,11,,,,,,2:24713|3:24714|4:24715|5:24716|25:24717
24713,1176,,11,,,,,,
24714,1176,,11,,,,,,
24715,1176,,11,,,,,,
24716,1176,,11,,,,,,
24717,1176,,11,,,,,,
24718,450,-9,14,,,,,,
24719,1176,-1,1,,,,,,
24721,1616,4,-61,,,,,,
24723,1180,1,-5,,,,,,
24725,1118,3,3,,,,,,
24727,1156,-3,10,,,,,,
24729,760,,1,,,,,,
24731,600,,,,,,,,
24733,748,1,1,,,,,,
24735,934,-2,-11,,,,,,
24736,934,-2,-11,,,,,,
24738,1816,,-9,,,,,,
24740,1816,,-9,,,,,,
24743,848,5,,,,,,,
24745,848,5,,,,,,,
24746,2320,2,2,,,,,,
24748,2320,2,2,,,,,,
24749,1232,,,,,,,,
24751,1232,,,,,,,,
24752,1744,10,10,,,,,,
24754,1744,10,10,,,,,,
24755,592,3,3,,,,,,
24757,592,3,3,,,,,,
24758,976,3,,,,,,,
24760,976,3,,,,,,,
24761,940,,,64,64,64,,,
24763,976,,20,,,,,,
24765,976,,20,,,,,,
24767,976,,20,,,,,,
24769,976,,20,,,,,,
24771,976,,20,,,,,,
24773,1010,1,,,,,,,
24774,660,-3,2,,,,,,
24777,1404,3,9,,,,,,
24780,620,1,16,,,,,,
24782,560,1,3,,,,,,
24785,560,1,3,,,,,,
24788,580,1,-1,,,,,,
24790,1240,-2,-30,,,,,,
24792,1380,4,-4,,,,,,
24794,1300,2,8,,,,,,
24796,1740,4,16,,,,,,
24798,1270,2,8,,,,,,
24800,1663,7,22,,,,,,
24802,885,-2,7,,,,,,
24804,1920,2,17,,,,,,
24806,844,,1,,,,,,
24808,1820,,11,,,,,,
24810,1300,2,8,,,,,,
24812,1740,4,16,,,,,,
24814,1270,2,8,,,,,,
24816,1663,7,22,,,,,,
24818,885,-2,7,,,,,,
24820,1920,2,17,,,,,,
24822,844,,1,,,,,,
24824,1820,,11,,,,,,
24826,1300,2,8,,,,,,
24828,1740,4,16,,,,,,
24830,1270,2,8,,,,,,
24832,1663,7,22,,,,,,
24834,885,-2,7,,,,,,
24836,1920,2,17,,,,,,
24838,844,,1,,,,,,
24840,1820,,11,,,,,,
24842,840,,,,,,,,
24844,934,-2,-11,,,,,,
24847,1872,,,,,,,,
24849,1872,,,,,,,,
24851,1411,-3,-3,,,,,,
24853,1095,3,,,,,,,
24855,2232,,-5,,,,,,
24857,720,,,,,,,,
24859,2020,-1,-6,,,,,,
24860,2020,-1,-6,,,,,,
24861,2020,-1,-6,,,,,,
24862,1764,-5,-4,,,,,,
24863,1726,-3,7,,,,,,
24864,1979,-5,-9,,,,,,
24865,1380,-4,14,,,,,,
24866,1630,-1,7,,,,,,
24867,2276,-5,-12,,,,,,
24868,789,-3,,,,,,,
24869,868,1,1,,,,,,
24870,789,-1,,,,,,,
24871,789,-1,,,,,,,
24872,787,,-16,,,,,,
24874,1243,,,,,,,,
24876,1697,,-1,,,,,,
24878,854,3,-32,,,,,,
24880,976,-2,3,,,,,,
24882,1488,,-1,,,,,,
24884,2336,3,,,,,,,
24885,2184,,,,,,,,
24886,3280,-2,,,,,,,
24887,3024,-3,10,,,,,,
24888,3152,-4,21,,,,,,
24889,2512,-4,6,,,,,,
24890,4176,-9,,,,,,,
24891,4176,-9,,,,,,,
24892,4432,-9,,,,,,,
24893,3536,-2,,,,,,,
24894,5328,-6,11,,,,,,
24895,5328,-6,11,,,,,,
24896,5328,-6,11,,,,,,
24897,5328,-6,11,,,,,,
24898,4688,-9,,,,,,,
24899,4688,-9,,,,,,,
24900,4688,-9,,,,,,,
24901,4688,-9,,,,,,,
24902,4048,4,4,,,,,,
24903,4048,4,4,,,,,,
24904,4048,4,4,,,,,,
24905,4048,4,4,,,,,,
24906,4304,3,15,,,,,,
24907,4048,1,2,,,,,,
24908,4375,12,,,,,,,
24909,4112,5,-7,,,,,,
24910,4432,-9,,,,,,,
24911,4048,-4,,,,,,,
24912,4048,-4,,,,,,,
24913,4048,-4,,,,,,,
24914,3920,10,4,,,,,,
24915,3920,10,4,,,,,,
24916,4560,-1,,,,,,,
24917,3920,10,4,,,,,,
24918,3920,-9,,,,,,,
24919,3920,-9,,,,,,,
24920,3920,-9,,,,,,,
24921,3920,-9,,,,,,,
24922,5328,,12,,,,,,
24923,5328,,12,,,,,,
24924,5328,,12,,,,,,
24925,5328,,12,,,,,,
24926,3280,-3,8,,,,,,
24927,2640,4,-1,,,,,,
24928,2896,2,7,,,,,,
24929,3408,-3,-5,,,,,,
24930,2896,-9,,,,,,,
24931,2896,-9,,,,,,,
24932,2896,-9,,,,,,,
24933,2896,-9,,,,,,,
24934,4432,-9,,,,,,,
24935,4432,-9,,,,,,,
24936,4432,-9,,,,,,,
24937,4432,-9,,,,,,,
24938,1568,,,,,,,,
24939,1990,,20,,,,,,
24940,2312,3,,,,,,,
24941,,,-1,,,,,,
24942,921,9,15,,,,,,
24944,921,14,-14,,,,,,
24946,740,,,,,,,,
24948,2484,28,-4,,,,,,
24949,465,,-1,,,,,,
24951,465,,-1,,,,,,
24953,465,,-1,,,,,,
24955,465,,-1,,,,,,
24957,465,,-1,,,,,,
24959,465,,-1,,,,,,
24961,465,,-1,,,,,,
24963,465,,-1,,,,,,
24965,1200,,-10,,,,,,
24966,1200,,-10,,,,,,
24967,1200,,-10,,,,,,
24968,1200,,-10,,,,,,
24969,1200,,-10,,,,,,
24970,1200,,-10,,,,,,
24971,1730,1,27,,,,,24972,
24972,,,,,,,13189,24971,
24973,1730,1,27,,,,,24974,
24974,,,,,,,13189,24973,
24975,1104,9,-45,,,,,,
24977,1360,7,34,,,,,,
24979,1360,7,34,,,,,,
24980,1460,7,5,90,90,90,,,
24981,1460,7,5,90,90,90,,,
24982,1460,7,5,90,90,90,,,
24983,1460,7,5,90,90,90,,,
24984,1460,7,5,90,90,90,,,
24985,1460,7,5,90,90,90,,,
24986,1460,7,5,90,90,90,,,
24987,1460,7,5,90,90,90,,,
24988,1460,7,5,90,90,90,,,
24989,1410,3,-6,,,,,,
24990,660,5,97,,,,,,
24991,660,-3,2,,,,,,
24992,2256,-1,-36,,,,,,
24993,1032,-3,,96,,,,,
24994,1730,1,27,,,,,24995,
24995,,,,,,,13189,24994,
24996,1730,1,27,,,,,24997,
24997,,,,,,,13189,24996,
24998,595,-1,-31,,,,,,
24999,595,-1,-31,,,,,,
25000,595,-1,-31,,,,,,
25001,1000,1,-10,,,,,,
25004,1400,,-8,,,,,,
25007,1940,,1,,,,,,
25010,770,1,-6,,,,,,
25013,1124,1,,,,,,,
25016,1000,1,-10,,,,,,
25019,1400,,-8,,,,,,
25022,1940,,1,,,,,,
25025,770,1,-6,,,,,,
25028,1000,1,-10,,,,,,
25031,1400,,-8,,,,,,
25034,1940,,1,,,,,,
25037,770,1,-6,,,,,,
25040,1940,,1,,,,,,
25041,1940,,1,,,,,,
25042,,,-5,,,,,,
25044,1360,,,,,,,,
25046,1360,,,,,,,,
25048,1232,,,,,,,,
25050,1232,,,,,,,,
25052,1075,,,,,,,,
25054,1075,,,,,,,,
25056,1676,-2,-4,,,,,,
25059,1347,2,2,,,,,,
25060,1940,,1,,,,,,
25062,1347,2,2,,,,,,
25063,1454,-1,-2,,,,,,
25064,1940,,1,,,,,,
25066,1450,-6,6,,,,,,
25067,1940,,1,,,,,,
25069,848,5,,,,,,,
25071,848,5,,,,,,,
25072,2320,2,2,,,,,,
25074,2320,2,2,,,,,,
25075,1232,,,,,,,,
25077,1232,,,,,,,,
25078,1744,10,10,,,,,,
25080,1744,10,10,,,,,,
25081,592,3,3,,,,,,
25083,592,3,3,,,,,,
25084,976,3,,,,,,,
25086,976,3,,,,,,,
25087,1118,,,,,,,,
25090,1592,,,,,,,,
25093,2600,,,,,,,,
25096,2086,-8,,,,,,,
25099,1592,,,,,,,,
25102,730,-5,28,,,,,,
25104,1349,1,8,,,,,,
25106,988,2,-11,,,,,,
25108,988,2,-11,,,,,,
25110,1450,-4,3,,,,,,
25112,1582,,-5,,,,,,
25114,1475,2,2,,,,,,
25116,1347,2,2,,,,,,
25117,550,,-4,,,,,,
25127,2358,5,-8,,,,,,
25128,930,-10,-5,,,,,,
25129,736,-1,-7,,,,,,
25131,1872,-1,-1,,,,,,
25133,1690,1,4,,,,,,
25135,930,8,-8,,,,,,
25137,770,1,-6,,,,,,
25139,822,3,2,,,,,,2:25141|3:25142|4:25143|5:25144
25141,724,,,,,,,,
25142,921,1,1,,,,,,
25143,1020,1,-1,,,,,,
25144,954,-3,-2,,,,,,
25145,1692,1,11,,,,,,
25146,1692,1,11,,,,,,
25147,1692,1,11,,,,,,
25148,1058,2,3,,,,,,
25149,1058,3,3,,,,,,
25150,1058,3,3,,,,,,
25151,1400,18,36,,,,,,
25152,840,,,,,,,,
25154,4758,13,-7,,,,,,
25155,770,3,-3,,,,,,
25157,800,-1,6,,,,,,
25159,550,,-1,,,,,,
25160,550,,-1,,,,,,
25161,550,,-1,,,,,,
25162,550,,-1,,,,,,
25163,770,3,-3,,,,,,
25165,800,-1,6,,,,,,
25167,770,3,-3,,,,,,
25169,800,-1,6,,,,,,
25171,770,3,-3,,,,,,
25173,770,3,-3,,,,,,
25174,800,-1,6,,,,,,
25176,800,-1,6,,,,,,
25177,779,-4,-3,,,,,,
25179,779,-4,-3,,,,,,
25181,779,-4,-3,,,,,,
25183,779,-4,-3,,,,,,
25185,779,-4,-3,,,,,,
25187,779,-4,-3,,,,,,
25189,779,-4,-3,,,,,,
25191,779,-4,-3,,,,,,
25193,1020,12,-17,,,,,,
25195,2140,3,6,,,,,,
25196,720,-1,1,,,,,,
25197,1032,-1,2,,,,,,
25199,1410,2,,,,,,,
25201,720,-1,1,,,,,,
25202,1200,-1,,,,,,,
25203,550,,-1,,,,,,
25204,550,,-1,,,,,,
25205,550,,-1,,,,,,
25206,550,,-1,,,,,,
25207,2140,3,6,,,,,,
25208,2140,3,6,,,,,,
25209,2760,,-27,,,,,,
25210,2760,,-27,,,,,,
25211,550,,-1,,,,,,
25212,2140,3,6,,,,,,
25213,2140,3,6,,,,,,
25214,2140,3,6,,,,,,
25215,2140,3,6,,,,,,
25216,2140,3,6,,,,,,
25217,2140,3,6,,,,,,
25218,2140,3,6,,,,,,
25219,2140,3,6,,,,,,
25220,2140,3,6,,,,,,
25221,2140,3,6,,,,,,
25222,2140,3,6,,,,,,
25223,2140,3,6,,,,,,
25224,2140,3,6,,,,,,
25225,2140,3,6,,,,,,
25226,2140,3,6,,,,,,
25227,2140,3,6,,,,,,
25228,2140,3,6,,,,,,
25229,2140,3,6,,,,,,
25230,2140,3,6,,,,,,
25231,2140,3,6,,,,,,
25232,2140,3,6,,,,,,
25233,2140,3,6,,,,,,
25234,2140,3,6,,,,,,
25235,2140,3,6,,,,,,
25236,2140,3,6,,,,,,
25237,2140,3,6,,,,,,
25238,2140,3,6,,,,,,
25239,2140,3,6,,,,,,
25240,2140,3,6,,,,,,
25241,2140,3,6,,,,,,
25242,2140,3,6,,,,,,
25243,2140,3,6,,,,,,
25244,976,-1,10,,,,,,
25246,830,4,-12,,,,,,
25248,830,3,-35,,,,,,
25250,440,2,-18,,,,,,
25252,900,-9,-12,,,,,,
25254,592,-3,,,,,,,
25256,750,-3,-12,,,,,,
25258,620,3,-13,,,,,,
25260,630,4,-14,,,,,,
25262,570,2,-6,,,,,,
25264,600,3,-15,,,,,,
25266,854,-1,3,,,,,,
25267,854,-1,3,,,,,,
25268,854,-1,3,,,,,,
25269,854,-1,3,,,,,,
25270,854,-1,3,,,,,,
25271,854,-1,3,,,,,,
25272,854,-1,3,,,,,,
25273,854,-1,3,,,,,,
25274,854,-1,3,,,,,,
25275,854,-1,3,,,,,,
25276,854,-1,3,,,,,,
25278,440,2,-18,,,,,,
25280,1411,-3,-3,,,,,,
25282,1960,,,,,,,,
25283,1168,,7,,,,,,
25284,1168,,7,,,,,,
25285,1158,-3,,,,,,,
25286,1438,3,-15,,,,,,
25287,560,1,3,,,,,,
25288,830,,5,,,,,,
25289,910,,,,,,,,
25290,740,,,,,,,,
25291,560,1,3,,,,,,
25292,690,1,-2,,,,,,
25293,660,-3,2,,,,,,
25294,1490,7,-4,,,,,,
25295,1410,2,174,,,,,,
25296,1244,-1,,,,,,,
25297,900,-3,-1,,,,,,
25298,1680,-12,-1,,,,,,
25299,984,1,4,,,,,,
25300,528,-1,-2,,,,,,
25301,930,9,10,,,,,,
25302,940,,,,,,,,
25303,970,1,4,,,,,,
25304,860,1,-6,,,,,,
25305,465,7,66,,,,,,
25306,700,-5,18,,,,,,
25307,990,-3,-235,,,,,,
25308,1373,-1,7,,,,,,
25309,690,-1,-8,,,,,,
25310,1400,1,15,,,,,,
25311,580,-11,-4,,,,,,
25312,1240,-2,-30,,,,,,
25314,1680,-12,-1,,,,,,
25316,2768,1,-42,,,,,,
25319,1048,,-3,,,,,,
25322,740,,-9,,,,,,
25324,1380,,,,,,,,
25326,1616,,2,,,,,,
25328,740,2,-9,,,,,,
25330,592,-7,3,,,,,,
25332,428,,-7,,,,,,
25334,2072,-2,3,,,,,,
25336,625,,-7,,,,,,
25338,1048,,-3,,,,,,
25340,934,1,8,,,,,,
25342,2400,,12,,,,,,
25344,2140,3,6,,,,,,
25346,2140,3,6,,,,,,
25348,3432,-29,-66,,,,,,
25350,3368,-30,-66,,,,,,
25351,2900,,,,,,,,
25352,2900,,,,,,,,
25353,5000,,-15,,,,,,
25354,5000,,-50,,,,,,
25355,2250,,-25,,,,,,
25356,2250,,-25,,,,,,
25357,3750,,-9,,,,,,
25358,3750,,-9,,,,,,
25359,4500,,-50,,,,,,
25360,4500,,-50,,,,,,
25361,2600,,,,,,,,
25362,1762,-4,-100,,,,,,
25363,2086,-1,-72,,,,,,
25364,3010,-4,-9,,,,,,
25365,1800,-2,50,,,,,,
25366,2290,-5,2,,,,,,
25367,1347,2,2,,,,,,
25369,1454,-1,-2,,,,,,
25371,1450,-6,6,,,,,,
25373,1347,2,2,,,,,,
25375,1347,2,2,,,,,,
25376,1454,-1,-2,,,,,,
25378,1450,-6,6,,,,,,
25380,1762,,,,,,,,
25383,1762,,,,,,,,
25386,1762,,,,,,,,
25389,1513,-1,16,,,,,,
25392,691,1,,,,,,,
25395,810,2,,,,,,,
25398,1040,5,100,,,,,,
25401,1414,4,-16,,,,,,
25404,1513,-1,16,,,,,,
25407,691,1,,,,,,,
25410,789,3,-5,,,,,,
25413,1040,5,100,,,,,,
25416,1414,,-16,,,,,,
25419,1780,-4,12,,,,,,
25422,1410,2,,,,,,,
25424,1050,,2,,,,,,
25426,1050,,2,,,,,,
25428,1050,,2,,,,,,
25430,1050,,2,,,,,,
25432,1050,,2,,,,,,
25434,1370,,,,,,,,
25436,1940,,1,,,,,,
25438,672,-1,-5,,,,,,
25440,770,1,-6,,,,,,
25442,848,1,-17,,,,,,
25445,848,1,-17,,,,,,
25448,848,1,-17,,,,,,
25451,848,1,-17,,,,,,
25454,848,1,-17,,,,,,
25474,950,2,10,,,,,,
25476,950,2,10,,,,,,
25478,1288,,22,,,,,,
25481,1288,,22,,,,,,
25484,1710,,51,,,,,,
25485,600,3,-15,,,,,,
25486,600,3,-15,,,,,,
25487,600,3,-15,,,,,,
25488,600,3,-15,,,,,,
25489,1546,3,,120,120,120,,,
25490,1546,3,,120,120,120,,,
25491,1546,3,,120,120,120,,,
25492,1546,3,,120,120,120,,,
25493,1720,7,5,,,,,,
25494,740,7,-33,,,,,,
25495,716,,3,,,,,,
25496,1284,-1,5,,,,,,
25497,2168,,,,,,,,
25498,1010,1,,,,,,,
25499,1010,1,,,,,,,
25500,822,8,-1,,,,,,
25502,2128,,1,,,,,,
25504,1940,,1,,,,,,
25505,1940,,1,,,,,,
25506,1940,,1,,,,,,
25507,1940,,1,,,,,,
25508,1940,,1,,,,,,
25509,1940,,1,,,,,,
25510,1940,,1,,,,,,
25511,1940,,1,,,,,,
25512,1940,,1,,,,,,
25513,1940,,1,,,,,,
25514,1940,,1,,,,,,
25515,1260,1,4,,,,,,
25516,1710,,51,,,,,,
25517,2064,-5,13,,,,,,
25518,1236,,-12,,,,,,
25519,2042,-14,-29,,,,,,
25521,590,10,60,,,,,,
25524,590,10,60,,,,,,
25527,1642,,47,96,96,96,,,25:25529|75:25530|125:25531|175:25532
25529,1642,,47,96,96,96,,,
25530,1642,,47,96,96,96,,,
25531,1642,,47,96,96,96,,,
25532,1642,,47,96,96,96,,,
25533,1411,-3,-3,,,,,,
25535,1411,-3,-3,,,,,,
25537,1095,3,,,,,,,
25539,934,,-11,,,,,,
25541,934,,-11,,,,,,
25543,934,,-11,,,,,,
25545,934,,-11,,,,,,
25547,848,2,42,,,,,,
25549,905,-8,-100,,,,,,
25551,1232,-1,-2,,,,,,
25553,1744,,,,,,,,
25555,800,2,-3,,,,,,
25557,1730,-5,18,,,,,,
25559,1860,-6,9,,,,,,
25561,1860,-1,7,,,,,,
25563,,33,66,,,,,,
25564,1710,-2,21,,,,,,
25565,1710,-2,21,,,,,,
25566,1710,-2,21,,,,,,
25567,865,1,22,,,,,,
25569,840,,,,,,,,
25571,630,1,,,,,,,
25574,830,1,-21,,,,,,
25576,830,1,-21,,,,,,
25578,680,1,5,,,,,,
25580,2566,,-7,,,,,,
25582,1842,,-1,,,,,,
25584,1842,,-1,,,,,,
25585,2140,2,4,,,,,,
25587,2140,2,4,,,,,,
25588,660,3,-5,,,,,,2:9815|3:9816|4:10165|5:10166|6:10601|7:10602|8:10666|9:10669
25590,720,,,,,,,,
25592,510,,,,,,,,
25594,987,,,,,,,,
25596,1645,,-1,,,,,,
25598,800,,,,,,,,
25600,2256,10,25,,,,,,
25602,3289,1,-24,,,,,,
25604,2276,,13,,,,,,
25606,568,,-3,,,,,,
25608,1380,2,28,,,,,,
25609,840,,-2,,,,,,
25610,760,,-2,,,,,,
25611,1892,28,100,,,,,,
25612,2184,,,,,,,,
25613,2256,,20,,,,,,
25615,1284,,-3,,,,,,
25617,720,3,-12,,,,,,
25618,854,3,-32,,,,,,
25619,854,3,-32,,,,,,
25620,854,3,-32,,,,,,
25621,854,3,-32,,,,,,
25622,854,3,-32,,,,,,
25623,854,3,-32,,,,,,
25624,1979,16,-13,,,,,,
25625,1216,-15,40,,,,,,
25627,779,3,,,,,,,
25628,1095,3,,,,,,,
25629,1488,,-1,,,,,,
25630,1284,,-1,,,,,,
25631,1360,5,,,,,,,
25633,1217,-3,-5,,,,,,
25635,1148,-9,-22,,,,,,
25637,1020,3,5,,,,,,
25639,764,1,8,,,,,,
25641,1216,-15,40,,,,,,
25643,1216,-15,40,,,,,,
25644,1217,-5,5,,,,,,
25646,1380,-1,-5,,,,,,
25647,1380,-1,-5,,,,,,
25648,1380,-1,,,,,,,
25649,1380,-1,,,,,,,
25650,1508,-1,-8,,,,,,
25651,1508,-1,-8,,,,,,
25652,1204,-2,7,,,,,,
25654,1076,-4,13,,,,,,
25656,1716,3,7,,,,,,
25658,1242,-2,,,,,,,
25660,1370,-1,23,,,,,,
25662,1882,,3,,,,,,
25664,1221,-5,-1,,,,,,
25666,1221,-3,5,,,,,,
25668,2245,,4,,,,,,
25670,2017,8,-57,,,,,,
25672,1988,5,-13,,,,,,
25674,1732,3,,,,,,,
25676,1350,,13,,,,,,2:25678|3:25679|4:25680|5:25681|10:25682|25:25683
25678,1350,3,18,,,,,,
25679,1606,-9,24,,,,,,
25680,1616,-6,8,,,,,,
25681,1744,2,10,,,,,,
25682,2128,1,4,,,,,,
25683,2128,-4,5,,,,,,
25684,1221,21,5,,,,,,
25686,926,-3,40,,,,,,
25688,926,,2,,,,,,
25690,1438,-8,4,,,,,,
25692,1438,-1,5,,,,,,
25694,1182,-3,11,,,,,,
25696,1636,,6,,,,,,
25698,1636,,9,,,,,,
25700,1636,,8,,,,,,
25702,865,1,22,,,,,,
25704,865,1,22,,,,,,
25706,1020,-1,11,,,,,,
25708,740,,1,,,,,,
25709,900,,1,,,,,,
25710,740,4,7,,,,,,
25711,740,4,7,,,,,,
25712,2237,2,-1,,,,,,
25714,2237,2,-1,,,,,,
25715,2237,2,-1,,,,,,
25716,2237,2,-1,,,,,,
25717,2237,2,-1,,,,,,
25718,2237,2,-1,,,,,,
25719,2237,2,-1,,,,,,
25720,2237,2,-1,,,,,,
25721,2469,-5,5,,,,,,
25723,2469,-5,5,,,,,,
25724,2469,-5,5,,,,,,
25725,2469,-5,5,,,,,,
25726,2469,-5,5,,,,,,
25727,2469,-5,5,,,,,,
25728,2469,-5,5,,,,,,
25729,2469,-5,5,,,,,,
25730,1200,-1,,,,,,,
25731,2258,-5,3,,,,,,
25733,2258,-5,3,,,,,,
25734,2064,5,-18,,,,,,
25736,2105,1,17,,,,,,
25738,2105,1,17,,,,,,
25739,2105,1,17,,,,,,
25741,2105,1,17,,,,,,
25742,1360,-1,9,,,,,,
25744,1872,-2,5,,,,,,
25746,1438,3,-15,,,,,,
25748,3075,3,-42,,,,,,
25749,2819,5,-28,,,,,,
25750,2563,18,-20,,,,,,
25751,3331,1,-51,,,,,,
25752,3203,15,-35,,,,,,
25753,840,2,-2,,,,,,
25754,589,,1,64,64,64,,,
25755,589,,1,64,64,64,,,
25756,589,,1,64,64,64,,,
25757,589,,1,64,64,64,,,
25758,589,,1,64,64,64,,,
25759,589,,1,64,64,64,,,
25760,589,,1,64,64,64,,,
25761,589,,1,64,64,64,,,
25762,589,,1,64,64,64,,,
25763,589,,1,64,64,64,,,
25764,589,,1,64,64,64,,,
25765,589,,1,64,64,64,,,
25766,724,1,-74,,,,,,
25769,822,-1,,,,,,,
25772,990,-4,69,,,,,,
25775,1347,-6,,,,,,,
25778,1474,-6,26,,,,,,
25781,1545,1,-9,,,,,,
25783,1010,1,,,,,,,
25784,1010,1,,,,,,,
25785,1010,1,,,,,,,
25786,1010,1,,,,,,,
25787,1010,1,,,,,,,
25788,1010,1,,,,,,,
25789,1010,1,,,,,,,
25790,1010,1,,,,,,,
25791,1010,1,,,,,,,
25792,1010,1,,,,,,,
25793,1020,-1,11,,,,,,
25794,720,,,,,,,,
25795,3024,,-45,,,,,,
25796,1040,1,7,,,,,,
25797,1020,-1,11,,,,,,
25798,840,,,,,,,,
25799,656,,4,,,,,,
25800,1370,,7,,,,,,
25801,990,-1,56,,,,,,
25802,1214,-3,14,,,,,,
25803,700,-3,5,,,,,,
25804,700,-3,5,,,,,,
25805,1020,-1,11,,,,,,
25806,1020,-1,11,,,,,,
25807,1020,-1,11,,,,,,
25808,1020,-1,11,,,,,,
25809,630,3,-3,172,172,172,,,
25810,700,-3,5,,,,,,
25811,984,2,-2,,,,,,
25812,550,,-1,,,,,,
25813,550,,-1,,,,,,
25814,1020,-1,11,,,,,,
25816,750,,,,,,,,
25817,1243,,-1,,,,,,
25818,1086,1,8,,,,,,
25820,840,2,-2,,,,,,
25821,2232,-11,-5,,,,,,
25822,2512,,,,,,,,
25824,1020,-1,11,,,,,,
25826,660,-3,2,,,,,,
25829,1020,-1,11,,,,,,
25831,1020,-1,11,,,,,,
25833,560,1,3,,,,,,
25836,2862,-5,-45,,,,,,
25837,1474,5,-3,,,,,,
25838,2039,-1,-4,,,,,,
25840,1183,1,-12,,,,,,
25842,612,5,-4,,,,,,
25843,612,5,-4,,,,,,
25844,1494,3,-32,,,,,,
25846,1494,3,-32,,,,,,
25848,1180,,-7,,,,,,
25849,720,8,11,,,,,,
25851,720,8,11,,,,,,
25853,720,5,,,,,,,
25855,720,8,11,,,,,,
25857,720,8,11,,,,,,
25859,1450,2,22,,,,,,
25862,,-1,4,,,,,,
25865,,-1,4,,,,,,
25867,,-1,4,,,,,,
25869,,-1,4,,,,,,
25870,1876,15,-3,,,,,,
25872,1876,15,-3,,,,,,
25874,1876,15,-3,,,,,,
25876,1876,15,-3,,,,,,
25878,1876,15,-3,,,,,,
25880,1876,15,-3,,,,,,
25882,1876,15,-3,,,,,,
25884,,-1,4,,,,,,
25886,,-1,4,,,,,,
25888,,-1,4,,,,,,
25890,,-1,4,,,,,,
25892,,-1,4,,,,,,
25894,,-1,4,,,,,,
25896,,-1,4,,,,,,
25898,779,-4,-3,,,,,,
25900,779,-4,-3,,,,,,
25902,779,-4,-3,,,,,,
25904,779,-4,-3,,,,,,
25906,779,-4,-3,,,,,,
25908,779,-4,-3,,,,,,
25910,779,-4,-3,,,,,,
25912,779,-4,-3,,,,,,
25914,779,-4,-3,,,,,,
25916,926,,9,,,,,,
25918,926,,9,,,,,,
25920,840,2,-2,,,,,,
25921,840,2,-2,,,,,,
25922,840,2,-2,,,,,,
25923,840,2,-2,,,,,,
25924,840,2,-2,,,,,,
25925,840,2,-2,,,,,,
25926,888,6,8,,,,,,
25928,926,6,8,,,,,,
25930,888,6,8,,,,,,
25932,900,6,8,,,,,,
25934,932,6,8,,,,,,
25936,932,8,9,,,,,,
25939,1940,,1,,,,,,
25942,1940,,1,,,,,,
25945,1940,,1,,,,,,
25948,1940,,1,,,,,,
25951,1940,,1,,,,,,
25954,1940,,1,,,,,,
25956,840,,,,,,,,
25958,2060,6,7,,,,,,
25959,1474,,,,,,,,
25960,2060,6,7,,,,,,
25961,1474,,,,,,,,
25962,1500,-3,,,,,,,
25963,700,-3,5,,,,,,
25964,526,,1,,,,,,
25965,1500,-3,,,,,,,
25966,550,,-1,,,,,,
25967,1020,-1,11,,,,,,
25969,1940,,1,,,,,,
25970,1940,,1,,,,,,
25971,1940,,1,,,,,,
25972,1940,,1,,,,,,
25973,1940,,1,,,,,,
25974,1940,,1,,,,,,
25975,830,2,-3,,,,,,
25977,1940,,1,,,,,,
25978,1940,,1,,,,,,
25979,1513,-2,15,,,,,,
25981,1513,-2,15,,,,,,
25983,1940,,1,,,,,,
25984,1940,,1,,,,,,
25985,1368,3,3,,,,,,
25987,1940,,1,,,,,,
25988,1940,,1,,,,,,
25989,1940,,1,,,,,,
25990,888,,-7,,,,,,
25991,888,,-7,,,,,,
25993,888,,-7,,,,,,
25994,888,,-7,,,,,,
25996,888,,-7,,,,,,
25997,888,,-7,,,,,,
25999,888,,-7,,,,,,
26000,888,,-7,,,,,,
26002,888,,-7,,,,,,
26003,888,,-7,,,,,,
26005,888,,-7,,,,,,
26006,888,,-7,,,,,,
26008,888,,-7,,,,,,
26009,888,,-7,,,,,,
26011,888,,-7,,,,,,
26012,888,,-7,,,,,,
26014,888,,-7,,,,,,
26015,888,,-7,,,,,,
26017,888,,-7,,,,,,
26018,888,,-7,,,,,,
26020,888,,-7,,,,,,
26021,888,,-7,,,,,,
26023,888,,-7,,,,,,
26024,888,,-7,,,,,,
26026,888,,-7,,,,,,
26027,888,,-7,,,,,,
26029,888,,-7,,,,,,
26030,888,,-7,,,,,,
26032,888,,-7,,,,,,
26033,888,,-7,,,,,,
26035,888,,-7,,,,,,
26036,888,,-7,,,,,,
26038,888,,-7,,,,,,
26039,888,,-7,,,,,,
26041,888,,-7,,,,,,
26042,888,,-7,,,,,,
26044,888,,-7,,,,,,
26045,888,,-7,,,,,,
26047,888,,-7,,,,,,
26048,888,,-7,,,,,,
26050,888,,-7,,,,,,
26051,888,,-7,,,,,,
26053,888,,-7,,,,,,
26054,888,,-7,,,,,,
26056,888,,-7,,,,,,
26057,888,,-7,,,,,,
26059,888,,-7,,,,,,
26060,888,,-7,,,,,,
26062,888,,-7,,,,,,
26063,888,,-7,,,,,,
26065,888,,-7,,,,,,
26066,888,,-7,,,,,,
26068,888,,-7,,,,,,
26069,888,,-7,,,,,,
26071,888,,-7,,,,,,
26072,888,,-7,,,,,,
26074,888,,-7,,,,,,
26075,888,,-7,,,,,,
26077,888,,-7,,,,,,
26078,888,,-7,,,,,,
26080,888,,-7,,,,,,
26081,888,,-7,,,,,,
26083,888,,-7,,,,,,
26084,888,,-7,,,,,,
26086,888,,-7,,,,,,
26087,888,,-7,,,,,,
26089,888,,-7,,,,,,
26090,888,,-7,,,,,,
26092,888,,-7,,,,,,
26093,888,,-7,,,,,,
26095,888,,-7,,,,,,
26096,888,,-7,,,,,,
26098,888,,-7,,,,,,
26099,888,,-7,,,,,,
26101,888,,-7,,,,,,
26102,888,,-7,,,,,,
26104,888,,-7,,,,,,
26105,888,,-7,,,,,,
26107,888,,-7,,,,,,
26108,888,,-7,,,,,,
26110,888,,-7,,,,,,
26111,888,,-7,,,,,,
26113,888,,-7,,,,,,
26114,888,,-7,,,,,,
26116,888,,-7,,,,,,
26117,888,,-7,,,,,,
26119,888,,-7,,,,,,
26120,888,,-7,,,,,,
26122,888,,-7,,,,,,
26123,888,,-7,,,,,,
26125,888,,-7,,,,,,
26126,888,,-7,,,,,,
26128,888,,-7,,,,,,
26129,888,,-7,,,,,,
26131,888,,-7,,,,,,
26132,888,,-7,,,,,,
26134,888,,-7,,,,,,
26135,888,,-7,,,,,,
26137,888,,-7,,,,,,
26138,888,,-7,,,,,,
26140,888,,-7,,,,,,
26141,888,,-7,,,,,,
26143,888,,-7,,,,,,
26144,888,,-7,,,,,,
26146,888,,-7,,,,,,
26147,888,,-7,,,,,,
26149,1340,,3,,,,,,
26150,550,,-1,,,,,,
26151,550,,-1,,,,,,
26152,550,,-1,,,,,,
26153,550,,-1,,,,,,
26154,840,,,,,,,,
26156,842,,-3,,,,,,
26158,1250,-1,,,,,,,
26160,1250,-1,,,,,,,
26162,1250,-1,,,,,,,
26164,1250,-1,,,,,,,
26166,1740,,-8,,,,,,
26168,740,7,-33,,,,,,
26170,984,,-4,,,,,,
26172,1411,,5,,,,,,
26174,1411,,5,,,,,,
26176,1411,,5,,,,,,
26178,1411,,5,,,,,,
26180,2022,,3,,,,,,
26182,740,7,-33,,,,,,
26184,2140,3,6,,,,,,
26185,2140,3,6,,,,,,
26186,2140,3,6,,,,,,
26187,2140,3,6,,,,,,
26188,2140,3,6,,,,,,
26189,2140,3,6,,,,,,
26190,2140,3,6,,,,,,
26191,2140,3,6,,,,,,
26192,2140,3,6,,,,,,
26193,2140,3,6,,,,,,
26194,2140,3,6,,,,,,
26195,2140,3,6,,,,,,
26196,2140,3,6,,,,,,
26197,2140,3,6,,,,,,
26198,2140,3,6,,,,,,
26199,2140,3,6,,,,,,
26200,2140,3,6,,,,,,
26201,2140,3,6,,,,,,
26202,2140,3,6,,,,,,
26203,2140,3,6,,,,,,
26204,2140,3,6,,,,,,
26205,2140,3,6,,,,,,
26206,2140,3,6,,,,,,
26207,2140,3,6,,,,,,
26208,2140,3,6,,,,,,
26209,2140,3,6,,,,,,
26210,2140,3,6,,,,,,
26211,2140,3,6,,,,,,
26212,2140,3,6,,,,,,
26213,2140,3,6,,,,,,
26214,2140,3,6,,,,,,
26215,2140,3,6,,,,,,
26216,3000,,,,,,,,
26217,1940,,1,,,,,,
26218,1940,,1,,,,,,
26219,1598,2,20,,,,,,
26221,1221,,,,,,,,
26223,1744,,-2,,,,,,
26225,822,-1,-3,,,,,,
26227,789,-1,5,,,,,,
26229,720,2,-3,,,,,,
26231,1020,7,13,,,,,,
26233,1957,-1,-1,,,,,,
26235,740,7,-33,,,,,,
26241,987,,,,,,,,
26243,1414,,-6,,,,,,
26245,1842,2,-11,,,,,,
26247,950,,-9,,,,,,
26248,4379,,-12,,,,,,
26250,970,,-1,,,,,,
26252,1040,1,7,,,,,,
26254,1208,6,9,,,,,,
26256,1370,,7,,,,,,
26258,1370,,7,,,,,,
26260,735,-9,-3,,,,,,
26262,1180,-6,4,,,,,,
26264,910,,,,,,,,
26266,954,1,19,,,,,,
26269,4560,-6,-96,,,,,,
26270,694,,-9,,,,,,
26272,822,,-9,,,,,,
26274,1020,,-3,,,,,,
26276,950,,-9,,,,,,
26278,950,,-9,,,,,,
26280,1250,-1,,,,,,,
26282,1762,,-4,,,,,,
26284,950,,-9,,,,,,
26286,1250,-1,,,,,,,
26288,1762,,-4,,,,,,
26290,950,,-9,,,,,,
26292,1579,-3,-7,,,,,,
26294,1020,,-3,,,,,,
26296,822,,,,,,,,
26298,824,,-13,,,,,,
26300,824,,-13,,,,,,
26302,824,,-13,,,,,,
26304,1206,,-2,,,,,,
26306,1206,,-2,,,,,,
26308,824,,-13,,,,,,
26310,828,5,-9,,,,,,
26312,724,1,1,,,,,,
26314,900,-9,-12,,,,,,
26316,824,,-13,,,,,,
26318,824,,-13,,,,,,
26320,824,,-13,,,,,,
26322,824,,-13,,,,,,
26324,824,,-13,,,,,,
26326,950,,-9,12,12,12,,,
26328,950,,-9,14,14,14,,,
26330,950,,-9,16,16,16,,,
26332,950,,-9,18,18,18,,,
26334,950,,-9,20,20,20,,,
26336,950,,-9,22,22,22,,,
26338,950,,-9,24,24,24,,,
26340,550,,-1,,,,,,
26342,550,,-1,,,,,,
26344,550,,-1,,,,,,
26346,550,,-1,,,,,,
26348,2697,-3,-33,,,,,,
26350,550,,-1,,,,,,
26353,550,,-1,,,,,,
26356,822,-1,-4,,,,,,
26358,724,3,3,,,,,,
26360,461,1,1,,,,,,
26362,465,,1,,,,,,
26364,493,,1,,,,,,
26366,1020,-1,11,,,,,,
26368,1210,-6,,,,,,,
26370,789,-3,,,,,,,
26372,1358,-1,-1,,,,,,
26374,1184,-5,-53,,,,,,
26376,740,-1,-2,,,,,,
26378,1480,1,-1,,,,,,
26380,1720,-1,8,,,,,,
26382,740,,-2,,,,,,
26384,1480,-1,-1,,,,,,
26386,1720,-1,8,,,,,,
26388,1730,,-20,,,,,,
26390,764,-2,2,,,,,,
26392,764,-2,2,,,,,,
26394,1822,2,5,,,,,,
26417,1730,1,27,,,,,26418,
26418,,,,,,,13189,26417,
26419,1730,1,27,,,,,26420,
26420,,,,,,,13189,26419,
26421,1592,,,,,,,,
26424,1676,-2,-4,,,,,,
26427,789,1,-11,,,,,,
26430,1400,,-8,,,,,,
26433,1940,,1,,,,,,
26436,770,1,-6,,,,,,
26439,789,1,-11,,,,,,
26442,1400,,-8,,,,,,
26445,1940,,1,,,,,,
26448,770,1,-6,,,,,,
26451,789,1,-11,,,,,,
26454,1400,,-8,,,,,,
26457,1940,,1,,,,,,
26460,770,1,-6,,,,,,
26463,919,,3,,,,,,
26465,2022,,9,,,,,,
26467,930,8,-8,,,,,,
26469,1221,,,,,,,,
26471,2105,,-1,,,,,,
26473,919,1,5,,,,,,
26475,620,1,-1,,,,,,
26477,720,4,-5,,,,,,
26479,1592,,,,,,,,
26482,921,3,-7,,,,,,
26484,921,3,-7,,,,,,
26486,926,,8,,,,,,
26488,830,1,-21,,,,,,
26490,830,1,-21,,,,,,
26492,830,1,-21,,,,,,
26494,830,1,-21,,,,,,
26496,830,1,-21,,,,,,
26498,830,1,-21,,,,,,
26500,1118,,,,,,,,
26503,1075,,,,,,,,
26505,1075,,,,,,,,
26507,1232,,,,,,,,
26509,1232,,,,,,,,
26511,1360,,,,,,,,
26513,1360,,,,,,,,
26515,2256,,-5,,,,,,
26517,1124,1,,,,,,,
26520,2718,-4,-20,,,,,,
26522,1878,-4,-86,,,,,,
26524,4560,,-3,,,,,,
26526,1170,4,17,,,,,,
26528,1592,,,,,,,,
26531,980,,-18,,,,,,
26533,1870,,,,,,,,
26535,1690,5,7,,,,,,
26537,830,,3,,,,,,
26539,770,,-4,,,,,,
26541,1592,,,,,,,,
26544,582,,,,,,,,
26545,582,,,,,,,,
26546,582,1,,,,,,,
26547,582,-1,,,,,,,
26548,582,-1,,,,,,,
26549,730,1,6,,,,,,
26551,863,2,-20,,,,,,
26554,1762,,,,,,,,
26557,1762,,,,,,,,
26560,1762,,,,,,,,
26566,1010,1,,,,,,,
26567,1244,-1,,,,,,,
26569,1100,6,-3,,,,,,
26571,728,4,15,,,,,,
26572,915,7,5,,,,,,
26573,791,5,12,,,,,,
26574,900,4,4,,,,,,
26575,570,3,7,,,,,,
26576,934,1,11,,,,,,
26577,848,1,,,,,,,
26579,919,4,-26,,,,,,
26581,550,,-1,,,,,,
26583,550,,-1,,,,,,
26585,550,,-1,,,,,,
26587,550,,-1,,,,,,
26589,972,4,7,,,,,,
26590,972,4,7,,,,,,
26591,972,4,7,,,,,,
26592,972,4,7,,,,,,
26593,972,4,7,,,,,,
26594,3024,-18,-20,,,,,,
26595,3024,-18,-20,,,,,,
26596,950,,-9,,,,,,
26598,650,1,-6,,,,,,
26600,820,-1,13,,,,,,
26602,1040,1,7,,,,,,
26605,1010,1,,,,,,,
26607,1010,1,,,,,,,
26609,1010,1,,,,,,,
26611,1010,1,,,,,,,
26613,1552,3,3,,,,,,
26615,1020,,-18,,,,,,
26617,1020,,-18,,,,,,
26619,990,-1,2,,,,,,
26621,990,-1,2,,,,,,
26623,550,,-4,,,,,,
26625,1110,,,,,,,,
26627,930,9,10,,,,,,
26629,990,,1,,,,,,
26631,990,,1,,,,,,
26633,990,,1,,,,,,
26635,990,,1,,,,,,
26637,990,,1,,,,,,
26639,440,1,129,,,,,,
26641,830,,5,,,,,,
26643,830,,5,,,,,,
26645,990,,1,,,,,,
26647,990,,1,,,,,,
26649,2204,3,5,,,,,,
26651,842,-2,1,,,,,,
26652,842,-2,1,,,,,,
26653,842,-2,1,,,,,,
26654,842,-2,1,,,,,,
26655,842,-2,1,,,,,,
26656,770,6,,,,,,,
26657,770,6,,,,,,,
26658,770,6,,,,,,,
26659,770,6,,,,,,,
26660,770,6,,,,,,,
26661,770,6,,,,,,,
26662,720,3,,,,,,,
26663,720,3,,,,,,,
26664,720,3,,,,,,,
26665,720,3,,,,,,,
26666,720,3,,,,,,,
26667,720,3,,,,,,,
26668,770,3,,,,,,,
26669,770,3,,,,,,,
26670,770,3,,,,,,,
26671,770,3,,,,,,,
26672,770,3,,,,,,,
26673,770,3,,,,,,,
26674,779,-4,-3,,,,,,
26675,779,-4,-3,,,,,,
26676,779,-4,-3,,,,,,
26677,779,-4,-3,,,,,,
26678,779,-4,-3,,,,,,
26679,779,-4,-3,,,,,,
26680,779,-4,-3,,,,,,
26681,779,-4,-3,,,,,,
26682,779,-4,-3,,,,,,
26683,779,-4,-3,,,,,,
26684,779,-4,-3,,,,,,
26685,1020,12,-17,,,,,,
26686,867,3,-3,,,,,,
26687,867,3,-6,,,,,,
26688,867,3,-3,,,,,,
26689,1167,-3,-4,,,,,,
26690,1167,-3,-4,,,,,,
26691,1167,-3,-4,,,,,,
26692,1633,-5,17,,,,,,
26693,1633,-5,17,,,,,,
26694,1633,-5,17,,,,,,
26695,1333,,-3,,,,,,
26696,633,-1,-13,,,,,,
26697,700,-1,-13,,,,,,
26698,867,-5,-5,,,,,,
26699,867,-8,,,,,,,
26700,800,-1,-2,,,,,,
26701,667,,-1,,,,,,
26702,667,,-1,,,,,,
26703,667,,-1,,,,,,
26704,1940,,1,,,,,,
26705,650,1,,,,,,,
26706,1866,-3,3,,,,,,
26707,1616,-16,10,,,,,,
26708,1014,,9,,,,,,
26709,1616,-16,8,,,,,,
26710,1600,9,-4,,,,,,
26711,1616,-11,11,,,,,,
26712,1284,5,-16,,,,,,
26713,1616,-10,8,,,,,,
26714,789,11,-7,,,,,,
26715,1494,-3,6,,,,,,
26716,1829,-1,4,,,,,,
26717,1616,-10,8,,,,,,
26718,1480,-4,7,,,,,,
26719,1678,,10,,,,,,
26720,724,,-7,,,,,,
26721,1333,,-3,,,,,,
26722,1333,,-3,,,,,,
26723,700,-1,-13,,,,,,
26724,700,-1,-13,,,,,,
26725,700,-1,-13,,,,,,
26726,700,-1,-13,,,,,,
26727,700,-1,-13,,,,,,
26728,700,-1,-13,,,,,,
26729,700,-1,-13,,,,,,
26730,700,-1,-13,,,,,,
26731,667,,-1,,,,,,
26732,667,,-1,,,,,,
26733,667,,-1,,,,,,
26734,667,,-1,,,,,,
26735,667,,-1,,,,,,
26736,667,,-1,,,,,,
26737,800,,,,,,,,
26738,700,,-3,,,,,,
26739,733,-1,-2,,,,,,
26740,700,-1,,,,,,,
26741,800,-1,-2,,,,,,
26742,800,-1,-2,,,,,,
26743,867,3,-3,,,,,,
26744,867,3,-3,,,,,,
26745,867,3,-6,,,,,,
26746,867,3,-6,,,,,,
26747,867,3,-3,,,,,,
26748,867,3,-3,,,,,,
26749,1167,-3,-4,,,,,,
26750,1167,-3,-4,,,,,,
26751,1167,-3,-4,,,,,,
26752,1167,-3,-4,,,,,,
26753,1167,-3,-4,,,,,,
26754,1167,-3,-4,,,,,,
26755,1633,-5,17,,,,,,
26756,1633,-5,17,,,,,,
26757,1633,-5,17,,,,,,
26758,1633,-5,17,,,,,,
26759,1633,-5,17,,,,,,
26760,1633,-5,17,,,,,,
26761,830,4,-12,,,,,,
26762,830,3,-35,,,,,,
26763,440,2,-18,,,,,,
26764,900,-9,-12,,,,,,
26765,592,-3,,,,,,,
26766,750,-3,-12,,,,,,
26767,620,3,-13,,,,,,
26768,630,4,-14,,,,,,
26769,570,2,-6,,,,,,
26770,600,3,-15,,,,,,
26771,854,-1,3,,,,,,
26772,854,-1,3,,,,,,
26773,854,-1,3,,,,,,
26774,854,-1,3,,,,,,
26775,854,-1,3,,,,,,
26776,854,-1,3,,,,,,
26777,854,-1,3,,,,,,
26778,854,-1,3,,,,,,
26779,854,-1,3,,,,,,
26780,854,-1,3,,,,,,
26781,854,-1,3,,,,,,
26782,440,2,-18,,,,,,
26784,888,,,,,,,,
26786,888,,,,,,,,
26788,480,,-25,,,,,,
26792,1808,1,5,,,,,,2:26794|3:26795|4:26796|5:26797
26794,1808,1,5,,,,,,
26795,1808,1,5,,,,,,
26796,1808,1,5,,,,,,
26797,1808,1,5,,,,,,
26798,1416,2,20,,,,,,
26801,480,,-25,,,,,,
26804,480,,-25,,,,,,
26807,760,,1,,,,,,
26809,760,,1,,,,,,
26811,760,,1,,,,,,
26813,850,2,4,,,,,,
26815,789,-5,-27,,,,,,
26818,789,-5,-27,,,,,,
26820,510,,,,,,,,
26822,1180,,-2,,,,,,
26824,1180,,-2,,,,,,
26826,1180,,-2,,,,,,
26828,1180,,-2,,,,,,
26830,1180,,-2,,,,,,
26832,1180,,-2,,,,,,
26834,1180,,-2,,,,,,
26836,1180,,-2,,,,,,
26838,1180,,-2,,,,,,
26840,1180,,-2,,,,,,
26842,1180,,-2,,,,,,
26844,1180,,-2,,,,,,
26846,1180,,-2,,,,,,
26848,1180,,-2,,,,,,
26850,1118,4,-13,,,,,,
26852,1414,,14,,,,,,
26854,1711,,9,,,,,,
26856,822,1,-7,,,,,,
26858,1118,4,-13,,,,,,
26860,1414,,14,,,,,,
26862,1711,,9,,,,,,
26864,1118,4,-13,,,,,,
26866,1414,,14,,,,,,
26868,1711,,9,,,,,,
26870,1118,4,-13,,,,,,
26872,1414,,14,,,,,,
26874,1711,,9,,,,,,
26876,840,,,,,,,,
26878,1908,-4,3,,,,,,
26879,1020,-1,2,,,,,,
26880,1053,-1,6,,,,,,
26881,1053,-1,5,,,,,,
26882,1358,1,-34,,,,,,
26883,1358,1,-34,,,,,,
26884,1358,1,-34,,,,,,
26885,1358,1,-34,,,,,,
26886,1358,1,-34,,,,,,
26887,1616,-1,,,,,,,
26888,1616,-1,,,,,,,
26889,1616,-1,,,,,,,
26890,1616,-1,,,,,,,
26891,1616,-1,,,,,,,
26892,1616,-1,,,,,,,
26893,1616,-1,,,,,,,
26894,1616,-1,,,,,,,
26895,1616,-1,,,,,,,
26896,1616,-1,,,,,,,
26897,1616,-1,,,,,,,
26898,1616,-1,,,,,,,
26899,4888,-14,-100,,,,,,
26901,2566,-3,-43,,,,,,
26903,592,2,34,,,,,,
26904,500,-1,-2,,,,,,
26905,1020,-1,11,,,,,,
26906,888,,,,,,,,
26908,760,,2,,,,,,
26910,465,7,66,,,,,,
26912,900,2,,,,,,,
26914,592,2,34,,,,,,
26916,540,,-1,,,,,,
26917,700,4,1,,,,,,
26918,1040,1,7,,,,,,
26919,1415,1,-29,200,200,200,,,
26920,1415,,-29,200,200,200,,,
26921,1415,,-29,200,200,200,,,
26922,1206,,-2,,,,,,
26923,1206,,-2,,,,,,
26924,950,,-9,,,,,,
26925,1650,,-4,,,,,,
26926,630,3,-3,172,172,172,,,
26927,1210,-6,,,,,,,
26928,630,3,-3,172,172,172,,,
26929,1852,4,-1,,,,,,
26930,2166,3,7,,,,,,
26931,2294,,-87,,,,,,
26932,2867,-3,4,,,,,,
26933,2867,-3,4,,,,,,
26934,1398,3,-3,,,,,,
26935,3167,-4,-21,,,,,,
26936,3167,-4,-21,,,,,,
26937,1404,2,-23,,,,,,
26939,772,7,-1,,,,,,
26941,1053,-1,5,,,,,,
26942,1020,-1,11,,,,,,
26943,1010,1,,,,,,,
26944,1010,1,,,,,,,
26945,1744,-1,46,,,,,,
26948,1744,-1,46,,,,,,
26950,1744,-1,46,,,,,,
26952,2156,-5,11,,,,,,
26953,1104,-1,1,,,,,,
26954,1370,,-16,,,,,,
26955,720,,,,,,,,
26956,1414,-1,,,,,,,
26957,1414,-1,,,,,,,
26958,1414,-1,,,,,,,
26959,1414,-1,,,,,,,
26960,700,-3,5,,,,,,
26961,1488,2,-87,,,,,,
26962,2400,,12,,,,,,
26963,975,6,-10,,,,,,
26965,970,,13,,,,,,
26967,526,,-34,,,,,,
26969,526,,-34,,,,,,
26971,1730,1,27,,,,,26972,
26972,,,,,,,13189,26971,
26973,1730,1,27,,,,,26974,
26974,,,,,,,13189,26973,
26975,1730,1,27,,,,,26976,
26976,,,,,,,13189,26975,
26977,1730,1,27,,,,,26978,
26978,,,,,,,13189,26977,
26979,1730,1,27,,,,,26980,
26980,,,,,,,13189,26979,
26981,1940,,1,,,,,,
26982,1940,,1,,,,,,
26983,1940,,1,,,,,,
26984,900,2,,,,,,,
26986,900,2,,,,,,,
26988,900,2,,,,,,,
26990,592,2,34,,,,,,
26992,592,2,34,,,,,,
26994,592,2,34,,,,,,
26996,1000,-5,-12,,,,,,
26997,1000,-5,-12,,,,,,
27000,919,,3,,,,,,
27001,2022,,9,,,,,,
27002,930,8,-8,,,,,,
27003,1221,,,,,,,,
27004,2105,,-1,,,,,,
27005,919,1,5,,,,,,
27006,620,1,-1,,,,,,
27007,720,4,-5,,,,,,
27008,589,5,8,,,,,,
27009,490,1,20,,,,,,
27010,,2,6,,,,,,
27012,2160,2,8,,,,,,
27014,1428,12,-18,,,,,,
27017,1466,2,-8,,,,,,
27019,1252,4,,,,,,,
27021,,2,6,,,,,,
27023,1167,-1,,,,,,,
27025,1697,-2,-1,,,,,,
27027,833,2,-15,,,,,,
27029,833,-3,-1,,,,,,
27031,833,-3,-1,,,,,,
27033,1940,,1,,,,,,
27034,1940,,1,,,,,,
27035,526,,6,,,,,,
27037,730,3,,,,,,,
27038,730,3,,,,,,,
27039,730,3,,,,,,,
27040,730,3,,,,,,,
27041,730,3,,,,,,,
27042,842,,-3,,,,,,
27044,1740,,-8,,,,,,
27046,740,7,-33,,,,,,
27048,1250,-1,,,,,,,
27050,1250,-1,,,,,,,
27052,1250,-1,,,,,,,
27054,1250,-1,,,,,,,
27086,350,-4,,,,,,,
27087,850,2,4,,,,,27088,
27088,,,,,,,13189,27087,
27098,1616,-14,4,,,,,,
27100,,-3,-99,,,,,,
27110,789,,-1,,,,,,
27111,789,,-1,,,,,,
27112,789,,-1,,,,,,
27113,1616,-10,8,,,,,,
27115,1503,-1,3,,,,,,
27117,2281,-3,-11,,,,,,
27119,789,-4,-7,,,,,,
27121,1616,-10,8,,,,,,
27123,1150,2,,,,,,,
27125,1508,,,,,,,,
27127,2016,,2,,,,,,
27141,526,,6,,,,,,
27143,526,,6,,,,,,
27145,526,,6,,,,,,
27147,526,,6,,,,,,
27149,526,,6,,,,,,
27151,526,,6,,,,,,
27153,526,,6,,,,,,
27155,526,,6,,,,,,
27157,696,,8,,,,,,
27158,1870,,,,,,,,
27159,1690,5,7,,,,,,
27160,1870,,,,,,,,
27161,1690,5,7,,,,,,
27162,770,1,-6,,,,,,
27163,528,,20,,,,,,
27164,528,3,12,,,,,,
27165,550,3,,,,,,,
27166,930,,-2,,,,,,
27167,1320,,6,,,,,,
27168,1980,,,,,,,,
27169,890,2,,,,,,,
27170,750,2,-5,,,,,,
27171,659,,-7,,,,,,
27172,1020,,-16,,,,,,
27173,620,1,16,,,,,,
27174,1503,-1,3,,,,,,
27175,2281,-3,-11,,,,,,
27176,789,-4,-7,,,,,,
27177,1720,,,,,,,,
27178,716,,,,,,,,
27179,1616,,5,,,,,,
27180,1827,,-1,,,,,,
27181,1827,,-1,,,,,,
27182,1827,,-1,,,,,,
27183,917,7,-23,,,,,,
27184,1957,-1,-1,,,,,,
27185,490,1,20,,,,,,
27186,1184,-5,-53,,,,,,
27187,,-1,4,,,,,,
27188,1250,8,-18,,,,,,
27189,1440,,32,,,,,,
27190,1210,3,1,,,,,,
27191,830,1,-21,,,,,,
27192,720,3,5,,,,,,2:8723|3:8725|4:8727|5:8729
27193,1358,,-3,,,,,,
27194,1690,-1,7,,,,,,
27195,540,,-5,,,,,,
27196,1228,,,,,,,,
27197,1740,,,,,,,,
27198,1642,1,16,,,,,,
27199,1503,-5,-1,,,,,,
27200,1827,,-1,,,,,,
27201,789,2,-35,,,,,,
27202,550,,-1,,,,,,
27205,550,,-1,,,,,,
27208,550,,-1,,,,,,
27211,550,,-1,,,,,,
27214,461,1,-5,,,,,,
27216,461,1,-5,,,,,,
27219,395,-3,69,,,,,,
27221,691,11,10,,,,,,
27223,855,-8,1,,,,,,
27225,830,-1,9,,,,,,
27226,1033,-2,-3,,,,,,
27229,1240,,11,,,,,,
27232,,,4,,,,,,
27235,1033,-2,-3,,,,,,
27238,1240,,11,,,,,,
27241,,,4,,,,,,
27246,1888,3,-7,,,,,,
27248,1086,7,-2,,,,,,
27251,1368,3,3,,,,,,
27253,1368,3,3,,,,,,
27255,768,,,,,,,,
27257,2033,4,8,,,,,,
27259,2033,4,8,,,,,,
27261,2033,4,8,,,,,,
27263,2033,4,8,,,,,,
27265,2033,4,8,,,,,,
27267,720,,,,,,,,
27269,1822,2,5,,,,,,
27272,1360,17,62,,,,,,
27275,1960,-11,16,,,,,,
27277,1960,-11,16,,,,,,
27279,590,2,,,,,,,
27281,850,-13,1,,,,,,
27283,720,,1,,,,,,
27285,720,,1,,,,,,
27287,1513,-2,15,,,,,,
27289,720,,1,,,,,,
27291,1513,-2,15,,,,,,
27293,2050,3,-6,,,,,,
27295,1284,,-1,,,,,,
27296,2171,,,,,,,,
27297,678,,-7,,,,,,
27298,1020,-1,11,,,,,,
27299,840,2,-2,,,,,,
27300,840,,,,,,,,
27302,840,,,,,,,,
27304,840,,,,,,,,
27306,840,,,,,,,,
27308,840,,,,,,,,
27310,840,,,,,,,,
27312,840,,,,,,,,
27314,1626,,,,,,,,
27315,678,,,,,,,,
27317,678,,,,,,,,
27319,678,,-4,,,,,,
27321,678,-5,-7,,,,,,
27323,816,-1,,,,,,,
27325,816,-1,,,,,,,
27327,678,,,,,,,,
27329,678,,,,,,,,
27331,678,,-4,,,,,,
27333,678,-5,-7,,,,,,
27335,1221,6,1,,,,,,
27337,1221,6,1,,,,,,
27339,678,,-4,,,,,,
27341,678,-1,-7,,,,,,
27343,1388,,3,,,,,,
27345,1388,,3,,,,,,
27347,678,,-4,,,,,,
27349,678,-1,-7,,,,,,
27351,1364,-1,-19,,,,,,
27352,2669,-3,-36,,,,,,
27354,2669,-3,-36,,,,,,
27355,1762,,,,,,,,
27358,830,1,-21,,,,,,
27359,1104,-4,-4,,,,,,
27361,2232,,-5,,,,,,
27363,2232,,-5,,,,,,
27365,2232,,-5,,,,,,
27366,720,,,,,,,,
27368,630,3,-3,64,64,64,,,
27369,1118,3,10,,,,,,
27370,832,,-7,,,,,,
27372,1414,-1,24,,,,,,
27374,1104,-4,-4,,,,,,
27376,1104,-4,-4,,,,,,
27377,625,5,2,,,,,,
27378,2599,,-5,,,,,,
27379,976,6,7,,,,,,
27380,691,-7,-2,12,12,12,,,
27381,770,1,1,,,,,,
27382,2905,-9,-40,,,,,,
27383,4088,-5,-100,,,,,,
27384,3446,-5,-54,,,,,,
27385,3243,,-33,,,,,,
27386,2669,-3,-36,,,,,,
27387,2669,-3,-36,,,,,,
27388,1254,3,-6,,,,,,
27390,1556,,-3,,,,,,
27392,822,2,-8,,,,,,
27394,757,1,-5,,,,,,
27396,1254,3,-6,,,,,,
27398,1556,,-3,,,,,,
27400,822,2,-8,,,,,,
27402,757,1,-5,,,,,,
27404,1254,3,-6,,,,,,
27406,1556,,-3,,,,,,
27408,822,2,-8,,,,,,
27410,757,1,-5,,,,,,
27412,740,7,-33,,,,,,
27414,1677,2,,,,,,,
27416,1020,,3,,,,,,
27418,1050,,,,,,,,
27420,1360,,,,,,,,
27422,1600,,,,,,,,
27424,1616,,,,,,,,
27426,990,5,,,,,,,
27427,1010,1,,,,,,,
27428,878,,-36,,,,,,
27430,1318,-1,2,,,,,,
27432,2027,,7,,,,,,
27434,743,,3,,,,,,
27436,743,-1,-10,,,,,,
27438,2027,-10,39,,,,,,
27440,1385,12,62,,,,,,
27442,1884,3,6,,,,,,
27444,822,2,-8,,,,,,
27446,822,2,-8,,,,,,
27447,2320,2,2,,,,,,
27449,2320,2,2,,,,,,
27450,1254,3,-6,,,,,,
27452,1254,3,-6,,,,,,
27453,1556,,-3,,,,,,
27455,1556,,-3,,,,,,
27456,592,3,3,,,,,,
27458,592,3,3,,,,,,
27459,757,1,-5,,,,,,
27461,757,1,-5,,,,,,
27462,789,,,,,,,,
27463,880,,,,,,,,
27465,880,,,,,,,,
27467,880,,,,,,,,
27469,880,,,,,,,,
27471,880,,,,,,,,
27473,1047,1,92,,,,,,
27475,1250,-1,39,,,,,,
27477,1723,-4,2,,,,,,
27479,845,-7,,,,,,,
27481,2027,1,8,,,,,,
27483,1280,4,-9,,,,,,
27485,1058,1,-12,,,,,,
27488,976,7,1,,,,,,
27491,550,1,2,,,,,,
27494,720,6,-9,,,,,,
27497,596,-1,-2,,,,,,
27499,596,2,2,,,,,,
27501,724,,,,,,,,
27503,852,-2,,,,,,,
27505,596,-4,-2,,,,,,
27507,724,-4,-2,,,,,,
27509,850,-13,1,,,,,,
27511,840,,,,,,,,
27513,1020,1,5,,,,,,
27515,1020,-1,11,,,,,,
27516,1020,-1,11,,,,,,
27517,1020,-1,11,,,,,,
27518,1020,-1,9,,,,,,
27519,1370,,-16,,,,,,
27520,1370,,-16,,,,,,
27521,1370,1,-15,,,,,,
27522,1382,1,-7,,,,,,
27523,1118,-2,6,,,,,,
27524,1020,,,,,,,,
27525,1118,3,4,,,,,,
27526,1020,-1,3,,,,,,
27527,1118,-2,6,,,,,,
27528,1020,1,,,,,,,
27529,1118,-2,9,,,,,,
27530,1020,3,1,,,,,,
27531,1118,,1,,,,,,
27532,690,,-1,,,,,,
27533,1020,3,2,,,,,,
27534,1118,-1,-7,,,,,,
27535,1020,-3,-3,,,,,,
27536,1118,-7,-6,,,,,,
27537,1020,,,,,,,,
27538,690,1,2,,,,,,
27539,465,,-1,,,,,,
27540,780,-2,-5,,,,,,
27541,740,,1,,,,,,
27542,2030,-3,,,,,,,
27543,840,2,-2,,,,,,
27544,812,,3,,,,,,
27550,700,5,40,,,,,,
27551,700,5,40,,,,,,
27552,700,5,40,,,,,,
27553,700,5,40,,,,,,
27554,1469,-1,11,,,,,,
27555,1469,-1,11,,,,,,
27556,1469,-1,11,,,,,,
27557,1579,3,11,,,,,,
27558,1182,-2,10,,,,,,
27559,950,,-9,18,18,18,,,
27560,950,,-9,18,18,18,,,
27561,660,-3,2,,,,,,
27562,600,1,100,,,,,,
27563,660,-3,2,,,,,,
27564,2012,3,3,,,,,,
27566,1232,,3,,,,,,
27568,668,5,-4,,,,,,
27570,1182,-2,10,,,,,,
27572,1232,,5,,,,,,
27574,1678,,17,,,,,,
27576,691,4,-9,,,,,,
27578,720,1,-1,,,,,,
27580,1743,-5,-13,,,,,,
27582,1232,,5,,,,,,
27583,1678,,17,,,,,,
27584,819,4,-12,,,,,,
27585,720,1,-1,,,,,,
27586,1967,-2,-2,,,,,,
27588,507,-2,-4,,,,,,
27590,2796,-6,-38,,,,,,
27592,2796,,-41,,,,,,
27593,2796,-4,-38,,,,,,
27594,428,6,20,,,,,,
27595,1040,1,7,,,,,,
27596,848,,,,,,,,
27597,990,-1,56,,,,,,
27598,1010,1,,,,,,,
27599,1040,1,7,,,,,,
27600,1020,-1,11,,,,,,
27601,1020,-1,11,,,,,,
27602,1040,-1,18,,,,,,
27603,,,,104,104,104,,,
27604,1283,-1,-12,80,80,80,,,
27605,987,4,-3,,,,,,
27606,921,4,-3,,,,,,
27607,720,,2,,,,,,
27608,700,-3,5,,,,,,
27609,2171,14,-5,,,,,,
27610,1382,5,-3,,,,,,
27612,1382,5,-3,,,,,,
27614,1053,1,4,,,,,,
27616,720,-1,-6,,,,,,10:27618|50:27619|100:27620|500:27621
27618,757,,-11,,,,,,
27619,987,1,-11,,,,,,
27620,987,,-11,,,,,,
27621,1086,-1,-11,,,,,,
27622,1283,-1,-12,80,80,80,,,
27624,1546,3,,120,120,120,,,
27626,1546,3,,120,120,120,,,
27627,921,-1,,,,,,,
27629,550,,-1,,,,,,
27632,550,,-1,,,,,,
27635,550,,-1,,,,,,
27638,550,,-1,,,,,,
27641,1068,1,-1,,,,,,
27643,954,-3,-3,80,80,80,,,
27644,395,,3,,,,,,
27645,625,2,2,,,,,,
27648,1380,9,-4,,,,,,
27649,4884,8,-14,,,,,,
27650,6084,-12,-12,,,,,,
27651,6084,-12,-12,,,,,,
27652,2107,-4,-3,,,,,,
27655,2107,-4,-3,,,,,,
27657,1351,8,-14,,,,,,
27660,1351,8,-14,,,,,,
27662,2105,,,,,,,,
27665,2105,,,,,,,,
27667,1067,-1,-5,,,,,,
27670,1014,-1,-3,,,,,,
27673,1151,3,-93,,,,,,
27676,2105,,,,,,,,
27679,2105,,,,,,,,
27681,1014,-5,-3,,,,,,
27684,1182,9,3,,,,,,
27687,473,4,16,,,,,,
27690,1723,1,-1,,,,,,
27693,1252,4,,,,,,,
27695,1070,-2,-19,,,,,,
27697,1284,-1,5,,,,,,
27699,1284,-1,5,,,,,,
27701,1784,-1,-4,,,,,,
27703,1784,-1,-4,,,,,,
27705,716,,3,,,,,,
27707,716,,3,,,,,,
27709,1284,-1,5,,,,,,
27711,1284,-1,5,,,,,,
27713,1784,-1,-4,,,,,,
27715,1784,-1,-4,,,,,,
27717,716,,3,,,,,,
27719,716,,3,,,,,,
27721,1284,-1,5,,,,,,
27723,1284,-1,5,,,,,,
27725,1784,-1,-4,,,,,,
27727,1784,-1,-4,,,,,,
27729,716,,3,,,,,,
27731,716,,3,,,,,,
27733,1284,-1,5,,,,,,
27735,1284,-1,5,,,,,,
27737,1784,-1,-4,,,,,,
27739,1784,-1,-4,,,,,,
27741,716,,3,,,,,,
27743,716,,3,,,,,,
27745,1284,-1,5,,,,,,
27747,1284,-1,5,,,,,,
27749,1784,-1,-4,,,,,,
27751,1784,-1,-4,,,,,,
27753,716,,3,,,,,,
27755,716,,3,,,,,,
27757,1284,-1,5,,,,,,
27759,1284,-1,5,,,,,,
27761,1784,-1,-4,,,,,,
27763,1784,-1,-4,,,,,,
27765,716,,3,,,,,,
27767,716,,3,,,,,,
27769,1284,-1,5,,,,,,
27771,1284,-1,5,,,,,,
27773,1784,-1,-4,,,,,,
27775,1784,-1,-4,,,,,,
27777,716,,3,,,,,,
27779,716,,3,,,,,,
27781,1730,1,27,,,,,27782,
27782,,,,,,,13189,27781,
27783,1616,,,,,,,,
27785,2105,,,,,,,,
27788,2105,,,,,,,,
27790,1300,12,3,,,,,,2:27792|3:27793
27792,1423,12,14,,,,,,
27793,2105,2,13,,,,,,
27794,1940,,1,,,,,,
27795,1940,,1,,,,,,
27796,1940,,1,,,,,,
27797,1940,,1,,,,,,
27798,1940,,1,,,,,,
27799,1940,,1,,,,,,
27800,1940,,1,,,,,,
27801,1940,,1,,,,,,
27802,1053,,2,,,,,,
27804,724,2,-9,,,,,,
27806,848,4,-12,,,,,,
27807,848,4,-12,,,,,,
27808,848,4,-12,,,,,,
27810,921,-2,-5,,,,,,
27812,2072,1,5,,,,,,
27814,888,-5,-10,,,,,,
27816,888,-2,-9,,,,,,
27817,888,-2,-9,,,,,,
27818,888,1,-4,,,,,,
27819,888,1,-4,,,,,,
27820,1546,6,1,,,,,,
27822,1217,1,1,,,,,,
27823,1217,1,1,,,,,,
27824,1217,1,1,,,,,,
27825,1217,1,1,,,,,,
27826,1217,1,1,,,,,,
27827,1217,1,1,,,,,,
27828,440,1,1,,,,,,
27831,1221,-1,4,,,,,,
27832,1753,,5,,,,,,
27833,789,1,-7,,,,,,
27834,1312,-3,7,,,,,,
27835,1625,,17,,,,,,
27836,592,-1,-1,,,,,,
27837,1312,,1,,,,,,
27838,1753,-1,3,,,,,,
27839,720,1,,,,,,,
27840,1272,,-5,,,,,,
27841,1756,,9,,,,,,
27842,1221,-1,4,,,,,,
27843,1753,,5,,,,,,
27844,789,1,-7,,,,,,
27845,1312,-3,7,,,,,,
27846,1625,,17,,,,,,
27847,592,-1,-1,,,,,,
27848,1312,,1,,,,,,
27849,1753,-1,3,,,,,,
27850,720,1,,,,,,,
27851,1272,,-5,,,,,,
27852,1756,,9,,,,,,
27853,2128,,,,,,,,
27855,1382,-3,21,,,,,,
27857,1184,-6,6,,,,,,
27859,1570,,-5,,,,,,
27861,835,5,7,,,,,,
27863,835,5,7,,,,,,
27865,835,5,7,,,,,,
27867,835,5,7,,,,,,
27869,1723,1,-1,,,,,,
27870,830,2,-3,,,,,,
27871,1528,4,21,,,,,,
27873,2116,4,6,,,,,,
27875,1208,-2,-14,,,,,,
27877,1208,-2,-14,,,,,,
27878,630,3,-3,172,172,172,,,
27880,630,3,-3,172,172,172,,,
27882,796,-1,3,,,,,,
27884,850,1,,,,,,,
27886,850,1,,,,,,,
27888,850,1,,,,,,,
27890,1020,,-18,,,,,,
27892,1210,-6,,,,,,,
27897,1190,-1,-2,,,,,,
27900,2150,,-3,,,,,,
27902,2150,,-3,,,,,,
27904,1744,1,3,,,,,,
27906,1744,1,3,,,,,,
27908,1616,,,,,,,,
27910,1616,,,,,,,,
27912,976,-1,,,,,,,
27914,976,-1,,,,,,,
27916,1598,-2,-12,,,,,,
27918,1598,-2,-12,,,,,,
27920,2128,,,,,,,,
27922,2128,,,,,,,,
27925,1221,-1,4,,,,,,
27928,1753,,5,,,,,,
27931,789,1,-7,,,,,,
27934,1312,-3,7,,,,,,
27937,1625,,17,,,,,,
27940,592,-1,-1,,,,,,
27943,1312,,1,,,,,,
27946,1753,-1,3,,,,,,
27949,720,1,,,,,,,
27952,1272,,-5,,,,,,
27955,1756,,9,,,,,,
27957,840,2,-2,,,,,,
27958,840,2,-2,,,,,,
27959,840,2,-2,,,,,,
27960,840,2,-2,,,,,,
27961,840,2,-2,,,,,,
27962,840,2,-2,,,,,,
27963,840,2,-2,,,,,,
27965,1221,-1,4,,,,,,
27968,1753,,5,,,,,,
27971,789,1,-7,,,,,,
27974,1312,-3,7,,,,,,
27977,1625,,17,,,,,,
27980,592,-1,-1,,,,,,
27983,1312,,1,,,,,,
27986,1753,-1,3,,,,,,
27989,720,1,,,,,,,
27992,1272,,-5,,,,,,
27995,1756,,9,,,,,,
27997,1221,1,-1,,,,,,
27999,1221,1,-1,,,,,,
28001,1221,1,-1,,,,,,
28003,1221,1,-1,,,,,,
28005,1221,1,-1,,,,,,
28007,1277,1,-1,,,,,,
28009,1280,1,-7,,,,,,
28011,1523,1,-1,,,,,,
28013,1527,1,-1,,,,,,
28015,1572,1,-1,,,,,,
28017,1414,-10,3,,,,,,
28019,760,,-4,,,,,,
28021,760,,-4,,,,,,
28023,760,,-4,,,,,,
28025,760,,-4,,,,,,
28027,1283,-8,36,,,,,,
28029,1168,3,1,,,,,,
28031,1640,,6,,,,,,
28033,1570,,-5,,,,,,
28035,1414,1,-3,,,,,,
28037,1678,1,-5,,,,,,
28039,886,-1,8,,,,,,
28041,1579,1,-3,,,,,,
28043,1579,1,-3,,,,,,
28045,1579,1,-3,,,,,,
28047,1579,1,-3,,,,,,
28049,2160,-1,2,,,,,,
28051,1941,-2,6,,,,,,
28053,987,2,7,,,,,,
28055,595,,-1,,,,,,
28057,670,1,-5,,,,,,
28059,1730,1,-5,,,,,,
28061,1740,,-8,,,,,,
28063,1230,,16,,,,,,
28065,1250,,-3,,,,,,
28067,1151,1,1,,,,,,
28069,1151,1,1,,,,,,
28070,808,-4,1,,,,,,
28072,1458,,5,,,,,,
28074,1458,,5,,,,,,
28076,1458,,5,,,,,,
28078,1458,,5,,,,,,
28080,1458,,5,,,,,,
28082,2500,,-59,,,,,,
28084,2500,,-59,,,,,,
28086,2500,,-59,,,,,,
28088,2500,,-59,,,,,,
28090,2500,,-59,,,,,,
28092,2500,,-59,,,,,,
28094,2500,,-59,,,,,,
28096,2500,,-59,,,,,,
28098,2500,,-59,,,,,,
28100,1940,,1,,,,,,
28101,1940,,1,,,,,,
28102,1940,,1,,,,,,
28103,1940,,1,,,,,,
28104,1940,,1,,,,,,
28105,1940,,1,,,,,,
28106,1940,,1,,,,,,
28107,1940,,1,,,,,,
28108,1663,-1,3,,,,,,
28109,1663,-1,3,,,,,,
28110,1663,-1,3,,,,,,
28111,1663,-1,3,,,,,,
28112,1663,-1,3,,,,,,
28113,1663,-1,3,,,,,,
28114,1663,-1,3,,,,,,
28115,1663,-1,3,,,,,,
28116,1217,1,1,,,,,,
28118,1217,1,1,,,,,,
28119,1217,1,1,,,,,,
28120,1217,1,1,,,,,,
28121,1217,1,1,,,,,,
28122,1217,1,1,,,,,,
28123,1217,1,1,,,,,,
28124,1217,1,1,,,,,,
28125,1217,1,1,,,,,,
28126,1217,,4,,,,,,
28128,926,,3,,,,,,
28130,1049,-8,1,,,,,,
28131,1210,-6,,,,,,,
28132,840,2,-2,,,,,,
28133,990,-1,56,,,,,,
28134,1360,-5,13,,,,,,
28136,921,3,2,,,,,,
28138,1477,-7,26,,,,,,
28140,888,3,-3,,,,,,
28142,888,-1,-1,,,,,,
28143,1184,2,11,,,,,,
28145,1184,2,11,,,,,,
28146,822,-1,23,,,,,,
28149,1086,-2,16,,,,,,
28152,1232,3,7,,,,,,
28154,1232,,-6,,,,,,
28157,828,,2,64,64,64,,,
28159,1460,1,4,,,,,,
28161,1460,7,5,,,,,,
28163,1020,2,-3,,,,,,
28166,1810,1,5,,,,,,
28169,1217,2,-6,,,,,,
28171,1711,,2,,,,,,
28173,789,-3,-3,,,,,,
28175,822,1,-16,,,,,,
28177,1104,-3,-14,,,,,,
28179,820,-1,3,,,,,,
28180,1940,,1,,,,,,
28181,1588,2,1,,,,,,
28182,1940,,1,,,,,,
28183,1606,2,2,,,,,,
28184,1645,3,1,,,,,,
28185,1940,,1,,,,,,
28186,1645,3,1,,,,,,
28187,1645,3,1,,,,,,
28188,1645,3,1,,,,,,
28189,1645,3,1,,,,,,
28190,1359,,-15,,,,,,
28191,1940,,1,,,,,,
28192,1359,,-15,,,,,,
28193,500,-1,-2,,,,,,
28196,1444,-4,7,,,,,,
28199,1444,-4,7,,,,,,
28202,1444,-4,7,,,,,,
28205,1444,-4,7,,,,,,
28208,1444,-4,7,,,,,,
28211,1444,-4,7,,,,,,
28214,1444,-4,7,,,,,,
28217,1444,-4,7,,,,,,
28220,1700,-4,7,,,,,,
28221,1700,-4,7,,,,,,
28223,1700,-4,7,,,,,,
28224,1700,-4,7,,,,,,
28226,1700,-4,7,,,,,,
28229,1872,,,,,,,,
28230,1872,,,,,,,,
28231,1872,,,,,,,,
28232,1872,,,,,,,,
28233,1872,,,,,,,,
28234,1872,,,,,,,,
28235,1872,,,,,,,,
28236,1872,,,,,,,,
28237,1872,,,,,,,,
28238,1546,3,,120,120,120,,,
28240,1546,3,,120,120,120,,,
28242,1546,3,,120,120,120,,,
28244,1546,3,,120,120,120,,,
28246,5658,-31,-100,,,,,,
28248,3849,3,-11,,,,,,
28250,2138,-2,-96,,,,,,
28252,8289,-2,-65,,,,,,
28254,757,,-3,,,,,,
28256,1480,-1,-1,,,,,,
28258,1678,,7,,,,,,
28260,1546,3,,120,120,120,,,
28262,1546,3,,120,120,120,,,
28264,1546,3,,120,120,120,,,
28266,1546,3,,120,120,120,,,
28268,524,,-3,,,,,,
28270,524,,-3,,,,,,
28272,524,,-3,,,,,,
28274,524,,-3,,,,,,
28276,1151,-1,-26,,,,,,
28279,1151,1,-3,,,,,,
28281,987,-3,1,,,,,,
28283,848,1,-3,,,,,,
28285,848,1,-3,,,,,,
28287,526,,-2,,,,,,
28289,526,,-2,,,,,,
28291,395,,-2,,,,,,
28293,526,,-2,,,,,,
28295,526,,,,,,,,
28298,518,,,,,,,,
28301,428,,-1,,,,,,
28304,475,,4,,,,,,
28307,658,-1,-2,,,,,,
28310,625,1,-7,,,,,,
28313,592,,-6,,,,,,
28316,592,,-12,,,,,,
28319,1433,3,5,,,,,,
28321,712,1,-2,,,,,,
28323,1842,-14,8,,,,,,
28325,1000,1,27,,,,,,
28327,822,2,-3,,,,,,
28329,822,2,-3,,,,,,
28330,1974,-4,22,,,,,,
28331,1974,-4,22,,,,,,
28332,1974,-4,22,,,,,,
28333,1974,-4,22,,,,,,
28334,1118,-1,-5,,,,,,
28336,1217,1,3,,,,,,
28338,1842,,36,,,,,,
28341,1302,,-4,,,,,,
28342,1118,4,-45,,,,,,
28343,918,4,-2,,,,,,
28344,1118,4,-45,,,,,,
28345,918,-2,-100,,,,,,
28346,1118,4,-45,,,,,,
28347,1118,1,49,,,,,,
28348,1118,4,-45,,,,,,
28349,1360,-3,-21,,,,,,
28350,757,,-5,,,,,,
28351,757,,-5,,,,,,
28352,757,,-5,,,,,,
28353,757,,-5,,,,,,
28354,757,,-5,,,,,,
28355,757,,-5,,,,,,
28356,1200,,2,,,,,,
28357,1200,,2,,,,,,
28359,1200,,2,,,,,,
28360,1447,-3,-3,,,,,,
28361,1250,-3,-3,,,,,,
28362,1118,,-3,,,,,,
28363,1240,-1,-34,,,,,,
28364,1513,6,4,,,,,,
28365,1579,4,6,,,,,,
28366,1678,1,9,,,,,,
28367,2204,-2,-3,,,,,,
28368,4441,-5,-16,,,,,,
28369,4507,-2,-31,,,,,,
28370,559,-1,3,64,64,64,,,
28371,559,-1,3,64,64,64,,,
28372,559,-1,3,64,64,64,,,
28373,559,-1,3,64,64,64,,,
28374,559,-1,3,64,64,64,,,
28375,1744,,,,,,,,
28376,1744,,,,,,,,
28377,1744,,,,,,,,
28378,1744,,,,,,,,
28379,1744,,,,,,,,
28380,1744,,,,,,,,
28381,1744,,,,,,,,
28382,1020,-1,9,,,,,,
28383,550,,-1,,,,,,
28384,700,4,,,,,,,
28385,970,1,4,,,,,,
28386,550,,-1,,,,,,
28387,550,,-1,,,,,,
28388,550,,-1,,,,,,
28389,976,-1,10,,,,,,
28390,2760,,-27,,,,,,
28392,595,,-4,,,,,,
28393,830,,25,,,,,,
28394,680,1,5,,,,,,
28395,680,1,5,,,,,,
28396,680,1,5,,,,,,
28397,680,1,5,,,,,,
28398,680,1,5,,,,,,
28399,680,1,5,,,,,,
28400,680,1,5,,,,,,
28401,1020,-1,11,,,,,,
28402,1358,1,-34,,,,,,
28403,1358,1,-34,,,,,,
28404,1118,2,5,,,,,,
28405,1118,2,5,,,,,,
28406,1118,2,5,,,,,,
28407,1118,2,5,,,,,,
28408,789,,7,,,,,,
28409,840,2,-2,,,,,,
28410,3059,-5,-49,,,,,,
28411,2730,1,-6,,,,,,
28412,848,,,,,,,,
28413,580,-11,-4,,,,,,
28414,860,-2,8,,,,,,
28415,760,-9,4,,,,,,
28416,1104,1,6,,,,,,
28417,1104,1,6,,,,,,
28418,1104,1,6,,,,,,
28419,1104,1,6,,,,,,
28420,1104,1,6,,,,,,
28421,1104,1,6,,,,,,
28422,1243,-1,,,,,,,
28423,1020,-1,11,,,,,,
28424,1040,-1,18,,,,,,
28425,1040,1,7,,,,,,
28426,1190,,,,,,,,
28427,1086,-14,-49,,,,,,
28428,1020,-1,9,,,,,,
28429,848,2,,,,,,,
28430,724,-2,3,64,64,64,,,
28431,1020,-1,11,,,,,,
28432,1020,-1,11,,,,,,
28433,1020,-1,11,,,,,,
28434,1020,-1,11,,,,,,
28435,1020,-1,11,,,,,,
28436,1020,-1,11,,,,,,
28437,1020,-1,11,,,,,,
28438,559,,-11,,,,,,
28439,559,,-11,,,,,,
28440,559,,-11,,,,,,
28441,700,-3,5,,,,,,
28442,1217,1,-9,,,,,,
28443,1645,1,-4,,,,,,
28444,595,,9,,,,,,
28445,1414,-1,-100,,,,,,
28446,1414,-1,-100,,,,,,
28447,1414,-1,-100,,,,,,
28448,1414,-1,-100,,,,,,
28449,1414,-1,-100,,,,,,
28450,1414,-1,-100,,,,,,
28451,1414,-1,-100,,,,,,
28452,1414,-1,-100,,,,,,
28453,1414,-1,-100,,,,,,
28454,1414,-1,-100,,,,,,
28455,1414,-1,-100,,,,,,
28456,1414,-1,-100,,,,,,
28457,1414,-1,-100,,,,,,
28458,1414,-1,-100,,,,,,
28459,1414,-1,-100,,,,,,
28460,1414,-1,-100,,,,,,
28461,860,1,22,,,,,,
28462,1086,1,21,,,,,,
28463,1250,6,-27,,,,,,
28464,1086,5,-11,,,,,,
28465,559,,-11,,,,,,
28466,559,,-11,,,,,,
28467,559,,-11,,,,,,
28468,1020,-1,11,,,,,,
28469,1020,-1,11,,,,,,
28470,1020,-1,11,,,,,,
28471,520,,,,,,,,
28473,1546,3,,120,120,120,,,
28474,1546,3,,120,120,120,,,
28475,1546,3,,120,120,120,,,
28476,1546,3,,120,120,120,,,
28477,888,,-7,,,,,,
28478,888,,-7,,,,,,
28480,888,,-7,,,,,,
28481,888,,-7,,,,,,
28483,888,,-7,,,,,,
28484,888,,-7,,,,,,
28486,888,,-7,,,,,,
28487,888,,-7,,,,,,
28489,888,,-7,,,,,,
28490,888,,-7,,,,,,
28492,888,,-7,,,,,,
28493,888,,-7,,,,,,
28495,888,,-7,,,,,,
28496,888,,-7,,,,,,
28498,888,,-7,,,,,,
28499,888,,-7,,,,,,
28501,888,,-7,,,,,,
28502,888,,-7,,,,,,
28504,888,,-7,,,,,,
28505,888,,-7,,,,,,
28507,888,,-7,,,,,,
28508,888,,-7,,,,,,
28510,888,,-7,,,,,,
28511,888,,-7,,,,,,
28513,888,,-7,,,,,,
28514,888,,-7,,,,,,
28516,888,,-7,,,,,,
28517,888,,-7,,,,,,
28519,888,,-7,,,,,,
28520,888,,-7,,,,,,
28522,888,,-7,,,,,,
28523,888,,-7,,,,,,
28525,888,,-7,,,,,,
28526,888,,-7,,,,,,
28528,888,,-7,,,,,,
28529,888,,-7,,,,,,
28531,1723,1,-1,,,,,,
28534,886,-1,8,,,,,,
28537,1957,-1,-1,,,,,,
28540,,-3,1,,,,,,
28543,2105,1,17,,,,,,
28545,2105,1,17,,,,,,
28547,1960,-11,16,,,,,,
28549,1960,-11,16,,,,,,
28551,840,2,-2,,,,,,
28552,840,2,-2,,,,,,
28553,840,2,-2,,,,,,
28554,840,2,-2,,,,,,
28555,1316,11,-3,,,,,,
28557,1316,1,-3,,,,,,
28559,1040,-2,-1,,,,,,
28561,1414,,16,,,,,,
28564,1414,,16,,,,,,
28567,1414,,16,,,,,,
28570,1414,,16,,,,,,
28573,700,-3,5,,,,,,
28574,700,-3,5,,,,,,
28575,1118,2,7,80,80,80,,,
28577,919,5,4,,,,,,
28579,848,,,,,,,,
28581,4810,11,-92,,,,,,
28582,2378,,-7,,,,,,
28583,1909,4,9,,,,,,
28585,1909,4,9,,,,,,
28587,840,2,-2,,,,,,
28588,840,2,-2,,,,,,
28589,840,2,-2,,,,,,
28590,840,2,-2,,,,,,
28591,1020,-10,-25,,,,,,
28593,691,-3,-1,,,,,,
28595,658,-7,-3,,,,,,
28597,526,2,1,,,,,,
28599,691,5,,,,,,,
28601,2004,,,,,,,,
28603,921,,,,,,,,
28605,921,,,,,,,,
28607,921,,,,,,,,
28609,921,,,,,,,,
28611,921,,,,,,,,
28613,1020,2,-3,,,,,,
28616,2072,1,5,,,,,,
28618,855,5,-26,,,,,,
28620,592,-1,-7,,,,,,
28622,1809,-1,2,,,,,,
28624,998,-2,11,,,,,,
28626,848,7,-32,,,,,,
28628,1217,3,4,,,,,,
28630,724,2,1,,,,,,
28644,888,,11,,,,,,
28645,1940,,1,,,,,,
28646,1086,1,-1,,,,,,
28647,1940,,1,,,,,,
28648,1283,1,2,,,,,,
28649,1606,2,2,,,,,,
28650,1606,2,2,,,,,,
28651,493,,1,,,,,,
28652,1940,,1,,,,,,
28653,1020,1,1,,,,,,
28654,1940,,1,,,,,,
28655,1020,1,1,,,,,,
28657,1513,-1,73,,,,,,
28658,1940,,1,,,,,,
28659,1053,-1,15,,,,,,
28660,1940,,1,,,,,,
28661,625,4,1,,,,,,
28663,625,2,1,,,,,,
28665,1100,1,,,,,,,
28666,1940,,1,,,,,,
28667,1711,1,7,,,,,,
28668,1940,,1,,,,,,
28669,1872,-5,-16,,,,,,
28670,1232,-1,-8,,,,,,
28671,2004,,,,,,,,
28672,784,-2,-4,,,,,,
28674,,2,96,,,,,,
28676,2512,,-16,,,,,,
28677,2384,3,-6,,,,,,
28678,1730,1,27,,,,,28679,
28679,,,,,,,13189,28678,
28680,1730,1,27,,,,,28681,
28681,,,,,,,13189,28680,
28682,2276,,14,,,,,,
28684,2232,-4,3,,,,,,
28687,1158,-7,4,,,,,,
28688,1158,-7,4,,,,,,
28690,1592,,,,,,,,
28693,1118,,,,,,,,
28696,1118,,,,,,,,
28699,1118,,,,,,,,
28702,1676,-2,-4,,,,,,
28705,1118,,,,,,,,
28708,1118,,,,,,,,
28711,3621,,-32,,,,,,
28712,661,1,-10,,,,,,
28715,1382,,6,,,,,,
28718,1579,-1,-1,,,,,,
28721,770,1,-6,,,,,,
28724,661,1,-10,,,,,,
28727,1382,,6,,,,,,
28730,1579,-1,-1,,,,,,
28733,770,1,-6,,,,,,
28736,661,1,-10,,,,,,
28739,1382,,6,,,,,,
28742,1579,-1,-1,,,,,,
28745,770,1,-6,,,,,,
28748,1053,,,,,,,,
28751,,,-5,,,,,,
28753,1360,,,,,,,,
28755,1360,,,,,,,,
28757,1232,,,,,,,,
28759,1232,,,,,,,,
28761,1075,,,,,,,,
28763,1075,,,,,,,,
28765,730,1,6,,,,,,
28767,922,2,1,,,,,,
28769,1514,1,-2,,,,,,
28771,770,1,-6,,,,,,
28773,954,-5,1,,,,,,
28775,830,1,-21,,,,,,
28777,1762,,,,,,,,
28780,1762,,,,,,,,
28783,1762,,,,,,,,
28786,1232,,3,,,,,,
28788,848,2,-9,,,,,,
28790,465,,-1,,,,,,
28792,1086,4,,,,,,,
28794,1456,4,1,,,,,,
28796,1414,1,-9,,,,,,
28798,1579,,-66,,,,,,
28800,840,2,-2,,,,,,
28801,4605,9,-55,,,,,,
28803,720,4,-1,,,,,,
28804,595,1,-3,,,,,,
28805,595,1,-3,,,,,,
28806,1221,21,5,,,,,,
28807,1630,,9,,,,,,
28808,757,1,2,,,,,,
28809,3059,-5,-49,,,,,,
28810,1447,-6,4,,,,,,
28813,1447,-6,4,,,,,,
28816,1616,-3,9,,,,,,
28817,1744,,6,,,,,,
28818,1568,-1,30,,,,,,
28819,1697,-4,12,,,,,,
28820,840,2,-2,,,,,,
28821,2660,6,-32,,,,,,
28822,520,,,,,,,,
28824,465,,-1,,,,,,
28826,1104,9,-3,,,,,,
28828,976,9,-3,,,,,,
28830,2232,,-5,,,,,,
28831,1635,5,29,,,,,,
28834,1370,5,29,,,,,,
28837,710,1,-22,,,,,,
28839,1370,,7,,,,,,
28840,2130,-1,5,,,,,,
28842,2030,10,7,,,,,,
28843,2130,-1,5,,,,,,
28845,1370,,7,,,,,,
28846,2130,-1,5,,,,,,
28848,2030,10,7,,,,,,
28849,2130,-1,5,,,,,,
28851,1370,,7,,,,,,
28852,2130,-1,5,,,,,,
28854,2030,10,7,,,,,,
28855,2130,-1,5,,,,,,
28857,1370,,7,,,,,,
28858,2130,-1,5,,,,,,
28860,2030,10,7,,,,,,
28861,2130,-1,5,,,,,,
28863,464,-2,-1,,,,,,
28864,464,-2,-1,,,,,,
28865,1000,1,27,,,,,,
28866,1000,1,27,,,,,,
28867,1122,4,6,,,,,,
28868,1122,4,6,,,,,,
28869,1020,-2,7,,,,,,
28872,1122,,4,,,,,,2:28874|3:28875|4:28876|5:28877
28874,1122,,4,,,,,,
28875,1122,,4,,,,,,
28876,1122,,4,,,,,,
28877,1122,,4,,,,,,
28878,1122,,4,,,,,,2:28880|3:28881|4:28882|5:28883
28880,1122,,4,,,,,,
28881,1122,,4,,,,,,
28882,1122,,4,,,,,,
28883,1250,-1,5,,,,,,
28884,1122,4,6,,,,,,
28887,1122,4,6,,,,,,
28890,870,,14,,,,,,
28893,870,,14,,,,,,
28896,970,,-1,,,,,,
28899,2086,1,21,,,,,,
28902,2336,,-3,,,,,,
28904,720,,,,,,,,
28906,2336,,-3,,,,,,
28907,1010,1,,,,,,,
28908,1010,1,,,,,,,
28909,1010,1,,,,,,,
28910,1010,1,,,,,,,
28911,1010,1,,,,,,,
28912,1010,1,,,,,,,
28913,1010,1,,,,,,,
28914,1010,1,,,,,,,
28915,1010,1,,,,,,,
28916,1010,1,,,,,,,
28917,900,,4,,,,,,
28918,1010,1,,,,,,,
28919,848,-1,1,,,,,,
28922,848,-1,1,,,,,,
28924,1232,-2,-5,,,,,,2:28926|3:28927|4:28928
28926,1232,-2,-5,,,,,,
28927,1232,-2,-5,,,,,,
28928,1232,-2,-5,,,,,,
28929,740,,1,,,,,,
28931,680,1,5,,,,,,
28933,954,5,-21,,,,,,
28936,1217,1,3,,,,,,
28939,1744,,16,,,,,,
28942,464,3,9,,,,,,
28945,852,,-7,,,,,,
28947,1104,9,-3,,,,,,
28949,1104,9,-3,,,,,,
28951,1104,9,-3,,,,,,
28953,1104,9,-3,,,,,,
28955,1104,9,-3,,,,,,
28957,1104,9,-3,,,,,,
28958,1020,-1,11,,,,,,
28960,4688,,-39,,,,,,
28962,7504,-41,76,,,,,,
28964,1160,,22,,,,,,
28965,1160,,22,,,,,,
28966,1217,1,10,,,,,,
28967,1217,1,10,,,,,,
28968,2312,3,,,,,,,
28969,757,,,,,,,,
28970,934,-1,-2,,,,,,
28971,6711,,41,,,,,,
28972,1020,-1,11,,,,,,
28973,1360,-1,5,,,,,,
28974,724,1,1,,,,,,
28975,526,-2,-4,,,,,,
28976,724,-2,-6,,,,,,
28977,3059,-5,-49,,,,,,
28978,700,4,,,,,,,
28979,700,4,,,,,,,
28980,1110,2,-103,,,,,,
28981,1290,-2,5,,,,,,
28982,1414,,-1,,,,,,
28983,1040,1,7,,,,,,
28984,990,-1,2,,,,,,
28986,1040,-1,18,,,,,,
28987,888,,-4,,,,,,
28988,1941,3,5,,,,,,
28991,1732,1,12,,,,,,2:28993|3:28994|4:28995|5:28996
28993,1732,1,12,,,,,,
28994,1732,1,12,,,,,,
28995,1732,1,12,,,,,,
28996,1732,1,12,,,,,,
28997,1488,-3,1,,,,,,
29000,1283,6,2,,,,,,
29003,1347,2,2,,,,,,
29004,1104,-1,,,,,,,
29007,1622,,9,,,,,,
29010,757,-3,20,,,,,,
29013,1232,1,3,,,,,,
29016,1480,,,,,,,,
29019,724,,-4,,,,,,
29022,1217,,3,,,,,,
29025,1678,,3,,,,,,
29028,724,6,-32,,,,,,
29031,1104,-1,,,,,,,
29033,1622,,9,,,,,,
29035,757,-3,20,,,,,,
29037,1232,1,3,,,,,,
29039,1480,,,,,,,,
29041,724,,-4,,,,,,
29043,1217,,3,,,,,,
29045,1678,,3,,,,,,
29047,724,6,-32,,,,,,
29049,1104,-1,,,,,,,
29052,1622,,9,,,,,,
29055,757,-3,20,,,,,,
29058,1232,1,3,,,,,,
29061,1480,,,,,,,,
29064,724,,-4,,,,,,
29067,1217,,3,,,,,,
29070,1678,,3,,,,,,
29073,724,6,-32,,,,,,
29076,1328,2,18,,,,,,
29077,1200,-3,2,,,,,,
29078,1217,12,-18,,,,,,
29079,720,-1,-6,,,,,,
29080,550,,-1,,,,,,
29081,550,,-1,,,,,,
29082,550,,-1,,,,,,
29083,550,,-1,,,,,,
29084,1360,-6,-4,,,,,,
29087,550,-1,,,,,,,
29088,1605,2,26,,,,,,
29090,720,-6,8,,,,,,2:29093|3:29094|4:29095|5:29096|25:29097
29092,720,-6,8,,,,,,
29093,983,2,-4,,,,,,
29094,1016,-8,-4,,,,,,
29095,1016,-7,-7,,,,,,
29096,1016,,-9,,,,,,
29097,1016,,-9,,,,,,
29098,560,1,3,,,,,,
29101,1328,-2,-100,,,,,,
29104,1328,-2,-100,,,,,,
29107,1328,-2,-100,,,,,,
29110,1072,-2,1,,,,,,
29113,1584,3,-4,,,,,,
29116,1584,3,-4,,,,,,
29119,1200,1,3,,,,,,
29122,1712,1,3,,,,,,
29125,1584,1,3,,,,,,
29128,1328,-2,-100,,,,,,
29131,1328,-2,-100,,,,,,
29134,1328,-2,-100,,,,,,
29137,1072,-2,1,,,,,,
29140,1584,3,-4,,,,,,
29143,1584,3,-4,,,,,,
29146,1712,1,3,,,,,,
29149,1200,1,3,,,,,,
29152,1584,1,3,,,,,,
29155,560,1,3,,,,,,
29157,560,1,3,,,,,,
29159,560,1,3,,,,,,
29161,560,1,3,,,,,,
29163,1230,1,1,,,,,,
29166,590,2,-1,,,,,,
29168,1122,4,6,,,,,,
29171,1122,4,6,,,,,,
29174,1870,,5,,,,,,
29177,1870,,5,,,,,,
29180,974,6,-4,,,,,,
29183,974,6,-4,,,,,,
29186,974,6,-4,,,,,,
29189,974,6,-4,,,,,,
29192,974,6,-4,,,,,,
29195,974,6,-4,,,,,,
29198,974,6,-4,,,,,,
29201,974,6,-4,,,,,,
29204,974,6,-4,,,,,,
29207,974,6,-4,,,,,,
29210,974,6,-4,,,,,,
29213,974,6,-4,,,,,,
29216,1020,-6,,,,,,,
29217,1020,-6,,,,,,,
29218,2022,-9,11,,,,,,
29221,1290,-2,5,,,,,,
29222,906,,-2,,,,,,
29223,1290,-2,5,,,,,,
29224,906,-2,3,,,,,,
29225,778,,-2,,,,,,
29226,778,,,,,,,,
29227,906,-2,3,,,,,,
29228,906,-1,,,,,,,
29229,1034,-9,5,,,,,,
29230,906,-2,3,,,,,,
29231,778,,-2,,,,,,
29232,906,-2,4,,,,,,
29233,1802,-1,8,,,,,,
29234,778,,-2,,,,,,
29235,1674,2,5,,,,,,
29236,906,-2,-2,,,,,,
29237,906,-2,3,,,,,,
29238,778,,-2,,,,,,
29239,1674,-2,5,,,,,,
29240,906,-2,3,,,,,,
29241,906,-2,-2,,,,,,
29242,779,3,,,,,,,
29244,779,3,,,,,,,
29246,779,3,,,,,,,
29248,779,3,,,,,,,
29250,779,3,,,,,,,
29251,1645,,2,,,,,,
29253,1645,,2,,,,,,
29256,1645,,2,,,,,,
29259,1645,,2,,,,,,
29261,1645,,2,,,,,,
29263,550,,-2,,,,,,
29265,1184,,-4,,,,,,
29267,1776,3,3,,,,,,
29269,770,2,-14,,,,,,
29271,848,,-1,,,,,,
29273,848,,-1,,,,,,
29275,848,,-1,,,,,,
29277,660,-3,2,,,,,,
29280,1375,1,-1,,,,,,
29283,1897,1,7,,,,,,
29286,770,3,-3,,,,,,
29289,2140,3,6,,,,,,
29295,1144,,,,,,,,
29297,760,,,,,,,,
29299,1144,1,,,,,,,
29301,1016,,,,,,,,
29303,888,1,-3,,,,,,
29305,1872,,15,,,,,,
29307,888,,,,,,,,
29309,1360,2,1,,,,,,
29311,780,-2,-1,,,,,,2:29313|3:29314|4:29315|5:29316
29313,1036,10,-3,,,,,,
29314,1420,-3,1,,,,,,
29315,1420,-2,-12,,,,,,
29316,1420,1,5,,,,,,
29317,1086,1,39,,,,,,
29319,1086,1,6,,,,,,
29321,1086,1,6,,,,,,
29323,700,-3,5,,,,,,
29325,1184,-3,1,,,,,,2:29328|3:29329|4:29330|5:29331
29327,1678,3,1,,,,,,
29328,1678,3,1,,,,,,
29329,1875,-8,6,,,,,,
29330,2072,-3,1,,,,,,
29331,2138,1,4,,,,,,
29332,1016,-2,3,,,,,,2:29334|3:29335|4:29336|5:29337
29334,1510,2,-4,,,,,,
29335,2171,3,66,,,,,,
29336,2171,3,66,,,,,,
29337,2171,3,-58,,,,,,
29338,460,-28,-6,,,,,,
29340,522,26,6,,,,,,
29342,526,17,15,,,,,,
29344,1410,2,,,,,,,
29346,1410,2,,,,,,,
29348,1830,,,,,,,,
29350,,-2,3,,,,,,
29352,1830,,,,,,,,
29354,2086,1,21,,,,,,
29356,1830,,,,,,,,
29358,1830,,,,,,,,
29360,2160,-3,41,,,,,,
29362,2232,-16,4,,,,,,
29364,2293,,-5,,,,,,
29366,2293,,-5,,,,,,
29368,2293,,-5,,,,,,
29370,,,-17,,,,,,
29372,,,-17,,,,,,
29374,,,-17,,,,,,
29376,1830,,,,,,,,
29378,2293,,-5,,,,,,
29381,855,1,-8,64,64,64,,,
29382,600,1,100,,,,,,
29384,600,1,100,,,,,,
29386,600,1,100,,,,,,
29388,400,16,23,,,,,,
29389,400,16,23,,,,,,
29390,400,16,23,,,,,,
29391,400,16,23,,,,,,
29392,400,16,23,,,,,,
29393,400,16,23,,,,,,
29394,400,16,23,,,,,,
29395,400,16,23,,,,,,
29396,400,16,23,,,,,,
29397,400,16,23,,,,,,
29398,400,16,23,,,,,,
29399,400,16,23,,,,,,
29400,400,16,23,,,,,,
29401,400,16,23,,,,,,
29402,400,16,23,,,,,,
29403,400,16,23,,,,,,
29404,400,16,23,,,,,,
29405,400,16,23,,,,,,
29406,400,16,23,,,,,,
29407,400,16,23,,,,,,
29408,976,1,,,,,,,
29409,660,-3,2,,,,,,
29412,660,-3,2,,,,,,
29415,970,,-1,,,,,,
29418,1030,,,,,,,,
29421,1030,,,,,,,,
29424,1762,,,,,,,,
29427,1020,-1,11,,,,,,
29428,1020,-1,11,,,,,,
29431,1940,,1,,,,,,
29432,1940,,1,,,,,,
29433,830,1,-21,,,,,,
29435,830,1,-21,,,,,,
29437,1940,,1,,,,,,
29439,1370,,7,,,,,,
29441,1370,,7,,,,,,
29443,659,-3,,,,,,,
29445,1940,,1,,,,,,
29446,1940,,1,,,,,,
29447,1940,,1,,,,,,
29448,2140,-1,-2,,,,,,
29449,840,,3,,,,,,2:29451|3:29452|4:29453|5:29454
29451,1095,9,4,,,,,,
29452,1412,-1,7,,,,,,
29453,1475,-1,6,,,,,,
29454,1352,-2,22,,,,,,
29455,1010,1,,,,,,,
29458,920,7,39,,,,,,
29460,1232,4,10,,,,,,
29462,1144,,,,,,,,
29464,760,,,,,,,,
29466,1144,1,,,,,,,
29468,1016,,,,,,,,
29470,888,1,-3,,,,,,
29472,905,-8,-100,,,,,,
29474,1232,-1,-2,,,,,,
29476,1744,,-1,,,,,,
29478,800,2,-3,,,,,,
29480,1160,,,,,,,,
29482,1217,3,3,,,,,,
29484,1160,,,,,,,,
29485,1232,,,,,,,,
29486,620,1,16,,,,,,
29489,2072,5,6,,,,,,
29491,2072,5,6,,,,,,
29493,2072,5,6,,,,,,
29495,2072,5,6,,,,,,
29497,2072,5,6,,,,,,
29499,2072,5,6,,,,,,
29501,2072,5,6,,,,,,
29503,2072,5,6,,,,,,
29505,2072,5,6,,,,,,
29507,1200,-4,,,,,,,
29509,1200,-4,,,,,,,
29510,1200,-4,,,,,,,
29511,1200,-4,,,,,,,
29512,1200,-4,,,,,,,
29513,1200,-4,,,,,,,
29514,1200,-4,,,,,,,
29515,1200,-4,,,,,,,
29516,1200,-4,,,,,,,
29517,1872,-1,10,,,,,,
29518,984,15,4,,,,,,
29519,984,15,4,,,,,,
29521,1360,-4,50,,,,,,
29522,976,,,,,,,,
29523,1232,14,,,,,,,
29524,2411,1,-1,,,,,,
29525,592,,18,,,,,,
29526,592,1,12,,,,,,
29527,656,,-5,,,,,,
29528,528,1,-1,,,,,,
29529,612,,-19,,,,,,
29530,848,-3,,,,,,,
29531,987,,-1,,,,,,
29532,987,,-1,,,,,,
29533,900,,1,,,,,,
29534,272,1,1,,,,,,
29535,1235,,,,,,,,
29536,720,,,,,,,,
29537,720,,,,,,,,
29538,1010,1,-1,,,,,,
29539,1616,,-7,,,,,,
29540,1616,,-7,,,,,,
29541,1616,,-7,,,,,,
29542,1616,,-7,,,,,,
29543,1616,,-7,,,,,,
29544,1616,,-7,,,,,,
29545,1616,,-7,,,,,,
29546,1616,,-7,,,,,,
29547,1616,,-7,,,,,,
29548,1616,,-7,,,,,,
29549,1616,,-7,,,,,,
29550,1616,,-7,,,,,,
29551,1616,,-7,,,,,,
29552,400,,-5,,,,,,
29553,400,1,,,,,,,
29554,400,,-4,,,,,,
29555,400,,-3,,,,,,
29556,984,3,-32,,,,,,
29558,1020,-1,11,,,,,,
29559,3100,,-16,,,,,,
29560,720,,-4,,,,,,
29562,1250,-1,2,,,,,,
29564,1740,,1,,,,,,
29566,720,-1,-2,,,,,,
29568,1252,,,,,,,,
29570,1888,,2,,,,,,
29572,3059,-5,-49,,,,,,
29573,1382,-2,-2,200,200,200,,,
29574,886,,18,,,,,,
29577,987,-1,19,,,,,,
29580,848,,4,,,,,,
29583,1168,1,-7,,,,,,
29585,1500,2,1,,,,,,
29587,1104,-4,-26,,,,,,
29589,1619,1,2,,,,,,
29591,2138,1,5,,,,,,
29593,2138,1,5,,,,,,
29594,2138,-1,1,,,,,,
29596,840,,,,,,,,
29597,1010,1,-1,,,,,,
29598,2086,-1,-72,,,,,,
29599,2128,,,,,,,,
29602,2064,-5,13,,,,,,
29605,1957,-1,-1,,,,,,
29607,1723,1,-1,,,,,,
29609,2064,-5,13,,,,,,
29611,2128,,,,,,,,
29613,2039,3,6,,,,,,
29615,2039,3,6,,,,,,
29617,2039,3,6,,,,,,
29619,2086,-8,,,,,,,
29622,1118,,1,,,,,,
29625,1738,-1,6,,,,,,
29628,1360,1,6,,,,,,
29631,550,,-1,,,,,,
29634,550,,-1,,,,,,
29637,550,,-1,,,,,,
29640,550,,-1,,,,,,
29643,1046,6,-1,,,,,,
29646,1730,1,27,,,,,29647,
29647,,,,,,,13189,29646,
29648,888,,-7,,,,,,
29649,888,,-7,,,,,,
29651,888,,-7,,,,,,
29652,888,,-7,,,,,,
29654,888,,-7,,,,,,
29655,888,,-7,,,,,,
29657,888,,-7,,,,,,
29658,888,,-7,,,,,,
29660,888,,-7,,,,,,
29661,888,,-7,,,,,,
29663,888,,-7,,,,,,
29664,888,,-7,,,,,,
29666,888,,-7,,,,,,
29667,888,,-7,,,,,,
29669,888,,-7,,,,,,
29670,888,,-7,,,,,,
29672,888,,-7,,,,,,
29673,888,,-7,,,,,,
29675,888,,-7,,,,,,
29676,888,,-7,,,,,,
29678,888,,-7,,,,,,
29679,888,,-7,,,,,,
29682,842,1,,,,,,,
29683,842,1,,,,,,,
29684,842,1,,,,,,,
29686,1232,,3,,,,,,
29688,1232,,3,,,,,,
29690,1232,,3,,,,,,
29692,1232,,3,,,,,,
29694,1232,,3,,,,,,
29696,1232,,3,,,,,,
29698,1232,,3,,,,,,
29700,1232,,3,,,,,,
29702,1232,,3,,,,,,
29704,1232,,3,,,,,,
29706,1232,,3,,,,,,
29708,1232,,3,,,,,,
29710,1232,,3,,,,,,
29712,1232,,3,,,,,,
29714,1232,,3,,,,,,
29716,1232,,3,,,,,,
29718,1232,,3,,,,,,
29720,1232,,3,,,,,,
29722,1232,,3,,,,,,
29724,1232,,3,,,,,,
29726,1232,,3,,,,,,
29728,1232,,3,,,,,,
29730,1232,,3,,,,,,
29732,1232,,3,,,,,,
29734,1232,,3,,,,,,
29736,1232,,3,,,,,,
29738,1232,,3,,,,,,
29740,1232,,3,,,,,,
29742,1232,,3,,,,,,
29744,1232,,3,,,,,,
29746,1232,,3,,,,,,
29748,1232,,3,,,,,,
29750,1232,,3,,,,,,
29752,1232,,3,,,,,,
29754,1232,,3,,,,,,
29756,1232,,3,,,,,,
29758,1232,,3,,,,,,
29760,1232,,3,,,,,,
29762,1232,,3,,,,,,
29764,1232,,3,,,,,,
29766,1232,,3,,,,,,
29768,1232,,3,,,,,,
29770,1232,,3,,,,,,
29772,1232,,3,,,,,,
29774,976,2,1,,,,,,
29775,1217,4,5,,,,,,
29777,1660,,5,,,,,,
29778,842,1,,,,,,,
29779,842,1,,,,,,,
29780,6382,-4,-39,,,,,,
29781,1678,1,19,,,,,,
29782,842,1,,,,,,,
29784,1366,-3,-1,,,,,,
29786,590,9,64,,,,,,
29788,1872,-3,28,,,,,,
29790,1349,3,2,,,,,,
29792,1360,,6,,,,,,
29794,848,2,8,,,,,,
29796,2002,,-2,,,,,,
29799,800,,5,,,,,,
29801,493,3,59,,,,,,
29804,493,3,59,,,,,,
29806,852,,-7,,,,,,
29809,1020,-1,11,,,,,,
29816,779,-4,-3,,,,,,
29818,779,-4,-3,,,,,,
29820,779,-4,-3,,,,,,
29822,779,-4,-3,,,,,,
29824,550,,-1,,,,,,
29827,550,,-1,,,,,,
29830,550,,-1,,,,,,
29833,550,,-1,,,,,,
29836,2993,12,-86,,,,,,
29838,2668,4,-57,,,,,,
29840,1104,-1,,,,,,,
29841,1622,,9,,,,,,
29842,757,-3,20,,,,,,
29843,1232,1,3,,,,,,
29844,1480,,,,,,,,
29845,724,,-4,,,,,,
29846,1217,,3,,,,,,
29847,1678,,3,,,,,,
29848,724,6,-32,,,,,,
29849,1941,3,5,,,,,,
29850,1488,-3,1,,,,,,
29851,1283,6,2,,,,,,
29852,1732,1,12,,,,,,2:28993|3:28994|4:28995|5:28996
29853,1010,1,,,,,,,
29854,1010,1,,,,,,,
29855,1010,1,,,,,,,
29856,1010,1,,,,,,,
29857,1010,1,,,,,,,
29858,1010,1,,,,,,,
29859,1010,1,,,,,,,
29860,1410,3,-6,,,,,,
29861,1410,3,-6,,,,,,
29862,1410,3,-6,,,,,,
29863,1410,3,-6,,,,,,
29864,1410,3,-6,,,,,,
29865,842,1,,,,,,,
29866,842,1,,,,,,,
29867,3059,-5,-49,,,,,,
29868,789,1,1,,,,,,
29870,1200,,,,,,,,
29872,1974,,-1,,,,,,
29874,770,1,-6,,,,,,
29876,1370,,-16,,,,,,
29877,976,-1,10,,,,,,
29878,840,,,,,,,,
29879,1040,1,7,,,,,,
29880,1020,,11,,,,,,
29881,1020,,11,,,,,,
29882,1020,,11,,,,,,
29883,1020,,11,,,,,,
29884,1200,-1,,,,,,,
29885,1100,1,1,,,,,,
29886,1100,1,1,,,,,,
29887,1100,1,1,,,,,,
29888,1100,1,1,,,,,,
29889,1104,1,-1,,,,,,
29892,650,1,5,,,,,,
29893,650,1,5,,,,,,
29895,625,3,2,,,,,,
29897,1100,1,1,,,,,,
29898,700,4,1,,,,,,
29899,700,4,1,,,,,,
29900,700,4,1,,,,,,
29903,2200,1,6,,,,,,
29904,2200,1,6,,,,,,
29905,1020,2,9,,,,,,
29906,700,-3,5,,,,,,
29907,464,,1,,,,,,
29908,1447,-1,24,,,,,,
29909,720,1,-14,,,,,,
29910,760,-3,-33,,,,,,
29911,1180,-6,4,,,,,,
29912,800,,-22,,,,,,
29913,800,,-22,,,,,,
29914,1151,,1,,,,,,
29915,1360,,13,,,,,,
29916,1151,,1,,,,,,
29918,1360,,13,,,,,,
29920,1214,4,25,,,,,,
29922,900,2,2,,,,,,
29923,700,-3,5,,,,,,
29925,720,-1,,,,,,,
29926,1020,2,9,,,,,,
29927,1217,2,4,,,,,,
29928,1400,4,7,,,,,,
29929,822,,-1,,,,,,
29930,822,,-1,,,,,,
29931,822,,-1,,,,,,
29932,822,,-1,,,,,,
29933,822,,-1,,,,,,
29934,822,,-1,,,,,,
29936,822,,-1,,,,,,
29938,822,,-1,,,,,,
29940,822,,-1,,,,,,
29942,822,,-1,,,,,,
29944,970,,-1,,,,,,
29947,970,,-1,,,,,,
29950,970,,-1,,,,,,
29952,970,,-1,,,,,,
29955,970,,-1,,,,,,
29958,970,,-1,,,,,,
29961,970,,-1,,,,,,
29963,970,,-1,,,,,,
29966,970,,-1,,,,,,
29969,970,,-1,,,,,,
29971,1050,1,93,,,,,,
29972,1050,1,93,,,,,,
29973,1050,1,93,,,,,,
29974,650,6,20,,,,,,
29976,650,5,22,,,,,,
29978,1300,,5,,,,,,
29980,1300,,5,,,,,,
29982,1744,,,,,,,,
29984,1744,,,,,,,,
29986,,8,-12,,,,,,
29988,620,,1,,,,,,
29990,620,,1,,,,,,
29992,620,,1,,,,,,
29993,700,,,,,,,,
29996,1232,-1,-47,,,,,,
29998,1232,-1,-47,,,,,,
29999,1574,3,8,,,,,,
30000,1450,-1,-20,,,,,,
30002,1450,-1,-20,,,,,,
30005,710,1,-22,,,,,,
30007,710,1,-22,,,,,,
30009,710,1,-22,,,,,,
30011,700,,,,,,,,
30012,700,,,,,,,,
30013,700,,,,,,,,
30014,700,,,,,,,,
30015,700,,,,,,,,
30016,700,,,,,,,,
30017,700,,,,,,,,
30018,700,,,,,,,,
30019,700,,,,,,,,
30020,700,,,,,,,,
30021,700,,-3,,,,,,
30022,700,,-3,,,,,,
30023,700,,-3,,,,,,
30024,700,,-3,,,,,,
30025,700,,-3,,,,,,
30026,700,,-3,,,,,,
30027,700,,-3,,,,,,
30028,700,,-3,,,,,,
30029,700,,-3,,,,,,
30030,700,,-3,,,,,,
30031,956,2,-18,,,,,,
30032,840,,,,,,,,
30034,700,4,,,,,,,
30035,840,,,,,,,,
30037,1711,,-13,,,,,,
30038,760,,-1,,,,,,
30040,842,1,,,,,,,
30042,748,1,1,,,,,,
30044,1414,-1,24,,,,,,
30045,848,1,-2,,,,,,
30047,848,1,-2,,,,,,
30048,2320,2,2,,,,,,
30050,2320,2,2,,,,,,
30051,1232,,6,,,,,,
30053,1232,,6,,,,,,
30054,1616,,2,,,,,,
30056,1616,,2,,,,,,
30057,592,1,,,,,,,
30059,592,1,,,,,,,
30060,848,,-2,,,,,,
30062,848,,-2,,,,,,
30064,830,1,-21,,,,,,
30066,830,1,-21,,,,,,
30068,680,1,5,,,,,,
30070,1053,2,16,,,,,,
30073,757,1,-3,,,,,,
30076,1118,,5,,,,,,
30079,1645,,7,,,,,,
30082,691,-3,13,,,,,,
30085,1190,-1,-2,,,,,,
30088,1010,1,-1,,,,,,2:30090|3:30091|4:30092|5:30093
30090,1010,1,-1,,,,,,
30091,1010,1,-1,,,,,,
30092,1010,1,-1,,,,,,
30093,1010,1,-1,,,,,,
30094,700,4,,,,,,,
30097,700,4,,,,,,,
30100,550,,-1,,,,,,
30103,1584,3,-4,,,,,,
30105,800,-1,17,,,,,,
30107,750,2,-1,,,,,,
30109,1260,3,4,,,,,,
30111,789,8,-15,,,,,,
30113,400,16,23,,,,,,
30114,400,16,23,,,,,,
30115,400,16,23,,,,,,
30116,400,16,23,,,,,,
30117,400,16,23,,,,,,
30118,400,16,23,,,,,,
30119,400,16,23,,,,,,
30120,400,16,23,,,,,,
30121,400,16,23,,,,,,
30122,1180,,-14,,,,,,
30123,840,,,,,,,,
30125,550,,-1,,,,,,
30128,550,,-1,,,,,,
30131,550,,-1,,,,,,
30134,550,,-1,,,,,,
30137,550,,-1,,,,,,
30140,550,,-1,,,,,,
30143,550,,-1,,,,,,
30146,550,,-1,,,,,,
30149,465,,-1,,,,,,
30151,1872,,,,,,,,
30152,2400,,-27,,,,,,
30154,3600,16,-53,,,,,,
30156,800,,-22,,,,,,
30157,800,,-22,,,,,,
30160,1940,,1,,,,,,
30161,1940,,1,,,,,,
30162,1940,,1,,,,,,
30163,1940,,1,,,,,,
30164,1940,,1,,,,,,
30165,1940,,1,,,,,,
30166,1940,,1,,,,,,
30167,1940,,1,,,,,,
30168,1940,,1,,,,,,
30169,1940,,1,,,,,,
30170,1940,,1,,,,,,
30171,1940,,1,,,,,,
30172,1940,,1,,,,,,
30173,1940,,1,,,,,,
30174,1940,,1,,,,,,
30175,1940,,1,,,,,,
30176,1940,,1,,,,,,
30177,1940,,1,,,,,,
30178,1940,,1,,,,,,
30179,1940,,1,,,,,,
30180,1940,,1,,,,,,
30181,1940,,1,,,,,,
30182,1940,,1,,,,,,
30183,1940,,1,,,,,,
30184,1940,,1,,,,,,
30185,1940,,1,,,,,,
30186,1940,,1,,,,,,
30187,1940,,1,,,,,,
30188,1940,,1,,,,,,
30189,1940,,1,,,,,,
30190,1940,,1,,,,,,
30191,1940,,1,,,,,,
30192,1940,,1,,,,,,
30193,1940,,1,,,,,,
30194,1940,,1,,,,,,
30195,1940,,1,,,,,,
30196,1940,,1,,,,,,
30197,1940,,1,,,,,,
30198,1940,,1,,,,,,
30199,1940,,1,,,,,,
30200,1940,,1,,,,,,
30201,1940,,1,,,,,,
30202,1940,,1,,,,,,
30203,1940,,1,,,,,,
30204,1940,,1,,,,,,
30205,1940,,1,,,,,,
30206,1940,,1,,,,,,
30207,1940,,1,,,,,,
30208,1940,,1,,,,,,
30209,1940,,1,,,,,,
30210,1940,,1,,,,,,
30211,1940,,1,,,,,,
30212,1940,,1,,,,,,
30213,1940,,1,,,,,,
30214,1940,,1,,,,,,
30215,1940,,1,,,,,,
30216,1940,,1,,,,,,
30217,1940,,1,,,,,,
30218,1940,,1,,,,,,
30219,1940,,1,,,,,,
30220,1940,,1,,,,,,
30221,1940,,1,,,,,,
30222,1940,,1,,,,,,
30223,1940,,1,,,,,,
30224,1940,,1,,,,,,
30225,1940,,1,,,,,,
30226,1940,,1,,,,,,
30227,1940,,1,,,,,,
30228,1940,,1,,,,,,
30229,1940,,1,,,,,,
30230,1940,,1,,,,,,
30231,1940,,1,,,,,,
30232,1232,,,,,,,,
30234,2512,-3,61,,,,,,
30236,2512,-3,61,,,,,,
30237,848,2,-7,,,,,,
30239,848,2,-7,,,,,,
30241,848,2,-7,,,,,,
30242,848,2,-7,,,,,,
30243,848,2,-7,,,,,,
30244,848,2,-7,,,,,,
30245,848,2,-7,,,,,,
30246,848,2,-7,,,,,,
30247,848,2,-7,,,,,,
30248,848,2,-7,,,,,,
30249,848,2,-7,,,,,,
30250,848,2,-7,,,,,,
30251,848,2,-7,,,,,,
30252,848,2,-7,,,,,,
30253,848,2,-7,,,,,,
30254,848,2,-7,,,,,,
30255,848,2,-7,,,,,,
30256,848,2,-7,,,,,,
30257,848,2,-7,,,,,,
30258,848,2,-7,,,,,,
30259,848,2,-7,,,,,,
30260,848,2,-7,,,,,,
30261,848,2,-7,,,,,,
30262,848,2,-7,,,,,,
30263,848,2,-7,,,,,,
30264,848,2,-7,,,,,,
30265,848,2,-7,,,,,,
30266,848,2,-7,,,,,,
30267,848,2,-7,,,,,,
30268,848,2,-7,,,,,,
30269,848,2,-7,,,,,,
30270,848,2,-7,,,,,,
30271,848,2,-7,,,,,,
30272,848,2,-7,,,,,,
30273,848,2,-7,,,,,,
30274,848,2,-7,,,,,,
30275,848,2,-7,,,,,,
30276,848,2,-7,,,,,,
30277,848,2,-7,,,,,,
30278,848,2,-7,,,,,,
30279,848,2,-7,,,,,,
30280,848,2,-7,,,,,,
30281,848,2,-7,,,,,,
30282,848,2,-7,,,,,,
30283,848,2,-7,,,,,,
30284,848,2,-7,,,,,,
30285,848,2,-7,,,,,,
30286,848,2,-7,,,,,,
30287,848,2,-7,,,,,,
30288,848,2,-7,,,,,,
30289,848,2,-7,,,,,,
30290,848,2,-7,,,,,,
30291,848,2,-7,,,,,,
30292,848,2,-7,,,,,,
30293,848,2,-7,,,,,,
30294,848,2,-7,,,,,,
30295,848,2,-7,,,,,,
30296,848,2,-7,,,,,,
30297,848,2,-7,,,,,,
30298,848,2,-7,,,,,,
30299,848,2,-7,,,,,,
30300,848,2,-7,,,,,,
30301,848,2,-7,,,,,,
30302,612,,-2,,,,,,
30303,1480,-1,-1,,,,,,
30304,1720,-1,8,,,,,,
30305,1108,3,-4,,,,,,
30307,1020,-1,11,,,,,,
30308,757,3,-3,,,,,,
30309,757,1,17,,,,,,
30310,1360,-1,-15,,,,,,
30311,1438,,19,,,,,,
30312,1616,,-1,,,,,,
30313,1616,,-1,,,,,,
30314,1616,,-1,,,,,,
30315,1616,,-1,,,,,,
30316,976,,1,,,,,,
30317,1616,-3,,,,,,,
30318,760,,2,,,,,,
30319,760,,2,,,,,,
30320,1316,-7,4,,,,,,
30321,800,1,-6,,,,,,
30324,800,1,-6,,,,,,
30327,710,3,,,,,,,
30328,1210,-6,,,,,,,
30331,1762,,,,,,,,
30334,1762,,,,,,,,
30337,1762,,,,,,,,
30340,632,-1,-2,,,,,,
30342,1475,2,2,,,,,,
30343,1475,2,2,,,,,,
30344,1347,2,2,,,,,,
30345,1582,,-5,,,,,,
30346,1582,,-5,,,,,,
30347,1450,-4,3,,,,,,
30348,1450,-4,3,,,,,,
30349,1475,2,2,,,,,,
30350,1347,2,2,,,,,,
30351,1582,,-5,,,,,,
30352,1450,-4,3,,,,,,
30353,1730,1,27,,,,,30354,
30354,,,,,,,13189,30353,
30355,1730,1,27,,,,,30356,
30356,,,,,,,13189,30355,
30357,899,1,-1,,,,,,
30359,2384,,,,,,,,
30361,718,5,-11,,,,,,
30363,757,,-8,,,,,,
30365,976,-1,,,,,,,
30367,2237,-1,2,,,,,,
30369,2204,,10,,,,,,
30371,1118,,-2,,,,,,
30373,1382,-13,-22,,,,,,
30374,1316,-12,1,,,,,,
30376,987,5,1,,,,,,
30378,789,,5,,,,,,
30380,888,-1,1,,,,,,
30382,1360,,2,,,,,,
30384,1246,-3,1,,,,,,
30386,526,1,3,,,,,,
30388,1809,2,3,,,,,,
30390,1711,-5,-3,,,,,,
30392,1612,4,-6,,,,,,
30393,1050,,-2,,,,,,
30394,1050,,-2,,,,,,
30395,1050,,-2,,,,,,
30396,1050,,-2,,,,,,
30397,1050,,-2,,,,,,
30398,1050,,-2,,,,,,
30399,1050,,-2,,,,,,
30400,1050,,-2,,,,,,
30401,1050,,-2,,,,,,
30402,1508,-1,4,,,,,,
30404,855,-1,-12,,,,,,
30406,1250,,-1,,,,,,
30408,1684,,-4,,,,,,
30410,700,2,-6,,,,,,
30412,855,-1,-12,,,,,,
30414,1250,,-1,,,,,,
30416,1684,,-4,,,,,,
30418,700,2,-6,,,,,,
30420,855,-1,-12,,,,,,
30422,1250,,-1,,,,,,
30424,1684,,-4,,,,,,
30426,700,2,-6,,,,,,
30428,1232,,-2,,,,,,
30430,1932,3,-4,,,,,,
30432,1592,,,,,,,,
30434,1678,4,-1,,,,,,
30436,1678,4,-1,,,,,,
30437,921,,-13,,,,,,
30439,1414,,-1,,,,,,
30441,1842,-1,-1,,,,,,
30443,1592,,,,,,,,
30445,730,,,,,,,,
30447,1290,,3,,,,,,
30449,1730,,-4,,,,,,
30451,1592,,,,,,,,
30453,1118,,,,,,,,
30455,1118,,,,,,,,
30457,1118,,,,,,,,
30459,1118,,,,,,,,
30461,1118,,,,,,,,
30463,2086,-8,,,,,,,
30465,,,-5,,,,,,
30467,1360,,,,,,,,
30469,1360,,,,,,,,
30471,1232,,,,,,,,
30473,1232,,,,,,,,
30475,1075,,,,,,,,
30477,1075,,,,,,,,
30479,848,3,-16,,,,,,
30481,848,3,-16,,,,,,
30483,848,3,-16,,,,,,
30485,848,3,-16,,,,,,
30487,550,3,-25,,,,,,
30489,625,2,30,,,,,,
30491,828,5,-9,,,,,,
30493,1940,,1,,,,,,
30494,1940,,1,,,,,,
30495,5878,,-24,,,,,,
30496,4598,-8,-18,,,,,,
30497,9033,,-60,,,,,,
30498,4681,,-20,,,,,,
30499,5459,1,-65,,,,,,
30500,5263,,-43,,,,,,
30501,2086,-1,-72,,,,,,
30502,,24,100,,,,,,
30519,730,,,,,,,,
30521,1290,,3,,,,,,
30523,1730,,-4,,,,,,
30525,730,,,,,,,,
30527,1290,,3,,,,,,
30529,1730,,-4,,,,,,
30531,730,,,,,,,,
30533,1290,,3,,,,,,
30535,1730,,-4,,,,,,
30537,730,,,,,,,,
30539,1290,,3,,,,,,
30541,1730,,-4,,,,,,
30543,730,,,,,,,,
30545,1290,,3,,,,,,
30547,1730,,-4,,,,,,
30554,2086,-8,,,,,,,
30557,1360,,9,,,,,,
30560,1118,,,,,,,,
30563,1118,,,,,,,,
30567,5263,,-43,,,,,,
30568,1550,-4,-19,,,,,,
30570,1550,-4,-19,,,,,,
30571,1550,-4,-19,,,,,,
30572,1550,-4,-19,,,,,,
30573,1550,-4,-19,,,,,,
30574,1550,-4,-19,,,,,,
30576,2400,,12,,,,,,
30579,840,,,,,,,,
30581,840,,,,,,,,
30583,840,,,,,,,,
30585,840,,,,,,,,
30587,840,,,,,,,,
30589,840,,,,,,,,
30591,840,,,,,,,,
30593,840,,,,,,,,
30595,840,,,,,,,,
30597,1118,4,1,,,,,,
30599,1118,4,1,,,,,,
30601,1118,4,1,,,,,,
30603,1118,4,-8,,,,,,
30605,1118,4,-8,,,,,,
30607,1118,4,-8,,,,,,
30609,1118,4,-5,,,,,,
30611,1118,-2,-11,,,,,,
30613,1118,-3,-11,,,,,,
30615,1010,1,,,,,,,
30616,2400,,12,,,,,,
30619,2400,,12,,,,,,
30622,4529,12,-29,,,,,,
30624,5100,13,-100,,,,,,
30626,1151,-3,22,,,,,,
30627,1053,-1,12,,,,,,
30628,1776,1,9,,,,,,
30631,1546,4,10,,,,,,
30634,2171,,,,,,,,
30637,511,,3,,,,,,
30638,511,,3,,,,,,
30640,680,1,5,,,,,,
30644,779,3,,,,,,,
30646,691,-1,-2,,,,,,
30648,848,-3,-2,,,,,,
30650,2384,-13,-9,,,,,,
30651,2384,-13,-9,,,,,,
30652,2384,-13,-9,,,,,,
30653,2384,-13,-9,,,,,,
30654,2384,-13,-9,,,,,,
30655,2384,4,-9,,,,,,
30656,2384,4,-9,,,,,,
30657,1488,11,68,,,,,,
30658,1488,11,68,,,,,,
30659,1488,18,65,,,,,,
30660,1488,18,65,,,,,,
30661,1104,28,74,,,,,,
30662,2128,13,53,,,,,,
30663,1616,29,76,,,,,,
30664,1616,29,76,,,,,,
30665,1616,29,76,,,,,,
30666,1616,29,76,,,,,,
30667,1616,29,76,,,,,,
30668,1616,29,76,,,,,,
30669,1616,29,76,,,,,,
30670,1616,33,76,,,,,,
30671,,33,66,,,,,,
30676,1030,,11,,,,,,
30679,1030,,11,,,,,,
30682,1030,,11,,,,,,
30685,1030,,11,,,,,,
30688,984,-1,-2,,,,,,
30689,1210,-6,,,,,,,
30690,2400,,12,,,,,,
30692,350,-4,,,,,,,
30694,,,,,,,,,2:30698|3:30699|4:30700|5:30701
30696,720,3,5,,,,,,2:30702|3:30703|4:30704|5:30705
30702,720,3,5,,,,,,
30703,720,3,5,,,,,,
30704,720,3,5,,,,,,
30705,720,3,5,,,,,,
30706,2086,-8,,,,,,,
30707,2086,-8,,,,,,,
30708,2086,-8,,,,,,,
30709,2086,-8,,,,,,,
30710,2086,-8,,,,,,,
30711,2086,-8,,,,,,,
30712,2086,-8,,,,,,,
30713,2086,-8,,,,,,,
30714,2086,-8,,,,,,,
30715,2086,-8,,,,,,,
30716,2086,-8,,,,,,,
30717,2086,-8,,,,,,,
30718,2086,-8,,,,,,,
30719,2086,-8,,,,,,,
30720,1151,3,-5,,,,,,
30722,1316,,-2,,,,,,
30724,1283,,5,,,,,,
30726,921,1,24,,,,,,
30742,842,1,,,,,,,
30743,842,1,,,,,,,
30744,1762,,,,,,,,
30747,461,1,-5,,,,,,
30750,900,,-2,,,,,,
30753,1352,1,-1,,,,,,
30756,1720,-1,8,,,,,,
30759,1104,,3,,,,,,
30763,1936,,-72,,,,,,
30765,428,,10,,,,,,3:30767|5:30768|10:30769|20:30770
30767,482,,20,,,,,,
30768,660,,10,,,,,,
30769,682,-3,8,,,,,,
30770,760,,3,,,,,,
30771,625,,3,,,,,,
30773,1020,4,28,,,,,,
30775,842,1,,,,,,,
30777,900,,-2,,,,,,
30779,1352,1,-1,,,,,,
30781,1720,-1,8,,,,,,
30783,705,1,3,,,,,,
30785,705,1,3,,,,,,
30787,705,1,3,,,,,,
30789,833,1,3,,,,,,
30791,705,1,3,,,,,,
30793,1473,,,,,,,,
30795,2072,1,-22,,,,,,
30798,2072,1,-22,,,,,,
30800,1809,1,-42,,,,,,
30803,1488,2,9,,,,,,
30805,1488,2,9,,,,,,
30806,1632,,8,,,,,,
30808,670,-3,10,,,,,,
30810,1906,-6,-3,,,,,,
30813,1906,9,-6,,,,,,
30816,1778,10,-14,,,,,,
30819,1778,,,,,,,,
30822,1778,6,-1,,,,,,
30825,1778,6,-1,,,,,,
30828,1778,,-5,,,,,,
30831,2007,-7,-1,,,,,,
30834,1778,-1,-21,,,,,,
30837,1778,6,-1,,,,,,
30840,1778,6,-1,,,,,,
30843,740,,1,,,,,,
30846,1144,1,1,,,,,,
30848,1360,3,,,,,,,5:30850|15:30851|50:30852|100:30853
30850,1606,6,2,,,,,,
30851,1744,-3,1,,,,,,
30852,1744,5,,,,,,,
30853,1744,5,4,,,,,,
30854,692,1,-8,,,,,,
30856,692,1,-8,,,,,,
30858,692,1,-8,,,,,,
30860,1076,-1,-17,,,,,,
30862,1076,-1,-17,,,,,,
30864,1091,,-1,,,,,,1:30866|2:30867|3:30868|4:30869|5:30870|6:30871
30866,1091,,-1,,,,,,
30867,1091,,-1,,,,,,
30868,1091,,-1,,,,,,
30869,1091,,-1,,,,,,
30870,1091,,-1,,,,,,
30871,1091,,-1,,,,,,
30872,900,-3,-1,,,,,,
30875,550,,-1,,,,,,
30878,550,,-1,,,,,,
30881,550,,-1,,,,,,
30884,550,,-1,,,,,,
30887,1053,-1,5,,,,,,
30888,3536,-1,-99,,,,,,
30890,400,1,-3,,,,,,
30891,1513,-2,15,,,,,,
30893,720,,1,,,,,,
30895,636,1,29,,,,,,
30898,1616,-2,-16,,,,,,
30900,1104,-1,8,,,,,,
30902,1501,1,-16,,,,,,
30904,1501,1,-16,,,,,,
30906,1501,1,-16,,,,,,
30908,1501,1,-16,,,,,,
30910,1501,1,-16,,,,,,
30912,1501,1,-16,,,,,,
30914,1501,1,-16,,,,,,
30916,1501,1,-16,,,,,,
30918,1501,1,-16,,,,,,
30920,1501,1,-16,,,,,,
30922,1501,1,-16,,,,,,
30924,1501,1,-16,,,,,,
30926,1501,1,-16,,,,,,
30928,1010,1,,,,,,,
30929,1010,1,,,,,,,
30930,1010,1,,,,,,,
30931,1010,1,,,,,,,
30932,1010,1,,,,,,,
30933,1010,1,,,,,,,
30934,1010,1,,,,,,,
30935,1010,1,,,,,,,
30936,1711,3,1,,,,,,
30937,970,1,4,,,,,,
30939,550,,-1,,,,,,
30940,230,4,8,,,,,,
30941,904,,-6,,,,,,
30942,904,1,-3,,,,,,
30943,904,1,-3,,,,,,
30944,1118,,,,,,,,
30945,1770,-2,-15,,,,,,
30946,976,-1,10,,,,,,
30947,822,,-5,,,,,,
30949,1020,2,9,,,,,,
30950,1301,1,7,,,,,,
30951,976,-1,10,,,,,,
30952,1370,,-16,,,,,,
30953,1370,,-16,,,,,,
30954,1370,,-16,,,,,,
30955,1678,-11,,,,,,,
30957,2072,-7,-6,,,,,,
30960,810,2,-2,,,,,,
30961,2128,9,-20,,,,,,
30962,740,,1,,,,,,
30963,1488,2,11,,,,,,
30964,1096,-3,-3,,,,,,
30965,954,,,,,,,,
30966,2796,,,,,,,,
30967,822,,-9,,,,,,
30968,822,,-9,,,,,,
30969,822,,-9,,,,,,
30970,724,1,1,,,,,,
30972,2303,,-43,,,,,,
30973,1410,2,,,,,,,
30975,990,-1,2,,,,,,
30977,1020,-1,5,64,64,64,,,
30979,910,,,,,,,,
30981,910,,,,,,,,
30983,910,,,,,,,,
30985,500,-1,-2,,,,,,
30987,500,-1,-2,,,,,,
30989,1470,1,7,,,,,,
30990,1470,1,7,,,,,,
30991,1872,12,46,,,,,,
30992,5584,2,-61,,,,,,
30993,1809,-7,46,,,,,,
30994,1645,-7,72,,,,,,
30995,2072,-7,90,,,,,,
30997,650,,,,,,,,
30998,720,2,3,,,,,,2:31000|3:31001|4:31002|5:31003
31000,720,-5,,,,,,,
31001,720,,3,,,,,,
31002,720,2,1,,,,,,
31003,720,2,3,,,,,,
31004,1348,11,20,,,,,,2:31006|3:31007|4:31008|5:31009
31006,1244,10,36,,,,,,
31007,1414,11,32,,,,,,
31008,1372,8,31,,,,,,
31009,1372,12,57,,,,,,
31010,1220,4,14,,,,,,2:31012|3:31013|4:31014|5:31015
31012,1476,1,31,,,,,,
31013,1500,8,16,,,,,,
31014,1604,1,28,,,,,,
31015,1860,,9,,,,,,
31016,750,,26,,,,,,
31018,4176,,,,,,,,2:31020|3:31021|20:31023
31020,2763,,,,,,,,
31021,2384,,,,,,,,
31022,2204,-4,13,,,,,,
31023,2303,-2,4,,,,,,
31024,2100,3,3,,,,,,
31027,1588,,31,,,,,,
31030,4304,30,16,,,,,,
31031,7120,3,-58,,,,,,
31032,1678,-8,5,,,,,,
31034,625,6,-7,,,,,,
31037,435,6,-10,,,,,,
31038,526,8,-7,,,,,,
31039,691,-1,-2,,,,,,
31040,526,7,-6,,,,,,
31041,461,6,-10,,,,,,
31042,526,3,-3,,,,,,
31043,580,-2,2,,,,,,
31045,1546,-7,2,,,,,,
31047,780,1,7,,,,,,
31049,2002,-4,2,,,,,,
31052,1579,12,-4,,,,,,
31054,1053,8,-1,,,,,,100:31056|500:31057|1000:31058
31056,1678,3,3,,,,,,
31057,1776,4,,,,,,,
31058,1974,-1,1,,,,,,
31059,1382,-1,17,,,,,,
31060,1151,-1,16,,,,,,
31061,1151,-4,11,,,,,,
31062,1513,5,-20,,,,,,
31063,1349,,23,,,,,,
31064,1382,,17,,,,,,
31065,1151,,16,,,,,,
31066,1151,,11,,,,,,
31067,1513,,-20,,,,,,
31068,1349,,23,,,,,,
31069,1349,,54,,,,,,
31070,1040,1,7,,,,,,
31071,960,,7,,,,,,
31073,1020,2,9,,,,,,
31075,1410,2,,,,,,,
31077,840,,,,,,,,
31079,830,1,-21,,,,,,
31081,855,-1,1,,,,,,
31084,592,-1,-19,,,,,,
31086,1488,1,11,,,,,,
31088,888,5,-5,,,,,,
31091,888,5,-5,,,,,,
31092,888,5,-5,,,,,,
31093,888,5,-5,,,,,,
31094,888,5,-5,,,,,,
31095,888,5,-5,,,,,,
31096,888,5,-5,,,,,,
31097,888,-1,-5,,,,,,
31099,1349,-24,3,,,,,,2:31102|3:31103|4:31104|5:31105
31101,1349,-24,3,,,,,,
31102,1700,-9,-10,,,,,,
31103,1700,-9,-10,,,,,,
31104,1809,-5,1,,,,,,
31105,1809,-5,1,,,,,,
31106,592,,3,,,,,,
31109,1546,2,-6,,,,,,
31111,625,3,2,,,,,,
31113,1908,-2,3,,,,,,
31115,1908,-2,3,,,,,,
31117,592,,,,,,,,
31119,840,,,,,,,,
31120,840,,,,,,,,
31121,1020,2,9,,,,,,
31123,400,16,23,,,,,,
31124,400,16,23,,,,,,
31125,400,16,23,,,,,,
31126,400,16,23,,,,,,
31127,400,16,23,,,,,,
31128,740,,-4,,,,,,
31130,2895,13,-78,,,,,,
31132,2276,,14,,,,,,
31133,1382,5,-3,,,,,,
31134,3310,4,-6,,,,,,
31135,3310,4,-6,,,,,,
31136,1762,,,,,,,,
31139,1762,,,,,,,,
31142,1762,,,,,,,,
31145,1762,,,,,,,,
31148,1762,,,,,,,,
31151,1762,,,,,,,,
31154,1762,,,,,,,,
31157,1762,,,,,,,,
31160,1762,,,,,,,,
31163,1762,,,,,,,,
31166,1762,,,,,,,,
31169,1762,,,,,,,,
31172,890,2,,,,,,,
31174,1860,5,12,,,,,,
31176,9936,,21,,,,,,
31177,4816,-10,-41,,,,,,
31178,4432,7,-64,,,,,,
31179,2896,-1,-40,,,,,,
31180,464,-2,-1,,,,,,
31181,1857,1,3,,,,,,
31184,1857,1,3,,,,,,
31187,1857,1,3,,,,,,
31190,1857,1,3,,,,,,
31193,1616,,8,,,,,,
31196,1616,,8,,,,,,
31199,1616,,8,,,,,,
31202,1616,,8,,,,,,
31205,1118,,,,,,,,
31208,1118,,,,,,,,
31211,840,2,-2,,,,,,
31212,1040,1,7,,,,,,
31214,1040,1,7,,,,,,
31216,1040,1,7,,,,,,
31218,1730,1,27,,,,,31219,
31219,,,,,,,13189,31218,
31220,1730,1,27,,,,,31221,
31221,,,,,,,13189,31220,
31222,2086,-8,,,,,,,
31223,2086,-8,,,,,,,
31224,2086,-8,,,,,,,
31225,3224,,-9,,,,,,
31227,1020,,,,,,,,
31229,1488,-1,,,,,,,
31231,1488,,5,,,,,,
31233,600,,-1,,,,,,
31235,1711,5,-4,,,,,,2:31237|3:31238|4:31239|5:31240
31237,2007,-4,-2,,,,,,
31238,2007,-4,-2,,,,,,
31239,2007,-4,-2,,,,,,
31240,2007,-4,-2,,,,,,
31241,921,-1,2,,,,,,
31243,921,-1,5,,,,,,
31245,2064,-6,-100,,,,,,
31248,2064,-6,-100,,,,,,
31251,842,-7,-1,,,,,,
31252,510,,,,,,,,
31253,1744,,,,,,,,
31254,670,-4,1,,,,,,
31255,748,-1,-7,,,,,,
31258,748,-1,-7,,,,,,
31261,748,-1,-7,,,,,,
31264,1283,1,17,80,80,80,,,
31266,1830,,,,,,,,
31268,1010,1,,,,,,,
31269,1010,1,,,,,,,
31270,1010,1,,,,,,,
31271,1010,1,,,,,,,
31272,1010,1,,,,,,,
31273,1010,1,,,,,,,
31274,1010,1,,,,,,,
31275,1010,1,,,,,,,
31276,2640,,,,,,,,
31277,2640,,,,,,,,
31278,2640,,,,,,,,
31279,1872,,,,,,,,
31280,1872,,,,,,,,
31281,1872,,,,,,,,
31282,1872,,,,,,,,
31283,2039,7,36,,,,,,
31285,2171,11,-36,,,,,,
31287,3125,11,-44,,,,,,
31288,2128,,1,,,,,,
31290,2128,,1,,,,,,
31292,720,,,,,,,,
31295,848,-2,-16,,,,,,
31296,1232,5,10,,,,,,
31297,987,2,3,112,112,112,,,
31298,848,-2,-16,,,,,,
31300,1232,5,10,,,,,,
31302,2180,-1,1,,,,,,
31303,2180,-1,1,,,,,,
31304,2180,-1,1,,,,,,
31305,2180,-1,1,,,,,,
31306,2180,-1,1,,,,,,
31307,2180,-1,1,,,,,,
31308,2180,-1,1,,,,,,
31309,2180,-1,1,,,,,,
31310,2180,-1,1,,,,,,
31311,2180,-1,1,,,,,,
31312,2180,-1,1,,,,,,
31313,2180,-1,1,,,,,,
31314,2180,-1,1,,,,,,
31315,2180,-1,1,,,,,,
31316,2180,-1,1,,,,,,
31317,2180,-1,1,,,,,,
31318,2180,-1,1,,,,,,
31319,2180,-1,1,,,,,,
31320,2180,-1,1,,,,,,
31321,2180,-1,1,,,,,,
31322,2180,-1,1,,,,,,
31323,2180,-1,1,,,,,,
31324,2180,-1,1,,,,,,
31325,2180,-1,1,,,,,,
31326,2180,-1,1,,,,,,
31327,1744,7,22,,,,,,
31328,1744,7,22,,,,,,
31329,1744,7,22,,,,,,
31330,1000,1,27,,,,,,
31331,1000,1,27,,,,,,
31333,990,-1,2,,,,,,
31335,990,-1,2,,,,,,
31337,987,2,3,112,112,112,,,
31338,820,-3,-1,112,112,112,,,
31339,919,,,,,,,,
31341,919,,,,,,,,
31343,919,,,,,,,,
31345,500,-5,-1,,,,,,
31347,919,,,,,,,,
31349,500,-5,-1,,,,,,
31351,465,3,14,,,,,,
31353,1308,,-4,,,,,,
31355,1438,-5,-3,,,,,,
31357,1308,,-4,,,,,,
31359,912,20,-9,,,,,,
31361,912,20,-9,,,,,,
31363,720,,,,,,,,
31365,1178,3,-1,,,,,,
31367,1178,3,-1,,,,,,
31369,1178,3,-1,,,,,,
31371,1178,3,-1,,,,,,
31373,1178,3,-1,,,,,,
31375,984,,24,,,,,,
31377,789,-1,11,,,,,,
31379,720,,,,,,,,
31381,720,,,,,,,,
31383,1180,,-7,,,,,,
31386,1180,,-7,,,,,,
31389,1180,,-7,,,,,,
31392,1809,6,-88,,,,,,
31393,1232,2,35,,,,,,
31395,976,1,-1,,,,,,
31397,658,2,1,,,,,,
31398,1616,2,18,,,,,,
31400,1743,10,-34,,,,,,
31401,848,-2,-16,,,,,,
31403,1232,5,10,,,,,,
31405,1426,2,11,,,,,,
31406,778,3,4,,,,,,
31408,2244,6,4,,,,,,
31410,1720,7,3,,,,,,
31412,1604,3,4,,,,,,
31414,1604,-4,-6,,,,,,
31416,2116,,-1,,,,,,
31418,2116,,15,,,,,,
31420,1860,5,12,,,,,,
31422,1860,5,12,,,,,,
31424,2116,,3,,,,,,
31426,2116,,26,,,,,,
31428,2105,1,3,,,,,,
31430,1645,3,-9,,,,,,
31432,,,18,,,,,,
31435,,,18,,,,,,
31438,,,18,,,,,,
31441,467,,-1,,,,,,
31443,466,,-1,,,,,,
31445,,33,66,,,,,,
31446,,33,66,,,,,,
31447,,33,66,,,,,,
31448,,33,66,,,,,,
31449,,33,66,,,,,,
31450,,33,66,,,,,,
31451,,33,66,,,,,,
31452,,33,66,,,,,,
31453,,33,66,,,,,,
31454,720,6,-9,,,,,,
31457,954,-1,1,,,,,,
31460,1250,-1,11,,,,,,
31463,720,6,-9,,,,,,
31466,720,6,-9,,,,,,
31469,720,6,-9,,,,,,
31472,1360,,9,,,,,,
31475,1360,,9,,,,,,
31478,1360,,9,,,,,,
31481,2272,-2,17,,,,,,
31484,2016,-10,12,,,,,,
31487,1504,-1,,,,,,,
31490,1210,,,,,,,,
31492,1210,,,,,,,,
31494,1210,,,,,,,,
31496,1210,,,,,,,,
31498,1210,,,,,,,,
31500,1210,,,,,,,,
31502,1910,,-11,,,,,,
31505,1910,,-11,,,,,,
31508,1910,,-11,,,,,,
31511,682,-2,-2,,,,,,
31513,1066,-3,-10,,,,,,
31515,938,,24,,,,,,
31517,855,-3,-7,,,,,,
31518,1020,7,1,,,,,,
31519,987,6,-3,,,,,,
31520,1086,3,,,,,,,
31521,789,-2,-7,,,,,,
31522,789,-1,3,,,,,,
31523,1020,7,-4,,,,,,
31524,1020,7,-4,,,,,,
31525,1118,-1,1,,,,,,
31526,1118,,-1,,,,,,
31527,1118,2,-1,,,,,,
31528,1118,2,,,,,,,
31529,1086,-2,-6,,,,,,
31530,1086,-2,-6,,,,,,
31531,1086,-1,-7,,,,,,
31532,1086,-4,-6,,,,,,
31533,1086,1,-2,,,,,,
31534,1086,-2,3,,,,,,
31535,1086,-2,3,,,,,,
31536,1086,2,3,,,,,,
31537,976,-3,1,,,,,,
31538,976,-3,1,,,,,,
31539,976,1,1,,,,,,
31540,976,2,-3,,,,,,
31541,822,1,1,,,,,,2:31517|3:31518|4:31519|5:31520
31543,691,-1,1,,,,,,2:31521|3:31522|4:31523|5:31524
31545,1118,-1,1,,,,,,2:31525|3:31526|4:31527|5:31528
31547,1020,,-4,,,,,,2:31529|3:31530|4:31531|5:31532
31549,1086,-1,2,,,,,,2:31533|3:31534|4:31535|5:31536
31551,848,,1,,,,,,2:31537|3:31538|4:31539|5:31540
31553,1118,-3,-2,,,,,,
31556,1118,-3,-2,,,,,,
31559,1118,-3,-2,,,,,,
31561,1743,1,13,,,,,,
31564,1743,1,13,,,,,,
31567,1743,1,13,,,,,,
31569,710,1,-22,,,,,,
31572,592,5,-1,,,,,,
31575,1316,-3,5,,,,,,
31577,1316,-3,5,,,,,,
31579,1316,-3,5,,,,,,
31581,1316,-3,5,,,,,,
31583,1316,-3,5,,,,,,
31585,1316,-3,5,,,,,,
31587,550,,-1,,,,,,
31590,944,-2,-1,,,,,,
31593,944,-2,-1,,,,,,
31596,944,-2,-1,,,,,,
31599,944,-2,-1,,,,,,
31602,550,,-1,,,,,,
31605,550,,-1,,,,,,
31608,550,,-1,,,,,,
31611,550,,-1,,,,,,
31614,550,,-1,,,,,,
31617,550,,-1,,,,,,
31620,550,,-1,,,,,,
31623,550,,-1,,,,,,
31626,550,,-1,,,,,,
31629,550,,-1,,,,,,
31632,550,,-1,,,,,,
31635,550,,-1,,,,,,
31638,550,,-1,,,,,,
31641,550,,-1,,,,,,
31644,550,,-1,,,,,,
31647,550,,-1,,,,,,
31650,550,,-1,,,,,,
31653,550,,-1,,,,,,
31656,550,,-1,,,,,,
31659,550,,-1,,,,,,
31662,550,,-1,,,,,,
31665,550,,-1,,,,,,
31668,550,,-1,,,,,,
31671,1102,,45,,,,,,
31674,1102,,45,,,,,,
31677,1102,,45,,,,,,
31680,1102,,45,,,,,,
31683,1102,,45,,,,,,
31686,1102,2,-27,,,,,,
31689,1102,2,-27,,,,,,
31692,1102,2,-27,,,,,,
31695,1102,2,-27,,,,,,
31698,1102,2,-27,,,,,,
31700,1102,2,-27,,,,,,
31703,1102,2,-27,,,,,,
31706,1102,2,-27,,,,,,
31708,1222,7,2,,,,,,
31710,1222,7,2,,,,,,
31712,1221,,,,,,,,
31716,1400,1,15,,,,,,
31719,1400,1,15,,,,,,
31722,1400,1,15,,,,,,
31724,1221,21,5,,,,,,
31726,1283,1,17,80,80,80,,,
31729,1830,,,,,,,,
31732,976,-1,10,,,,,,
31733,2030,,8,,,,,,
31734,1446,-1,-11,,,,,,
31736,650,4,-17,,,,,,
31738,1700,,2,,,,,,
31740,1800,,,,,,,,
31742,800,2,-5,,,,,,
31744,976,-1,10,,,,,,
31745,1174,,-5,,,,,,
31746,1446,-1,-11,,,,,,
31748,700,3,-26,,,,,,
31750,932,,-2,,,,,,
31752,1800,,,,,,,,
31754,800,2,-5,,,,,,
31756,976,-1,10,,,,,,
31757,1168,5,-2,,,,,,
31758,1446,-1,-11,,,,,,
31760,720,2,-1,,,,,,
31762,1300,,,,,,,,
31764,1800,,4,,,,,,
31766,800,2,-5,,,,,,
31768,970,,-1,,,,,,
31770,2200,,,,,,,,
31773,2100,,,,,,,,
31779,1900,,,,,,,,
31782,1800,,,,,,,,
31785,1700,,,,,,,,
31788,1600,,,,,,,,
31791,1500,,,,,,,,
31794,1400,,,,,,,,
31797,1300,,,,,,,,
31800,1200,,,,,,,,
31803,1458,-2,-37,,,,,,
31805,789,-1,-52,,,,,,
31807,2128,8,-1,,,,,,
31809,1513,-16,16,,,,,,
31810,1546,18,24,,,,,,
31811,660,-3,2,,,,,,
31814,660,-3,2,,,,,,
31817,660,-3,2,,,,,,
31820,660,-3,2,,,,,,
31823,660,-3,2,,,,,,
31831,842,-1,1,,,,,,
31832,842,-1,1,,,,,,
31833,842,-1,1,,,,,,
31834,842,-1,1,,,,,,
31835,842,-1,1,,,,,,
31836,842,-1,1,,,,,,
31837,842,-1,1,,,,,,
31838,842,-1,1,,,,,,
31839,842,-1,1,,,,,,
31840,842,-1,1,,,,,,
31841,842,-1,1,,,,,,
31842,842,-1,1,,,,,,
31843,842,-1,1,,,,,,
31844,842,-1,1,,,,,,
31845,842,-1,1,,,,,,
31846,842,-1,1,,,,,,
31847,842,-1,1,,,,,,
31848,842,-1,1,,,,,,
31849,842,-1,1,,,,,,
31850,842,-1,1,,,,,,
31851,842,-1,1,,,,,,
31852,842,-1,1,,,,,,
31853,842,-1,1,,,,,,
31854,842,-1,1,,,,,,
31855,842,-1,1,,,,,,
31856,842,-1,1,,,,,,
31857,842,-1,1,,,,,,
31858,842,-1,1,,,,,,
31859,842,-1,1,,,,,,
31860,842,-1,1,,,,,,
31861,842,-1,1,,,,,,
31862,842,-1,1,,,,,,
31863,842,-1,1,,,,,,
31864,842,-1,1,,,,,,
31865,550,,-1,,,,,,
31867,550,,-1,,,,,,
31869,910,,,,,,,,
31871,842,-1,1,,,,,,
31872,842,-1,1,,,,,,
31873,842,-1,1,,,,,,
31874,842,-1,1,,,,,,
31875,842,-1,1,,,,,,
31876,842,-1,1,,,,,,
31877,842,-1,1,,,,,,
31878,842,-1,1,,,,,,
31879,1020,4,16,,,,,,
31881,842,-1,1,,,,,,
31882,842,-1,1,,,,,,
31883,842,-1,1,,,,,,
31884,842,-1,1,,,,,,
31885,842,-1,1,,,,,,
31886,842,-1,1,,,,,,
31887,842,-1,1,,,,,,
31888,842,-1,1,,,,,,
31889,842,-1,1,,,,,,
31890,842,-1,1,,,,,,
31891,842,-1,1,,,,,,
31892,842,-1,1,,,,,,
31893,842,-1,1,,,,,,
31894,842,-1,1,,,,,,
31895,842,-1,1,,,,,,
31896,842,-1,1,,,,,,
31897,842,-1,1,,,,,,
31898,842,-1,1,,,,,,
31899,842,-1,1,,,,,,
31900,842,-1,1,,,,,,
31901,842,-1,1,,,,,,
31902,842,-1,1,,,,,,
31903,720,,,,,,,,
31905,842,-1,1,,,,,,
31906,1400,1,,,,,,,
31908,1400,1,,,,,,,
31910,1400,1,,,,,,,
31912,1400,1,,,,,,,
31914,1400,1,,,,,,,
31916,1400,1,,,,,,,
31918,1513,-1,-58,,,,,,
31920,1513,-1,-58,,,,,,
31922,1513,-1,-58,,,,,,
31924,1513,-1,-58,,,,,,
31926,1513,-1,-58,,,,,,
31928,1513,-1,-58,,,,,,
31930,1513,-1,-58,,,,,,
31932,1285,3,-5,,,,,,
31934,1285,3,-5,,,,,,
31936,1285,3,-5,,,,,,
31938,1285,3,-5,,,,,,
31940,1285,3,-5,,,,,,
31942,1285,3,-5,,,,,,
31944,1285,3,-5,,,,,,
31946,2400,,,,,,,,
31949,1174,,-5,,,,,,
31952,1447,3,1,,,,,,
31954,2039,-3,32,,,,,,
31957,822,-7,9,,,,,,
31959,296,-2,1,64,64,64,,,
31961,954,,-6,,,,,,
31964,1724,,7,,,,,,
31967,1724,,7,,,,,,
31970,1724,,7,,,,,,
31973,1724,,7,,,,,,
31976,1724,,7,,,,,,
31979,1724,,7,,,,,,
31982,1724,,7,,,,,,
31985,1936,1,5,,,,,,
31986,1936,1,5,,,,,,
31989,822,5,4,,,,,,
31992,2730,-16,-10,,,,,,
31993,1217,3,1,,,,,,
31994,1271,4,1,,,,,,
31995,1271,3,5,,,,,,
31996,1458,,9,,,,,,
31999,2404,1,-44,,,,,,
32002,2404,1,-44,,,,,,
32005,2404,1,-44,,,,,,
32008,2404,1,-44,,,,,,
32011,2404,1,-44,,,,,,
32014,2404,1,-44,,,,,,
32017,2404,1,-44,,,,,,
32020,2276,2,-7,,,,,,
32023,2276,2,-7,,,,,,
32026,2276,2,-7,,,,,,
32029,2276,2,-7,,,,,,
32032,2276,2,-7,,,,,,
32035,2276,2,-7,,,,,,
32038,2276,2,-7,,,,,,
32041,2020,3,-33,,,,,,
32044,2020,3,-33,,,,,,
32047,2020,3,-33,,,,,,
32050,2020,3,-33,,,,,,
32053,2020,3,-33,,,,,,
32056,2020,3,-33,,,,,,
32059,2020,3,-33,,,,,,
32062,2404,-1,-6,,,,,,
32065,2404,-1,-6,,,,,,
32068,2404,-1,-6,,,,,,
32071,2404,-1,-6,,,,,,
32074,2404,-1,-6,,,,,,
32077,2404,-1,-6,,,,,,
32080,2404,-1,-6,,,,,,
32083,1200,3,4,,,,,,
32085,1200,3,4,,,,,,
32087,1488,-1,-20,,,,,,
32090,1488,-1,-20,,,,,,
32093,1488,-1,-20,,,,,,
32096,1488,-1,-20,,,,,,
32099,1488,-1,-20,,,,,,
32102,1488,-1,-20,,,,,,
32104,1488,-1,-20,,,,,,
32106,1488,-1,-20,,,,,,
32108,1488,-1,-20,,,,,,
32110,1488,-1,-20,,,,,,
32113,1488,-1,-20,,,,,,
32118,6711,-18,-47,,,,,,
32121,6711,-18,-47,,,,,,
32124,6711,-18,-47,,,,,,
32127,6711,-18,-47,,,,,,
32130,6711,-18,-47,,,,,,
32133,6711,-18,-47,,,,,,
32136,6711,-18,-47,,,,,,
32139,2500,,,,,,,,
32142,2500,,,,,,,,
32145,2500,,,,,,,,
32148,2500,,,,,,,,
32151,2500,,,,,,,,
32154,2500,,,,,,,,
32157,2500,,,,,,,,
32195,3024,-9,-39,,,,,,
32196,3257,62,18,,,,,,
32197,3560,82,12,,,,,,
32198,3520,14,-18,,,,,,
32199,2763,-16,-11,,,,,,
32200,2763,-16,-11,,,,,,
32201,2763,-16,-11,,,,,,
32202,2763,-16,-11,,,,,,
32203,2763,-16,-11,,,,,,
32204,2763,-16,-11,,,,,,
32205,2763,-16,-11,,,,,,
32206,3224,-84,-61,,,,,,
32207,3224,-84,-61,,,,,,
32208,3224,-84,-61,,,,,,
32209,3224,-84,-61,,,,,,
32210,3224,-84,-61,,,,,,
32211,3224,-84,-61,,,,,,
32212,3224,-84,-61,,,,,,
32213,1875,-34,-14,,,,,,
32214,1875,-34,-14,,,,,,
32215,1875,-34,-14,,,,,,
32216,1875,-34,-14,,,,,,
32217,1875,-34,-14,,,,,,
32218,1875,-34,-14,,,,,,
32219,1875,-34,-14,,,,,,
32220,6086,-100,-49,,,,,,
32221,6086,-100,-49,,,,,,
32222,6086,-100,-49,,,,,,
32223,6086,-100,-49,,,,,,
32224,3421,5,-5,,,,,,
32225,2632,20,100,,,,,,
32226,2500,13,100,,,,,,
32227,2697,16,43,,,,,,
32228,2768,-4,-10,,,,,,
32229,2768,-4,-10,,,,,,
32230,2544,-6,-9,,,,,,
32231,3224,-10,-10,,,,,,
32232,,-31,13,,,,,,
32233,1922,3,25,,,,,,
32234,1922,3,25,,,,,,
32235,3280,-2,-100,,,,,,
32236,1616,22,-14,,,,,,
32237,,,-5,,,,,,
32238,2640,-6,-12,,,,,,
32239,4178,-9,-23,,,,,,
32240,6711,-18,-47,,,,,,
32241,9808,,,,,,,,
32242,2020,-1,-6,,,,,,
32243,7376,,,,,,,,
32244,1977,-1,-3,,,,,,
32245,2829,1,-37,,,,,,
32246,2708,-7,-33,,,,,,
32247,3092,2,-58,,,,,,
32248,2324,-2,-40,,,,,,
32249,2836,-5,-48,,,,,,
32250,2324,-6,-39,,,,,,
32251,3092,-3,-66,,,,,,
32252,3348,-14,-35,,,,,,
32253,2580,2,-39,,,,,,
32254,3026,-7,-29,,,,,,
32255,5000,,,,,,,,
32256,533,,,,,,,,
32257,1900,,3,,,,,,
32258,1900,,3,,,,,,
32259,1900,,3,,,,,,
32260,1900,,3,,,,,,
32261,1900,,3,,,,,,
32262,1900,,3,,,,,,
32263,1900,,3,,,,,,
32264,1900,,3,,,,,,
32265,1900,,3,,,,,,
32266,1900,,3,,,,,,
32267,1900,,3,,,,,,
32268,1900,,3,,,,,,
32269,1900,,3,,,,,,
32270,1900,,3,,,,,,
32271,1900,,3,,,,,,
32272,1900,,3,,,,,,
32273,1900,,3,,,,,,
32274,1900,,3,,,,,,
32275,1900,,3,,,,,,
32276,1900,,3,,,,,,
32277,1900,,3,,,,,,
32278,1900,,3,,,,,,
32279,1900,,3,,,,,,
32280,1900,,3,,,,,,
32281,1900,,3,,,,,,
32282,1900,,3,,,,,,
32283,1900,,3,,,,,,
32284,1900,,3,,,,,,
32285,1900,,3,,,,,,
32286,1900,,3,,,,,,
32287,1900,,3,,,,,,
32288,1900,,3,,,,,,
32289,1104,-5,2,,,,,,
32290,1900,,3,,,,,,
32291,1900,,3,,,,,,
32292,1900,,3,,,,,,
32293,1900,,3,,,,,,
32294,1900,,3,,,,,,
32295,1900,,3,,,,,,
32296,1900,,3,,,,,,
32297,1900,,3,,,,,,
32298,1900,,3,,,,,,
32299,1488,-1,-20,,,,,,
32300,1724,,7,,,,,,
32301,1724,,7,,,,,,
32302,1724,,7,,,,,,
32303,1724,,7,,,,,,
32304,1724,,7,,,,,,
32305,1724,,7,,,,,,
32306,1724,,7,,,,,,
32307,1368,2,-3,,,,,,
32309,2244,6,4,,,,,,
32312,2244,6,4,,,,,,
32315,2244,6,4,,,,,,
32317,1604,3,4,,,,,,
32320,1604,3,4,,,,,,
32323,1604,3,4,,,,,,
32325,2116,,-1,,,,,,
32328,2116,,-1,,,,,,
32331,2116,,-1,,,,,,
32333,1860,5,12,,,,,,
32336,1860,5,12,,,,,,
32339,1860,5,12,,,,,,
32341,2116,,3,,,,,,
32344,2116,,3,,,,,,
32347,2116,,3,,,,,,
32349,1988,2,3,,,,,,
32352,1988,2,3,,,,,,
32355,1988,2,3,,,,,,
32357,1202,4,-11,,,,,,
32360,1710,-1,6,,,,,,
32362,1282,1,7,,,,,,
32364,1977,-1,-9,,,,,,
32366,1977,-1,-9,,,,,,
32368,1977,-1,-41,,,,,,
32370,1977,-1,-41,,,,,,
32371,1977,-1,-20,,,,,,
32373,1977,-1,-20,,,,,,
32374,1977,-1,-37,,,,,,
32376,1977,-1,-37,,,,,,
32377,1977,-1,-28,,,,,,
32379,1977,-1,-28,,,,,,
32380,1977,-1,-37,,,,,,
32382,1977,-1,-37,,,,,,
32383,1977,-1,-37,,,,,,
32385,1977,-1,-37,,,,,,
32386,461,5,58,,,,,,
32388,195,1,,,,,,,
32389,177,2,,,,,,,
32390,194,1,,,,,,,
32391,204,1,,,,,,,
32392,177,1,1,,,,,,
32393,184,,,,,,,,
32394,172,,-2,,,,,,
32395,165,1,-1,,,,,,
32396,865,1,22,,,,,,
32398,560,3,9,,,,,,
32399,560,3,9,,,,,,
32401,1967,1,7,,,,,,
32402,1967,1,7,,,,,,
32403,1839,1,3,,,,,,
32404,2095,,7,,,,,,
32405,1839,1,7,,,,,,
32406,1967,1,7,,,,,,
32407,1967,1,7,,,,,,
32408,1967,3,4,,,,,,
32409,2095,1,7,,,,,,
32410,1967,1,7,,,,,,
32411,700,-3,5,,,,,,
32412,700,-3,5,,,,,,
32413,700,-3,5,,,,,,
32414,700,-3,5,,,,,,
32415,700,-3,5,,,,,,
32416,700,-3,5,,,,,,
32417,700,-3,5,,,,,,
32418,700,-3,5,,,,,,
32419,700,-3,5,,,,,,
32420,700,-3,5,,,,,,
32421,1040,1,7,,,,,,
32422,1040,1,7,,,,,,
32423,1040,1,7,,,,,,
32424,1040,1,7,,,,,,
32425,1040,1,7,,,,,,
32426,1040,1,7,,,,,,
32427,1040,1,7,,,,,,
32428,1040,1,7,,,,,,
32429,1040,1,7,,,,,,
32430,1040,1,7,,,,,,
32431,958,3,8,,,,,,
32432,700,-3,5,,,,,,
32433,540,,-1,,,,,,
32434,2200,1,6,,,,,,
32435,1977,-1,-3,,,,,,
32436,1977,-1,-3,,,,,,
32437,1977,-1,-3,,,,,,
32438,1977,-1,-3,,,,,,
32439,1977,-1,-3,,,,,,
32440,1977,-1,-3,,,,,,
32441,1977,-1,-3,,,,,,
32442,1977,-1,-3,,,,,,
32443,1977,-1,-3,,,,,,
32444,1977,-1,-3,,,,,,
32445,1977,-1,-3,,,,,,
32446,1977,-1,-3,,,,,,
32447,1977,-1,-3,,,,,,
32448,1977,-1,-3,,,,,,
32449,1977,-1,-3,,,,,,
32450,1977,-1,-3,,,,,,
32451,1977,-1,-3,,,,,,
32452,1977,-1,-3,,,,,,
32453,1977,-1,-3,,,,,,
32454,1977,-1,-3,,,,,,
32455,1977,-1,-3,,,,,,
32456,1977,-1,-3,,,,,,
32457,1977,-1,-3,,,,,,
32458,1977,-1,-3,,,,,,
32459,1977,-1,-3,,,,,,
32460,1977,-1,-3,,,,,,
32461,1977,-1,-3,,,,,,
32462,1977,-1,-3,,,,,,
32463,1977,-1,-3,,,,,,
32464,1977,-1,-3,,,,,,
32465,1977,-1,-3,,,,,,
32466,1977,-1,-3,,,,,,
32467,1977,-1,-3,,,,,,
32468,1977,-1,-3,,,,,,
32469,1977,-1,-3,,,,,,
32470,1977,-1,-3,,,,,,
32471,1977,-1,-3,,,,,,
32472,1977,-1,-3,,,,,,
32473,1977,-1,-3,,,,,,
32474,1977,-1,-3,,,,,,
32475,1977,-1,-3,,,,,,
32476,1977,-1,-3,,,,,,
32477,1977,-1,-3,,,,,,
32478,1977,-1,-3,,,,,,
32479,1977,-1,-3,,,,,,
32480,1977,-1,-3,,,,,,
32481,1977,-1,-3,,,,,,
32482,1977,-1,-3,,,,,,
32483,1977,-1,-3,,,,,,
32484,1977,-1,-3,,,,,,
32485,1977,-1,-3,,,,,,
32486,1977,-1,-3,,,,,,
32487,1977,-1,-3,,,,,,
32488,1977,-1,-3,,,,,,
32489,1977,-1,-3,,,,,,
32490,1977,-1,-3,,,,,,
32491,1977,-1,-3,,,,,,
32492,1977,-1,-3,,,,,,
32493,1977,-1,-3,,,,,,
32494,1977,-1,-3,,,,,,
32495,1977,-1,-3,,,,,,
32496,1977,-1,-3,,,,,,
32497,1977,-1,-3,,,,,,
32498,1977,-1,-3,,,,,,
32499,1977,-1,-3,,,,,,
32500,1977,-1,-3,,,,,,
32501,1977,-1,-3,,,,,,
32502,1977,-1,-3,,,,,,
32503,1977,-1,-3,,,,,,
32504,1977,-1,-3,,,,,,
32505,1977,-1,-3,,,,,,
32506,1977,-1,-3,,,,,,
32507,1977,-1,-3,,,,,,
32508,1977,-1,-3,,,,,,
32509,1977,-1,-3,,,,,,
32510,1977,-1,-3,,,,,,
32511,1977,-1,-3,,,,,,
32512,1977,-1,-3,,,,,,
32513,1977,-1,-3,,,,,,
32514,1977,-1,-3,,,,,,
32515,1977,-1,-3,,,,,,
32516,1977,-1,-3,,,,,,
32517,1977,-1,-3,,,,,,
32518,1977,-1,-3,,,,,,
32519,1977,-1,-3,,,,,,
32520,1977,-1,-3,,,,,,
32521,1977,-1,-3,,,,,,
32522,1977,-1,-3,,,,,,
32523,1977,-1,-3,,,,,,
32524,1977,-1,-3,,,,,,
32525,1977,-1,-3,,,,,,
32526,1977,-1,-3,,,,,,
32527,1977,-1,-3,,,,,,
32528,1977,-1,-3,,,,,,
32529,1977,-1,-3,,,,,,
32530,1977,-1,-3,,,,,,
32531,1977,-1,-3,,,,,,
32532,1977,-1,-3,,,,,,
32533,1977,-1,-3,,,,,,
32534,1977,-1,-3,,,,,,
32535,1977,-1,-3,,,,,,
32536,1977,-1,-3,,,,,,
32537,1977,-1,-3,,,,,,
32538,1977,-1,-3,,,,,,
32539,1977,-1,-3,,,,,,
32540,1977,-1,-3,,,,,,
32541,1977,-1,-3,,,,,,
32542,1977,-1,-3,,,,,,
32543,1977,-1,-3,,,,,,
32544,1977,-1,-3,,,,,,
32545,1977,-1,-3,,,,,,
32546,1977,-1,-3,,,,,,
32547,1977,-1,-3,,,,,,
32548,1977,-1,-3,,,,,,
32549,1977,-1,-3,,,,,,
32550,1977,-1,-3,,,,,,
32551,1977,-1,-3,,,,,,
32552,1977,-1,-3,,,,,,
32553,1977,-1,-3,,,,,,
32554,1977,-1,-3,,,,,,
32555,1977,-1,-3,,,,,,
32556,1977,-1,-3,,,,,,
32557,1977,-1,-3,,,,,,
32558,1977,-1,-3,,,,,,
32559,1977,-1,-3,,,,,,
32560,1977,-1,-3,,,,,,
32561,1977,-1,-3,,,,,,
32562,1977,-1,-3,,,,,,
32563,1977,-1,-3,,,,,,
32564,1977,-1,-3,,,,,,
32565,1977,-1,-3,,,,,,
32566,1977,-1,-3,,,,,,
32567,1977,-1,-3,,,,,,
32568,1977,-1,-3,,,,,,
32569,1977,-1,-3,,,,,,
32570,1977,-1,-3,,,,,,
32571,1977,-1,-3,,,,,,
32572,1977,-1,-3,,,,,,
32573,1977,-1,-3,,,,,,
32574,1977,-1,-3,,,,,,
32575,1977,-1,-3,,,,,,
32576,1977,-1,-3,,,,,,
32577,1977,-1,-3,,,,,,
32578,1977,-1,-3,,,,,,
32579,1977,-1,-3,,,,,,
32580,1977,-1,-3,,,,,,
32581,1977,-1,-3,,,,,,
32582,1977,-1,-3,,,,,,
32583,1977,-1,-3,,,,,,
32584,1977,-1,-3,,,,,,
32585,1977,-1,-3,,,,,,
32586,1977,-1,-3,,,,,,
32587,1977,-1,-3,,,,,,
32588,1977,-1,-3,,,,,,
32589,1977,-1,-3,,,,,,
32590,1977,-1,-3,,,,,,
32591,1977,-1,-3,,,,,,
32592,1977,-1,-3,,,,,,
32593,1977,-1,-3,,,,,,
32594,1977,-1,-3,,,,,,
32595,1977,-1,-3,,,,,,
32596,1977,-1,-3,,,,,,
32597,1977,-1,-3,,,,,,
32598,1977,-1,-3,,,,,,
32599,1977,-1,-3,,,,,,
32600,1977,-1,-3,,,,,,
32601,1977,-1,-3,,,,,,
32602,1977,-1,-3,,,,,,
32603,1977,-1,-3,,,,,,
32604,1977,-1,-3,,,,,,
32605,1977,-1,-3,,,,,,
32606,1977,-1,-3,,,,,,
32607,1977,-1,-3,,,,,,
32608,1977,-1,-3,,,,,,
32609,1977,-1,-3,,,,,,
32610,1977,-1,-3,,,,,,
32611,1977,-1,-3,,,,,,
32612,1977,-1,-3,,,,,,
32613,1977,-1,-3,,,,,,
32614,1977,-1,-3,,,,,,
32615,1977,-1,-3,,,,,,
32616,1977,-1,-3,,,,,,
32617,1977,-1,-3,,,,,,
32618,1977,-1,-3,,,,,,
32619,1977,-1,-3,,,,,,
32620,1977,-1,-3,,,,,,
32621,1977,-1,-3,,,,,,
32622,1977,-1,-3,,,,,,
32623,1977,-1,-3,,,,,,
32624,1977,-1,-3,,,,,,
32625,1977,-1,-3,,,,,,
32626,1977,-1,-3,,,,,,
32627,1977,-1,-3,,,,,,
32628,1977,-1,-3,,,,,,
32629,1977,-1,-3,,,,,,
32630,1977,-1,-3,,,,,,
32631,1977,-1,-3,,,,,,
32632,1977,-1,-3,,,,,,
32633,1977,-1,-3,,,,,,
32634,1977,-1,-3,,,,,,
32635,1977,-1,-3,,,,,,
32636,1977,-1,-3,,,,,,
32637,1977,-1,-3,,,,,,
32638,1977,-1,-3,,,,,,
32639,1977,-1,-3,,,,,,
32640,1977,-1,-3,,,,,,
32641,1977,-1,-3,,,,,,
32642,1977,-1,-3,,,,,,
32643,1977,-1,-3,,,,,,
32644,1977,-1,-3,,,,,,
32645,1977,-1,-3,,,,,,
32646,1977,-1,-3,,,,,,
32647,1977,-1,-3,,,,,,
32648,1977,-1,-3,,,,,,
32649,1977,-1,-3,,,,,,
32650,1977,-1,-3,,,,,,
32651,1977,-1,-3,,,,,,
32652,1977,-1,-3,,,,,,
32653,1977,-1,-3,,,,,,
32654,1977,-1,-3,,,,,,
32655,1977,-1,-3,,,,,,
32656,1977,-1,-3,,,,,,
32657,1977,-1,-3,,,,,,
32658,1977,-1,-3,,,,,,
32659,1977,-1,-3,,,,,,
32660,1977,-1,-3,,,,,,
32661,1977,-1,-3,,,,,,
32662,1977,-1,-3,,,,,,
32663,1977,-1,-3,,,,,,
32664,1977,-1,-3,,,,,,
32665,1977,-1,-3,,,,,,
32666,1977,-1,-3,,,,,,
32667,1977,-1,-3,,,,,,
32668,1977,-1,-3,,,,,,
32669,1977,-1,-3,,,,,,
32670,1977,-1,-3,,,,,,
32671,1977,-1,-3,,,,,,
32672,1977,-1,-3,,,,,,
32673,1977,-1,-3,,,,,,
32674,1977,-1,-3,,,,,,
32675,1977,-1,-3,,,,,,
32676,1977,-1,-3,,,,,,
32677,1977,-1,-3,,,,,,
32678,1977,-1,-3,,,,,,
32679,1977,-1,-3,,,,,,
32680,1977,-1,-3,,,,,,
32681,1977,-1,-3,,,,,,
32682,1977,-1,-3,,,,,,
32683,1977,-1,-3,,,,,,
32684,1977,-1,-3,,,,,,
32685,1977,-1,-3,,,,,,
32686,1977,-1,-3,,,,,,
32687,1977,-1,-3,,,,,,
32688,1977,-1,-3,,,,,,
32689,1977,-1,-3,,,,,,
32690,1977,-1,-3,,,,,,
32691,1977,-1,-3,,,,,,
32692,1977,-1,-3,,,,,,
32693,1977,-1,-3,,,,,,
32694,1977,-1,-3,,,,,,
32695,1977,-1,-3,,,,,,
32696,1977,-1,-3,,,,,,
32697,1977,-1,-3,,,,,,
32698,1977,-1,-3,,,,,,
32699,1977,-1,-3,,,,,,
32700,1977,-1,-3,,,,,,
32701,1977,-1,-3,,,,,,
32702,1977,-1,-3,,,,,,
32703,1977,-1,-3,,,,,,
32704,1977,-1,-3,,,,,,
32705,1977,-1,-3,,,,,,
32706,1977,-1,-3,,,,,,
32707,1977,-1,-3,,,,,,
32708,1977,-1,-3,,,,,,
32709,1977,-1,-3,,,,,,
32710,1977,-1,-3,,,,,,
32711,1977,-1,-3,,,,,,
32712,1977,-1,-3,,,,,,
32713,1977,-1,-3,,,,,,
32714,1977,-1,-3,,,,,,
32715,1977,-1,-3,,,,,,
32716,1977,-1,-3,,,,,,
32717,1977,-1,-3,,,,,,
32718,1977,-1,-3,,,,,,
32719,1977,-1,-3,,,,,,
32720,1977,-1,-3,,,,,,
32721,1977,-1,-3,,,,,,
32722,1977,-1,-3,,,,,,
32723,1977,-1,-3,,,,,,
32724,1977,-1,-3,,,,,,
32725,1977,-1,-3,,,,,,
32726,1977,-1,-3,,,,,,
32727,1977,-1,-3,,,,,,
32728,1977,-1,-3,,,,,,
32729,1977,-1,-3,,,,,,
32730,1977,-1,-3,,,,,,
32731,1977,-1,-3,,,,,,
32732,1977,-1,-3,,,,,,
32733,1977,-1,-3,,,,,,
32734,1977,-1,-3,,,,,,
32735,1977,-1,-3,,,,,,
32736,1977,-1,-3,,,,,,
32737,1977,-1,-3,,,,,,
32738,1977,-1,-3,,,,,,
32739,1977,-1,-3,,,,,,
32740,1977,-1,-3,,,,,,
32741,1977,-1,-3,,,,,,
32742,1977,-1,-3,,,,,,
32743,1977,-1,-3,,,,,,
32744,1977,-1,-3,,,,,,
32745,1977,-1,-3,,,,,,
32746,1977,-1,-3,,,,,,
32747,1977,-1,-3,,,,,,
32748,1977,-1,-3,,,,,,
32749,1977,-1,-3,,,,,,
32750,1977,-1,-3,,,,,,
32751,1977,-1,-3,,,,,,
32752,1977,-1,-3,,,,,,
32753,1977,-1,-3,,,,,,
32754,1977,-1,-3,,,,,,
32755,1977,-1,-3,,,,,,
32756,1977,-1,-3,,,,,,
32757,1977,-1,-3,,,,,,
32758,1977,-1,-3,,,,,,
32759,1977,-1,-3,,,,,,
32760,1977,-1,-3,,,,,,
32761,1977,-1,-3,,,,,,
32762,1977,-1,-3,,,,,,
32763,1977,-1,-3,,,,,,
32764,1977,-1,-3,,,,,,
32765,1977,-1,-3,,,,,,
32766,1977,-1,-3,,,,,,
32767,1977,-1,-3,,,,,,
32768,1977,-1,-3,,,,,,
32769,1977,-1,-3,,,,,,
32770,1977,-1,-3,,,,,,
32771,1977,-1,-3,,,,,,
32772,1977,-1,-3,,,,,,
32773,1977,-1,-3,,,,,,
32774,1977,-1,-3,,,,,,
32775,1977,-1,-3,,,,,,
32776,1977,-1,-3,,,,,,
32777,1977,-1,-3,,,,,,
32778,1977,-1,-3,,,,,,
32779,1977,-1,-3,,,,,,
32780,1977,-1,-3,,,,,,
32781,1977,-1,-3,,,,,,
32782,1977,-1,-3,,,,,,
32783,1977,-1,-3,,,,,,
32784,1977,-1,-3,,,,,,
32785,1977,-1,-3,,,,,,
32786,1977,-1,-3,,,,,,
32787,1977,-1,-3,,,,,,
32788,1977,-1,-3,,,,,,
32789,1977,-1,-3,,,,,,
32790,1977,-1,-3,,,,,,
32791,1977,-1,-3,,,,,,
32792,1977,-1,-3,,,,,,
32793,1977,-1,-3,,,,,,
32794,1977,-1,-3,,,,,,
32795,1977,-1,-3,,,,,,
32796,1977,-1,-3,,,,,,
32797,1977,-1,-3,,,,,,
32798,1977,-1,-3,,,,,,
32799,1977,-1,-3,,,,,,
32800,1977,-1,-3,,,,,,
32801,1977,-1,-3,,,,,,
32802,1977,-1,-3,,,,,,
32803,1977,-1,-3,,,,,,
32804,1977,-1,-3,,,,,,
32805,1977,-1,-3,,,,,,
32806,1977,-1,-3,,,,,,
32807,1977,-1,-3,,,,,,
32808,1977,-1,-3,,,,,,
32809,1081,7,,,,,,,
32810,1081,-4,,,,,,,
32811,1081,4,4,,,,,,
32812,1081,-5,,,,,,,
32813,1593,-2,-21,,,,,,
32814,1593,-2,-21,,,,,,
32815,2489,-3,5,,,,,,
32816,2489,-3,5,,,,,,
32817,2489,-3,5,,,,,,
32818,2489,-3,5,,,,,,
32819,1849,6,-5,,,,,,
32820,1849,6,-5,,,,,,
32821,1849,6,-5,,,,,,
32822,1849,6,-5,,,,,,
32823,1593,1,2,,,,,,
32824,1593,1,2,,,,,,
32825,1593,1,2,,,,,,
32826,1593,1,2,,,,,,
32827,1977,2,-20,,,,,,
32828,1849,-6,3,,,,,,
32829,1849,-6,3,,,,,,
32830,1849,-6,3,,,,,,
32831,1849,-6,3,,,,,,
32832,1977,7,39,,,,,,
32833,1337,-4,16,,,,,,
32834,1977,-1,2,,,,,,
32835,1977,-1,2,,,,,,
32836,1977,-1,2,,,,,,
32837,1977,-1,2,,,,,,
32838,1977,-5,-3,,,,,,
32839,1977,-5,-3,,,,,,
32840,1977,-5,-3,,,,,,
32841,1977,-5,-3,,,,,,
32842,1337,-1,4,,,,,,
32843,1337,-1,4,,,,,,
32844,1337,-1,4,,,,,,
32845,1337,-1,4,,,,,,
32846,1465,3,2,,,,,,
32847,2080,-1,-56,,,,,,
32849,2080,-1,-56,,,,,,
32851,2080,-1,-56,,,,,,
32853,2080,-1,-56,,,,,,
32855,2080,-1,-56,,,,,,
32857,2080,-1,-56,,,,,,
32859,2080,-1,-56,,,,,,
32861,2080,-1,-56,,,,,,
32863,727,1,,,,,,,
32864,658,-3,7,,,,,,
32865,760,8,9,,,,,,
32866,763,-2,-8,,,,,,
32867,759,,2,,,,,,
32868,690,1,10,,,,,,
32869,1616,-5,16,,,,,,
32870,822,4,11,,,,,,
32871,840,2,-2,,,,,,
32872,840,2,-2,,,,,,
32873,840,2,-2,,,,,,
32874,1977,-1,-3,,,,,,
32875,2080,-1,-56,,,,,,
32876,1744,-3,19,,,,,,
32879,720,-2,,,,,,,
32882,1104,-6,-16,,,,,,
32884,,9,-32,,,,,,
32885,4079,-6,-25,,,,,,
32886,1726,-3,41,,,,,,
32889,820,1,-8,,,,,,
32892,820,1,-8,,,,,,
32895,520,,,,,,,,
32896,2660,6,-32,,,,,,
32897,2510,,-25,,,,,,
32902,1180,,-7,,,,,,
32904,1180,,-7,,,,,,
32907,1180,,-7,,,,,,
32910,1180,,-7,,,,,,
32913,2290,-5,2,,,,,,
32914,2290,-5,2,,,,,,
32915,2290,-5,2,,,,,,
32916,2290,-5,2,,,,,,
32917,2290,-5,2,,,,,,
32918,2290,-5,2,,,,,,
32919,2290,-5,2,,,,,,
32920,2290,-5,2,,,,,,
32921,590,10,60,,,,,,
32923,650,3,4,,,,,,
32924,1977,-1,-3,,,,,,
32925,1977,-1,-3,,,,,,
32926,2086,-8,,,,,,,
32927,2086,-8,,,,,,,
32928,822,1,-6,,,,,,
32930,1217,,4,,,,,,
32932,1217,,4,,,,,,
32934,855,3,-10,,,,,,
32936,1977,-1,-3,,,,,,
32937,1977,-1,-3,,,,,,
32938,1977,-1,-3,,,,,,
32939,1977,-1,-3,,,,,,
32940,1977,-1,-3,,,,,,
32941,1977,-1,-3,,,,,,
32942,1977,-1,-3,,,,,,
32943,1977,-1,-3,,,,,,
32944,1977,-1,-3,,,,,,
32945,1977,-1,-3,,,,,,
32946,1977,-1,-3,,,,,,
32947,1977,-1,-3,,,,,,
32948,1977,-1,-3,,,,,,
32949,1977,-1,-3,,,,,,
32950,1977,-1,-3,,,,,,
32951,1977,-1,-3,,,,,,
32952,1977,-1,-3,,,,,,
32953,1977,-1,-3,,,,,,
32954,1977,-1,-3,,,,,,
32955,1977,-1,-3,,,,,,
32956,1977,-1,-3,,,,,,
32957,1977,-1,-3,,,,,,
32958,1977,-1,-3,,,,,,
32959,1977,-1,-3,,,,,,
32960,1977,-1,-3,,,,,,
32961,1977,-1,-3,,,,,,
32962,1977,-1,-3,,,,,,
32963,1977,-1,-3,,,,,,
32964,1977,-1,-3,,,,,,
32965,1977,-1,-3,,,,,,
32966,1977,-1,-3,,,,,,
32967,1977,-1,-3,,,,,,
32968,1977,-1,-3,,,,,,
32969,1977,-1,-3,,,,,,
32970,1977,-1,-3,,,,,,
32971,1977,-1,-3,,,,,,
32972,1977,-1,-3,,,,,,
32973,1977,-1,-3,,,,,,
32974,1977,-1,-3,,,,,,
32975,1977,-1,-3,,,,,,
32976,1977,-1,-3,,,,,,
32977,1977,-1,-3,,,,,,
32978,1977,-1,-3,,,,,,
32979,1977,-1,-3,,,,,,
32980,1977,-1,-3,,,,,,
32981,1977,-1,-3,,,,,,
32982,1977,-1,-3,,,,,,
32983,1977,-1,-3,,,,,,
32984,1977,-1,-3,,,,,,
32985,1977,-1,-3,,,,,,
32986,1977,-1,-3,,,,,,
32987,1977,-1,-3,,,,,,
32988,1977,-1,-3,,,,,,
32989,1977,-1,-3,,,,,,
32990,1977,-1,-3,,,,,,
32991,1977,-1,-3,,,,,,
32992,1977,-1,-3,,,,,,
32993,1977,-1,-3,,,,,,
32994,1977,-1,-3,,,,,,
32995,1977,-1,-3,,,,,,
32996,1977,-1,-3,,,,,,
32997,1977,-1,-3,,,,,,
32998,1977,-1,-3,,,,,,
32999,1977,-1,-3,,,,,,
33000,1977,-1,-3,,,,,,
33001,1977,-1,-3,,,,,,
33002,868,-3,6,,,,,,
33004,840,2,-2,,,,,,
33005,840,2,-2,,,,,,
33006,840,2,-2,,,,,,
33007,840,2,-2,,,,,,
33008,840,2,-2,,,,,,
33009,840,2,-2,,,,,,
33010,830,1,-21,,,,,,
33012,1738,-1,6,,,,,,
33015,2184,,,,,,,,
33018,1118,,1,,,,,,
33021,,-1,4,,,,,,
33023,1284,-1,5,,,,,,
33025,1284,-1,5,,,,,,
33027,1784,-1,-4,,,,,,
33029,1784,-1,-4,,,,,,
33031,716,,3,,,,,,
33033,716,,3,,,,,,
33035,2150,,,,,,,,
33036,2150,,,,,,,,
33038,2237,-1,2,,,,,,
33041,1809,2,3,,,,,,
33044,1414,,16,,,,,,
33047,1414,,16,,,,,,
33050,1414,,16,,,,,,
33053,888,,-7,,,,,,
33054,888,,-7,,,,,,
33055,888,,-7,,,,,,
33056,888,,-7,,,,,,
33057,888,,-7,,,,,,
33058,888,,-7,,,,,,
33059,888,,-7,,,,,,
33060,888,,-7,,,,,,
33061,888,,-7,,,,,,
33062,888,,-7,,,,,,
33063,2130,3,12,,,,,,
33065,728,3,-17,,,,,,
33066,779,-2,-6,,,,,,
33068,779,-2,-6,,,,,,
33070,779,-2,-6,,,,,,
33072,779,-2,-6,,,,,,
33074,822,5,4,,,,,,
33077,2730,-16,-10,,,,,,
33080,726,3,,,,,,,
33082,1250,-5,12,,,,,,
33084,1250,-5,12,,,,,,
33086,695,2,-2,,,,,,
33089,1020,,-18,,,,,,
33091,1020,,-18,,,,,,
33093,822,,-37,,,,,,
33096,822,,-37,,,,,,
33097,822,,-37,,,,,,
33098,822,,-37,,,,,,
33099,757,1,-11,,,,,,
33101,822,3,-1,,,,,,
33103,526,2,3,,,,,,
33104,526,2,3,,,,,,
33106,862,2,18,,,,,,
33109,862,2,18,,,,,,
33112,862,2,18,,,,,,
33115,1616,-2,-16,150,150,150,,,
33117,840,2,-2,,,,,,
33118,860,1,-6,,,,,,
33120,848,,-1,,,,,,
33122,2184,,,,,,,,
33124,3520,4,-10,,,,,,
33126,862,2,18,,,,,,
33128,550,,-1,,,,,,
33130,550,,-1,,,,,,
33132,5840,-1,-18,,,,,,
33133,1488,5,12,,,,,,
33135,994,4,-3,,,,,,
33137,866,3,-1,,,,,,
33142,2640,-6,-12,,,,,,
33143,2411,1,-1,,,,,,
33144,2489,-3,5,,,,,,
33145,1977,-1,2,,,,,,
33146,780,-4,-4,,,,,,
33147,724,1,1,,,,,,
33148,724,1,1,,,,,,
33149,724,1,1,,,,,,
33151,724,1,1,,,,,,
33153,724,1,1,,,,,,
33155,724,1,1,,,,,,
33157,724,1,1,,,,,,
33159,724,1,1,,,,,,
33161,724,1,1,,,,,,
33163,724,1,1,,,,,,
33166,1284,-1,5,,,,,,
33168,1784,-1,-4,,,,,,
33170,716,,3,,,,,,
33172,888,-1,-5,,,,,,
33174,1598,2,20,,,,,,
33176,1368,3,3,,,,,,
33178,2002,,-2,,,,,,
33180,592,,-6,,,,,,
33182,658,-1,-2,,,,,,
33184,2138,-1,1,,,,,,
33186,2022,,,,,,,,
33188,792,1,1,,,,,,
33190,1240,,11,,,,,,
33192,,,4,,,,,,
33194,1720,-1,8,,,,,,
33196,1414,,-6,,,,,,
33198,1842,2,-11,,,,,,
33200,987,-1,19,,,,,,
33202,852,,-7,,,,,,
33214,1730,1,27,,,,,33215,
33215,,,,,,,13189,33214,
33216,1730,1,27,,,,,33217,
33217,,,,,,,13189,33216,
33218,2699,-5,-10,,,,,,
33220,2315,-1,-4,,,,,,
33221,660,3,,,,,,,
33227,526,3,7,,,,,,
33229,1854,-1,27,,,,,,
33231,1842,-7,1,,,,,,
33233,1864,2,11,,,,,,
33235,1736,-2,-5,,,,,,
33237,1726,18,-5,,,,,,
33239,1796,16,,,,,,,
33241,1796,16,,,,,,,
33243,2138,-7,-3,,,,,,
33245,1745,6,-1,,,,,,
33247,984,-1,1,,,,,,
33249,1347,-5,3,,,,,,
33251,1480,2,-4,,,,,,
33253,2421,-7,3,,,,,,
33255,1776,9,-2,,,,,,
33257,1776,9,-2,,,,,,
33260,592,1,5,,,,,,
33263,1250,,-1,,,,,,
33266,1776,,-1,,,,,,
33269,700,2,-6,,,,,,
33272,592,1,5,,,,,,
33275,1250,,-1,,,,,,
33278,1776,,-1,,,,,,
33281,700,2,-6,,,,,,
33284,592,1,5,,,,,,
33287,1250,,-1,,,,,,
33290,1776,,-1,,,,,,
33293,700,2,-6,,,,,,
33296,1414,5,-5,,,,,,
33299,1932,3,-4,,,,,,
33302,2007,6,2,,,,,,
33305,1592,6,2,,,,,,
33308,1592,6,2,,,,,,
33311,1592,6,2,,,,,,
33314,2549,,9,,,,,,
33316,2549,,9,,,,,,
33318,2549,,9,,,,,,
33320,2549,,9,,,,,,
33322,2237,,7,,,,,,
33323,2237,,7,,,,,,
33326,2237,,7,,,,,,
33328,2237,7,7,,,,,,
33330,1640,,-15,,,,,,
33332,1640,,-15,,,,,,
33333,1410,8,,,,,,,
33335,1842,,36,,,,,,
33338,921,1,-3,,,,,,
33340,921,1,-3,,,,,,
33342,954,-2,4,,,,,,
33345,,,-5,,,,,,
33347,1360,,,,,,,,
33349,1360,,,,,,,,
33351,1232,,,,,,,,
33353,1232,,,,,,,,
33355,1075,,,,,,,,
33357,1075,,,,,,,,
33359,1118,,,,,,,,
33362,2184,,,,,,,,
33365,746,-1,,,,,,,
33368,1118,,,,,,,,
33371,1600,-5,2,,,,,,
33373,3664,,-35,,,,,,
33378,2184,,,,,,,,
33380,2184,,,,,,,,
33382,2216,3,-22,,,,,,
33384,691,1,-4,,,,,,
33386,724,1,13,,,,,,
33387,855,,1,,,,,,
33389,855,12,17,,,,,,
33390,724,,-6,,,,,,
33392,723,,-2,,,,,,
33393,954,-6,-1,,,,,,
33395,954,-6,3,,,,,,
33397,1400,1,,,,,,,
33398,1400,1,,,,,,,
33399,1400,1,,,,,,,
33400,1400,1,,,,,,,
33401,1400,1,,,,,,,
33402,1400,1,,,,,,,
33403,1400,1,,,,,,,
33404,1400,1,,,,,,,
33406,1700,-1,-58,,,,,,
33407,1700,-1,-58,,,,,,
33408,1700,-1,-58,,,,,,
33409,1700,-1,-58,,,,,,
33410,1700,-1,-58,,,,,,
33411,1700,-1,-58,,,,,,
33412,1700,-1,-58,,,,,,
33413,1400,3,-5,,,,,,
33414,1400,3,-5,,,,,,
33415,1400,3,-5,,,,,,
33416,1400,3,-5,,,,,,
33417,1400,3,-5,,,,,,
33418,1400,3,-5,,,,,,
33419,1400,3,-5,,,,,,
33420,2640,-6,-12,,,,,,
33422,2020,-1,-6,,,,,,
33423,1967,3,1,,,,,,
33424,1150,2,-3,,,,,,
33427,510,,,,,,,,
33428,1414,,16,,,,,,
33431,1414,,16,,,,,,
33434,2237,,7,,,,,,
33435,2086,-8,,,,,,,
33437,1020,,-18,,,,,,
33439,921,1,-3,,,,,,
33441,921,1,-3,,,,,,
33443,921,1,-3,,,,,,
33445,921,1,-3,,,,,,
33447,921,1,-3,,,,,,
33449,921,1,-3,,,,,,
33451,1762,,,,,,,,
33454,1762,,,,,,,,
33457,1762,,,,,,,,
33460,926,,3,,,,,,
33462,900,,-2,,,,,,
33464,620,3,-1,,,,,,
33466,620,3,-1,,,,,,
33468,919,1,5,,,,,,
33470,919,1,5,,,,,,
33472,620,1,-1,,,,,,
33474,620,1,-1,,,,,,
33476,919,,3,,,,,,
33478,919,,3,,,,,,
33480,1221,,,,,,,,
33482,1221,,,,,,,,
33484,2022,,,,,,,,
33486,2022,,,,,,,,
33488,2105,,-1,,,,,,
33490,2105,,-1,,,,,,
33492,930,8,-8,,,,,,
33494,930,8,-8,,,,,,
33496,2232,,-5,,,,,,
33498,2232,,-5,,,,,,
33500,2086,-4,,,,,,,
33502,2086,-4,,,,,,,
33504,1546,3,,120,120,120,,,
33506,1546,3,,120,120,120,,,
33508,1546,3,,120,120,120,,,
33510,1546,3,,120,120,120,,,
33512,1546,3,,120,120,120,,,
33514,1546,3,,120,120,120,,,
33516,1546,3,,120,120,120,,,
33518,1546,3,,120,120,120,,,
33520,1178,,7,,,,,,
33522,1178,,7,,,,,,
33524,1104,9,-3,,,,,,
33526,1104,9,-3,,,,,,
33528,976,9,-3,,,,,,
33530,976,9,-3,,,,,,
33532,2232,,-5,,,,,,
33533,2232,,-5,,,,,,
33534,800,,5,,,,,,
33537,748,-1,-7,,,,,,
33539,1020,,-18,,,,,,
33541,1220,6,-29,,,,,,2:33543|3:33544|4:33545|5:33546
33543,1220,6,-29,,,,,,
33544,1220,6,-29,,,,,,
33545,1220,6,-29,,,,,,
33546,1220,6,-29,,,,,,
33547,1220,6,-29,,,,,,2:33549|3:33550|4:33551|5:33552
33549,1220,6,-29,,,,,,
33550,1220,6,-29,,,,,,
33551,1220,6,-29,,,,,,
33552,1220,6,-29,,,,,,
33553,1220,6,-29,,,,,,2:33555|3:33556|4:33557|5:33558
33555,1220,6,-29,,,,,,
33556,1220,6,-29,,,,,,
33557,1220,6,-29,,,,,,
33558,1220,6,-29,,,,,,
33559,1220,6,-29,,,,,,2:33561|3:33562|4:33563|5:33564
33561,1220,6,-29,,,,,,
33562,1220,6,-29,,,,,,
33563,1220,6,-29,,,,,,
33564,1220,6,-29,,,,,,
33565,1220,6,-29,,,,,,2:33567|3:33568|4:33569|5:33570
33567,1220,6,-29,,,,,,
33568,1220,6,-29,,,,,,
33569,1220,6,-29,,,,,,
33570,1220,6,-29,,,,,,
33571,1220,6,-29,,,,,,2:33573|3:33574|4:33575|5:33576
33573,1220,6,-29,,,,,,
33574,1220,6,-29,,,,,,
33575,1220,6,-29,,,,,,
33576,1220,6,-29,,,,,,
33577,1220,6,-29,,,,,,2:33579|3:33580|4:33581|5:33582
33579,1220,6,-29,,,,,,
33580,1220,6,-29,,,,,,
33581,1220,6,-29,,,,,,
33582,1220,6,-29,,,,,,
33583,1220,6,-29,,,,,,2:33585|3:33586|4:33587|5:33588
33585,1220,6,-29,,,,,,
33586,1220,6,-29,,,,,,
33587,1220,6,-29,,,,,,
33588,1220,6,-29,,,,,,
33589,1220,6,-29,,,,,,2:33591|3:33592|4:33593|5:33594
33591,1220,6,-29,,,,,,
33592,1220,6,-29,,,,,,
33593,1220,6,-29,,,,,,
33594,1220,6,-29,,,,,,
33595,1220,6,-29,,,,,,2:33597|3:33598|4:33599|5:33600
33597,1220,6,-29,,,,,,
33598,1220,6,-29,,,,,,
33599,1220,6,-29,,,,,,
33600,1220,6,-26,,,,,,
33601,1379,4,18,,,,,,2:33606|3:33605|4:33604|5:33603
33603,1379,4,18,,,,,,
33604,1379,4,18,,,,,,
33605,1379,4,18,,,,,,
33606,1379,4,18,,,,,,
33607,1180,,-7,,,,,,
33609,1180,,-7,,,,,,
33611,1180,,-7,,,,,,
33613,1180,,-7,,,,,,
33615,1180,,-7,,,,,,
33617,1180,,-7,,,,,,
33619,1180,,-7,,,,,,
33621,2039,-3,1,,,,,,
33623,1184,-6,5,,,,,,
33625,1546,2,24,,,,,,
33627,1151,2,3,,,,,,
33628,855,-4,5,,,,,,
33629,855,-4,5,,,,,,
33631,2235,,100,,,,,,
33634,1086,3,3,,,,,,
33636,1086,3,3,,,,,,
33639,560,3,10,,,,,,
33642,2796,5,-81,,,,,,
33644,693,-2,1,,,,,,
33651,693,-2,1,,,,,,
33653,1678,-5,-4,,,,,,
33655,1872,,15,,,,,,
33657,1100,1,-14,,,,,,
33659,1579,10,3,,,,,,
33661,1020,-1,3,,,,,,
33663,1118,7,3,,,,,,
33665,822,3,-14,,,,,,
33667,822,3,-14,,,,,,
33669,822,3,-14,,,,,,
33671,822,3,-14,,,,,,
33673,822,3,-14,,,,,,
33675,822,3,-14,,,,,,
33677,860,-13,-2,,,,,,
33679,1490,7,-4,,,,,,
33681,1380,3,-9,,,,,,
33683,1180,-7,-2,,,,,,
33685,2130,,,,,,,,
33687,830,4,-12,,,,,,
33689,659,,-7,,,,,,
33691,465,7,66,,,,,,
33693,620,1,16,,,,,,
33695,1360,-1,-2,,,,,,
33697,1360,-1,-2,,,,,,
33699,550,,-1,,,,,,
33701,750,,,,,,,,
33702,800,,8,,,,,,
33703,800,,8,,,,,,
33704,800,,8,,,,,,
33705,800,,8,,,,,,
33706,800,,8,,,,,,
33707,800,,8,,,,,,
33708,840,,,,,,,,
33709,980,-4,2,,,,,,
33711,980,-4,2,,,,,,
33713,1221,-4,2,,,,,,
33715,1104,1,,,,,,,
33716,724,-8,14,,,,,,
33718,1513,-9,5,,,,,,
33720,3059,-5,-49,,,,,,
33721,3059,-5,-49,,,,,,
33722,1678,1,,,,,,,
33724,921,5,3,104,104,104,,,
33725,921,5,3,104,104,104,,,
33726,921,5,3,104,104,104,,,
33727,921,5,3,104,104,104,,,
33728,921,5,3,104,104,104,,,
33729,976,-1,10,,,,,,
33730,757,3,-3,,,,,,
33731,1788,-9,-8,,,,,,
33732,1788,-9,-8,,,,,,
33733,1788,-9,-8,,,,,,
33734,764,4,-18,,,,,,
33735,892,-6,15,,,,,,
33736,1020,,15,,,,,,
33737,764,1,7,,,,,,
33738,1404,-3,-4,,,,,,
33739,1404,,-6,,,,,,
33740,1020,1,16,,,,,,
33741,625,,-5,,,,,,
33742,1414,,1,,,,,,
33743,2467,,,,,,,,
33744,329,1,-9,,,,,,
33745,296,1,5,,,,,,
33746,1040,-1,18,,,,,,
33747,252,,-6,,,,,,
33748,1276,3,-6,,,,,,
33749,760,8,9,,,,,,
33750,1020,-4,7,,,,,,
33751,380,2,-3,,,,,,
33752,892,,-2,,,,,,
33753,757,1,23,,,,,,
33754,1276,,16,,,,,,
33755,1645,,3,,,,,,
33756,1230,-6,-32,,,,,,
33757,1053,4,13,,,,,,
33758,1151,5,-5,,,,,,
33759,1148,-3,14,,,,,,
33760,789,4,-11,,,,,,
33761,1916,1,-21,,,,,,
33762,1246,1,4,,,,,,
33763,1040,1,7,,,,,,
33764,1053,-1,-5,,,,,,
33765,636,,-1,,,,,,
33766,508,1,6,,,,,,
33767,1020,,-6,,,,,,
33768,750,,,,,,,,
33769,550,,-1,,,,,,
33770,550,,-1,,,,,,
33771,550,,-1,,,,,,
33772,550,,-1,,,,,,
33773,1020,-1,11,,,,,,
33774,550,,-1,,,,,,
33775,550,,-1,,,,,,
33776,740,,1,,,,,,
33777,1400,1,15,,,,,,
33778,550,,-1,,,,,,
33779,976,,1,,,,,,
33780,758,-1,-5,72,72,72,,,
33781,750,-3,-47,72,72,72,,,
33782,750,9,6,72,72,72,,,
33783,757,,-1,72,72,72,,,
33784,757,,-1,72,72,72,,,
33785,757,,-1,72,72,72,,,
33786,740,-3,3,,,,,,
33787,921,-1,-28,,,,,,
33788,1360,8,-7,,,,,,
33789,800,,8,,,,,,
33790,724,-8,14,,,,,,
33791,1382,-10,-43,,,,,,
33792,1741,,-100,,,,,,
33793,2368,11,22,,,,,,
33794,921,-1,25,,,,,,
33795,750,,26,,,,,,
33796,1020,-1,5,64,64,64,,,
33797,910,,,,,,,,
33798,1176,,11,,,,,,
33799,550,,-1,,,,,,
33800,1284,8,-18,,,,,,
33801,1470,-2,63,,,,,,
33802,1250,2,1,,,,,,
33803,550,,-1,,,,,,
33804,550,,-1,,,,,,
33805,550,,-1,,,,,,
33806,550,,-1,,,,,,
33807,550,,-1,,,,,,
33808,550,,-1,,,,,,
33809,550,,-1,,,,,,
33810,550,,-1,,,,,,
33811,550,,-1,,,,,,
33812,550,,-1,,,,,,
33813,550,,-1,,,,,,
33814,550,,-1,,,,,,
33815,550,,-1,,,,,,
33816,550,,-1,,,,,,
33817,550,,-1,,,,,,
33818,550,,-1,,,,,,
33819,691,,-3,,,,,,
33820,1513,3,-3,,,,,,
33821,560,1,3,,,,,,
33824,4737,-9,100,,,,,,
33825,1546,2,24,,,,,,
33826,1974,10,1,,,,,,
33827,1546,3,,120,120,120,,,
33829,1546,3,,120,120,120,,,
33833,1020,,-18,,,,,,
33835,906,-2,-2,,,,,,
33836,1199,,-1,,,,,,
33839,1199,,-1,,,,,,
33842,1199,,-1,,,,,,
33845,1199,,-1,,,,,,
33848,1199,,-1,,,,,,
33851,1199,,-1,,,,,,
33854,1199,,-1,,,,,,
33857,1480,,,,,,,,
33860,1480,,,,,,,,
33863,1480,,,,,,,,
33866,1480,,,,,,,,
33869,1480,,,,,,,,
33872,1480,,,,,,,,
33875,1480,,,,,,,,
33878,894,3,-5,,,,,,
33881,888,3,-5,,,,,,
33884,1352,1,-1,,,,,,
33887,1352,1,-1,,,,,,
33890,1352,1,-1,,,,,,
33893,1352,1,-1,,,,,,
33896,1352,1,-1,,,,,,
33899,1352,1,-1,,,,,,
33902,1352,1,-1,,,,,,
33905,1352,1,-1,,,,,,
33908,1720,,,,,,,,
33911,1720,,,,,,,,
33914,1720,,,,,,,,
33917,1720,,,,,,,,
33920,1720,,,,,,,,
33923,1720,,,,,,,,
33926,1720,,,,,,,,
33929,1480,,,,,,,,
33932,1480,,,,,,,,
33935,1480,,,,,,,,
33938,1480,,,,,,,,
33941,1480,,,,,,,,
33944,1480,,,,,,,,
33947,1480,,,,,,,,
33950,1352,1,-1,,,,,,
33953,1352,1,-1,,,,,,
33956,1352,1,-1,,,,,,
33959,1352,1,-1,,,,,,
33962,1352,1,-1,,,,,,
33965,1352,1,-1,,,,,,
33968,1352,1,-1,,,,,,
33971,1694,,,,,,,,
33974,1694,,,,,,,,
33977,1694,,,,,,,,
33980,1694,,,,,,,,
33983,1694,,,,,,,,
33986,1694,,,,,,,,
33989,1694,,,,,,,,
33992,1694,,,,,,,,
33995,1694,,,,,,,,
33998,1694,,,,,,,,
34001,1694,,,,,,,,
34004,1694,,,,,,,,
34007,1694,,,,,,,,
34010,1694,,,,,,,,
34013,1694,,,,,,,,
34016,872,-1,-38,,,,,,
34017,1118,-2,,,,,,,
34020,1316,1,14,,,,,,
34022,461,,3,,,,,,
34024,860,-2,8,,,,,,
34026,461,,3,,,,,,
34027,2072,1,3,,,,,,
34030,590,10,60,,,,,,
34032,720,1,2,,,,,,
34033,842,1,,,,,,,
34035,1940,,1,,,,,,
34036,1940,,1,,,,,,
34037,1940,,1,,,,,,
34038,842,1,,,,,,,
34039,842,1,,,,,,,
34040,2763,,-88,,,,,,
34042,4299,-2,-49,,,,,,
34044,592,,1,,,,,,
34045,840,,,,,,,,
34046,840,,,,,,,,
34048,1020,-1,11,,,,,,
34049,1020,-1,11,,,,,,
34050,1020,-1,11,,,,,,
34051,840,,,,,,,,
34052,1020,-1,11,,,,,,
34053,840,,,,,,,,
34054,461,2,3,,,,,,
34055,700,-3,5,,,,,,
34056,461,,3,,,,,,
34057,1020,1,6,,,,,,
34058,1900,,3,,,,,,
34059,840,2,-2,,,,,,
34061,954,-1,100,,,,,,
34063,730,3,20,,,,,,
34065,1411,-3,-3,,,,,,
34068,1200,3,4,,,,,,
34070,1200,3,4,,,,,,
34072,1200,3,4,,,,,,
34074,1200,3,4,,,,,,
34076,453,1,-2,,,,,,
34077,1931,3,,,,,,,
34079,1419,3,,,,,,,
34081,1163,3,,,,,,,
34083,779,3,,,,,,,
34085,453,1,-2,,,,,,
34087,1931,3,,,,,,,
34089,1419,3,,,,,,,
34091,1163,3,,,,,,,
34093,779,3,,,,,,,
34095,453,1,-2,,,,,,
34097,1931,3,,,,,,,
34099,1419,3,,,,,,,
34101,1163,3,,,,,,,
34103,779,3,,,,,,,
34105,453,1,-2,,,,,,
34107,1931,3,,,,,,,
34109,1419,3,,,,,,,
34111,1163,3,,,,,,,
34113,779,3,,,,,,,
34115,453,1,-2,,,,,,
34117,1931,3,,,,,,,
34119,1419,3,,,,,,,
34121,1163,3,,,,,,,
34123,779,3,,,,,,,
34125,453,1,-2,,,,,,
34127,1931,3,,,,,,,
34129,1419,3,,,,,,,
34131,1163,3,,,,,,,
34133,779,3,,,,,,,
34135,453,1,-2,,,,,,
34137,1931,3,,,,,,,
34139,1419,3,,,,,,,
34141,1163,3,,,,,,,
34143,779,3,,,,,,,
34145,453,1,-2,,,,,,
34147,1931,3,,,,,,,
34149,1419,3,,,,,,,
34151,1163,3,,,,,,,
34153,779,3,,,,,,,
34155,453,1,-2,,,,,,
34157,1931,3,,,,,,,
34159,1419,3,,,,,,,
34161,1163,3,,,,,,,
34163,779,3,,,,,,,
34165,453,1,-2,,,,,,
34167,1931,3,,,,,,,
34169,1419,3,,,,,,,
34171,1163,3,,,,,,,
34173,779,3,,,,,,,
34175,453,1,-2,,,,,,
34177,1931,3,,,,,,,
34179,1419,3,,,,,,,
34181,1163,3,,,,,,,
34183,779,3,,,,,,,
34185,453,1,-2,,,,,,
34187,1931,3,,,,,,,
34189,1419,3,,,,,,,
34191,1163,3,,,,,,,
34193,779,3,,,,,,,
34195,453,1,-2,,,,,,
34197,1931,3,,,,,,,
34199,1419,3,,,,,,,
34201,1163,3,,,,,,,
34203,779,3,,,,,,,
34205,453,1,-2,,,,,,
34207,1931,3,,,,,,,
34209,1419,3,,,,,,,
34211,1163,3,,,,,,,
34213,779,3,,,,,,,
34215,453,1,-2,,,,,,
34217,1931,3,,,,,,,
34219,1419,3,,,,,,,
34221,1163,3,,,,,,,
34223,779,3,,,,,,,
34225,453,1,-2,,,,,,
34227,1931,3,,,,,,,
34229,1419,3,,,,,,,
34231,1163,3,,,,,,,
34233,779,3,,,,,,,
34235,453,1,-2,,,,,,
34237,1931,3,,,,,,,
34239,1419,3,,,,,,,
34241,1163,3,,,,,,,
34243,779,3,,,,,,,
34245,453,1,-2,,,,,,
34247,1931,3,,,,,,,
34249,1419,3,,,,,,,
34251,1163,3,,,,,,,
34253,779,3,,,,,,,
34255,453,1,-2,,,,,,
34257,1931,3,,,,,,,
34259,1419,3,,,,,,,
34261,1163,3,,,,,,,
34263,779,3,,,,,,,
34265,453,1,-2,,,,,,
34267,1931,3,,,,,,,
34269,1419,3,,,,,,,
34271,1163,3,,,,,,,
34273,779,3,,,,,,,
34275,453,1,-2,,,,,,
34277,1931,3,,,,,,,
34279,1419,3,,,,,,,
34281,1163,3,,,,,,,
34283,779,3,,,,,,,
34285,453,1,-2,,,,,,
34287,1931,3,,,,,,,
34289,1419,3,,,,,,,
34291,1163,3,,,,,,,
34293,779,3,,,,,,,
34295,453,1,-2,,,,,,
34297,1931,3,,,,,,,
34299,1419,3,,,,,,,
34301,1163,3,,,,,,,
34303,779,3,,,,,,,
34305,453,1,-2,,,,,,
34307,1931,3,,,,,,,
34309,1419,3,,,,,,,
34311,1163,3,,,,,,,
34313,779,3,,,,,,,
34315,453,1,-2,,,,,,
34317,1931,3,,,,,,,
34319,1419,3,,,,,,,
34321,1163,3,,,,,,,
34323,779,3,,,,,,,
34325,453,1,-2,,,,,,
34327,1931,3,,,,,,,
34329,1419,3,,,,,,,
34331,1163,3,,,,,,,
34333,779,3,,,,,,,
34335,453,1,-2,,,,,,
34337,1931,3,,,,,,,
34339,1419,3,,,,,,,
34341,1163,3,,,,,,,
34343,779,3,,,,,,,
34345,453,1,-2,,,,,,
34347,1931,3,,,,,,,
34349,1419,3,,,,,,,
34351,1163,3,,,,,,,
34353,779,3,,,,,,,
34355,453,1,-2,,,,,,
34357,1931,3,,,,,,,
34359,1419,3,,,,,,,
34361,1163,3,,,,,,,
34363,779,3,,,,,,,
34365,453,1,-2,,,,,,
34367,1931,3,,,,,,,
34369,1419,3,,,,,,,
34371,1163,3,,,,,,,
34373,779,3,,,,,,,
34375,453,1,-2,,,,,,
34377,1931,3,,,,,,,
34379,1419,3,,,,,,,
34381,1163,3,,,,,,,
34383,779,3,,,,,,,
34385,453,1,-2,,,,,,
34388,1300,6,10,,,,,,
34390,710,3,,,,,,,2:34392|3:34393|4:34394|5:34395|25:34396|100:34397|250:34398|1000:34399|10000:34400
34392,710,3,,,,,,,
34393,710,3,,,,,,,
34394,710,3,,,,,,,
34395,710,3,,,,,,,
34396,710,3,,,,,,,
34397,710,3,,,,,,,
34398,650,2,-2,,,,,,
34399,980,11,13,,,,,,
34400,1000,11,,,,,,,
34401,700,2,4,,,,,,
34404,780,,-14,,,,,,
34407,700,2,4,,,,,,
34410,780,,-14,,,,,,
34413,700,2,4,,,,,,
34416,780,,-14,,,,,,
34419,700,2,4,,,,,,
34422,780,,-14,,,,,,
34425,700,2,4,,,,,,
34428,700,2,4,,,,,,
34431,2368,-10,-32,,,,,,
34433,2368,-10,-32,,,,,,
34435,2368,-10,-32,,,,,,
34437,2500,-10,-37,,,,,,
34439,2500,-10,-37,,,,,,
34441,2500,-10,-37,,,,,,
34443,2730,-10,-34,,,,,,
34445,2730,-10,-34,,,,,,
34447,2730,-10,-34,,,,,,
34449,2664,1,-34,,,,,,
34451,2664,1,-34,,,,,,
34453,2664,1,-34,,,,,,
34455,2500,-4,-33,,,,,,
34457,2500,-4,-33,,,,,,
34459,2500,-4,-33,,,,,,
34461,2500,-10,-37,,,,,,
34463,2500,-10,-37,,,,,,
34465,2500,-10,-37,,,,,,
34467,2303,1,-32,,,,,,
34469,2303,1,-32,,,,,,
34471,2303,1,-32,,,,,,
34473,2500,-10,-37,,,,,,
34475,2500,-10,-37,,,,,,
34477,2500,-10,-37,,,,,,
34479,2500,-7,-37,,,,,,
34481,2500,-7,-37,,,,,,
34483,2500,-7,-37,,,,,,
34485,2336,-10,-33,,,,,,
34487,2336,-10,-33,,,,,,
34489,2336,-10,-33,,,,,,
34491,2204,-5,-28,,,,,,
34493,2204,-5,-28,,,,,,
34495,2204,-5,-28,,,,,,
34497,2171,5,-29,,,,,,
34499,2171,5,-29,,,,,,
34501,2171,5,-29,,,,,,
34503,2928,8,-32,,,,,,
34505,2928,8,-32,,,,,,
34507,2928,8,-32,,,,,,
34509,2928,8,-32,,,,,,
34511,2928,8,-32,,,,,,
34513,2928,8,-32,,,,,,
34515,2928,8,-32,,,,,,
34517,2928,8,-32,,,,,,
34519,2928,8,-32,,,,,,
34521,2928,8,-32,,,,,,
34523,2928,8,-32,,,,,,
34525,2928,8,-32,,,,,,
34527,2928,8,-32,,,,,,
34529,2928,8,-32,,,,,,
34531,2928,8,-32,,,,,,
34533,2928,8,-32,,,,,,
34535,2928,8,-32,,,,,,
34537,2928,8,-32,,,,,,
34539,2928,8,-32,,,,,,
34541,2928,8,-32,,,,,,
34543,2928,8,-32,,,,,,
34545,2928,8,-32,,,,,,
34547,2928,8,-32,,,,,,
34549,2928,8,-32,,,,,,
34551,2928,8,-32,,,,,,
34553,2928,8,-32,,,,,,
34555,2928,8,-32,,,,,,
34557,2928,8,-32,,,,,,
34559,2928,8,-32,,,,,,
34561,2928,8,-32,,,,,,
34563,2928,8,-32,,,,,,
34565,2928,8,-32,,,,,,
34567,2928,8,-32,,,,,,
34569,2928,8,-32,,,,,,
34571,2928,8,-32,,,,,,
34573,2928,8,-32,,,,,,
34575,922,2,,150,150,150,,,
34576,922,2,,140,140,140,,,
34577,922,2,,130,130,130,,,
34578,922,2,,120,120,120,,,
34579,922,2,,110,110,110,,,
34580,922,2,,100,100,100,,,
34581,922,2,,90,90,90,,,
34582,922,2,,,,,,,
34583,1151,1,-5,,,,,,
34584,1557,4,6,,,,,,
34585,789,,,,,,,,
34586,786,-3,-18,,,,,,
34587,1809,1,59,,,,,,
34588,842,-1,1,,,,,,
34589,1720,1,,,,,,,
34591,922,2,,150,150,150,,,
34592,922,2,,140,140,140,,,
34593,922,2,,130,130,130,,,
34594,922,2,,120,120,120,,,
34595,922,2,,110,110,110,,,
34596,922,2,,100,100,100,,,
34597,922,2,,90,90,90,,,
34598,2928,8,-32,,,,,,
34599,2928,8,-32,,,,,,
34600,2928,8,-32,,,,,,
34601,880,13,21,,,,,,
34602,1382,-3,-12,,,,,,
