# This file is generated; do not edit manually.
# cache: d11b59a Cache version 2026-08-26-rev240
# wiki items fetched: 2026-08-26T16:05:25Z
id,release_date,removal_date,quest,category,male_model0,male_model1,male_model2,female_model0,female_model1,female_model2
0,1053993600,2147483647,true,0,-1,-1,-1,-1,-1,-1
1,1053993600,2147483647,true,0,-1,-1,-1,-1,-1,-1
2,1053993600,2147483647,false,1176,-1,-1,-1,-1,-1,-1
3,1053993600,2147483647,true,0,-1,-1,-1,-1,-1,-1
4,1053993600,2147483647,true,0,-1,-1,-1,-1,-1,-1
5,1053993600,2147483647,false,0,-1,-1,-1,-1,-1,-1
6,1053993600,2147483647,true,75,-1,-1,-1,-1,-1,-1
8,1053993600,2147483647,true,75,-1,-1,-1,-1,-1,-1
10,1053993600,2147483647,true,75,-1,-1,-1,-1,-1,-1
12,1053993600,2147483647,true,75,-1,-1,-1,-1,-1,-1
14,1053993600,2147483647,true,0,-1,-1,-1,-1,-1,-1
15,1027382400,2147483647,true,0,-1,-1,-1,-1,-1,-1
16,1027382400,2147483647,true,0,-1,-1,-1,-1,-1,-1
17,1027382400,2147483647,true,0,-1,-1,-1,-1,-1,-1
18,1027382400,2147483647,true,0,-1,-1,-1,-1,-1,-1
19,1027382400,2147483647,true,0,-1,-1,-1,-1,-1,-1
20,1024272000,2147483647,true,0,-1,-1,-1,-1,-1,-1
21,1024272000,2147483647,true,0,-1,-1,-1,-1,-1,-1
22,1024272000,2147483647,true,0,-1,-1,-1,-1,-1,-1
23,1024272000,2147483647,true,0,-1,-1,-1,-1,-1,-1
24,1024272000,2147483647,true,0,-1,-1,-1,-1,-1,-1
25,1022544000,2147483647,true,0,-1,-1,-1,-1,-1,-1
26,1022544000,2147483647,true,0,-1,-1,-1,-1,-1,-1
27,1022544000,2147483647,true,0,-1,-1,-1,-1,-1,-1
28,1014768000,2147483647,true,0,-1,-1,-1,-1,-1,-1
30,1014768000,2147483647,true,0,-1,-1,-1,-1,-1,-1
32,1014768000,2147483647,true,0,-1,-1,-1,-1,-1,-1
33,1014768000,2147483647,false,0,-1,-1,-1,-1,-1,-1
35,1014768000,2147483647,true,21,-1,-1,-1,-1,-1,-1
36,1014768000,2147483647,false,0,-1,-1,-1,-1,-1,-1
38,1014768000,2147483647,true,0,-1,-1,-1,-1,-1,-1
39,1017014400,2147483647,false,968,-1,-1,-1,-1,-1,-1
40,1017014400,2147483647,false,968,-1,-1,-1,-1,-1,-1
41,1017014400,2147483647,false,968,-1,-1,-1,-1,-1,-1
42,1017014400,2147483647,false,968,-1,-1,-1,-1,-1,-1
43,1017014400,2147483647,false,968,-1,-1,-1,-1,-1,-1
44,1017014400,2147483647,false,968,-1,-1,-1,-1,-1,-1
45,1080518400,2147483647,false,530,-1,-1,-1,-1,-1,-1
46,1031529600,2147483647,false,530,-1,-1,-1,-1,-1,-1
47,1080518400,2147483647,false,530,-1,-1,-1,-1,-1,-1
48,1017014400,2147483647,false,0,-1,-1,-1,-1,-1,-1
50,1017014400,2147483647,false,0,-1,-1,-1,-1,-1,-1
52,1017014400,2147483647,false,0,-1,-1,-1,-1,-1,-1
53,1017014400,2147483647,false,0,-1,-1,-1,-1,-1,-1
54,1017014400,2147483647,false,0,-1,-1,-1,-1,-1,-1
56,1017014400,2147483647,false,0,-1,-1,-1,-1,-1,-1
58,1017014400,2147483647,false,0,-1,-1,-1,-1,-1,-1
60,1017014400,2147483647,false,0,-1,-1,-1,-1,-1,-1
62,1017014400,2147483647,false,0,-1,-1,-1,-1,-1,-1
64,1017014400,2147483647,false,0,-1,-1,-1,-1,-1,-1
66,1017014400,2147483647,false,0,-1,-1,-1,-1,-1,-1
68,1017014400,2147483647,false,0,-1,-1,-1,-1,-1,-1
70,1017014400,2147483647,false,0,-1,-1,-1,-1,-1,-1
72,1017014400,2147483647,false,0,-1,-1,-1,-1,-1,-1
74,1027382400,2147483647,true,2,219,-1,-1,-1,-1,-1
75,1027382400,2147483647,true,7,306,157,-1,-1,-1,-1
76,1027382400,2147483647,true,0,-1,-1,-1,-1,-1,-1
77,1027382400,2147483647,true,0,-1,-1,-1,-1,-1,-1
78,1024272000,2147483647,true,62,-1,-1,-1,-1,-1,-1
83,1024272000,2147483647,true,0,-1,-1,-1,-1,-1,-1
84,1024272000,2147483647,true,1,50179,-1,-1,-1,-1,-1
85,1024272000,2147483647,true,0,-1,-1,-1,-1,-1,-1
86,1024272000,2147483647,true,0,-1,-1,-1,446,-1,-1
87,1024272000,2147483647,true,0,-1,-1,-1,446,-1,-1
88,1024272000,2147483647,true,0,-1,-1,-1,-1,-1,-1
89,1024272000,2147483647,true,0,-1,-1,-1,-1,-1,-1
90,1022544000,2147483647,true,0,-1,-1,-1,-1,-1,-1
91,1014768000,2147483647,false,69,-1,-1,-1,-1,-1,-1
93,1014768000,2147483647,false,69,-1,-1,-1,-1,-1,-1
95,1014768000,2147483647,false,69,-1,-1,-1,-1,-1,-1
97,1014768000,2147483647,false,69,-1,-1,-1,-1,-1,-1
99,1014768000,2147483647,false,69,-1,-1,-1,-1,-1,-1
101,1014768000,2147483647,false,69,-1,-1,-1,-1,-1,-1
103,1014768000,2147483647,false,69,-1,-1,-1,-1,-1,-1
105,1014768000,2147483647,false,69,-1,-1,-1,-1,-1,-1
107,1014768000,2147483647,false,69,-1,-1,-1,-1,-1,-1
109,1014768000,2147483647,false,69,-1,-1,-1,-1,-1,-1
111,1039651200,2147483647,false,69,-1,-1,-1,-1,-1,-1
113,981331200,2147483647,false,69,-1,-1,-1,-1,-1,-1
115,981331200,2147483647,false,69,-1,-1,-1,-1,-1,-1
117,981331200,2147483647,false,69,-1,-1,-1,-1,-1,-1
119,981331200,2147483647,false,69,-1,-1,-1,-1,-1,-1
121,1014768000,2147483647,false,69,-1,-1,-1,-1,-1,-1
123,1014768000,2147483647,false,69,-1,-1,-1,-1,-1,-1
125,1014768000,2147483647,false,69,-1,-1,-1,-1,-1,-1
127,1014768000,2147483647,false,69,-1,-1,-1,-1,-1,-1
129,1014768000,2147483647,false,69,-1,-1,-1,-1,-1,-1
131,1014768000,2147483647,false,69,-1,-1,-1,-1,-1,-1
133,1014768000,2147483647,false,69,-1,-1,-1,-1,-1,-1
135,1014768000,2147483647,false,69,-1,-1,-1,-1,-1,-1
137,1014768000,2147483647,false,69,-1,-1,-1,-1,-1,-1
139,1014768000,2147483647,false,69,-1,-1,-1,-1,-1,-1
141,1014768000,2147483647,false,69,-1,-1,-1,-1,-1,-1
143,1014768000,2147483647,false,69,-1,-1,-1,-1,-1,-1
145,1014768000,2147483647,false,69,-1,-1,-1,-1,-1,-1
147,1014768000,2147483647,false,69,-1,-1,-1,-1,-1,-1
149,1014768000,2147483647,false,69,-1,-1,-1,-1,-1,-1
151,1014768000,2147483647,false,69,-1,-1,-1,-1,-1,-1
153,1014768000,2147483647,false,69,-1,-1,-1,-1,-1,-1
155,1014768000,2147483647,false,69,-1,-1,-1,-1,-1,-1
157,1014768000,2147483647,false,69,-1,-1,-1,-1,-1,-1
159,1014768000,2147483647,false,69,-1,-1,-1,-1,-1,-1
161,1014768000,2147483647,false,69,-1,-1,-1,-1,-1,-1
163,1014768000,2147483647,false,69,-1,-1,-1,-1,-1,-1
165,1014768000,2147483647,false,69,-1,-1,-1,-1,-1,-1
167,1014768000,2147483647,false,69,-1,-1,-1,-1,-1,-1
169,1014768000,2147483647,false,69,-1,-1,-1,-1,-1,-1
171,1014768000,2147483647,false,69,-1,-1,-1,-1,-1,-1
173,1014768000,2147483647,false,69,-1,-1,-1,-1,-1,-1
175,1014768000,2147483647,false,69,-1,-1,-1,-1,-1,-1
177,1014768000,2147483647,false,69,-1,-1,-1,-1,-1,-1
179,1014768000,2147483647,false,69,-1,-1,-1,-1,-1,-1
181,1014768000,2147483647,false,69,-1,-1,-1,-1,-1,-1
183,1014768000,2147483647,false,69,-1,-1,-1,-1,-1,-1
185,1014768000,2147483647,false,69,-1,-1,-1,-1,-1,-1
187,1014768000,2147483647,false,69,-1,-1,-1,-1,-1,-1
189,1039651200,2147483647,false,69,-1,-1,-1,-1,-1,-1
191,1039651200,2147483647,false,69,-1,-1,-1,-1,-1,-1
193,1039651200,2147483647,false,69,-1,-1,-1,-1,-1,-1
195,978566400,2147483647,false,69,-1,-1,-1,-1,-1,-1
197,1027382400,2147483647,false,69,-1,-1,-1,-1,-1,-1
199,1014768000,2147483647,false,773,-1,-1,-1,-1,-1,-1
201,1014768000,2147483647,false,773,-1,-1,-1,-1,-1,-1
203,1014768000,2147483647,false,773,-1,-1,-1,-1,-1,-1
205,1014768000,2147483647,false,773,-1,-1,-1,-1,-1,-1
207,1014768000,2147483647,false,773,-1,-1,-1,-1,-1,-1
209,1014768000,2147483647,false,773,-1,-1,-1,-1,-1,-1
211,1014768000,2147483647,false,773,-1,-1,-1,-1,-1,-1
213,1014768000,2147483647,false,773,-1,-1,-1,-1,-1,-1
215,1014768000,2147483647,false,773,-1,-1,-1,-1,-1,-1
217,1014768000,2147483647,false,773,-1,-1,-1,-1,-1,-1
219,1039651200,2147483647,false,773,-1,-1,-1,-1,-1,-1
221,986515200,2147483647,false,0,-1,-1,-1,-1,-1,-1
223,981331200,2147483647,false,0,-1,-1,-1,-1,-1,-1
225,981331200,2147483647,false,0,-1,-1,-1,-1,-1,-1
227,1014768000,2147483647,false,69,-1,-1,-1,-1,-1,-1
229,1014768000,2147483647,false,0,561,-1,-1,-1,-1,-1
231,1014768000,2147483647,false,0,-1,-1,-1,-1,-1,-1
233,1014768000,2147483647,false,0,-1,-1,-1,-1,-1,-1
235,1014768000,2147483647,false,0,-1,-1,-1,-1,-1,-1
237,1014768000,2147483647,false,0,-1,-1,-1,-1,-1,-1
239,1014768000,2147483647,false,0,-1,-1,-1,-1,-1,-1
241,1014768000,2147483647,false,0,-1,-1,-1,-1,-1,-1
243,1014768000,2147483647,false,0,-1,-1,-1,-1,-1,-1
245,1014768000,2147483647,false,0,-1,-1,-1,-1,-1,-1
247,1039651200,2147483647,false,86,-1,-1,-1,-1,-1,-1
249,1014768000,2147483647,false,774,-1,-1,-1,-1,-1,-1
251,1014768000,2147483647,false,774,-1,-1,-1,-1,-1,-1
253,1014768000,2147483647,false,774,-1,-1,-1,-1,-1,-1
255,1014768000,2147483647,false,774,-1,-1,-1,-1,-1,-1
257,1014768000,2147483647,false,774,-1,-1,-1,-1,-1,-1
259,1014768000,2147483647,false,774,-1,-1,-1,-1,-1,-1
261,1014768000,2147483647,false,774,-1,-1,-1,-1,-1,-1
263,1014768000,2147483647,false,774,-1,-1,-1,-1,-1,-1
265,1014768000,2147483647,false,774,-1,-1,-1,-1,-1,-1
267,1014768000,2147483647,false,774,-1,-1,-1,-1,-1,-1
269,1039651200,2147483647,false,774,-1,-1,-1,-1,-1,-1
271,980035200,2147483647,true,0,-1,-1,-1,-1,-1,-1
272,980035200,2147483647,false,0,9816,-1,-1,-1,-1,-1
273,980035200,2147483647,true,0,-1,-1,-1,-1,-1,-1
274,980035200,2147483647,true,0,-1,-1,-1,-1,-1,-1
275,980035200,2147483647,true,0,-1,-1,-1,-1,-1,-1
276,980035200,2147483647,true,0,-1,-1,-1,-1,-1,-1
277,980035200,2147483647,true,0,-1,-1,-1,-1,-1,-1
278,1029369600,2147483647,true,25,-1,-1,-1,-1,-1,-1
279,1029369600,2147483647,true,0,-1,-1,-1,-1,-1,-1
280,1029369600,2147483647,true,0,-1,-1,-1,-1,-1,-1
281,1029369600,2147483647,true,0,-1,-1,-1,-1,-1,-1
282,1029369600,2147483647,true,0,-1,-1,-1,-1,-1,-1
283,1029369600,2147483647,true,0,-1,-1,-1,-1,-1,-1
284,1029369600,2147483647,true,0,295,-1,-1,-1,-1,-1
285,1029369600,2147483647,true,0,-1,-1,-1,-1,-1,-1
286,989280000,2147483647,true,528,-1,-1,-1,-1,-1,-1
287,989280000,2147483647,true,528,-1,-1,-1,-1,-1,-1
288,989280000,2147483647,false,528,-1,-1,-1,-1,-1,-1
290,1080518400,2147483647,true,0,-1,-1,-1,-1,-1,-1
291,1080518400,2147483647,true,0,-1,-1,-1,-1,-1,-1
292,1032825600,2147483647,true,1328,-1,-1,-1,-1,-1,-1
293,1032825600,2147483647,true,0,-1,-1,-1,-1,-1,-1
294,1032825600,2147483647,true,0,-1,-1,-1,-1,-1,-1
295,1032825600,2147483647,true,0,-1,-1,-1,-1,-1,-1
296,1032825600,2147483647,true,0,-1,-1,-1,-1,-1,-1
297,1032825600,2147483647,true,0,-1,-1,-1,-1,-1,-1
298,1032825600,2147483647,true,0,-1,-1,-1,-1,-1,-1
299,1032825600,2147483647,false,2004,-1,-1,-1,-1,-1,-1
300,986515200,2147483647,true,0,-1,-1,-1,-1,-1,-1
301,992217600,2147483647,false,0,-1,-1,-1,-1,-1,-1
303,992217600,2147483647,false,0,-1,-1,-1,-1,-1,-1
305,1014768000,2147483647,false,0,-1,-1,-1,-1,-1,-1
307,992217600,2147483647,false,0,562,-1,-1,-1,-1,-1
309,992217600,2147483647,false,0,562,-1,-1,-1,-1,-1
311,992217600,2147483647,false,0,-1,-1,-1,-1,-1,-1
313,992217600,2147483647,false,0,-1,-1,-1,-1,-1,-1
314,992217600,2147483647,false,532,8359,-1,-1,-1,-1,-1
315,992217600,2147483647,false,58,-1,-1,-1,-1,-1,-1
317,992217600,2147483647,false,57,-1,-1,-1,-1,-1,-1
319,992217600,2147483647,false,58,-1,-1,-1,-1,-1,-1
321,992217600,2147483647,false,57,-1,-1,-1,-1,-1,-1
323,992217600,2147483647,false,116,-1,-1,-1,-1,-1,-1
325,992217600,2147483647,false,58,-1,-1,-1,-1,-1,-1
327,992217600,2147483647,false,57,-1,-1,-1,-1,-1,-1
329,992217600,2147483647,false,58,-1,-1,-1,-1,-1,-1
331,992217600,2147483647,false,57,-1,-1,-1,-1,-1,-1
333,992217600,2147483647,false,58,-1,-1,-1,-1,-1,-1
335,992217600,2147483647,false,57,-1,-1,-1,-1,-1,-1
337,1022544000,2147483647,true,58,-1,-1,-1,-1,-1,-1
338,1022544000,2147483647,true,57,-1,-1,-1,-1,-1,-1
339,1014768000,2147483647,false,58,-1,-1,-1,-1,-1,-1
341,1014768000,2147483647,false,57,-1,-1,-1,-1,-1,-1
343,992217600,2147483647,false,116,-1,-1,-1,-1,-1,-1
345,992217600,2147483647,false,57,-1,-1,-1,-1,-1,-1
347,992217600,2147483647,false,58,-1,-1,-1,-1,-1,-1
349,992217600,2147483647,false,57,-1,-1,-1,-1,-1,-1
351,992217600,2147483647,false,58,-1,-1,-1,-1,-1,-1
353,1014768000,2147483647,false,57,-1,-1,-1,-1,-1,-1
355,1014768000,2147483647,false,58,-1,-1,-1,-1,-1,-1
357,992217600,2147483647,false,116,-1,-1,-1,-1,-1,-1
359,992217600,2147483647,false,57,-1,-1,-1,-1,-1,-1
361,992217600,2147483647,false,58,-1,-1,-1,-1,-1,-1
363,1014768000,2147483647,false,57,-1,-1,-1,-1,-1,-1
365,1014768000,2147483647,false,58,-1,-1,-1,-1,-1,-1
367,992217600,2147483647,false,116,-1,-1,-1,-1,-1,-1
369,1080518400,2147483647,false,116,-1,-1,-1,-1,-1,-1
371,992217600,2147483647,false,57,-1,-1,-1,-1,-1,-1
373,992217600,2147483647,false,58,-1,-1,-1,-1,-1,-1
375,992217600,2147483647,false,116,-1,-1,-1,-1,-1,-1
377,992217600,2147483647,false,57,-1,-1,-1,-1,-1,-1
379,992217600,2147483647,false,58,-1,-1,-1,-1,-1,-1
381,992217600,2147483647,false,116,-1,-1,-1,-1,-1,-1
383,1014768000,2147483647,false,57,-1,-1,-1,-1,-1,-1
385,1014768000,2147483647,false,58,-1,-1,-1,-1,-1,-1
387,1014768000,2147483647,false,116,-1,-1,-1,-1,-1,-1
389,1059350400,2147483647,false,57,-1,-1,-1,-1,-1,-1
391,1059350400,2147483647,false,58,-1,-1,-1,-1,-1,-1
393,1059350400,2147483647,false,116,-1,-1,-1,-1,-1,-1
395,1059350400,2147483647,false,57,-1,-1,-1,-1,-1,-1
397,1059350400,2147483647,false,58,-1,-1,-1,-1,-1,-1
399,1059350400,2147483647,false,116,-1,-1,-1,-1,-1,-1
401,1016409600,2147483647,false,0,-1,-1,-1,-1,-1,-1
403,1059350400,2147483647,false,59,-1,-1,-1,-1,-1,-1
405,1014768000,2147483647,false,0,-1,-1,-1,-1,-1,-1
407,1031529600,2147483647,false,0,-1,-1,-1,-1,-1,-1
409,1031529600,2147483647,false,0,-1,-1,-1,-1,-1,-1
411,1031529600,2147483647,false,0,-1,-1,-1,-1,-1,-1
413,1031529600,2147483647,false,0,-1,-1,-1,-1,-1,-1
415,1035331200,2147483647,true,0,-1,-1,-1,-1,-1,-1
416,1035331200,2147483647,true,0,-1,-1,-1,-1,-1,-1
417,1035331200,2147483647,true,0,-1,-1,-1,-1,-1,-1
418,1035331200,2147483647,true,0,-1,-1,-1,-1,-1,-1
419,1035331200,2147483647,true,0,-1,-1,-1,-1,-1,-1
420,1035331200,2147483647,true,0,-1,-1,-1,-1,-1,-1
421,1035331200,2147483647,true,0,-1,-1,-1,446,-1,-1
422,1035331200,2147483647,true,0,-1,-1,-1,-1,-1,-1
423,1035331200,2147483647,true,0,-1,-1,-1,-1,-1,-1
424,1035331200,2147483647,true,0,-1,-1,-1,-1,-1,-1
425,1035331200,2147483647,true,0,-1,-1,-1,-1,-1,-1
426,1035331200,2147483647,true,0,28515,-1,-1,-1,-1,-1
428,1035331200,2147483647,true,0,265,-1,-1,-1,-1,-1
430,1035331200,2147483647,true,0,28515,-1,-1,-1,-1,-1
431,992217600,2147483647,true,0,-1,-1,-1,-1,-1,-1
432,992217600,2147483647,true,0,-1,-1,-1,-1,-1,-1
433,1080518400,2147483647,true,0,-1,-1,-1,-1,-1,-1
434,983318400,2147483647,false,91,-1,-1,-1,-1,-1,-1
436,978566400,2147483647,false,91,-1,-1,-1,-1,-1,-1
438,978566400,2147483647,false,91,-1,-1,-1,-1,-1,-1
440,978566400,2147483647,false,91,-1,-1,-1,-1,-1,-1
442,994896000,2147483647,false,91,-1,-1,-1,-1,-1,-1
444,978566400,2147483647,false,91,-1,-1,-1,-1,-1,-1
446,1018310400,2147483647,true,91,-1,-1,-1,-1,-1,-1
447,978566400,2147483647,false,91,-1,-1,-1,-1,-1,-1
449,978566400,2147483647,false,91,-1,-1,-1,-1,-1,-1
451,997660800,2147483647,false,91,-1,-1,-1,-1,-1,-1
453,978566400,2147483647,false,91,-1,-1,-1,-1,-1,-1
455,1017014400,2147483647,false,0,-1,-1,-1,-1,-1,-1
456,1017014400,2147483647,true,0,-1,-1,-1,-1,-1,-1
457,1017014400,2147483647,true,0,-1,-1,-1,-1,-1,-1
458,1017014400,2147483647,true,0,-1,-1,-1,-1,-1,-1
459,1017014400,2147483647,true,0,-1,-1,-1,-1,-1,-1
460,1017014400,2147483647,true,0,-1,-1,-1,-1,-1,-1
461,1017014400,2147483647,true,0,-1,-1,-1,-1,-1,-1
462,1017014400,2147483647,true,0,-1,-1,-1,-1,-1,-1
463,1017014400,2147483647,true,0,-1,-1,-1,-1,-1,-1
464,1080518400,2147483647,false,59,-1,-1,-1,-1,-1,-1
466,1080518400,1410393600,false,15,-1,-1,-1,-1,-1,-1
468,1080518400,1410393600,false,15,-1,-1,-1,-1,-1,-1
470,1080518400,1410393600,false,15,-1,-1,-1,-1,-1,-1
472,1080518400,1410393600,false,15,-1,-1,-1,-1,-1,-1
474,1080518400,1410393600,false,15,-1,-1,-1,-1,-1,-1
476,1080518400,1410393600,false,15,-1,-1,-1,-1,-1,-1
478,1080518400,1410393600,false,15,-1,-1,-1,-1,-1,-1
480,1080518400,1410393600,false,15,-1,-1,-1,-1,-1,-1
482,1080518400,1410393600,false,15,-1,-1,-1,-1,-1,-1
484,1080518400,1410393600,false,15,-1,-1,-1,-1,-1,-1
486,1080518400,1410393600,false,15,-1,-1,-1,-1,-1,-1
488,1080518400,1410393600,false,15,-1,-1,-1,-1,-1,-1
490,1080518400,1410393600,false,15,-1,-1,-1,-1,-1,-1
492,1080518400,1184630400,false,15,-1,-1,-1,-1,-1,-1
494,1080518400,1410393600,false,15,-1,-1,-1,-1,-1,-1
496,1080518400,1410393600,false,15,-1,-1,-1,-1,-1,-1
498,1080518400,1410393600,false,15,-1,-1,-1,-1,-1,-1
500,1080518400,1410393600,false,15,-1,-1,-1,-1,-1,-1
502,1080518400,1410393600,false,15,-1,-1,-1,-1,-1,-1
504,1080518400,1410393600,false,15,-1,-1,-1,-1,-1,-1
506,1080518400,1410393600,false,15,-1,-1,-1,-1,-1,-1
508,1080518400,1184630400,false,15,-1,-1,-1,-1,-1,-1
510,1080518400,1184630400,false,15,-1,-1,-1,-1,-1,-1
512,1080518400,1184630400,false,15,-1,-1,-1,-1,-1,-1
514,1080518400,1184630400,false,15,-1,-1,-1,-1,-1,-1
516,1080518400,1184630400,false,15,-1,-1,-1,-1,-1,-1
518,1080518400,1184630400,false,15,-1,-1,-1,-1,-1,-1
520,1080518400,1184630400,false,15,-1,-1,-1,-1,-1,-1
522,1014768000,2147483647,true,0,-1,-1,-1,-1,-1,-1
523,1014768000,2147483647,true,0,-1,-1,-1,-1,-1,-1
524,1014768000,2147483647,true,0,-1,-1,-1,-1,-1,-1
525,1014768000,2147483647,true,0,-1,-1,-1,-1,-1,-1
526,978566400,2147483647,false,6,-1,-1,-1,-1,-1,-1
528,1080518400,2147483647,false,6,-1,-1,-1,-1,-1,-1
530,1014768000,2147483647,false,6,-1,-1,-1,-1,-1,-1
532,997660800,2147483647,false,6,-1,-1,-1,-1,-1,-1
534,1080518400,2147483647,false,6,-1,-1,-1,-1,-1,-1
536,1035331200,2147483647,false,6,-1,-1,-1,-1,-1,-1
538,1014768000,2147483647,false,0,265,-1,-1,-1,-1,-1
540,1014768000,2147483647,false,0,-1,28515,-1,-1,-1,-1
542,994896000,2147483647,false,0,265,-1,-1,-1,-1,-1
544,994896000,2147483647,false,0,-1,28515,-1,-1,-1,-1
546,1080518400,2147483647,false,0,-1,28515,-1,-1,-1,-1
548,1080518400,2147483647,false,0,265,-1,-1,-1,-1,-1
550,1080518400,2147483647,false,0,-1,-1,-1,-1,-1,-1
552,978566400,2147483647,true,0,-1,-1,-1,-1,-1,-1
553,978566400,2147483647,true,0,-1,-1,-1,-1,-1,-1
554,978566400,2147483647,false,149,-1,-1,-1,-1,-1,-1
555,978566400,2147483647,false,149,-1,-1,-1,-1,-1,-1
556,978566400,2147483647,false,149,-1,-1,-1,-1,-1,-1
557,978566400,2147483647,false,149,-1,-1,-1,-1,-1,-1
558,978566400,2147483647,false,149,-1,-1,-1,-1,-1,-1
559,978566400,2147483647,false,149,-1,-1,-1,-1,-1,-1
560,990662400,2147483647,false,149,-1,-1,-1,-1,-1,-1
561,990662400,2147483647,false,149,-1,-1,-1,-1,-1,-1
562,990662400,2147483647,false,149,-1,-1,-1,-1,-1,-1
563,990662400,2147483647,false,149,-1,-1,-1,-1,-1,-1
564,990662400,2147483647,false,149,-1,-1,-1,-1,-1,-1
565,1016409600,2147483647,false,149,-1,-1,-1,-1,-1,-1
566,1035331200,2147483647,false,149,-1,-1,-1,-1,-1,-1
567,1016409600,2147483647,false,0,-1,-1,-1,-1,-1,-1
569,1016409600,2147483647,false,0,-1,-1,-1,-1,-1,-1
571,1016409600,2147483647,false,0,-1,-1,-1,-1,-1,-1
573,1016409600,2147483647,false,0,-1,-1,-1,-1,-1,-1
575,1016409600,2147483647,false,0,-1,-1,-1,-1,-1,-1
577,980035200,2147483647,false,0,-1,28515,-1,-1,-1,-1
579,978566400,2147483647,false,0,-1,-1,-1,-1,-1,-1
581,980380800,2147483647,false,0,-1,28515,-1,-1,-1,-1
583,1059350400,2147483647,false,0,-1,-1,-1,-1,-1,-1
585,1059350400,2147483647,false,0,-1,-1,-1,-1,-1,-1
587,1027382400,2147483647,true,0,-1,-1,-1,-1,-1,-1
588,1027382400,2147483647,true,0,-1,-1,-1,-1,-1,-1
589,1027382400,2147483647,true,0,-1,-1,-1,-1,-1,-1
590,978566400,2147483647,false,0,-1,-1,-1,-1,-1,-1
592,978566400,2147483647,false,0,-1,-1,-1,-1,-1,-1
594,1031529600,2147483647,false,0,-1,-1,-1,-1,-1,-1
595,1080518400,1110758400,false,15,-1,-1,-1,-1,-1,-1
596,1031529600,2147483647,false,0,-1,-1,-1,-1,-1,-1
598,1046649600,2147483647,false,62,-1,-1,-1,-1,-1,-1
600,1047859200,2147483647,true,0,-1,-1,-1,-1,-1,-1
601,1047859200,2147483647,true,0,-1,-1,-1,-1,-1,-1
602,1047859200,2147483647,true,0,-1,-1,-1,-1,-1,-1
603,1047859200,2147483647,true,0,-1,-1,-1,-1,-1,-1
604,1043625600,2147483647,true,0,-1,-1,-1,-1,-1,-1
605,1043625600,2147483647,true,0,-1,-1,-1,-1,-1,-1
606,1043625600,2147483647,true,0,-1,-1,-1,-1,-1,-1
607,1043625600,2147483647,true,0,-1,-1,-1,-1,-1,-1
608,1043625600,2147483647,true,0,-1,-1,-1,-1,-1,-1
609,1043625600,2147483647,true,0,-1,-1,-1,-1,-1,-1
610,1043625600,2147483647,true,0,-1,-1,-1,-1,-1,-1
611,1043625600,2147483647,true,0,-1,-1,-1,-1,-1,-1
612,1080518400,2147483647,true,0,-1,-1,-1,-1,-1,-1
613,1080518400,2147483647,true,0,-1,-1,-1,-1,-1,-1
614,1080518400,2147483647,true,0,-1,-1,-1,-1,-1,-1
615,1080518400,2147483647,true,0,-1,-1,-1,-1,-1,-1
616,1043625600,2147483647,true,0,-1,-1,-1,-1,-1,-1
617,1080518400,2147483647,false,0,-1,-1,-1,-1,-1,-1
618,1043625600,2147483647,true,0,-1,-1,-1,-1,-1,-1
619,1043625600,2147483647,false,0,-1,-1,-1,-1,-1,-1
620,1080518400,1169424000,false,15,-1,-1,-1,-1,-1,-1
621,1043625600,2147483647,false,0,-1,-1,-1,-1,-1,-1
623,1043625600,2147483647,true,0,-1,-1,-1,-1,-1,-1
624,1043625600,2147483647,true,0,-1,-1,-1,-1,-1,-1
625,1080518400,2147483647,true,0,-1,-1,-1,-1,-1,-1
626,1039651200,2147483647,false,0,-1,-1,-1,-1,-1,-1
628,1039651200,2147483647,false,0,-1,-1,-1,-1,-1,-1
630,1039651200,2147483647,false,0,-1,-1,-1,-1,-1,-1
632,1039651200,2147483647,false,0,-1,-1,-1,-1,-1,-1
634,1039651200,2147483647,false,0,-1,-1,-1,-1,-1,-1
636,1039651200,2147483647,false,0,-1,28515,-1,-1,-1,-1
638,1039651200,2147483647,false,0,-1,28515,-1,-1,-1,-1
640,1039651200,2147483647,false,0,-1,28515,-1,-1,-1,-1
642,1039651200,2147483647,false,0,-1,28515,-1,-1,-1,-1
644,1039651200,2147483647,false,0,-1,28515,-1,-1,-1,-1
646,1039651200,2147483647,false,0,265,-1,-1,-1,-1,-1
648,1039651200,2147483647,false,0,265,-1,-1,-1,-1,-1
650,1039651200,2147483647,false,0,265,-1,-1,-1,-1,-1
652,1039651200,2147483647,false,0,265,-1,-1,-1,-1,-1
654,1039651200,2147483647,false,0,265,-1,-1,-1,-1,-1
656,1039651200,2147483647,false,0,-1,-1,-1,-1,-1,-1
658,1039651200,2147483647,false,0,-1,-1,-1,-1,-1,-1
660,1039651200,2147483647,false,0,-1,-1,-1,-1,-1,-1
662,1039651200,2147483647,false,0,-1,-1,-1,-1,-1,-1
664,1039651200,2147483647,false,0,-1,-1,-1,-1,-1,-1
666,986515200,2147483647,true,0,-1,-1,-1,-1,-1,-1
667,986515200,2147483647,true,21,39620,-1,-1,-1,-1,-1
668,986515200,2147483647,true,91,-1,-1,-1,-1,-1,-1
669,1057708800,2147483647,true,0,-1,-1,-1,-1,-1,-1
670,1057795200,2147483647,true,0,-1,-1,-1,-1,-1,-1
671,1156204800,2147483647,true,0,-1,-1,-1,-1,-1,-1
672,1156204800,2147483647,true,0,-1,-1,-1,-1,-1,-1
673,1156204800,2147483647,true,0,-1,-1,-1,-1,-1,-1
674,1057708800,2147483647,false,0,-1,-1,-1,-1,-1,-1
675,1057708800,2147483647,false,0,-1,-1,-1,-1,-1,-1
676,1057708800,2147483647,true,0,-1,-1,-1,-1,-1,-1
677,1057708800,2147483647,true,0,17284,-1,-1,-1,-1,-1
678,1057708800,2147483647,true,0,-1,-1,-1,-1,-1,-1
679,1057708800,2147483647,true,0,-1,-1,-1,-1,-1,-1
680,1057708800,2147483647,false,0,-1,-1,-1,-1,-1,-1
681,1057708800,2147483647,true,0,-1,-1,-1,-1,-1,-1
682,1057708800,2147483647,true,0,-1,-1,-1,-1,-1,-1
683,1057708800,2147483647,true,0,-1,-1,-1,-1,-1,-1
684,1057708800,2147483647,false,0,-1,-1,-1,-1,-1,-1
685,1057708800,2147483647,false,0,-1,-1,-1,-1,-1,-1
686,1057708800,2147483647,false,0,-1,-1,-1,-1,-1,-1
687,1057708800,2147483647,false,0,-1,-1,-1,-1,-1,-1
688,1057708800,2147483647,true,0,-1,-1,-1,-1,-1,-1
689,1057708800,2147483647,false,0,-1,-1,-1,-1,-1,-1
690,1057708800,2147483647,true,15,-1,-1,-1,-1,-1,-1
691,1057708800,2147483647,true,0,-1,-1,-1,-1,-1,-1
692,1057708800,2147483647,true,0,-1,-1,-1,-1,-1,-1
693,1057708800,2147483647,true,0,-1,-1,-1,-1,-1,-1
694,1057708800,2147483647,false,0,-1,-1,-1,-1,-1,-1
695,1057708800,2147483647,false,0,-1,-1,-1,-1,-1,-1
696,1057708800,2147483647,true,0,-1,-1,-1,-1,-1,-1
697,1057708800,2147483647,false,0,-1,-1,-1,-1,-1,-1
698,1057708800,2147483647,false,0,-1,-1,-1,-1,-1,-1
699,1057708800,2147483647,true,0,-1,-1,-1,-1,-1,-1
700,1057708800,2147483647,true,0,-1,-1,-1,-1,-1,-1
701,1057708800,2147483647,true,0,-1,-1,-1,-1,-1,-1
702,1057708800,2147483647,true,0,-1,-1,-1,-1,-1,-1
703,1057708800,2147483647,true,0,-1,-1,-1,-1,-1,-1
704,1057708800,2147483647,true,0,-1,-1,-1,-1,-1,-1
705,1057708800,2147483647,true,0,-1,-1,-1,-1,-1,-1
706,1057708800,2147483647,true,0,-1,-1,-1,-1,-1,-1
707,1057708800,2147483647,true,0,-1,-1,-1,-1,-1,-1
708,1057708800,2147483647,true,0,-1,-1,-1,-1,-1,-1
709,1057708800,2147483647,true,0,-1,-1,-1,-1,-1,-1
710,1057708800,2147483647,false,0,-1,-1,-1,-1,-1,-1
711,1057708800,2147483647,true,0,-1,-1,-1,-1,-1,-1
712,1057708800,2147483647,false,0,-1,-1,-1,-1,-1,-1
713,0,2147483647,false,15,-1,-1,-1,-1,-1,-1
714,1061337600,2147483647,true,0,-1,-1,-1,-1,-1,-1
715,1061337600,2147483647,true,0,-1,-1,-1,-1,-1,-1
716,1061337600,2147483647,true,0,-1,-1,-1,-1,-1,-1
717,1061337600,2147483647,true,0,-1,-1,-1,-1,-1,-1
718,1061337600,2147483647,true,0,-1,-1,-1,-1,-1,-1
719,1061337600,2147483647,true,0,-1,-1,-1,-1,-1,-1
720,1061337600,2147483647,true,0,-1,-1,-1,-1,-1,-1
721,1061337600,2147483647,true,0,-1,-1,-1,-1,-1,-1
722,1061337600,2147483647,true,0,-1,-1,-1,-1,-1,-1
723,1061337600,2147483647,true,0,-1,-1,-1,-1,-1,-1
724,1061337600,2147483647,true,0,-1,-1,-1,-1,-1,-1
725,1061337600,2147483647,true,0,-1,-1,-1,-1,-1,-1
726,1061337600,2147483647,true,0,-1,-1,-1,-1,-1,-1
727,1061337600,2147483647,true,0,515,-1,-1,-1,-1,-1
728,1080518400,1169424000,true,15,515,-1,-1,-1,-1,-1
729,1061337600,2147483647,true,0,-1,-1,-1,-1,-1,-1
730,1061337600,2147483647,true,0,-1,-1,-1,-1,-1,-1
731,1061337600,2147483647,false,0,-1,-1,-1,-1,-1,-1
732,1061337600,2147483647,true,24,-1,-1,-1,-1,-1,-1
733,1080518400,2147483647,false,0,-1,-1,-1,-1,-1,-1
735,1061337600,2147483647,true,0,-1,-1,-1,-1,-1,-1
736,1061337600,2147483647,true,0,-1,-1,-1,-1,-1,-1
737,1061337600,2147483647,false,0,-1,-1,-1,-1,-1,-1
738,1061337600,2147483647,true,0,-1,-1,-1,-1,-1,-1
739,1061337600,2147483647,true,0,-1,-1,-1,-1,-1,-1
740,1061337600,2147483647,true,0,-1,-1,-1,-1,-1,-1
741,1061337600,2147483647,true,0,-1,-1,-1,-1,-1,-1
742,1061337600,2147483647,true,0,-1,-1,-1,-1,-1,-1
743,1061337600,2147483647,true,0,-1,-1,-1,-1,-1,-1
744,1061337600,2147483647,true,0,-1,-1,-1,-1,-1,-1
745,1061337600,2147483647,true,0,-1,-1,-1,-1,-1,-1
746,1061337600,2147483647,true,25,-1,-1,-1,-1,-1,-1
747,1061337600,2147483647,true,25,-1,-1,-1,-1,-1,-1
748,1061337600,2147483647,true,0,-1,-1,-1,-1,-1,-1
749,1061337600,2147483647,true,0,-1,-1,-1,-1,-1,-1
750,1061337600,2147483647,true,0,-1,-1,-1,-1,-1,-1
751,1043712000,2147483647,false,0,-1,-1,-1,-1,-1,-1
753,978566400,2147483647,true,0,-1,-1,-1,-1,-1,-1
755,978566400,2147483647,true,0,-1,-1,-1,-1,-1,-1
756,978566400,2147483647,true,0,-1,-1,-1,-1,-1,-1
757,978566400,2147483647,true,0,-1,-1,-1,-1,-1,-1
758,978566400,2147483647,true,0,-1,-1,-1,-1,-1,-1
759,978566400,2147483647,true,0,-1,-1,-1,-1,-1,-1
761,978566400,2147483647,true,0,-1,-1,-1,-1,-1,-1
762,0,2147483647,false,15,-1,-1,-1,-1,-1,-1
763,978566400,2147483647,true,0,-1,-1,-1,-1,-1,-1
765,978566400,2147483647,true,0,-1,-1,-1,-1,-1,-1
767,978566400,2147483647,true,37,16846,-1,-1,-1,-1,-1
769,978566400,2147483647,true,0,-1,-1,-1,-1,-1,-1
770,0,2147483647,false,15,-1,-1,-1,-1,-1,-1
771,1014768000,2147483647,true,0,-1,-1,-1,-1,-1,-1
772,1014768000,2147483647,true,26,-1,-1,-1,-1,-1,-1
773,1018310400,2147483647,true,0,-1,-1,-1,-1,-1,-1
774,1018310400,2147483647,true,0,-1,-1,-1,-1,-1,-1
775,1018310400,2147483647,true,16,-1,-1,-1,-1,-1,-1
776,1018310400,2147483647,true,16,-1,-1,-1,-1,-1,-1
777,1018310400,2147483647,true,16,-1,-1,-1,-1,-1,-1
778,1018310400,2147483647,true,16,-1,-1,-1,-1,-1,-1
779,1018310400,2147483647,true,0,-1,-1,-1,-1,-1,-1
780,1018310400,2147483647,true,0,-1,-1,-1,-1,-1,-1
781,1018310400,2147483647,true,0,-1,-1,-1,-1,-1,-1
782,1018310400,2147483647,true,0,-1,-1,-1,-1,-1,-1
783,1039651200,2147483647,true,0,-1,-1,-1,-1,-1,-1
784,1039651200,2147483647,true,0,-1,-1,-1,-1,-1,-1
785,1039651200,2147483647,true,0,-1,-1,-1,-1,-1,-1
786,1080518400,2147483647,true,0,-1,-1,-1,-1,-1,-1
787,1039651200,2147483647,true,0,-1,-1,-1,-1,-1,-1
788,1039651200,2147483647,true,0,-1,-1,-1,-1,-1,-1
789,1039651200,2147483647,true,0,-1,-1,-1,-1,-1,-1
790,1039651200,2147483647,true,0,-1,-1,-1,-1,-1,-1
791,1039651200,2147483647,true,0,-1,-1,-1,-1,-1,-1
792,1039651200,2147483647,true,0,-1,-1,-1,-1,-1,-1
793,1039651200,2147483647,true,0,-1,-1,-1,-1,-1,-1
794,1039651200,2147483647,true,0,-1,-1,-1,-1,-1,-1
795,1039651200,2147483647,false,0,-1,-1,-1,-1,-1,-1
800,1080518400,2147483647,false,24,-1,-1,-1,-1,-1,-1
801,1080518400,2147483647,false,24,-1,-1,-1,-1,-1,-1
802,1080518400,2147483647,false,24,-1,-1,-1,-1,-1,-1
803,1080518400,2147483647,false,24,-1,-1,-1,-1,-1,-1
804,1080518400,2147483647,false,24,-1,-1,-1,-1,-1,-1
805,1080518400,2147483647,false,24,-1,-1,-1,-1,-1,-1
806,1050278400,2147483647,false,24,-1,-1,-1,-1,-1,-1
807,1050278400,2147483647,false,24,-1,-1,-1,-1,-1,-1
808,1050278400,2147483647,false,24,-1,-1,-1,-1,-1,-1
809,1050278400,2147483647,false,24,-1,-1,-1,-1,-1,-1
810,1050278400,2147483647,false,24,-1,-1,-1,-1,-1,-1
811,1050278400,2147483647,false,24,-1,-1,-1,-1,-1,-1
812,1050278400,2147483647,false,24,-1,-1,-1,-1,-1,-1
813,1050278400,2147483647,false,24,-1,-1,-1,-1,-1,-1
814,1050278400,2147483647,false,24,-1,-1,-1,-1,-1,-1
815,1050278400,2147483647,false,24,-1,-1,-1,-1,-1,-1
816,1050278400,2147483647,false,24,-1,-1,-1,-1,-1,-1
817,1050278400,2147483647,false,24,-1,-1,-1,-1,-1,-1
818,1080518400,2147483647,false,0,-1,-1,-1,-1,-1,-1
819,1050278400,2147483647,false,969,-1,-1,-1,-1,-1,-1
820,1050278400,2147483647,false,969,-1,-1,-1,-1,-1,-1
821,1050278400,2147483647,false,969,-1,-1,-1,-1,-1,-1
822,1050278400,2147483647,false,969,-1,-1,-1,-1,-1,-1
823,1050278400,2147483647,false,969,-1,-1,-1,-1,-1,-1
824,1050278400,2147483647,false,969,-1,-1,-1,-1,-1,-1
825,1080518400,2147483647,false,601,-1,-1,-1,-1,-1,-1
826,1080518400,2147483647,false,601,-1,-1,-1,-1,-1,-1
827,1080518400,2147483647,false,601,-1,-1,-1,-1,-1,-1
828,1080518400,2147483647,false,601,-1,-1,-1,-1,-1,-1
829,1080518400,2147483647,false,601,-1,-1,-1,-1,-1,-1
830,1080518400,2147483647,false,601,-1,-1,-1,-1,-1,-1
831,1080518400,2147483647,false,601,-1,-1,-1,-1,-1,-1
832,1080518400,2147483647,false,601,-1,-1,-1,-1,-1,-1
833,1080518400,2147483647,false,601,-1,-1,-1,-1,-1,-1
834,1080518400,2147483647,false,601,-1,-1,-1,-1,-1,-1
835,1080518400,2147483647,false,601,-1,-1,-1,-1,-1,-1
836,1080518400,2147483647,false,601,-1,-1,-1,-1,-1,-1
837,978566400,2147483647,false,37,-1,-1,-1,-1,-1,-1
839,978566400,2147483647,false,64,-1,-1,-1,-1,-1,-1
841,978566400,2147483647,false,64,-1,-1,-1,-1,-1,-1
843,1017014400,2147483647,false,64,-1,-1,-1,-1,-1,-1
845,1017014400,2147483647,false,64,-1,-1,-1,-1,-1,-1
847,1017014400,2147483647,false,64,-1,-1,-1,-1,-1,-1
849,1017014400,2147483647,false,64,-1,-1,-1,-1,-1,-1
851,1017014400,2147483647,false,64,-1,-1,-1,-1,-1,-1
853,1017014400,2147483647,false,64,-1,-1,-1,-1,-1,-1
855,1017014400,2147483647,false,64,-1,-1,-1,-1,-1,-1
857,1017014400,2147483647,false,64,-1,-1,-1,-1,-1,-1
859,1017014400,2147483647,false,64,-1,-1,-1,-1,-1,-1
861,1017014400,2147483647,false,64,-1,-1,-1,-1,-1,-1
863,1050278400,2147483647,false,24,-1,-1,-1,-1,-1,-1
864,1050278400,2147483647,false,24,-1,-1,-1,-1,-1,-1
865,1050278400,2147483647,false,24,-1,-1,-1,-1,-1,-1
866,1050278400,2147483647,false,24,-1,-1,-1,-1,-1,-1
867,1050278400,2147483647,false,24,-1,-1,-1,-1,-1,-1
868,1050278400,2147483647,false,24,-1,-1,-1,-1,-1,-1
869,1050278400,2147483647,false,24,-1,-1,-1,-1,-1,-1
870,1050278400,2147483647,false,24,-1,-1,-1,-1,-1,-1
871,1050278400,2147483647,false,24,-1,-1,-1,-1,-1,-1
872,1050278400,2147483647,false,24,-1,-1,-1,-1,-1,-1
873,1050278400,2147483647,false,24,-1,-1,-1,-1,-1,-1
874,1050278400,2147483647,false,24,-1,-1,-1,-1,-1,-1
875,1050278400,2147483647,false,24,-1,-1,-1,-1,-1,-1
876,1050278400,2147483647,false,24,-1,-1,-1,-1,-1,-1
877,978566400,2147483647,false,63,-1,-1,-1,-1,-1,-1
878,1014768000,2147483647,false,63,-1,-1,-1,-1,-1,-1
879,1080518400,2147483647,false,63,-1,-1,-1,-1,-1,-1
880,1031529600,2147483647,false,63,-1,-1,-1,-1,-1,-1
881,1080518400,2147483647,false,63,-1,-1,-1,-1,-1,-1
882,978566400,2147483647,false,62,-1,-1,-1,-1,-1,-1
883,1014768000,2147483647,false,62,-1,-1,-1,-1,-1,-1
884,1017014400,2147483647,false,62,-1,-1,-1,-1,-1,-1
885,1017014400,2147483647,false,62,-1,-1,-1,-1,-1,-1
886,1017014400,2147483647,false,62,-1,-1,-1,-1,-1,-1
887,1017014400,2147483647,false,62,-1,-1,-1,-1,-1,-1
888,1017014400,2147483647,false,62,-1,-1,-1,-1,-1,-1
889,1017014400,2147483647,false,62,-1,-1,-1,-1,-1,-1
890,1017014400,2147483647,false,62,-1,-1,-1,-1,-1,-1
891,1017014400,2147483647,false,62,-1,-1,-1,-1,-1,-1
892,1017014400,2147483647,false,62,-1,-1,-1,-1,-1,-1
893,1017014400,2147483647,false,62,-1,-1,-1,-1,-1,-1
942,1046649600,2147483647,false,62,-1,-1,-1,-1,-1,-1
943,1080518400,2147483647,false,0,-1,-1,-1,-1,-1,-1
945,1081987200,2147483647,false,0,-1,-1,-1,-1,-1,-1
946,978566400,2147483647,false,2178,-1,-1,-1,-1,-1,-1
948,978566400,2147483647,false,0,-1,-1,-1,-1,-1,-1
950,978566400,2147483647,false,0,-1,-1,-1,-1,-1,-1
952,980035200,2147483647,false,0,-1,-1,-1,-1,-1,-1
954,983318400,2147483647,false,0,10131,-1,-1,-1,-1,-1
956,978566400,2147483647,false,0,-1,-1,-1,-1,-1,-1
958,1014768000,2147483647,false,0,-1,-1,-1,-1,-1,-1
960,997660800,2147483647,false,475,-1,-1,-1,-1,-1,-1
962,1009152000,2147483647,false,0,-1,-1,-1,-1,-1,-1
964,997660800,2147483647,false,0,-1,-1,-1,-1,-1,-1
965,1080518400,1169424000,false,15,-1,-1,-1,-1,-1,-1
966,997660800,2147483647,false,0,-1,-1,-1,-1,-1,-1
968,1080518400,2147483647,false,0,-1,-1,-1,-1,-1,-1
970,1061337600,2147483647,false,0,-1,-1,-1,-1,-1,-1
972,1080518400,2147483647,false,0,-1,-1,-1,-1,-1,-1
973,1043625600,2147483647,true,0,494,-1,-1,-1,-1,-1
975,1061337600,2147483647,false,21,-1,-1,-1,-1,-1,-1
977,1080518400,2147483647,false,0,-1,-1,-1,-1,-1,-1
981,994896000,2147483647,false,0,-1,-1,-1,-1,-1,-1
983,978566400,2147483647,false,0,-1,-1,-1,-1,-1,-1
985,1014768000,2147483647,false,0,-1,-1,-1,-1,-1,-1
987,1014768000,2147483647,false,0,-1,-1,-1,-1,-1,-1
989,1014768000,2147483647,false,0,-1,-1,-1,-1,-1,-1
991,997660800,2147483647,false,0,-1,-1,-1,-1,-1,-1
993,1039651200,2147483647,false,0,-1,-1,-1,-1,-1,-1
995,978566400,2147483647,false,0,-1,-1,-1,-1,-1,-1
1005,978566400,2147483647,false,0,305,-1,-1,-1,-1,-1
1007,978566400,2147483647,false,0,-1,-1,-1,-1,-1,-1
1009,978566400,2147483647,false,0,-1,-1,-1,-1,-1,-1
1011,978566400,2147483647,false,0,265,-1,-1,-1,-1,-1
1013,978566400,2147483647,false,0,265,-1,-1,-1,-1,-1
1015,978566400,2147483647,false,0,265,-1,-1,-1,-1,-1
1017,978566400,2147483647,false,0,-1,-1,-1,-1,-1,-1
1019,980035200,2147483647,false,0,-1,-1,-1,-1,-1,-1
1021,982022400,2147483647,false,0,-1,-1,-1,-1,-1,-1
1023,1007769600,2147483647,false,0,-1,-1,-1,-1,-1,-1
1025,1014768000,2147483647,false,0,-1,-1,-1,-1,-1,-1
1027,1007769600,2147483647,false,0,-1,-1,-1,-1,-1,-1
1029,1007769600,2147483647,false,0,-1,-1,-1,-1,-1,-1
1031,1007769600,2147483647,false,0,-1,-1,-1,-1,-1,-1
1033,1022544000,2147483647,false,0,265,-1,-1,-1,-1,-1
1035,1022544000,2147483647,false,0,-1,28515,-1,-1,-1,-1
1037,1050796800,2147483647,false,0,-1,-1,-1,-1,-1,-1
1038,1009152000,2147483647,false,0,-1,-1,-1,-1,-1,-1
1040,1009152000,2147483647,false,0,-1,-1,-1,-1,-1,-1
1042,1009152000,2147483647,false,0,-1,-1,-1,-1,-1,-1
1044,1009152000,2147483647,false,0,-1,-1,-1,-1,-1,-1
1046,1009152000,2147483647,false,0,-1,-1,-1,-1,-1,-1
1048,1009152000,2147483647,false,0,-1,-1,-1,-1,-1,-1
1050,1040774400,2147483647,false,0,-1,-1,-1,-1,-1,-1
1052,1061337600,2147483647,false,27,3189,-1,-1,-1,-1,-1
1053,1036022400,2147483647,false,0,-1,-1,-1,-1,-1,-1
1055,1036022400,2147483647,false,0,-1,-1,-1,-1,-1,-1
1057,1036022400,2147483647,false,0,-1,-1,-1,-1,-1,-1
1059,978566400,2147483647,false,0,-1,-1,-1,-1,-1,-1
1061,978566400,2147483647,false,0,-1,-1,-1,-1,-1,-1
1063,1080518400,2147483647,false,0,177,-1,-1,-1,-1,-1
1065,1080518400,2147483647,false,16,178,-1,-1,-1,-1,-1
1067,978566400,2147483647,false,8,-1,-1,-1,-1,-1,-1
1069,978566400,2147483647,false,8,-1,-1,-1,-1,-1,-1
1071,978566400,2147483647,false,8,-1,-1,-1,-1,-1,-1
1073,978566400,2147483647,false,8,-1,-1,-1,-1,-1,-1
1075,978566400,2147483647,false,8,-1,-1,-1,-1,-1,-1
1077,983318400,2147483647,false,8,-1,-1,-1,-1,-1,-1
1079,996105600,2147483647,false,8,-1,-1,-1,-1,-1,-1
1081,982022400,2147483647,false,8,266,-1,-1,-1,-1,-1
1083,982022400,2147483647,false,8,266,-1,-1,-1,-1,-1
1085,982022400,2147483647,false,8,266,-1,-1,-1,-1,-1
1087,982022400,2147483647,false,8,266,-1,-1,-1,-1,-1
1089,1007769600,2147483647,false,8,266,-1,-1,-1,-1,-1
1091,982022400,2147483647,false,8,266,-1,-1,-1,-1,-1
1093,996105600,2147483647,false,8,266,-1,-1,-1,-1,-1
1095,1080518400,2147483647,false,8,-1,-1,-1,425,-1,-1
1097,1080518400,2147483647,false,8,-1,-1,-1,441,-1,-1
1099,1080518400,2147483647,false,8,-1,-1,-1,423,-1,-1
1101,978566400,2147483647,false,7,-1,-1,-1,458,-1,-1
1103,978566400,2147483647,false,7,-1,-1,-1,464,-1,-1
1105,978566400,2147483647,false,7,-1,-1,-1,464,-1,-1
1107,1007769600,2147483647,false,7,-1,-1,-1,464,-1,-1
1109,978566400,2147483647,false,7,-1,-1,-1,464,-1,-1
1111,978566400,2147483647,false,7,-1,-1,-1,464,-1,-1
1113,996105600,2147483647,false,7,-1,-1,-1,464,-1,-1
1115,978566400,2147483647,false,7,306,-1,-1,-1,-1,-1
1117,978566400,2147483647,false,7,306,-1,-1,-1,-1,-1
1119,978566400,2147483647,false,7,306,-1,-1,-1,-1,-1
1121,978566400,2147483647,false,7,306,-1,-1,-1,-1,-1
1123,978566400,2147483647,false,7,306,-1,-1,-1,-1,-1
1125,978566400,2147483647,false,7,306,-1,-1,-1,-1,-1
1127,1001203200,2147483647,false,7,306,-1,-1,-1,-1,-1
1129,978566400,2147483647,false,7,311,-1,-1,-1,-1,-1
1131,1080518400,2147483647,false,7,296,-1,-1,-1,-1,-1
1133,1080518400,2147483647,false,7,303,-1,-1,-1,-1,-1
1135,1080518400,2147483647,false,7,314,-1,-1,-1,-1,-1
1137,978566400,2147483647,false,2,219,-1,-1,-1,-1,-1
1139,978566400,2147483647,false,2,219,-1,-1,-1,-1,-1
1141,978566400,2147483647,false,2,219,-1,-1,-1,-1,-1
1143,978566400,2147483647,false,2,219,-1,-1,-1,-1,-1
1145,978566400,2147483647,false,2,219,-1,-1,-1,-1,-1
1147,996105600,2147483647,false,2,219,-1,-1,-1,-1,-1
1149,1032825600,2147483647,false,2,219,-1,-1,-1,-1,-1
1151,1014768000,2147483647,false,2,219,-1,-1,-1,-1,-1
1153,978566400,2147483647,false,2,-1,-1,-1,-1,-1,-1
1155,978566400,2147483647,false,2,-1,-1,-1,-1,-1,-1
1157,978566400,2147483647,false,2,-1,-1,-1,-1,-1,-1
1159,978566400,2147483647,false,2,-1,-1,-1,-1,-1,-1
1161,978566400,2147483647,false,2,-1,-1,-1,-1,-1,-1
1163,997660800,2147483647,false,2,-1,-1,-1,-1,-1,-1
1165,982022400,2147483647,false,2,-1,-1,-1,-1,-1,-1
1167,1080518400,2147483647,false,2,220,-1,-1,-1,-1,-1
1169,1080518400,2147483647,false,2,220,-1,-1,-1,-1,-1
1171,978566400,2147483647,false,18,-1,-1,-1,-1,-1,-1
1173,978566400,2147483647,false,18,-1,-1,-1,-1,-1,-1
1175,978566400,2147483647,false,18,-1,-1,-1,-1,-1,-1
1177,978566400,2147483647,false,18,-1,-1,-1,-1,-1,-1
1179,1007769600,2147483647,false,18,-1,-1,-1,-1,-1,-1
1181,978566400,2147483647,false,18,-1,-1,-1,-1,-1,-1
1183,978566400,2147483647,false,18,-1,-1,-1,-1,-1,-1
1185,997660800,2147483647,false,18,-1,-1,-1,-1,-1,-1
1187,1061337600,2147483647,true,18,-1,-1,-1,-1,-1,-1
1189,978566400,2147483647,false,18,486,-1,-1,-1,-1,-1
1191,978566400,2147483647,false,18,486,-1,-1,-1,-1,-1
1193,978566400,2147483647,false,18,486,-1,-1,-1,-1,-1
1195,1007769600,2147483647,false,18,486,-1,-1,-1,-1,-1
1197,978566400,2147483647,false,18,486,-1,-1,-1,-1,-1
1199,978566400,2147483647,false,18,486,-1,-1,-1,-1,-1
1201,997660800,2147483647,false,18,486,-1,-1,-1,-1,-1
1203,978566400,2147483647,false,25,533,-1,-1,-1,-1,-1
1205,978566400,2147483647,false,25,533,-1,-1,-1,-1,-1
1207,978566400,2147483647,false,25,533,-1,-1,-1,-1,-1
1209,978566400,2147483647,false,25,533,-1,-1,-1,-1,-1
1211,978566400,2147483647,false,25,533,-1,-1,-1,-1,-1
1213,997660800,2147483647,false,25,533,-1,-1,-1,-1,-1
1215,1080518400,2147483647,false,25,-1,-1,-1,-1,-1,-1
1217,1007769600,2147483647,false,25,533,-1,-1,-1,-1,-1
1219,1014768000,2147483647,false,25,504,-1,-1,-1,-1,-1
1221,1014768000,2147483647,false,25,504,-1,-1,-1,-1,-1
1223,1014768000,2147483647,false,25,504,-1,-1,-1,-1,-1
1225,1014768000,2147483647,false,25,504,-1,-1,-1,-1,-1
1227,1014768000,2147483647,false,25,504,-1,-1,-1,-1,-1
1229,1014768000,2147483647,false,25,504,-1,-1,-1,-1,-1
1231,1080518400,2147483647,false,25,-1,-1,-1,-1,-1,-1
1233,1014768000,2147483647,false,25,504,-1,-1,-1,-1,-1
1235,1080518400,2147483647,false,25,504,-1,-1,-1,-1,-1
1237,1050278400,2147483647,false,36,-1,-1,-1,-1,-1,-1
1239,1050278400,2147483647,false,36,-1,-1,-1,-1,-1,-1
1241,1050278400,2147483647,false,36,-1,-1,-1,-1,-1,-1
1243,1050278400,2147483647,false,36,-1,-1,-1,-1,-1,-1
1245,1050278400,2147483647,false,36,-1,-1,-1,-1,-1,-1
1247,1050278400,2147483647,false,36,-1,-1,-1,-1,-1,-1
1249,1080518400,2147483647,false,36,-1,-1,-1,-1,-1,-1
1251,1050278400,2147483647,false,36,-1,-1,-1,-1,-1,-1
1253,1050278400,2147483647,false,36,-1,-1,-1,-1,-1,-1
1255,1050278400,2147483647,false,36,-1,-1,-1,-1,-1,-1
1257,1050278400,2147483647,false,36,-1,-1,-1,-1,-1,-1
1259,1050278400,2147483647,false,36,-1,-1,-1,-1,-1,-1
1261,1050278400,2147483647,false,36,-1,-1,-1,-1,-1,-1
1263,1080518400,2147483647,false,36,-1,-1,-1,-1,-1,-1
1265,978566400,2147483647,false,67,-1,-1,-1,-1,-1,-1
1267,1053993600,2147483647,false,67,-1,-1,-1,-1,-1,-1
1269,1053993600,2147483647,false,67,-1,-1,-1,-1,-1,-1
1271,1053993600,2147483647,false,67,-1,-1,-1,-1,-1,-1
1273,1053993600,2147483647,false,67,-1,-1,-1,-1,-1,-1
1275,1053993600,2147483647,false,67,-1,-1,-1,-1,-1,-1
1277,978566400,2147483647,false,25,-1,-1,-1,-1,-1,-1
1279,978566400,2147483647,false,25,-1,-1,-1,-1,-1,-1
1281,978566400,2147483647,false,25,-1,-1,-1,-1,-1,-1
1283,1007769600,2147483647,false,25,-1,-1,-1,-1,-1,-1
1285,978566400,2147483647,false,25,-1,-1,-1,-1,-1,-1
1287,978566400,2147483647,false,25,-1,-1,-1,-1,-1,-1
1289,996105600,2147483647,false,25,-1,-1,-1,-1,-1,-1
1291,978566400,2147483647,false,21,-1,-1,-1,-1,-1,-1
1293,978566400,2147483647,false,21,-1,-1,-1,-1,-1,-1
1295,978566400,2147483647,false,21,-1,-1,-1,-1,-1,-1
1297,1007769600,2147483647,false,21,-1,-1,-1,-1,-1,-1
1299,978566400,2147483647,false,21,-1,-1,-1,-1,-1,-1
1301,978566400,2147483647,false,21,-1,-1,-1,-1,-1,-1
1303,996105600,2147483647,false,21,-1,-1,-1,-1,-1,-1
1305,1014768000,2147483647,false,21,-1,-1,-1,-1,-1,-1
1307,978566400,2147483647,false,61,-1,-1,-1,-1,-1,-1
1309,978566400,2147483647,false,61,-1,-1,-1,-1,-1,-1
1311,978566400,2147483647,false,61,-1,-1,-1,-1,-1,-1
1313,1014768000,2147483647,false,61,-1,-1,-1,-1,-1,-1
1315,978566400,2147483647,false,61,-1,-1,-1,-1,-1,-1
1317,978566400,2147483647,false,61,-1,-1,-1,-1,-1,-1
1319,997660800,2147483647,false,61,-1,-1,-1,-1,-1,-1
1321,978566400,2147483647,false,21,-1,-1,-1,-1,-1,-1
1323,978566400,2147483647,false,21,-1,-1,-1,-1,-1,-1
1325,978566400,2147483647,false,21,-1,-1,-1,-1,-1,-1
1327,1020124800,2147483647,false,21,-1,-1,-1,-1,-1,-1
1329,978566400,2147483647,false,21,-1,-1,-1,-1,-1,-1
1331,978566400,2147483647,false,21,-1,-1,-1,-1,-1,-1
1333,997660800,2147483647,false,21,-1,-1,-1,-1,-1,-1
1335,1080518400,2147483647,false,26,-1,-1,-1,-1,-1,-1
1337,1080518400,2147483647,false,26,-1,-1,-1,-1,-1,-1
1339,1080518400,2147483647,false,26,-1,-1,-1,-1,-1,-1
1341,1080518400,2147483647,false,26,-1,-1,-1,-1,-1,-1
1343,1080518400,2147483647,false,26,-1,-1,-1,-1,-1,-1
1345,1080518400,2147483647,false,26,-1,-1,-1,-1,-1,-1
1347,1080518400,2147483647,false,26,-1,-1,-1,-1,-1,-1
1349,978566400,2147483647,false,35,-1,-1,-1,-1,-1,-1
1351,978566400,2147483647,false,35,-1,-1,-1,-1,-1,-1
1353,978566400,2147483647,false,35,-1,-1,-1,-1,-1,-1
1355,978566400,2147483647,false,35,-1,-1,-1,-1,-1,-1
1357,978566400,2147483647,false,35,-1,-1,-1,-1,-1,-1
1359,997660800,2147483647,false,35,-1,-1,-1,-1,-1,-1
1361,1014768000,2147483647,false,35,-1,-1,-1,-1,-1,-1
1363,978566400,2147483647,false,35,-1,-1,-1,-1,-1,-1
1365,978566400,2147483647,false,35,-1,-1,-1,-1,-1,-1
1367,1007769600,2147483647,false,35,-1,-1,-1,-1,-1,-1
1369,978566400,2147483647,false,35,-1,-1,-1,-1,-1,-1
1371,978566400,2147483647,false,35,-1,-1,-1,-1,-1,-1
1373,997660800,2147483647,false,35,-1,-1,-1,-1,-1,-1
1375,978566400,2147483647,false,35,-1,-1,-1,-1,-1,-1
1377,1014768000,2147483647,false,35,-1,-1,-1,-1,-1,-1
1379,978566400,2147483647,false,1,-1,-1,-1,-1,-1,-1
1381,978566400,2147483647,false,1,-1,-1,-1,-1,-1,-1
1383,978566400,2147483647,false,1,-1,-1,-1,-1,-1,-1
1385,978566400,2147483647,false,1,-1,-1,-1,-1,-1,-1
1387,978566400,2147483647,false,1,-1,-1,-1,-1,-1,-1
1389,978566400,2147483647,false,1,-1,-1,-1,-1,-1,-1
1391,1016409600,2147483647,false,1,-1,-1,-1,-1,-1,-1
1393,1016409600,2147483647,false,1,-1,-1,-1,-1,-1,-1
1395,1016409600,2147483647,false,1,-1,-1,-1,-1,-1,-1
1397,1016409600,2147483647,false,1,-1,-1,-1,-1,-1,-1
1399,1016409600,2147483647,false,1,-1,-1,-1,-1,-1,-1
1401,1017014400,2147483647,false,1,-1,-1,-1,-1,-1,-1
1403,1017014400,2147483647,false,1,-1,-1,-1,-1,-1,-1
1405,1017014400,2147483647,false,1,-1,-1,-1,-1,-1,-1
1407,1017014400,2147483647,false,1,-1,-1,-1,-1,-1,-1
1409,1046649600,2147483647,true,1,-1,-1,-1,-1,-1,-1
1410,1046649600,2147483647,true,0,-1,-1,-1,-1,-1,-1
1411,1080518400,2147483647,false,0,-1,-1,-1,-1,-1,-1
1413,1080518400,2147483647,false,0,-1,-1,-1,-1,-1,-1
1415,1080518400,2147483647,false,0,-1,-1,-1,-1,-1,-1
1417,1080518400,2147483647,false,0,-1,-1,-1,-1,-1,-1
1419,1067558400,2147483647,false,1193,-1,-1,-1,-1,-1,-1
1420,978566400,2147483647,false,39,-1,-1,-1,-1,-1,-1
1422,978566400,2147483647,false,39,-1,-1,-1,-1,-1,-1
1424,978566400,2147483647,false,39,-1,-1,-1,-1,-1,-1
1426,1014768000,2147483647,false,39,-1,-1,-1,-1,-1,-1
1428,978566400,2147483647,false,39,-1,-1,-1,-1,-1,-1
1430,978566400,2147483647,false,39,-1,-1,-1,-1,-1,-1
1432,996105600,2147483647,false,39,-1,-1,-1,-1,-1,-1
1434,1080518400,2147483647,false,39,-1,-1,-1,-1,-1,-1
1436,1080518400,2147483647,false,91,-1,-1,-1,-1,-1,-1
1438,1080518400,2147483647,false,0,-1,-1,-1,-1,-1,-1
1440,1080518400,2147483647,false,0,-1,-1,-1,-1,-1,-1
1442,1080518400,2147483647,false,0,-1,-1,-1,-1,-1,-1
1444,1080518400,2147483647,false,0,-1,-1,-1,-1,-1,-1
1446,1080518400,2147483647,false,0,-1,-1,-1,-1,-1,-1
1448,1080518400,2147483647,false,0,-1,-1,-1,-1,-1,-1
1450,1647993600,2147483647,false,0,-1,-1,-1,-1,-1,-1
1452,1080518400,2147483647,false,0,-1,-1,-1,-1,-1,-1
1454,1080518400,2147483647,false,0,-1,-1,-1,-1,-1,-1
1456,1129507200,2147483647,true,0,-1,-1,-1,-1,-1,-1
1458,1093305600,2147483647,false,0,-1,-1,-1,-1,-1,-1
1459,0,2147483647,false,2157,-1,-1,-1,-1,-1,-1
1460,1747180800,2147483647,false,0,-1,-1,-1,-1,-1,-1
1462,1080518400,2147483647,false,0,-1,-1,-1,-1,-1,-1
1464,1080518400,2147483647,false,0,-1,-1,-1,-1,-1,-1
1465,1080518400,2147483647,false,0,-1,-1,-1,-1,-1,-1
1466,1031529600,2147483647,true,0,-1,-1,-1,-1,-1,-1
1467,1031529600,2147483647,true,0,-1,-1,-1,-1,-1,-1
1468,1031529600,2147483647,true,0,-1,-1,-1,-1,-1,-1
1469,1031529600,2147483647,true,0,-1,-1,-1,-1,-1,-1
1470,982281600,2147483647,true,0,-1,-1,-1,-1,-1,-1
1472,982281600,2147483647,true,0,-1,-1,-1,-1,-1,-1
1474,982281600,2147483647,true,0,-1,-1,-1,-1,-1,-1
1476,982281600,2147483647,true,0,-1,-1,-1,-1,-1,-1
1478,982281600,2147483647,true,0,-1,-1,-1,-1,-1,-1
1480,1046649600,2147483647,false,0,-1,-1,-1,-1,-1,-1
1481,1046649600,2147483647,true,0,-1,-1,-1,-1,-1,-1
1482,1046649600,2147483647,true,0,-1,-1,-1,-1,-1,-1
1483,1046649600,2147483647,true,0,-1,-1,-1,-1,-1,-1
1484,1046649600,2147483647,true,0,-1,-1,-1,-1,-1,-1
1485,1046649600,2147483647,true,0,-1,-1,-1,-1,-1,-1
1486,1046649600,2147483647,true,0,-1,-1,-1,-1,-1,-1
1487,1046649600,2147483647,true,0,-1,-1,-1,-1,-1,-1
1488,1046649600,2147483647,true,0,-1,-1,-1,-1,-1,-1
1489,1081987200,2147483647,true,0,-1,-1,-1,-1,-1,-1
1490,1046649600,2147483647,true,0,-1,-1,-1,-1,-1,-1
1491,1046649600,2147483647,true,0,-1,-1,-1,-1,-1,-1
1492,1046649600,2147483647,true,0,-1,-1,-1,-1,-1,-1
1493,1046649600,2147483647,true,1328,-1,-1,-1,-1,-1,-1
1494,1046649600,2147483647,true,1328,-1,-1,-1,-1,-1,-1
1495,1046649600,2147483647,true,16,-1,-1,-1,-1,-1,-1
1496,1046649600,2147483647,true,0,-1,-1,-1,-1,-1,-1
1497,1046649600,2147483647,true,0,-1,-1,-1,-1,-1,-1
1498,1046649600,2147483647,true,0,-1,-1,-1,-1,-1,-1
1499,1046649600,2147483647,true,0,-1,-1,-1,-1,-1,-1
1500,1046649600,2147483647,true,0,-1,-1,-1,-1,-1,-1
1501,1046649600,2147483647,true,0,-1,-1,-1,-1,-1,-1
1502,1046649600,2147483647,true,0,-1,-1,-1,-1,-1,-1
1503,1030406400,2147483647,true,0,-1,-1,-1,-1,-1,-1
1504,1030406400,2147483647,true,0,-1,-1,-1,-1,-1,-1
1505,1030406400,2147483647,true,0,-1,-1,-1,-1,-1,-1
1506,1030406400,2147483647,true,0,-1,-1,-1,-1,-1,-1
1507,1030406400,2147483647,true,0,-1,-1,-1,-1,-1,-1
1508,1030406400,2147483647,true,0,-1,-1,-1,-1,-1,-1
1509,1030406400,2147483647,true,0,-1,-1,-1,-1,-1,-1
1510,1030406400,2147483647,true,0,-1,-1,-1,-1,-1,-1
1511,978566400,2147483647,false,22,4048,-1,-1,-1,-1,-1
1513,1017014400,2147483647,false,22,-1,-1,-1,-1,-1,-1
1515,1017014400,2147483647,false,22,-1,-1,-1,-1,-1,-1
1517,1017014400,2147483647,false,22,-1,-1,-1,-1,-1,-1
1519,1017014400,2147483647,false,22,-1,-1,-1,-1,-1,-1
1521,1017014400,2147483647,false,22,-1,-1,-1,-1,-1,-1
1523,1020816000,2147483647,false,715,-1,-1,-1,-1,-1,-1
1525,1035331200,2147483647,true,90,-1,-1,-1,-1,-1,-1
1526,1035331200,2147483647,true,90,-1,-1,-1,-1,-1,-1
1527,1035331200,2147483647,true,90,-1,-1,-1,-1,-1,-1
1528,1035331200,2147483647,true,90,-1,-1,-1,-1,-1,-1
1529,1035331200,2147483647,true,90,-1,-1,-1,-1,-1,-1
1530,1035331200,2147483647,true,90,-1,-1,-1,-1,-1,-1
1531,1035331200,2147483647,true,90,-1,-1,-1,-1,-1,-1
1532,1035331200,2147483647,true,90,-1,-1,-1,-1,-1,-1
1533,1035331200,2147483647,true,90,-1,-1,-1,-1,-1,-1
1534,1035331200,2147483647,true,90,-1,-1,-1,-1,-1,-1
1535,1001203200,2147483647,true,0,-1,-1,-1,-1,-1,-1
1536,1001203200,2147483647,true,0,-1,-1,-1,-1,-1,-1
1537,1001203200,2147483647,true,0,-1,-1,-1,-1,-1,-1
1538,1001203200,2147483647,true,0,-1,-1,-1,-1,-1,-1
1539,1001203200,2147483647,false,74,-1,-1,-1,-1,-1,-1
1540,1001203200,2147483647,true,18,26424,-1,-1,-1,-1,-1
1542,1001203200,2147483647,true,0,-1,-1,-1,-1,-1,-1
1543,1001203200,2147483647,true,0,-1,-1,-1,-1,-1,-1
1544,1001203200,2147483647,true,0,-1,-1,-1,-1,-1,-1
1545,1001203200,2147483647,true,0,-1,-1,-1,-1,-1,-1
1546,1001203200,2147483647,true,0,-1,-1,-1,-1,-1,-1
1547,1001203200,2147483647,true,0,-1,-1,-1,-1,-1,-1
1548,1001203200,2147483647,true,0,-1,-1,-1,-1,-1,-1
1549,980640000,2147483647,true,0,-1,-1,-1,-1,-1,-1
1550,980640000,2147483647,false,0,-1,-1,-1,-1,-1,-1
1552,1059350400,2147483647,true,0,-1,-1,-1,-1,-1,-1
1554,1059350400,2147483647,true,81,-1,-1,-1,-1,-1,-1
1555,1059350400,2147483647,false,31,-1,-1,-1,-1,-1,-1
1556,1059350400,2147483647,false,31,-1,-1,-1,-1,-1,-1
1557,1059350400,2147483647,false,31,-1,-1,-1,-1,-1,-1
1558,1059350400,2147483647,false,31,-1,-1,-1,-1,-1,-1
1559,1059350400,2147483647,false,31,-1,-1,-1,-1,-1,-1
1560,1059350400,2147483647,false,31,-1,-1,-1,-1,-1,-1
1561,1059350400,2147483647,false,30,-1,-1,-1,-1,-1,-1
1562,1059350400,2147483647,false,30,-1,-1,-1,-1,-1,-1
1563,1059350400,2147483647,false,30,-1,-1,-1,-1,-1,-1
1564,1059350400,2147483647,false,30,-1,-1,-1,-1,-1,-1
1565,1059350400,2147483647,false,30,-1,-1,-1,-1,-1,-1
1566,1059350400,2147483647,false,30,-1,-1,-1,-1,-1,-1
1567,1080518400,2147483647,false,29,-1,-1,-1,-1,-1,-1
1568,1080518400,2147483647,false,29,-1,-1,-1,-1,-1,-1
1569,1080518400,2147483647,false,29,-1,-1,-1,-1,-1,-1
1570,1080518400,2147483647,false,29,-1,-1,-1,-1,-1,-1
1571,1080518400,2147483647,false,29,-1,-1,-1,-1,-1,-1
1572,1080518400,2147483647,false,29,-1,-1,-1,-1,-1,-1
1573,1059350400,2147483647,true,0,-1,-1,-1,-1,-1,-1
1575,1080518400,2147483647,false,0,289,-1,-1,-1,-1,-1
1577,1014768000,2147483647,true,0,-1,-1,-1,-1,-1,-1
1579,1014768000,2147483647,true,0,-1,-1,-1,-1,-1,-1
1580,1014768000,2147483647,true,0,-1,-1,-1,-1,-1,-1
1581,1014768000,2147483647,true,0,-1,-1,-1,-1,-1,-1
1582,1014768000,2147483647,true,0,-1,-1,-1,-1,-1,-1
1583,1014768000,2147483647,true,0,-1,-1,-1,-1,-1,-1
1584,1014768000,2147483647,true,0,-1,-1,-1,-1,-1,-1
1585,1014768000,2147483647,true,0,-1,-1,-1,-1,-1,-1
1586,1014768000,2147483647,true,0,-1,-1,-1,-1,-1,-1
1588,1014768000,2147483647,true,0,-1,-1,-1,-1,-1,-1
1590,1014768000,2147483647,false,0,-1,-1,-1,-1,-1,-1
1591,1014768000,2147483647,false,0,-1,-1,-1,-1,-1,-1
1592,989280000,2147483647,false,0,-1,-1,-1,-1,-1,-1
1594,1047859200,2147483647,false,0,-1,-1,-1,-1,-1,-1
1595,989280000,2147483647,false,0,-1,-1,-1,-1,-1,-1
1597,989280000,2147483647,false,0,-1,-1,-1,-1,-1,-1
1599,994896000,2147483647,false,0,-1,-1,-1,-1,-1,-1
1601,980208000,2147483647,false,0,516,-1,-1,-1,-1,-1
1603,989280000,2147483647,false,0,516,-1,-1,-1,-1,-1
1605,989280000,2147483647,false,0,516,-1,-1,-1,-1,-1
1607,989280000,2147483647,false,0,516,-1,-1,-1,-1,-1
1609,1043625600,2147483647,false,0,516,-1,-1,-1,-1,-1
1611,1043625600,2147483647,false,0,516,-1,-1,-1,-1,-1
1613,1043625600,2147483647,false,0,516,-1,-1,-1,-1,-1
1615,1014768000,2147483647,false,0,516,-1,-1,-1,-1,-1
1617,984787200,2147483647,false,0,-1,-1,-1,-1,-1,-1
1619,984787200,2147483647,false,0,-1,-1,-1,-1,-1,-1
1621,984787200,2147483647,false,0,-1,-1,-1,-1,-1,-1
1623,984787200,2147483647,false,0,-1,-1,-1,-1,-1,-1
1625,1043625600,2147483647,false,0,-1,-1,-1,-1,-1,-1
1627,1043625600,2147483647,false,0,-1,-1,-1,-1,-1,-1
1629,1043625600,2147483647,false,0,-1,-1,-1,-1,-1,-1
1631,1014768000,2147483647,false,0,-1,-1,-1,-1,-1,-1
1633,1043625600,2147483647,false,0,-1,-1,-1,-1,-1,-1
1635,989280000,2147483647,false,656,-1,-1,-1,-1,-1,-1
1637,989280000,2147483647,false,656,-1,-1,-1,-1,-1,-1
1639,989280000,2147483647,false,656,-1,-1,-1,-1,-1,-1
1641,989280000,2147483647,false,656,-1,-1,-1,-1,-1,-1
1643,989280000,2147483647,false,656,-1,-1,-1,-1,-1,-1
1645,1014768000,2147483647,false,656,-1,-1,-1,-1,-1,-1
1654,989280000,2147483647,false,0,-1,-1,-1,-1,-1,-1
1656,989280000,2147483647,false,0,-1,-1,-1,-1,-1,-1
1658,989280000,2147483647,false,0,-1,-1,-1,-1,-1,-1
1660,989280000,2147483647,false,0,-1,-1,-1,-1,-1,-1
1662,989280000,2147483647,false,0,-1,-1,-1,-1,-1,-1
1664,1014768000,2147483647,false,0,-1,-1,-1,-1,-1,-1
1673,989280000,2147483647,false,0,-1,-1,-1,-1,-1,-1
1675,989280000,2147483647,false,0,-1,-1,-1,-1,-1,-1
1677,989280000,2147483647,false,0,-1,-1,-1,-1,-1,-1
1679,989280000,2147483647,false,0,-1,-1,-1,-1,-1,-1
1681,989280000,2147483647,false,0,-1,-1,-1,-1,-1,-1
1683,1014768000,2147483647,false,0,-1,-1,-1,-1,-1,-1
1686,0,2147483647,false,15,-1,-1,-1,-1,-1,-1
1692,989280000,2147483647,false,0,-1,-1,-1,-1,-1,-1
1694,989280000,2147483647,false,621,-1,-1,-1,-1,-1,-1
1696,989280000,2147483647,false,0,-1,-1,-1,-1,-1,-1
1698,989280000,2147483647,false,0,-1,-1,-1,-1,-1,-1
1700,989280000,2147483647,false,0,-1,-1,-1,-1,-1,-1
1702,1014768000,2147483647,false,0,-1,-1,-1,-1,-1,-1
1704,1014768000,2147483647,false,0,-1,-1,-1,-1,-1,-1
1706,1014768000,2147483647,false,557,-1,-1,-1,-1,-1,-1
1708,1080518400,2147483647,false,557,-1,-1,-1,-1,-1,-1
1710,1080518400,2147483647,false,557,-1,-1,-1,-1,-1,-1
1712,1080518400,2147483647,false,557,-1,-1,-1,-1,-1,-1
1714,994896000,2147483647,false,0,-1,-1,-1,-1,-1,-1
1716,994896000,2147483647,false,0,280,284,-1,444,-1,-1
1718,994896000,2147483647,true,0,280,284,-1,444,-1,-1
1720,1047859200,2147483647,false,0,-1,-1,-1,-1,-1,-1
1722,1047859200,2147483647,false,0,280,286,-1,444,-1,-1
1724,1047859200,2147483647,false,0,280,286,-1,444,-1,-1
1725,990662400,2147483647,false,0,-1,-1,-1,-1,-1,-1
1727,990662400,2147483647,false,0,-1,-1,-1,-1,-1,-1
1729,990662400,2147483647,false,0,-1,-1,-1,-1,-1,-1
1731,990662400,2147483647,false,0,-1,-1,-1,-1,-1,-1
1733,993254400,2147483647,false,0,4047,-1,-1,-1,-1,-1
1734,993254400,2147483647,false,0,-1,-1,-1,-1,-1,-1
1735,978566400,2147483647,false,0,-1,-1,-1,-1,-1,-1
1737,978566400,2147483647,false,0,-1,-1,-1,-1,-1,-1
1739,993254400,2147483647,false,0,-1,-1,-1,-1,-1,-1
1741,993254400,2147483647,false,0,4046,-1,-1,-1,-1,-1
1743,1080518400,2147483647,false,0,-1,-1,-1,-1,-1,-1
1745,1080518400,2147483647,false,0,-1,-1,-1,-1,-1,-1
1747,1080518400,2147483647,false,0,-1,-1,-1,-1,-1,-1
1749,1080518400,2147483647,false,0,-1,-1,-1,-1,-1,-1
1751,1080518400,2147483647,false,0,-1,-1,-1,-1,-1,-1
1753,1080518400,2147483647,false,0,-1,-1,-1,-1,-1,-1
1755,978566400,2147483647,false,0,-1,-1,-1,-1,-1,-1
1757,978566400,2147483647,false,0,305,-1,-1,-1,-1,-1
1759,978566400,2147483647,false,0,-1,-1,-1,-1,-1,-1
1761,983318400,2147483647,false,0,-1,-1,-1,-1,-1,-1
1763,989280000,2147483647,false,82,-1,-1,-1,-1,-1,-1
1765,983318400,2147483647,false,82,-1,-1,-1,-1,-1,-1
1767,989280000,2147483647,false,82,-1,-1,-1,-1,-1,-1
1769,989280000,2147483647,true,82,-1,-1,-1,-1,-1,-1
1771,1007769600,2147483647,false,82,-1,-1,-1,-1,-1,-1
1773,1007769600,2147483647,false,82,-1,-1,-1,-1,-1,-1
1775,1016409600,2147483647,false,0,-1,-1,-1,-1,-1,-1
1777,1017014400,2147483647,false,0,-1,-1,-1,-1,-1,-1
1779,1017014400,2147483647,false,0,-1,-1,-1,-1,-1,-1
1781,1016409600,2147483647,false,0,-1,-1,-1,-1,-1,-1
1783,1016409600,2147483647,false,0,-1,-1,-1,-1,-1,-1
1785,1016409600,2147483647,false,0,-1,-1,-1,-1,-1,-1
1787,989280000,2147483647,false,0,-1,-1,-1,-1,-1,-1
1789,989280000,2147483647,false,0,-1,-1,-1,-1,-1,-1
1791,992217600,2147483647,false,0,-1,-1,-1,-1,-1,-1
1793,989280000,2147483647,false,0,-1,-1,-1,-1,-1,-1
1794,1043625600,2147483647,false,0,-1,-1,-1,-1,-1,-1
1796,1055116800,2147483647,true,0,-1,-1,-1,-1,-1,-1
1797,1055116800,2147483647,true,0,-1,-1,-1,-1,-1,-1
1798,1055116800,2147483647,true,0,-1,-1,-1,-1,-1,-1
1799,1055116800,2147483647,true,0,-1,-1,-1,-1,-1,-1
1800,1055116800,2147483647,true,0,-1,-1,-1,-1,-1,-1
1801,1055116800,2147483647,true,0,-1,-1,-1,-1,-1,-1
1802,1055116800,2147483647,true,0,-1,-1,-1,-1,-1,-1
1803,1055116800,2147483647,true,0,-1,-1,-1,-1,-1,-1
1804,1055116800,2147483647,true,0,-1,-1,-1,-1,-1,-1
1805,1055116800,2147483647,true,0,-1,-1,-1,-1,-1,-1
1806,1055116800,2147483647,true,0,-1,-1,-1,-1,-1,-1
1807,1055116800,2147483647,true,0,-1,-1,-1,-1,-1,-1
1808,1055116800,2147483647,true,0,-1,-1,-1,-1,-1,-1
1809,1055116800,2147483647,true,0,-1,-1,-1,-1,-1,-1
1810,1055116800,2147483647,true,0,-1,-1,-1,-1,-1,-1
1811,1055116800,2147483647,true,0,-1,-1,-1,-1,-1,-1
1812,1055116800,2147483647,true,0,-1,-1,-1,-1,-1,-1
1813,1055116800,2147483647,true,0,-1,-1,-1,-1,-1,-1
1814,1055116800,2147483647,true,0,-1,-1,-1,-1,-1,-1
1815,1055116800,2147483647,true,0,-1,-1,-1,-1,-1,-1
1816,1055116800,2147483647,true,0,-1,-1,-1,-1,-1,-1
1817,1055116800,2147483647,true,0,-1,-1,-1,-1,-1,-1
1818,1055116800,2147483647,true,0,-1,-1,-1,-1,-1,-1
1819,1055116800,2147483647,true,0,-1,-1,-1,-1,-1,-1
1820,1055116800,2147483647,true,0,-1,-1,-1,-1,-1,-1
1821,1055116800,2147483647,true,0,-1,-1,-1,-1,-1,-1
1822,1055116800,2147483647,true,0,-1,-1,-1,-1,-1,-1
1823,1050278400,2147483647,false,1288,-1,-1,-1,-1,-1,-1
1825,1050278400,2147483647,false,1288,-1,-1,-1,-1,-1,-1
1827,1050278400,2147483647,false,1288,-1,-1,-1,-1,-1,-1
1829,1050278400,2147483647,false,1288,-1,-1,-1,-1,-1,-1
1831,1050278400,2147483647,false,0,-1,-1,-1,-1,-1,-1
1833,1050278400,2147483647,false,0,28515,-1,-1,-1,-1,-1
1835,1050278400,2147483647,false,0,265,-1,-1,-1,-1,-1
1837,1050278400,2147483647,false,118,-1,-1,-1,-1,-1,-1
1839,1050278400,2147483647,true,0,-1,-1,-1,-1,-1,-1
1840,1050278400,2147483647,true,0,-1,-1,-1,-1,-1,-1
1841,1050278400,2147483647,true,0,-1,-1,-1,-1,-1,-1
1842,1050278400,2147483647,true,0,-1,-1,-1,-1,-1,-1
1843,1050278400,2147483647,true,0,-1,-1,-1,-1,-1,-1
1844,1050278400,2147483647,true,0,19182,-1,-1,-1,-1,-1
1845,1050278400,2147483647,true,0,19181,-1,-1,-1,-1,-1
1846,1080518400,2147483647,true,118,-1,-1,-1,-1,-1,-1
1847,1050278400,2147483647,false,0,-1,-1,-1,-1,-1,-1
1848,1050278400,1184630400,false,0,-1,-1,-1,-1,-1,-1
1849,1050278400,2147483647,true,0,-1,-1,-1,-1,-1,-1
1850,1050278400,2147483647,true,0,-1,-1,-1,-1,-1,-1
1851,1050278400,2147483647,true,120,-1,-1,-1,-1,-1,-1
1852,1050278400,2147483647,true,0,-1,-1,-1,-1,-1,-1
1853,1050278400,2147483647,true,0,-1,-1,-1,-1,-1,-1
1854,1050278400,2147483647,false,0,-1,-1,-1,-1,-1,-1
1855,1080518400,2147483647,true,0,-1,-1,-1,-1,-1,-1
1856,1020124800,2147483647,true,0,-1,-1,-1,-1,-1,-1
1857,1020124800,2147483647,true,0,-1,-1,-1,-1,-1,-1
1858,1020124800,2147483647,true,0,-1,-1,-1,-1,-1,-1
1859,1050278400,2147483647,false,0,-1,-1,-1,-1,-1,-1
1861,1050278400,2147483647,false,5,-1,-1,-1,-1,-1,-1
1863,1050278400,2147483647,false,0,-1,-1,-1,-1,-1,-1
1865,1050278400,2147483647,false,0,-1,-1,-1,-1,-1,-1
1867,1050278400,2147483647,false,0,-1,-1,-1,-1,-1,-1
1869,1050278400,2147483647,false,86,-1,-1,-1,-1,-1,-1
1871,1050278400,2147483647,false,131,-1,-1,-1,-1,-1,-1
1873,1080518400,2147483647,false,0,-1,-1,-1,-1,-1,-1
1875,1050278400,2147483647,false,131,-1,-1,-1,-1,-1,-1
1877,1080518400,2147483647,false,0,-1,-1,-1,-1,-1,-1
1879,1080518400,2147483647,false,0,-1,-1,-1,-1,-1,-1
1881,1050278400,2147483647,false,0,-1,-1,-1,-1,-1,-1
1883,1050278400,2147483647,false,59,-1,-1,-1,-1,-1,-1
1885,1050278400,2147483647,false,59,-1,-1,-1,-1,-1,-1
1887,992217600,2147483647,false,0,-1,-1,-1,-1,-1,-1
1889,992217600,2147483647,false,0,-1,-1,-1,-1,-1,-1
1891,992217600,2147483647,false,130,-1,-1,-1,-1,-1,-1
1893,992217600,2147483647,false,130,-1,-1,-1,-1,-1,-1
1895,992217600,2147483647,false,130,-1,-1,-1,-1,-1,-1
1897,992217600,2147483647,false,130,-1,-1,-1,-1,-1,-1
1899,992217600,2147483647,false,130,-1,-1,-1,-1,-1,-1
1901,992217600,2147483647,false,130,-1,-1,-1,-1,-1,-1
1903,992217600,2147483647,false,0,-1,-1,-1,-1,-1,-1
1905,986515200,2147483647,false,0,-1,-1,-1,-1,-1,-1
1907,986515200,2147483647,false,0,-1,-1,-1,-1,-1,-1
1909,1035331200,2147483647,true,0,-1,-1,-1,-1,-1,-1
1911,1035331200,2147483647,false,0,-1,-1,-1,-1,-1,-1
1913,986515200,2147483647,false,0,-1,-1,-1,-1,-1,-1
1915,1014768000,2147483647,false,0,-1,-1,-1,-1,-1,-1
1917,978566400,2147483647,false,0,-1,-1,-1,-1,-1,-1
1919,1016409600,2147483647,false,0,-1,-1,-1,-1,-1,-1
1921,992217600,2147483647,false,0,-1,-1,-1,-1,-1,-1
1923,992217600,2147483647,false,0,-1,-1,-1,-1,-1,-1
1925,978566400,2147483647,false,0,-1,-1,-1,-1,-1,-1
1927,978566400,2147483647,false,0,-1,-1,-1,-1,-1,-1
1929,978566400,2147483647,false,0,-1,-1,-1,-1,-1,-1
1931,978566400,2147483647,false,0,-1,-1,-1,-1,-1,-1
1933,978566400,2147483647,false,0,-1,-1,-1,-1,-1,-1
1935,978566400,2147483647,false,0,-1,-1,-1,-1,-1,-1
1937,978566400,2147483647,false,0,-1,-1,-1,-1,-1,-1
1939,1031529600,2147483647,false,135,-1,-1,-1,-1,-1,-1
1940,1031529600,2147483647,false,0,-1,-1,-1,-1,-1,-1
1941,1031529600,2147483647,false,0,-1,-1,-1,-1,-1,-1
1942,992217600,2147483647,false,131,-1,-1,-1,-1,-1,-1
1944,978566400,2147483647,false,0,-1,-1,-1,-1,-1,-1
1946,978566400,1149552000,false,0,-1,-1,-1,-1,-1,-1
1947,978566400,2147483647,false,0,-1,-1,-1,-1,-1,-1
1949,978566400,2147483647,false,0,199,-1,-1,-1,-1,-1
1951,983318400,2147483647,false,0,-1,-1,-1,-1,-1,-1
1953,984787200,2147483647,false,0,-1,-1,-1,-1,-1,-1
1955,984787200,2147483647,false,0,-1,-1,-1,-1,-1,-1
1957,983318400,2147483647,false,131,-1,-1,-1,-1,-1,-1
1959,1004486400,2147483647,false,131,-1,-1,-1,-1,-1,-1
1961,1017532800,2147483647,false,59,-1,-1,-1,-1,-1,-1
1963,986515200,2147483647,false,86,-1,-1,-1,-1,-1,-1
1965,978566400,2147483647,false,131,-1,-1,-1,-1,-1,-1
1967,986515200,2147483647,false,59,-1,-1,-1,-1,-1,-1
1969,978566400,2147483647,false,59,-1,-1,-1,-1,-1,-1
1971,980035200,2147483647,false,59,-1,-1,-1,-1,-1,-1
1973,992217600,2147483647,false,59,-1,-1,-1,-1,-1,-1
1975,1030406400,2147483647,false,59,-1,-1,-1,-1,-1,-1
1977,1030406400,2147483647,false,59,-1,-1,-1,-1,-1,-1
1978,1027382400,2147483647,false,0,-1,-1,-1,-1,-1,-1
1980,1080518400,2147483647,false,0,-1,-1,-1,-1,-1,-1
1982,992217600,2147483647,false,131,-1,-1,-1,-1,-1,-1
1984,1035331200,2147483647,true,86,-1,-1,-1,-1,-1,-1
1985,992217600,2147483647,false,59,-1,-1,-1,-1,-1,-1
1987,984787200,2147483647,false,0,-1,-1,-1,-1,-1,-1
1989,984787200,2147483647,false,0,-1,-1,-1,-1,-1,-1
1991,992217600,2147483647,false,0,-1,-1,-1,-1,-1,-1
1992,1080518400,1169424000,false,15,-1,-1,-1,-1,-1,-1
1993,984787200,2147483647,false,0,-1,-1,-1,-1,-1,-1
1995,1080518400,2147483647,false,0,-1,-1,-1,-1,-1,-1
1996,1080518400,1169424000,false,15,-1,-1,-1,-1,-1,-1
1997,992217600,2147483647,false,0,-1,-1,-1,-1,-1,-1
1999,992217600,2147483647,false,0,-1,-1,-1,-1,-1,-1
2001,992217600,2147483647,false,0,-1,-1,-1,-1,-1,-1
2003,992217600,2147483647,false,59,-1,-1,-1,-1,-1,-1
2005,992217600,2147483647,false,0,-1,-1,-1,-1,-1,-1
2007,1020124800,2147483647,false,0,-1,-1,-1,-1,-1,-1
2009,1020816000,2147483647,false,0,-1,-1,-1,-1,-1,-1
2011,1020816000,2147483647,false,59,-1,-1,-1,-1,-1,-1
2013,1020816000,2147483647,false,0,-1,-1,-1,-1,-1,-1
2015,1039651200,2147483647,false,0,-1,-1,-1,-1,-1,-1
2017,1014768000,2147483647,false,0,-1,-1,-1,-1,-1,-1
2019,1039651200,2147483647,false,0,-1,-1,-1,-1,-1,-1
2021,1039651200,2147483647,false,0,-1,-1,-1,-1,-1,-1
2023,1039651200,2147483647,false,0,-1,-1,-1,-1,-1,-1
2025,1039651200,2147483647,false,0,-1,-1,-1,-1,-1,-1
2026,1039651200,2147483647,false,0,-1,-1,-1,-1,-1,-1
2028,1039651200,2147483647,false,83,-1,-1,-1,-1,-1,-1
2030,1039651200,2147483647,false,83,-1,-1,-1,-1,-1,-1
2032,1039651200,2147483647,false,83,-1,-1,-1,-1,-1,-1
2034,1039651200,2147483647,false,83,-1,-1,-1,-1,-1,-1
2036,1039651200,2147483647,false,83,-1,-1,-1,-1,-1,-1
2038,1039651200,2147483647,false,83,-1,-1,-1,-1,-1,-1
2040,1039651200,2147483647,false,83,-1,-1,-1,-1,-1,-1
2042,1080518400,1154908800,false,15,-1,-1,-1,-1,-1,-1
2044,1080518400,1154908800,false,15,-1,-1,-1,-1,-1,-1
2046,1080518400,1154908800,false,15,-1,-1,-1,-1,-1,-1
2048,1039651200,2147483647,false,83,-1,-1,-1,-1,-1,-1
2050,1080518400,1154908800,false,15,-1,-1,-1,-1,-1,-1
2052,1080518400,1154908800,false,15,-1,-1,-1,-1,-1,-1
2054,1039651200,2147483647,false,83,-1,-1,-1,-1,-1,-1
2056,1080518400,1154908800,false,15,-1,-1,-1,-1,-1,-1
2058,1080518400,1154908800,false,15,-1,-1,-1,-1,-1,-1
2060,1080518400,1154908800,false,15,-1,-1,-1,-1,-1,-1
2062,1080518400,1154908800,false,15,-1,-1,-1,-1,-1,-1
2064,1039651200,2147483647,false,83,-1,-1,-1,-1,-1,-1
2066,1080518400,1154908800,false,15,-1,-1,-1,-1,-1,-1
2068,1080518400,1154908800,false,15,-1,-1,-1,-1,-1,-1
2070,1080518400,1154908800,false,15,-1,-1,-1,-1,-1,-1
2072,1080518400,1154908800,false,15,-1,-1,-1,-1,-1,-1
2074,1039651200,2147483647,false,83,-1,-1,-1,-1,-1,-1
2076,1080518400,1154908800,false,15,-1,-1,-1,-1,-1,-1
2078,1080518400,1154908800,false,15,-1,-1,-1,-1,-1,-1
2080,1039651200,2147483647,false,83,-1,-1,-1,-1,-1,-1
2082,1080518400,1154908800,false,15,-1,-1,-1,-1,-1,-1
2084,1039651200,2147483647,false,83,-1,-1,-1,-1,-1,-1
2086,1080518400,1154908800,false,15,-1,-1,-1,-1,-1,-1
2088,1080518400,1154908800,false,15,-1,-1,-1,-1,-1,-1
2090,1080518400,1154908800,false,15,-1,-1,-1,-1,-1,-1
2092,1039651200,2147483647,false,83,-1,-1,-1,-1,-1,-1
2094,1039651200,1154908800,false,15,-1,-1,-1,-1,-1,-1
2096,1039651200,1154908800,false,15,-1,-1,-1,-1,-1,-1
2098,1039651200,1154908800,false,15,-1,-1,-1,-1,-1,-1
2100,1039651200,1154908800,false,15,-1,-1,-1,-1,-1,-1
2102,1039651200,2147483647,false,120,-1,-1,-1,-1,-1,-1
2104,1039651200,2147483647,false,120,-1,-1,-1,-1,-1,-1
2106,1039651200,2147483647,false,120,-1,-1,-1,-1,-1,-1
2108,1039651200,2147483647,false,120,-1,-1,-1,-1,-1,-1
2110,1039651200,2147483647,false,120,-1,-1,-1,-1,-1,-1
2112,1039651200,2147483647,false,120,-1,-1,-1,-1,-1,-1
2114,1029369600,2147483647,false,120,-1,-1,-1,-1,-1,-1
2116,1039651200,2147483647,false,120,-1,-1,-1,-1,-1,-1
2118,1029369600,2147483647,false,120,-1,-1,-1,-1,-1,-1
2120,1039651200,2147483647,false,120,-1,-1,-1,-1,-1,-1
2122,1039651200,2147483647,false,120,-1,-1,-1,-1,-1,-1
2124,1039651200,2147483647,false,120,-1,-1,-1,-1,-1,-1
2126,1030406400,2147483647,true,120,-1,-1,-1,-1,-1,-1
2128,1039651200,2147483647,false,120,-1,-1,-1,-1,-1,-1
2130,1039651200,2147483647,false,120,-1,-1,-1,-1,-1,-1
2132,1007769600,2147483647,false,0,-1,-1,-1,-1,-1,-1
2134,1007769600,2147483647,false,0,-1,-1,-1,-1,-1,-1
2136,978566400,2147483647,false,0,-1,-1,-1,-1,-1,-1
2138,1007769600,2147483647,false,0,-1,-1,-1,-1,-1,-1
2140,1080518400,2147483647,false,5,-1,-1,-1,-1,-1,-1
2142,978566400,2147483647,false,5,-1,-1,-1,-1,-1,-1
2144,1080518400,2147483647,false,0,-1,-1,-1,-1,-1,-1
2146,978566400,2147483647,false,0,-1,-1,-1,-1,-1,-1
2148,1014768000,2147483647,true,0,-1,-1,-1,-1,-1,-1
2149,1014768000,2147483647,true,58,-1,-1,-1,-1,-1,-1
2150,1039651200,2147483647,false,0,-1,-1,-1,-1,-1,-1
2152,1039651200,2147483647,false,128,-1,-1,-1,-1,-1,-1
2154,1080518400,1154908800,false,15,-1,-1,-1,-1,-1,-1
2156,1080518400,1154908800,false,15,-1,-1,-1,-1,-1,-1
2158,1080518400,1154908800,false,15,-1,-1,-1,-1,-1,-1
2160,1080518400,1154908800,false,15,-1,-1,-1,-1,-1,-1
2162,1039651200,2147483647,false,128,-1,-1,-1,-1,-1,-1
2164,1080518400,2147483647,false,0,-1,-1,-1,-1,-1,-1
2165,1080518400,2147483647,false,0,-1,-1,-1,-1,-1,-1
2166,1080518400,2147483647,false,0,-1,-1,-1,-1,-1,-1
2167,1039651200,2147483647,false,0,-1,-1,-1,-1,-1,-1
2169,1039651200,2147483647,false,0,-1,-1,-1,-1,-1,-1
2171,1039651200,2147483647,false,0,-1,-1,-1,-1,-1,-1
2173,1080518400,1154908800,false,15,-1,-1,-1,-1,-1,-1
2175,1039651200,2147483647,false,0,-1,-1,-1,-1,-1,-1
2177,1039651200,2147483647,false,0,-1,-1,-1,-1,-1,-1
2178,1039651200,2147483647,false,534,-1,-1,-1,-1,-1,-1
2179,1080518400,1154908800,false,15,-1,-1,-1,-1,-1,-1
2181,1080518400,1154908800,false,15,-1,-1,-1,-1,-1,-1
2183,1080518400,1154908800,false,15,-1,-1,-1,-1,-1,-1
2185,1039651200,2147483647,false,127,-1,-1,-1,-1,-1,-1
2187,1039651200,2147483647,false,127,-1,-1,-1,-1,-1,-1
2189,1080518400,1154908800,false,15,-1,-1,-1,-1,-1,-1
2191,1039651200,2147483647,false,127,-1,-1,-1,-1,-1,-1
2193,1080518400,1154908800,false,15,-1,-1,-1,-1,-1,-1
2195,1039651200,2147483647,false,127,-1,-1,-1,-1,-1,-1
2197,1080518400,1154908800,false,15,-1,-1,-1,-1,-1,-1
2199,1039651200,2147483647,false,0,-1,-1,-1,-1,-1,-1
2201,1039651200,2147483647,false,0,-1,-1,-1,-1,-1,-1
2202,1039651200,2147483647,false,534,-1,-1,-1,-1,-1,-1
2203,1424908800,2147483647,false,15,-1,-1,-1,-1,-1,-1
2205,1039651200,2147483647,false,123,-1,-1,-1,-1,-1,-1
2207,1080518400,1154908800,false,15,-1,-1,-1,-1,-1,-1
2209,1039651200,2147483647,false,123,-1,-1,-1,-1,-1,-1
2211,1080518400,1154908800,false,15,-1,-1,-1,-1,-1,-1
2213,1039651200,2147483647,false,123,-1,-1,-1,-1,-1,-1
2215,1080518400,1154908800,false,15,-1,-1,-1,-1,-1,-1
2217,1039651200,2147483647,false,123,-1,-1,-1,-1,-1,-1
2219,1039651200,2147483647,false,128,-1,-1,-1,-1,-1,-1
2221,1039651200,2147483647,false,128,-1,-1,-1,-1,-1,-1
2223,1039651200,2147483647,false,128,-1,-1,-1,-1,-1,-1
2225,1039651200,2147483647,false,128,-1,-1,-1,-1,-1,-1
2227,1039651200,2147483647,false,128,-1,-1,-1,-1,-1,-1
2229,1039651200,2147483647,false,128,-1,-1,-1,-1,-1,-1
2231,1039651200,2147483647,false,128,-1,-1,-1,-1,-1,-1
2233,1039651200,2147483647,false,128,-1,-1,-1,-1,-1,-1
2235,1039651200,2147483647,false,128,-1,-1,-1,-1,-1,-1
2237,1039651200,2147483647,false,128,-1,-1,-1,-1,-1,-1
2239,1039651200,2147483647,false,128,-1,-1,-1,-1,-1,-1
2241,1039651200,2147483647,false,128,-1,-1,-1,-1,-1,-1
2243,1039651200,2147483647,false,128,-1,-1,-1,-1,-1,-1
2245,1080518400,1154908800,false,15,-1,-1,-1,-1,-1,-1
2247,1039651200,2147483647,false,0,-1,-1,-1,-1,-1,-1
2249,1039651200,2147483647,false,0,-1,-1,-1,-1,-1,-1
2250,1039651200,2147483647,false,534,-1,-1,-1,-1,-1,-1
2251,1080518400,1154908800,false,15,-1,-1,-1,-1,-1,-1
2253,1039651200,2147483647,false,125,-1,-1,-1,-1,-1,-1
2255,1039651200,2147483647,false,125,-1,-1,-1,-1,-1,-1
2257,1080518400,1154908800,false,15,-1,-1,-1,-1,-1,-1
2259,1039651200,2147483647,false,125,-1,-1,-1,-1,-1,-1
2261,1080518400,1154908800,false,15,-1,-1,-1,-1,-1,-1
2263,1080518400,1154908800,false,15,-1,-1,-1,-1,-1,-1
2265,1080518400,1154908800,false,15,-1,-1,-1,-1,-1,-1
2267,1080518400,1154908800,false,15,-1,-1,-1,-1,-1,-1
2269,1080518400,1154908800,false,15,-1,-1,-1,-1,-1,-1
2271,1080518400,1154908800,false,15,-1,-1,-1,-1,-1,-1
2273,1080518400,1154908800,false,15,-1,-1,-1,-1,-1,-1
2275,1080518400,1154908800,false,15,-1,-1,-1,-1,-1,-1
2277,1039651200,2147483647,false,125,-1,-1,-1,-1,-1,-1
2279,1080518400,1154908800,false,15,-1,-1,-1,-1,-1,-1
2281,1039651200,2147483647,false,125,-1,-1,-1,-1,-1,-1
2283,992217600,2147483647,false,0,-1,-1,-1,-1,-1,-1
2285,992217600,2147483647,false,0,-1,-1,-1,-1,-1,-1
2287,992217600,2147483647,false,0,-1,-1,-1,-1,-1,-1
2289,992217600,2147483647,false,132,-1,-1,-1,-1,-1,-1
2291,1080518400,2147483647,false,132,-1,-1,-1,-1,-1,-1
2293,992217600,2147483647,false,132,-1,-1,-1,-1,-1,-1
2295,992217600,2147483647,false,132,-1,-1,-1,-1,-1,-1
2297,992217600,2147483647,false,132,-1,-1,-1,-1,-1,-1
2299,992217600,2147483647,false,132,-1,-1,-1,-1,-1,-1
2301,1029369600,2147483647,false,132,-1,-1,-1,-1,-1,-1
2303,1029369600,2147483647,false,132,-1,-1,-1,-1,-1,-1
2305,992217600,2147483647,false,0,-1,-1,-1,-1,-1,-1
2307,978566400,2147483647,false,0,-1,-1,-1,-1,-1,-1
2309,978566400,2147483647,false,59,-1,-1,-1,-1,-1,-1
2311,978566400,2147483647,false,0,-1,-1,-1,-1,-1,-1
2313,984787200,2147483647,false,0,-1,-1,-1,-1,-1,-1
2315,984787200,2147483647,false,0,-1,-1,-1,-1,-1,-1
2317,984787200,2147483647,false,0,-1,-1,-1,-1,-1,-1
2319,984787200,2147483647,false,0,-1,-1,-1,-1,-1,-1
2321,984787200,2147483647,false,0,-1,-1,-1,-1,-1,-1
2323,984787200,2147483647,false,129,-1,-1,-1,-1,-1,-1
2325,984787200,2147483647,false,129,-1,-1,-1,-1,-1,-1
2327,984787200,2147483647,false,129,-1,-1,-1,-1,-1,-1
2329,984787200,2147483647,false,0,-1,-1,-1,-1,-1,-1
2331,984787200,2147483647,false,129,-1,-1,-1,-1,-1,-1
2333,984787200,2147483647,false,129,-1,-1,-1,-1,-1,-1
2335,984787200,2147483647,false,129,-1,-1,-1,-1,-1,-1
2337,1061337600,2147483647,false,0,-1,-1,-1,-1,-1,-1
2339,1061337600,2147483647,true,0,-1,-1,-1,-1,-1,-1
2340,1080518400,1169424000,true,15,-1,-1,-1,-1,-1,-1
2341,1061337600,2147483647,true,0,-1,-1,-1,-1,-1,-1
2343,1061337600,2147483647,true,59,-1,-1,-1,-1,-1,-1
2345,1061337600,2147483647,false,0,-1,-1,-1,-1,-1,-1
2347,978566400,2147483647,false,0,-1,-1,-1,-1,-1,-1
2349,978566400,2147483647,false,151,-1,-1,-1,-1,-1,-1
2351,978566400,2147483647,false,151,-1,-1,-1,-1,-1,-1
2353,978566400,2147483647,false,151,-1,-1,-1,-1,-1,-1
2355,994896000,2147483647,false,151,-1,-1,-1,-1,-1,-1
2357,978566400,2147483647,false,151,-1,-1,-1,-1,-1,-1
2359,978566400,2147483647,false,151,-1,-1,-1,-1,-1,-1
2361,978566400,2147483647,false,151,-1,-1,-1,-1,-1,-1
2363,997660800,2147483647,false,151,-1,-1,-1,-1,-1,-1
2365,1018310400,2147483647,true,151,-1,-1,-1,-1,-1,-1
2366,1061337600,2147483647,false,0,-1,-1,-1,-1,-1,-1
2368,1061337600,2147483647,false,0,-1,-1,-1,-1,-1,-1
2370,1080518400,2147483647,false,0,-1,-1,-1,-1,-1,-1
2372,1052265600,2147483647,true,0,-1,-1,-1,-1,-1,-1
2373,1052265600,2147483647,true,1399,-1,-1,-1,-1,-1,-1
2374,1052265600,2147483647,true,1399,-1,-1,-1,-1,-1,-1
2375,1052265600,2147483647,true,1399,-1,-1,-1,-1,-1,-1
2376,1052265600,2147483647,true,0,-1,-1,-1,-1,-1,-1
2377,1052265600,2147483647,true,0,-1,-1,-1,-1,-1,-1
2378,1052265600,2147483647,true,0,-1,-1,-1,-1,-1,-1
2379,1052265600,2147483647,true,734,-1,-1,-1,-1,-1,-1
2380,1052265600,2147483647,true,0,-1,-1,-1,-1,-1,-1
2381,1052265600,2147483647,true,0,-1,-1,-1,-1,-1,-1
2382,1052265600,2147483647,true,0,-1,-1,-1,-1,-1,-1
2383,1052265600,2147483647,true,0,-1,-1,-1,-1,-1,-1
2384,1052265600,2147483647,true,0,-1,-1,-1,-1,-1,-1
2385,1052265600,2147483647,true,0,-1,-1,-1,-1,-1,-1
2386,1052265600,2147483647,true,0,-1,-1,-1,-1,-1,-1
2387,1052265600,2147483647,true,0,-1,-1,-1,-1,-1,-1
2388,1052265600,2147483647,true,0,-1,-1,-1,-1,-1,-1
2389,1052265600,2147483647,true,0,-1,-1,-1,-1,-1,-1
2390,1052265600,2147483647,true,0,-1,-1,-1,-1,-1,-1
2391,1052265600,2147483647,true,0,-1,-1,-1,-1,-1,-1
2393,1052265600,2147483647,true,0,-1,-1,-1,-1,-1,-1
2394,1052265600,2147483647,true,0,-1,-1,-1,-1,-1,-1
2395,1052265600,2147483647,true,0,-1,-1,-1,-1,-1,-1
2396,1052265600,2147483647,true,0,-1,-1,-1,-1,-1,-1
2397,1052265600,2147483647,true,0,-1,-1,-1,-1,-1,-1
2398,1052265600,2147483647,false,1748,-1,-1,-1,-1,-1,-1
2399,978566400,2147483647,true,0,-1,-1,-1,-1,-1,-1
2400,978566400,2147483647,true,0,-1,-1,-1,-1,-1,-1
2401,978566400,2147483647,true,0,-1,-1,-1,-1,-1,-1
2402,978566400,2147483647,true,21,-1,-1,-1,-1,-1,-1
2403,1029369600,2147483647,true,0,-1,-1,-1,-1,-1,-1
2404,1029369600,2147483647,true,0,-1,-1,-1,-1,-1,-1
2405,1029369600,2147483647,true,7,306,-1,-1,-1,-1,-1
2406,1029369600,2147483647,true,0,-1,-1,-1,-1,-1,-1
2407,1014768000,2147483647,true,0,-1,-1,-1,-1,-1,-1
2408,1014768000,2147483647,true,0,-1,-1,-1,-1,-1,-1
2409,1014768000,2147483647,true,0,-1,-1,-1,-1,-1,-1
2410,1014768000,2147483647,true,0,-1,-1,-1,-1,-1,-1
2411,1080518400,2147483647,true,0,-1,-1,-1,-1,-1,-1
2412,1064188800,2147483647,false,1183,-1,-1,-1,-1,-1,-1
2413,1064188800,2147483647,false,1183,35816,-1,-1,-1,-1,-1
2414,1064188800,2147483647,false,1183,-1,-1,-1,-1,-1,-1
2415,1064188800,2147483647,false,1,-1,-1,-1,-1,-1,-1
2416,1064188800,2147483647,false,1,-1,-1,-1,-1,-1,-1
2417,1064188800,2147483647,false,1,544,-1,-1,-1,-1,-1
2418,983318400,2147483647,true,0,-1,-1,-1,-1,-1,-1
2419,983318400,2147483647,true,0,-1,-1,-1,-1,-1,-1
2421,983318400,2147483647,true,0,-1,-1,-1,-1,-1,-1
2422,1124755200,2147483647,false,0,-1,-1,-1,-1,-1,-1
2423,983318400,2147483647,true,0,-1,-1,-1,-1,-1,-1
2424,983318400,2147483647,true,0,-1,-1,-1,-1,-1,-1
2425,1515024000,2147483647,true,15,-1,-1,-1,-1,-1,-1
2426,1080518400,2147483647,false,0,-1,-1,-1,-1,-1,-1
2428,1080518400,2147483647,false,69,-1,-1,-1,-1,-1,-1
2430,1080518400,2147483647,false,69,-1,-1,-1,-1,-1,-1
2432,1080518400,2147483647,false,69,-1,-1,-1,-1,-1,-1
2434,1080518400,2147483647,false,69,-1,-1,-1,-1,-1,-1
2436,1080518400,2147483647,false,69,-1,-1,-1,-1,-1,-1
2438,1080518400,2147483647,false,69,-1,-1,-1,-1,-1,-1
2440,1080518400,2147483647,false,69,-1,-1,-1,-1,-1,-1
2442,1080518400,2147483647,false,69,-1,-1,-1,-1,-1,-1
2444,1080518400,2147483647,false,69,-1,-1,-1,-1,-1,-1
2446,1080518400,2147483647,false,69,-1,-1,-1,-1,-1,-1
2448,1080518400,2147483647,false,69,-1,-1,-1,-1,-1,-1
2450,1080518400,2147483647,false,69,-1,-1,-1,-1,-1,-1
2452,1080518400,2147483647,false,69,-1,-1,-1,-1,-1,-1
2454,1080518400,2147483647,false,69,-1,-1,-1,-1,-1,-1
2456,1080518400,2147483647,false,69,-1,-1,-1,-1,-1,-1
2458,1080518400,2147483647,false,69,-1,-1,-1,-1,-1,-1
2460,1080518400,2147483647,false,55,-1,-1,-1,-1,-1,-1
2462,1080518400,2147483647,false,55,-1,-1,-1,-1,-1,-1
2464,1080518400,2147483647,false,55,-1,-1,-1,-1,-1,-1
2466,1080518400,2147483647,false,55,-1,-1,-1,-1,-1,-1
2468,1080518400,2147483647,false,55,-1,-1,-1,-1,-1,-1
2470,1080518400,2147483647,false,55,-1,-1,-1,-1,-1,-1
2472,1080518400,2147483647,false,55,-1,-1,-1,-1,-1,-1
2474,1080518400,2147483647,false,55,-1,-1,-1,-1,-1,-1
2476,1080518400,2147483647,false,55,-1,-1,-1,-1,-1,-1
2481,1080518400,2147483647,false,774,-1,-1,-1,-1,-1,-1
2483,1080518400,2147483647,false,69,-1,-1,-1,-1,-1,-1
2485,1080518400,2147483647,false,773,-1,-1,-1,-1,-1,-1
2487,1080518400,2147483647,false,16,178,-1,-1,-1,-1,-1
2489,1080518400,2147483647,false,16,178,-1,-1,-1,-1,-1
2491,1080518400,2147483647,false,16,178,-1,-1,-1,-1,-1
2493,1080518400,2147483647,false,8,-1,-1,-1,423,-1,-1
2495,1080518400,2147483647,false,8,-1,-1,-1,423,-1,-1
2497,1080518400,2147483647,false,8,-1,-1,-1,423,-1,-1
2499,1080518400,2147483647,false,7,314,-1,-1,-1,-1,-1
2501,1080518400,2147483647,false,7,314,-1,-1,-1,-1,-1
2503,1080518400,2147483647,false,7,314,-1,-1,-1,-1,-1
2505,1080518400,2147483647,false,0,-1,-1,-1,-1,-1,-1
2507,1080518400,2147483647,false,0,-1,-1,-1,-1,-1,-1
2509,1080518400,2147483647,false,0,-1,-1,-1,-1,-1,-1
2511,1080518400,2147483647,false,0,-1,-1,-1,-1,-1,-1
2513,1161561600,2147483647,true,561,-1,-1,-1,-1,-1,-1
2514,1080518400,2147483647,false,0,-1,-1,-1,-1,-1,-1
2516,1080518400,2147483647,false,0,-1,-1,-1,-1,-1,-1
2518,1080172800,2147483647,false,0,-1,-1,-1,-1,-1,-1
2520,1080777600,2147483647,false,0,-1,-1,-1,-1,-1,-1
2522,1080777600,2147483647,false,0,-1,-1,-1,-1,-1,-1
2524,1080777600,2147483647,false,0,-1,-1,-1,-1,-1,-1
2526,1080777600,2147483647,false,0,-1,-1,-1,-1,-1,-1
2528,1081209600,2147483647,false,0,-1,-1,-1,-1,-1,-1
2529,1081209600,2147483647,true,15,-1,-1,-1,-1,-1,-1
2530,1081209600,2147483647,false,0,-1,-1,-1,-1,-1,-1
2532,1081987200,2147483647,false,62,-1,-1,-1,-1,-1,-1
2533,1081987200,2147483647,false,62,-1,-1,-1,-1,-1,-1
2534,1081987200,2147483647,false,62,-1,-1,-1,-1,-1,-1
2535,1081987200,2147483647,false,62,-1,-1,-1,-1,-1,-1
2536,1081987200,2147483647,false,62,-1,-1,-1,-1,-1,-1
2537,1081987200,2147483647,false,62,-1,-1,-1,-1,-1,-1
2538,1081987200,2147483647,false,62,-1,-1,-1,-1,-1,-1
2539,1081987200,2147483647,false,62,-1,-1,-1,-1,-1,-1
2540,1081987200,2147483647,false,62,-1,-1,-1,-1,-1,-1
2541,1081987200,2147483647,false,62,-1,-1,-1,-1,-1,-1
2550,1082419200,2147483647,false,656,-1,-1,-1,-1,-1,-1
2552,1082419200,2147483647,false,136,-1,-1,-1,-1,-1,-1
2554,1082419200,2147483647,false,136,-1,-1,-1,-1,-1,-1
2556,1082419200,2147483647,false,136,-1,-1,-1,-1,-1,-1
2558,1082419200,2147483647,false,136,-1,-1,-1,-1,-1,-1
2560,1082419200,2147483647,false,136,-1,-1,-1,-1,-1,-1
2562,1082419200,2147483647,false,136,-1,-1,-1,-1,-1,-1
2564,1082419200,2147483647,false,136,-1,-1,-1,-1,-1,-1
2566,1082419200,2147483647,false,136,-1,-1,-1,-1,-1,-1
2568,1082419200,2147483647,false,656,-1,-1,-1,-1,-1,-1
2570,1082419200,2147483647,false,656,-1,-1,-1,-1,-1,-1
2572,1082419200,2147483647,false,656,-1,-1,-1,-1,-1,-1
2574,1083715200,2147483647,false,0,-1,-1,-1,-1,-1,-1
2575,1083715200,2147483647,false,0,-1,-1,-1,-1,-1,-1
2576,1083715200,2147483647,false,0,-1,-1,-1,-1,-1,-1
2577,1083715200,2147483647,false,17,-1,-1,-1,4930,-1,-1
2579,1083715200,2147483647,false,0,-1,-1,-1,-1,-1,-1
2581,1083715200,2147483647,false,2,-1,-1,-1,-1,-1,-1
2583,1083715200,2147483647,false,7,3379,-1,-1,-1,-1,-1
2585,1083715200,2147483647,false,8,-1,-1,-1,-1,-1,-1
2587,1083715200,2147483647,false,2,-1,-1,-1,-1,-1,-1
2589,1083715200,2147483647,false,18,486,-1,-1,-1,-1,-1
2591,1083715200,2147483647,false,7,3379,-1,-1,-1,-1,-1
2593,1083715200,2147483647,false,8,-1,-1,-1,-1,-1,-1
2595,1083715200,2147483647,false,2,-1,-1,-1,-1,-1,-1
2597,1083715200,2147483647,false,18,486,-1,-1,-1,-1,-1
2599,1083715200,2147483647,false,7,3379,-1,-1,-1,-1,-1
2601,1083715200,2147483647,false,8,-1,-1,-1,-1,-1,-1
2603,1083715200,2147483647,false,18,486,-1,-1,-1,-1,-1
2605,1083715200,2147483647,false,2,-1,-1,-1,-1,-1,-1
2607,1083715200,2147483647,false,7,3379,-1,-1,-1,-1,-1
2609,1083715200,2147483647,false,8,-1,-1,-1,-1,-1,-1
2611,1083715200,2147483647,false,18,486,-1,-1,-1,-1,-1
2613,1083715200,2147483647,false,2,-1,-1,-1,-1,-1,-1
2615,1083715200,2147483647,false,7,3379,-1,-1,-1,-1,-1
2617,1083715200,2147483647,false,8,-1,-1,-1,-1,-1,-1
2619,1083715200,2147483647,false,2,-1,-1,-1,-1,-1,-1
2621,1083715200,2147483647,false,18,486,-1,-1,-1,-1,-1
2623,1083715200,2147483647,false,7,3379,-1,-1,-1,-1,-1
2625,1083715200,2147483647,false,8,-1,-1,-1,-1,-1,-1
2627,1083715200,2147483647,false,2,-1,-1,-1,-1,-1,-1
2629,1083715200,2147483647,false,18,486,-1,-1,-1,-1,-1
2631,1083715200,2147483647,false,0,-1,-1,-1,-1,-1,-1
2633,1083715200,2147483647,false,2416,-1,-1,-1,-1,-1,-1
2635,1083715200,2147483647,false,2416,-1,-1,-1,-1,-1,-1
2637,1083715200,2147483647,false,2416,-1,-1,-1,-1,-1,-1
2639,1083715200,2147483647,false,0,-1,-1,-1,-1,-1,-1
2641,1083715200,2147483647,false,0,-1,-1,-1,-1,-1,-1
2643,1083715200,2147483647,false,0,-1,-1,-1,-1,-1,-1
2645,1083715200,2147483647,false,0,-1,-1,-1,-1,-1,-1
2647,1083715200,2147483647,false,0,-1,-1,-1,-1,-1,-1
2649,1083715200,2147483647,false,0,-1,-1,-1,-1,-1,-1
2651,1083715200,2147483647,false,0,-1,-1,-1,-1,-1,-1
2653,1083715200,2147483647,false,7,3379,-1,-1,-1,-1,-1
2655,1083715200,2147483647,false,8,-1,-1,-1,-1,-1,-1
2657,1083715200,2147483647,false,2,-1,-1,-1,-1,-1,-1
2659,1083715200,2147483647,false,18,486,-1,-1,-1,-1,-1
2661,1083715200,2147483647,false,7,3379,-1,-1,-1,-1,-1
2663,1083715200,2147483647,false,8,-1,-1,-1,-1,-1,-1
2665,1083715200,2147483647,false,2,-1,-1,-1,-1,-1,-1
2667,1083715200,2147483647,false,18,486,-1,-1,-1,-1,-1
2669,1083715200,2147483647,false,7,3379,-1,-1,-1,-1,-1
2671,1083715200,2147483647,false,8,-1,-1,-1,-1,-1,-1
2673,1083715200,2147483647,false,2,-1,-1,-1,-1,-1,-1
2675,1083715200,2147483647,false,18,486,-1,-1,-1,-1,-1
2677,1083715200,2147483647,false,46,-1,-1,-1,-1,-1,-1
2678,1083715200,2147483647,false,46,-1,-1,-1,-1,-1,-1
2679,1083715200,2147483647,false,46,-1,-1,-1,-1,-1,-1
2680,1083715200,2147483647,false,46,-1,-1,-1,-1,-1,-1
2681,1083715200,2147483647,false,46,-1,-1,-1,-1,-1,-1
2682,1083715200,2147483647,false,46,-1,-1,-1,-1,-1,-1
2683,1083715200,2147483647,false,46,-1,-1,-1,-1,-1,-1
2684,1083715200,2147483647,false,46,-1,-1,-1,-1,-1,-1
2685,1083715200,2147483647,false,46,-1,-1,-1,-1,-1,-1
2686,1083715200,2147483647,false,46,-1,-1,-1,-1,-1,-1
2687,1083715200,2147483647,false,46,-1,-1,-1,-1,-1,-1
2688,1083715200,2147483647,false,46,-1,-1,-1,-1,-1,-1
2689,1083715200,2147483647,false,46,-1,-1,-1,-1,-1,-1
2690,1083715200,2147483647,false,46,-1,-1,-1,-1,-1,-1
2691,1083715200,2147483647,false,46,-1,-1,-1,-1,-1,-1
2692,1083715200,2147483647,false,46,-1,-1,-1,-1,-1,-1
2693,1083715200,2147483647,false,46,-1,-1,-1,-1,-1,-1
2694,1083715200,2147483647,false,46,-1,-1,-1,-1,-1,-1
2695,1083715200,2147483647,false,46,-1,-1,-1,-1,-1,-1
2696,1083715200,2147483647,false,46,-1,-1,-1,-1,-1,-1
2697,1083715200,2147483647,false,46,-1,-1,-1,-1,-1,-1
2698,1083715200,2147483647,false,46,-1,-1,-1,-1,-1,-1
2699,1083715200,2147483647,false,46,-1,-1,-1,-1,-1,-1
2700,1083715200,2147483647,false,46,-1,-1,-1,-1,-1,-1
2701,1083715200,2147483647,false,46,-1,-1,-1,-1,-1,-1
2702,1083715200,2147483647,false,46,-1,-1,-1,-1,-1,-1
2703,1083715200,2147483647,false,46,-1,-1,-1,-1,-1,-1
2704,1083715200,2147483647,false,46,-1,-1,-1,-1,-1,-1
2705,1083715200,2147483647,false,46,-1,-1,-1,-1,-1,-1
2706,1083715200,2147483647,false,46,-1,-1,-1,-1,-1,-1
2707,1083715200,2147483647,false,46,-1,-1,-1,-1,-1,-1
2708,1083715200,2147483647,false,46,-1,-1,-1,-1,-1,-1
2709,1083715200,2147483647,false,46,-1,-1,-1,-1,-1,-1
2710,1083715200,2147483647,false,46,-1,-1,-1,-1,-1,-1
2711,1083715200,2147483647,false,46,-1,-1,-1,-1,-1,-1
2712,1083715200,2147483647,false,46,-1,-1,-1,-1,-1,-1
2713,1083715200,2147483647,false,46,-1,-1,-1,-1,-1,-1
2714,1083715200,2147483647,false,46,-1,-1,-1,-1,-1,-1
2715,1083715200,1084147200,false,46,-1,-1,-1,-1,-1,-1
2716,1083715200,2147483647,false,46,-1,-1,-1,-1,-1,-1
2717,1083715200,2147483647,false,46,-1,-1,-1,-1,-1,-1
2718,1083715200,1084147200,false,46,-1,-1,-1,-1,-1,-1
2719,1083715200,2147483647,false,46,-1,-1,-1,-1,-1,-1
2720,1083715200,2147483647,false,46,-1,-1,-1,-1,-1,-1
2721,1083715200,1084147200,false,46,-1,-1,-1,-1,-1,-1
2722,1083715200,2147483647,false,47,-1,-1,-1,-1,-1,-1
2723,1083715200,2147483647,false,47,-1,-1,-1,-1,-1,-1
2724,1083715200,2147483647,false,47,-1,-1,-1,-1,-1,-1
2725,1083715200,2147483647,false,47,-1,-1,-1,-1,-1,-1
2726,1083715200,2147483647,false,47,-1,-1,-1,-1,-1,-1
2727,1083715200,2147483647,false,47,-1,-1,-1,-1,-1,-1
2728,1083715200,2147483647,false,47,-1,-1,-1,-1,-1,-1
2729,1083715200,2147483647,false,47,-1,-1,-1,-1,-1,-1
2730,1083715200,2147483647,false,47,-1,-1,-1,-1,-1,-1
2731,1083715200,2147483647,false,47,-1,-1,-1,-1,-1,-1
2732,1083715200,2147483647,false,47,-1,-1,-1,-1,-1,-1
2733,1083715200,2147483647,false,47,-1,-1,-1,-1,-1,-1
2734,1083715200,2147483647,false,47,-1,-1,-1,-1,-1,-1
2735,1083715200,2147483647,false,47,-1,-1,-1,-1,-1,-1
2736,1083715200,2147483647,false,47,-1,-1,-1,-1,-1,-1
2737,1083715200,2147483647,false,47,-1,-1,-1,-1,-1,-1
2738,1083715200,2147483647,false,47,-1,-1,-1,-1,-1,-1
2739,1083715200,2147483647,false,47,-1,-1,-1,-1,-1,-1
2740,1083715200,2147483647,false,47,-1,-1,-1,-1,-1,-1
2741,1083715200,2147483647,false,47,-1,-1,-1,-1,-1,-1
2742,1083715200,2147483647,false,47,-1,-1,-1,-1,-1,-1
2743,1083715200,2147483647,false,47,-1,-1,-1,-1,-1,-1
2744,1083715200,2147483647,false,47,-1,-1,-1,-1,-1,-1
2745,1083715200,2147483647,false,47,-1,-1,-1,-1,-1,-1
2746,1083715200,2147483647,false,47,-1,-1,-1,-1,-1,-1
2747,1083715200,2147483647,false,47,-1,-1,-1,-1,-1,-1
2748,1083715200,2147483647,false,47,-1,-1,-1,-1,-1,-1
2773,1083715200,2147483647,false,47,-1,-1,-1,-1,-1,-1
2774,1083715200,2147483647,false,47,-1,-1,-1,-1,-1,-1
2775,1083715200,2147483647,false,47,-1,-1,-1,-1,-1,-1
2776,1083715200,2147483647,false,47,-1,-1,-1,-1,-1,-1
2777,1083715200,2147483647,false,47,-1,-1,-1,-1,-1,-1
2778,1083715200,2147483647,false,47,-1,-1,-1,-1,-1,-1
2779,1083715200,2147483647,false,47,-1,-1,-1,-1,-1,-1
2780,1083715200,2147483647,false,47,-1,-1,-1,-1,-1,-1
2781,1083715200,2147483647,false,47,-1,-1,-1,-1,-1,-1
2782,1083715200,2147483647,false,47,-1,-1,-1,-1,-1,-1
2783,1083715200,2147483647,false,47,-1,-1,-1,-1,-1,-1
2784,1083715200,2147483647,false,47,-1,-1,-1,-1,-1,-1
2785,1083715200,2147483647,false,47,-1,-1,-1,-1,-1,-1
2786,1083715200,2147483647,false,47,-1,-1,-1,-1,-1,-1
2787,1083715200,2147483647,false,47,-1,-1,-1,-1,-1,-1
2788,1083715200,2147483647,false,47,-1,-1,-1,-1,-1,-1
2789,1083715200,2147483647,false,47,-1,-1,-1,-1,-1,-1
2790,1083715200,2147483647,false,47,-1,-1,-1,-1,-1,-1
2791,1083715200,2147483647,false,47,-1,-1,-1,-1,-1,-1
2792,1083715200,2147483647,false,47,-1,-1,-1,-1,-1,-1
2793,1083715200,2147483647,false,47,-1,-1,-1,-1,-1,-1
2794,1083715200,2147483647,false,47,-1,-1,-1,-1,-1,-1
2795,1083715200,2147483647,false,50,-1,-1,-1,-1,-1,-1
2796,1083715200,2147483647,false,47,-1,-1,-1,-1,-1,-1
2797,1083715200,2147483647,false,47,-1,-1,-1,-1,-1,-1
2798,1083715200,2147483647,false,50,-1,-1,-1,-1,-1,-1
2799,1083715200,2147483647,false,47,-1,-1,-1,-1,-1,-1
2800,1083715200,2147483647,false,50,-1,-1,-1,-1,-1,-1
2801,1083715200,2147483647,false,51,-1,-1,-1,-1,-1,-1
2802,1083715200,2147483647,false,51,-1,-1,-1,-1,-1,-1
2803,1083715200,2147483647,false,51,-1,-1,-1,-1,-1,-1
2804,1083715200,2147483647,false,51,-1,-1,-1,-1,-1,-1
2805,1083715200,2147483647,false,51,-1,-1,-1,-1,-1,-1
2806,1083715200,2147483647,false,51,-1,-1,-1,-1,-1,-1
2807,1083715200,2147483647,false,51,-1,-1,-1,-1,-1,-1
2808,1083715200,2147483647,false,51,-1,-1,-1,-1,-1,-1
2809,1083715200,2147483647,false,51,-1,-1,-1,-1,-1,-1
2810,1083715200,2147483647,false,51,-1,-1,-1,-1,-1,-1
2811,1083715200,2147483647,false,51,-1,-1,-1,-1,-1,-1
2812,1083715200,2147483647,false,51,-1,-1,-1,-1,-1,-1
2813,1083715200,2147483647,false,51,-1,-1,-1,-1,-1,-1
2814,1083715200,2147483647,false,51,-1,-1,-1,-1,-1,-1
2815,1083715200,2147483647,false,51,-1,-1,-1,-1,-1,-1
2816,1083715200,2147483647,false,51,-1,-1,-1,-1,-1,-1
2817,1083715200,2147483647,false,51,-1,-1,-1,-1,-1,-1
2818,1083715200,2147483647,false,51,-1,-1,-1,-1,-1,-1
2819,1083715200,2147483647,false,51,-1,-1,-1,-1,-1,-1
2820,1083715200,2147483647,false,51,-1,-1,-1,-1,-1,-1
2821,1083715200,2147483647,false,51,-1,-1,-1,-1,-1,-1
2822,1083715200,2147483647,false,51,-1,-1,-1,-1,-1,-1
2823,1083715200,2147483647,false,51,-1,-1,-1,-1,-1,-1
2824,1083715200,2147483647,false,51,-1,-1,-1,-1,-1,-1
2825,1083715200,2147483647,false,51,-1,-1,-1,-1,-1,-1
2826,1083715200,2147483647,false,51,-1,-1,-1,-1,-1,-1
2827,1083715200,2147483647,false,51,-1,-1,-1,-1,-1,-1
2828,1083715200,2147483647,false,51,-1,-1,-1,-1,-1,-1
2829,1083715200,2147483647,false,51,-1,-1,-1,-1,-1,-1
2830,1083715200,2147483647,false,51,-1,-1,-1,-1,-1,-1
2831,1083715200,2147483647,false,51,-1,-1,-1,-1,-1,-1
2832,1083715200,2147483647,false,180,-1,-1,-1,-1,-1,-1
2833,1083715200,2147483647,false,51,-1,-1,-1,-1,-1,-1
2834,1083715200,2147483647,false,180,-1,-1,-1,-1,-1,-1
2835,1083715200,2147483647,false,51,-1,-1,-1,-1,-1,-1
2836,1083715200,2147483647,false,180,-1,-1,-1,-1,-1,-1
2837,1083715200,2147483647,false,51,-1,-1,-1,-1,-1,-1
2838,1083715200,2147483647,false,180,-1,-1,-1,-1,-1,-1
2839,1083715200,2147483647,false,51,-1,-1,-1,-1,-1,-1
2840,1083715200,2147483647,false,180,-1,-1,-1,-1,-1,-1
2841,1720569600,2147483647,false,51,-1,-1,-1,-1,-1,-1
2842,1083715200,2147483647,false,52,-1,-1,-1,-1,-1,-1
2843,1083715200,2147483647,false,51,-1,-1,-1,-1,-1,-1
2844,1083715200,2147483647,false,52,-1,-1,-1,-1,-1,-1
2845,1083715200,2147483647,false,51,-1,-1,-1,-1,-1,-1
2846,1083715200,2147483647,false,52,-1,-1,-1,-1,-1,-1
2847,1083715200,2147483647,false,51,-1,-1,-1,-1,-1,-1
2848,1083715200,2147483647,false,51,-1,-1,-1,-1,-1,-1
2849,1083715200,2147483647,false,51,-1,-1,-1,-1,-1,-1
2850,1083715200,2147483647,false,52,-1,-1,-1,-1,-1,-1
2851,1083715200,2147483647,false,51,-1,-1,-1,-1,-1,-1
2852,1083715200,2147483647,false,52,-1,-1,-1,-1,-1,-1
2853,1083715200,2147483647,false,51,-1,-1,-1,-1,-1,-1
2854,1083715200,2147483647,false,52,-1,-1,-1,-1,-1,-1
2855,1083715200,2147483647,false,51,-1,-1,-1,-1,-1,-1
2856,1083715200,2147483647,false,51,-1,-1,-1,-1,-1,-1
2857,1083715200,2147483647,false,51,-1,-1,-1,-1,-1,-1
2858,1083715200,2147483647,false,51,-1,-1,-1,-1,-1,-1
2859,1084838400,2147483647,false,6,-1,-1,-1,-1,-1,-1
2861,1084838400,2147483647,true,0,-1,-1,-1,-1,-1,-1
2862,1084838400,2147483647,true,22,-1,-1,-1,-1,-1,-1
2864,1084838400,2147483647,false,0,-1,-1,-1,-1,-1,-1
2865,1084838400,2147483647,true,0,-1,-1,-1,-1,-1,-1
2866,1084838400,2147483647,true,71,-1,-1,-1,-1,-1,-1
2871,1084838400,2147483647,true,0,-1,-1,-1,-1,-1,-1
2872,1084838400,2147483647,true,0,-1,-1,-1,-1,-1,-1
2873,1084838400,2147483647,true,0,-1,-1,-1,-1,-1,-1
2874,1084838400,2147483647,true,0,-1,-1,-1,-1,-1,-1
2875,1084838400,2147483647,true,0,-1,-1,-1,-1,-1,-1
2876,1084838400,2147483647,false,0,-1,-1,-1,-1,-1,-1
2878,1084838400,2147483647,false,5,-1,-1,-1,-1,-1,-1
2880,1084838400,2147483647,false,0,-1,-1,-1,-1,-1,-1
2882,1084838400,2147483647,true,0,-1,-1,-1,-1,-1,-1
2883,1084838400,2147483647,true,64,-1,-1,-1,-1,-1,-1
2886,1086134400,2147483647,true,0,-1,-1,-1,-1,-1,-1
2887,1086134400,2147483647,true,0,-1,-1,-1,-1,-1,-1
2888,1086134400,2147483647,true,0,18870,-1,-1,-1,-1,-1
2889,1086134400,2147483647,true,0,18870,-1,-1,-1,-1,-1
2890,1086134400,2147483647,true,18,-1,-1,-1,-1,-1,-1
2892,1086134400,2147483647,true,0,-1,-1,-1,-1,-1,-1
2893,1086134400,2147483647,true,0,-1,-1,-1,-1,-1,-1
2894,1088467200,2147483647,false,0,-1,-1,-1,-1,-1,-1
2896,1088467200,2147483647,false,0,-1,28515,-1,-1,-1,-1
2898,1088467200,2147483647,false,0,265,-1,-1,-1,-1,-1
2900,1088467200,2147483647,false,0,-1,-1,-1,-1,-1,-1
2902,1088467200,2147483647,false,0,-1,-1,-1,-1,-1,-1
2904,1088467200,2147483647,false,0,-1,-1,-1,-1,-1,-1
2906,1088467200,2147483647,false,0,-1,28515,-1,-1,-1,-1
2908,1088467200,2147483647,false,0,265,-1,-1,-1,-1,-1
2910,1088467200,2147483647,false,0,-1,-1,-1,-1,-1,-1
2912,1088467200,2147483647,false,0,-1,-1,-1,-1,-1,-1
2914,1088467200,2147483647,false,0,-1,-1,-1,-1,-1,-1
2916,1088467200,2147483647,false,0,-1,28515,-1,-1,-1,-1
2918,1088467200,2147483647,false,0,265,-1,-1,-1,-1,-1
2920,1088467200,2147483647,false,0,-1,-1,-1,-1,-1,-1
2922,1088467200,2147483647,false,0,-1,-1,-1,-1,-1,-1
2924,1088467200,2147483647,false,0,-1,-1,-1,-1,-1,-1
2926,1088467200,2147483647,false,0,-1,28515,-1,-1,-1,-1
2928,1088467200,2147483647,false,0,265,-1,-1,-1,-1,-1
2930,1088467200,2147483647,false,0,-1,-1,-1,-1,-1,-1
2932,1088467200,2147483647,false,0,-1,-1,-1,-1,-1,-1
2934,1088467200,2147483647,false,0,-1,-1,-1,-1,-1,-1
2936,1088467200,2147483647,false,0,-1,28515,-1,-1,-1,-1
2938,1088467200,2147483647,false,0,265,-1,-1,-1,-1,-1
2940,1088467200,2147483647,false,0,-1,-1,-1,-1,-1,-1
2942,1088467200,2147483647,false,0,-1,-1,-1,-1,-1,-1
2944,1088467200,2147483647,true,0,-1,-1,-1,-1,-1,-1
2945,1088467200,2147483647,true,0,-1,-1,-1,-1,-1,-1
2946,1088467200,2147483647,true,0,-1,-1,-1,-1,-1,-1
2947,1088467200,2147483647,true,0,-1,-1,-1,-1,-1,-1
2948,1088467200,2147483647,true,0,-1,-1,-1,-1,-1,-1
2949,1088467200,2147483647,true,0,-1,-1,-1,-1,-1,-1
2950,1088467200,2147483647,true,0,-1,-1,-1,-1,-1,-1
2951,1088467200,2147483647,true,0,-1,-1,-1,-1,-1,-1
2952,1088467200,2147483647,true,25,-1,-1,-1,-1,-1,-1
2953,1088467200,2147483647,true,0,-1,-1,-1,-1,-1,-1
2954,1088467200,2147483647,true,0,-1,-1,-1,-1,-1,-1
2955,1088467200,2147483647,false,0,-1,-1,-1,-1,-1,-1
2957,1089676800,2147483647,true,0,-1,-1,-1,-1,-1,-1
2958,1089676800,2147483647,true,0,-1,-1,-1,-1,-1,-1
2959,1089676800,2147483647,false,0,-1,-1,-1,-1,-1,-1
2961,1089676800,2147483647,false,21,-1,-1,-1,-1,-1,-1
2963,1089676800,2147483647,true,21,-1,-1,-1,-1,-1,-1
2964,1089676800,2147483647,true,0,-1,-1,-1,-1,-1,-1
2966,1089676800,2147483647,true,0,-1,-1,-1,-1,-1,-1
2967,1089676800,2147483647,true,0,-1,-1,-1,-1,-1,-1
2968,1089676800,2147483647,true,0,-1,-1,-1,-1,-1,-1
2969,1089676800,2147483647,true,0,-1,-1,-1,-1,-1,-1
2970,1089676800,2147483647,false,0,-1,-1,-1,-1,-1,-1
2972,1089676800,2147483647,false,0,-1,-1,-1,-1,-1,-1
2974,1089676800,2147483647,false,0,-1,-1,-1,-1,-1,-1
2976,1089676800,2147483647,false,0,-1,-1,-1,-1,-1,-1
2978,1090281600,2147483647,false,0,-1,-1,-1,-1,-1,-1
2979,1090281600,2147483647,false,0,-1,-1,-1,-1,-1,-1
2980,1090281600,2147483647,false,0,-1,-1,-1,-1,-1,-1
2981,1090281600,2147483647,false,0,-1,-1,-1,-1,-1,-1
2982,1090281600,2147483647,false,0,-1,-1,-1,-1,-1,-1
2983,1090281600,2147483647,false,0,-1,-1,-1,-1,-1,-1
2984,1090281600,2147483647,false,0,-1,-1,-1,-1,-1,-1
2985,1090281600,2147483647,false,0,-1,-1,-1,-1,-1,-1
2986,1090281600,2147483647,false,0,-1,-1,-1,-1,-1,-1
2987,1090281600,2147483647,false,0,-1,-1,-1,-1,-1,-1
2988,1090281600,2147483647,false,0,-1,-1,-1,-1,-1,-1
2989,1090281600,2147483647,false,0,-1,-1,-1,-1,-1,-1
2990,1090281600,2147483647,false,0,-1,-1,-1,-1,-1,-1
2991,1090281600,2147483647,false,0,-1,-1,-1,-1,-1,-1
2992,1090281600,2147483647,false,0,-1,-1,-1,-1,-1,-1
2993,1090281600,2147483647,false,0,-1,-1,-1,-1,-1,-1
2994,1090281600,2147483647,false,0,-1,-1,-1,-1,-1,-1
2995,1090281600,2147483647,false,0,-1,-1,-1,-1,-1,-1
2996,1090886400,2147483647,false,0,-1,-1,-1,-1,-1,-1
2997,1090886400,2147483647,false,0,3660,-1,-1,3661,-1,-1
2998,1090886400,2147483647,false,774,-1,-1,-1,-1,-1,-1
3000,1090886400,2147483647,false,774,-1,-1,-1,-1,-1,-1
3002,1090886400,2147483647,false,69,-1,-1,-1,-1,-1,-1
3004,1090886400,2147483647,false,69,-1,-1,-1,-1,-1,-1
3006,1090886400,2147483647,false,15,-1,-1,-1,-1,-1,-1
3008,1093996800,2147483647,false,69,-1,-1,-1,-1,-1,-1
3010,1093996800,2147483647,false,69,-1,-1,-1,-1,-1,-1
3012,1093996800,2147483647,false,69,-1,-1,-1,-1,-1,-1
3014,1093996800,2147483647,false,69,-1,-1,-1,-1,-1,-1
3016,1093996800,2147483647,false,69,-1,-1,-1,-1,-1,-1
3018,1093996800,2147483647,false,69,-1,-1,-1,-1,-1,-1
3020,1093996800,2147483647,false,69,-1,-1,-1,-1,-1,-1
3022,1093996800,2147483647,false,69,-1,-1,-1,-1,-1,-1
3024,1090886400,2147483647,false,69,-1,-1,-1,-1,-1,-1
3026,1090886400,2147483647,false,69,-1,-1,-1,-1,-1,-1
3028,1090886400,2147483647,false,69,-1,-1,-1,-1,-1,-1
3030,1090886400,2147483647,false,69,-1,-1,-1,-1,-1,-1
3032,1090886400,2147483647,false,69,-1,-1,-1,-1,-1,-1
3034,1090886400,2147483647,false,69,-1,-1,-1,-1,-1,-1
3036,1090886400,2147483647,false,69,-1,-1,-1,-1,-1,-1
3038,1090886400,2147483647,false,69,-1,-1,-1,-1,-1,-1
3040,1094515200,2147483647,false,69,-1,-1,-1,-1,-1,-1
3042,1094515200,2147483647,false,69,-1,-1,-1,-1,-1,-1
3044,1094515200,2147483647,false,69,-1,-1,-1,-1,-1,-1
3046,1094515200,2147483647,false,69,-1,-1,-1,-1,-1,-1
3049,1121040000,2147483647,false,773,-1,-1,-1,-1,-1,-1
3051,1121040000,2147483647,false,773,-1,-1,-1,-1,-1,-1
3053,1094515200,2147483647,false,1,-1,-1,-1,-1,-1,-1
3054,1094515200,2147483647,false,1,-1,-1,-1,-1,-1,-1
3057,1091404800,2147483647,false,0,-1,-1,-1,-1,-1,-1
3058,1091404800,2147483647,false,0,29314,-1,-1,22780,-1,-1
3059,1091404800,2147483647,false,0,-1,-1,-1,14423,-1,-1
3060,1091404800,2147483647,false,0,-1,-1,-1,-1,-1,-1
3061,1091404800,2147483647,false,0,-1,-1,-1,-1,-1,-1
3062,1091404800,1410393600,false,15,-1,-1,-1,-1,-1,-1
3093,1092009600,2147483647,false,24,-1,-1,-1,-1,-1,-1
3094,1092009600,2147483647,false,24,-1,-1,-1,-1,-1,-1
3095,1092009600,2147483647,false,65,-1,-1,-1,-1,-1,-1
3096,1092009600,2147483647,false,65,-1,-1,-1,-1,-1,-1
3097,1092009600,2147483647,false,65,-1,-1,-1,-1,-1,-1
3098,1092009600,2147483647,false,65,-1,-1,-1,-1,-1,-1
3099,1092009600,2147483647,false,65,-1,-1,-1,-1,-1,-1
3100,1092009600,2147483647,false,65,-1,-1,-1,-1,-1,-1
3101,1092009600,2147483647,false,65,-1,-1,-1,-1,-1,-1
3102,1092009600,2147483647,true,0,-1,-1,-1,-1,-1,-1
3103,1092009600,2147483647,true,0,-1,-1,-1,-1,-1,-1
3104,1092009600,2147483647,true,0,-1,-1,-1,-1,-1,-1
3105,1092009600,2147483647,true,0,3704,-1,-1,-1,-1,-1
3107,1092009600,2147483647,true,0,-1,-1,-1,-1,-1,-1
3109,1092009600,2147483647,true,73,-1,-1,-1,-1,-1,-1
3110,1092009600,2147483647,true,73,-1,-1,-1,-1,-1,-1
3111,1092009600,2147483647,true,73,-1,-1,-1,-1,-1,-1
3112,1092009600,2147483647,true,73,-1,-1,-1,-1,-1,-1
3113,1092009600,2147483647,true,73,-1,-1,-1,-1,-1,-1
3114,1092009600,2147483647,true,0,-1,-1,-1,-1,-1,-1
3122,1092009600,2147483647,false,18,-1,-1,-1,-1,-1,-1
3123,1095120000,2147483647,false,6,-1,-1,-1,-1,-1,-1
3125,1092009600,2147483647,false,6,-1,-1,-1,-1,-1,-1
3127,1095120000,2147483647,false,6,-1,-1,-1,-1,-1,-1
3128,1095120000,2147483647,true,117,-1,-1,-1,-1,-1,-1
3129,1095120000,2147483647,true,117,-1,-1,-1,-1,-1,-1
3130,1095120000,2147483647,true,117,-1,-1,-1,-1,-1,-1
3131,1095120000,2147483647,true,117,-1,-1,-1,-1,-1,-1
3132,1095120000,2147483647,true,117,-1,-1,-1,-1,-1,-1
3133,1095120000,2147483647,true,117,-1,-1,-1,-1,-1,-1
3135,1093305600,2147483647,true,0,-1,-1,-1,-1,-1,-1
3136,1093305600,2147483647,true,0,-1,-1,-1,-1,-1,-1
3137,1093305600,2147483647,true,0,-1,-1,-1,-1,-1,-1
3138,1094515200,2147483647,false,0,-1,-1,-1,-1,-1,-1
3140,1094515200,2147483647,false,7,3820,-1,-1,3821,-1,-1
3142,1095120000,2147483647,false,57,-1,-1,-1,-1,-1,-1
3144,1095120000,2147483647,false,58,-1,-1,-1,-1,-1,-1
3146,1095120000,2147483647,false,58,-1,-1,-1,-1,-1,-1
3147,1095120000,1154304000,false,15,-1,-1,-1,-1,-1,-1
3148,1095120000,2147483647,false,116,-1,-1,-1,-1,-1,-1
3150,1095120000,2147483647,true,57,-1,-1,-1,-1,-1,-1
3152,1095120000,2147483647,true,0,-1,-1,-1,-1,-1,-1
3153,1095120000,2147483647,true,0,-1,-1,-1,-1,-1,-1
3154,1095120000,2147483647,true,0,-1,-1,-1,-1,-1,-1
3155,1095120000,2147483647,true,0,-1,-1,-1,-1,-1,-1
3156,1095120000,2147483647,true,0,-1,-1,-1,-1,-1,-1
3157,1095120000,2147483647,true,0,-1,-1,-1,-1,-1,-1
3159,1095120000,2147483647,true,0,-1,-1,-1,-1,-1,-1
3161,1095120000,2147483647,true,0,-1,-1,-1,-1,-1,-1
3162,1095120000,2147483647,false,86,-1,-1,-1,-1,-1,-1
3164,1095120000,2147483647,true,0,3877,-1,-1,-1,-1,-1
3165,1095120000,2147483647,false,0,-1,-1,-1,-1,-1,-1
3166,1095120000,2147483647,true,0,-1,-1,-1,-1,-1,-1
3167,1095120000,2147483647,true,0,-1,-1,-1,-1,-1,-1
3168,1095120000,2147483647,true,59,-1,-1,-1,-1,-1,-1
3169,1095120000,2147483647,true,0,-1,-1,-1,-1,-1,-1
3170,1095120000,2147483647,false,36,-1,-1,-1,-1,-1,-1
3171,1095120000,2147483647,false,36,-1,-1,-1,-1,-1,-1
3172,1095120000,2147483647,false,36,-1,-1,-1,-1,-1,-1
3173,1095120000,2147483647,false,36,-1,-1,-1,-1,-1,-1
3174,1095120000,2147483647,false,36,-1,-1,-1,-1,-1,-1
3175,1095120000,2147483647,false,36,-1,-1,-1,-1,-1,-1
3176,1095120000,2147483647,false,36,-1,-1,-1,-1,-1,-1
3177,1095120000,2147483647,false,15,-1,-1,-1,-1,-1,-1
3179,1102291200,2147483647,true,6,-1,-1,-1,-1,-1,-1
3180,1102291200,2147483647,true,6,-1,-1,-1,-1,-1,-1
3181,1102291200,2147483647,false,6,-1,-1,-1,-1,-1,-1
3182,1102291200,2147483647,false,6,-1,-1,-1,-1,-1,-1
3183,1095120000,2147483647,false,6,-1,-1,-1,-1,-1,-1
3185,1102291200,2147483647,false,6,-1,-1,-1,-1,-1,-1
3186,1102291200,2147483647,false,6,-1,-1,-1,-1,-1,-1
3187,1102291200,2147483647,false,6,-1,-1,-1,-1,-1,-1
3188,1095120000,2147483647,false,0,-1,-1,-1,-1,-1,-1
3190,1095638400,2147483647,false,66,-1,-1,-1,-1,-1,-1
3192,1095638400,2147483647,false,66,-1,-1,-1,-1,-1,-1
3194,1095638400,2147483647,false,66,-1,-1,-1,-1,-1,-1
3196,1095638400,2147483647,false,66,-1,-1,-1,-1,-1,-1
3198,1095638400,2147483647,false,66,-1,-1,-1,-1,-1,-1
3200,1095638400,2147483647,false,66,-1,-1,-1,-1,-1,-1
3202,1095638400,2147483647,false,66,-1,-1,-1,-1,-1,-1
3204,1095638400,2147483647,false,66,-1,-1,-1,-1,-1,-1
3206,1095638400,2147483647,true,0,-1,-1,-1,-1,-1,-1
3207,1095638400,2147483647,true,0,-1,-1,-1,-1,-1,-1
3208,1095638400,2147483647,true,0,-1,-1,-1,-1,-1,-1
3209,1095638400,2147483647,true,0,-1,-1,-1,-1,-1,-1
3211,1095638400,2147483647,false,0,-1,-1,-1,-1,-1,-1
3213,1095638400,2147483647,true,0,-1,-1,-1,-1,-1,-1
3214,1095638400,2147483647,true,0,-1,-1,-1,-1,-1,-1
3215,1095638400,2147483647,true,0,-1,-1,-1,-1,-1,-1
3216,1095638400,2147483647,true,0,-1,-1,-1,-1,-1,-1
3218,1095638400,2147483647,true,0,-1,-1,-1,-1,-1,-1
3219,1095638400,2147483647,true,0,-1,-1,-1,-1,-1,-1
3220,1095638400,2147483647,true,0,-1,-1,-1,-1,-1,-1
3221,1095638400,2147483647,true,0,-1,-1,-1,-1,-1,-1
3222,1095638400,2147483647,true,0,-1,-1,-1,-1,-1,-1
3223,1095638400,2147483647,true,0,-1,-1,-1,-1,-1,-1
3224,1095638400,2147483647,false,0,-1,-1,-1,-1,-1,-1
3226,1095638400,2147483647,false,0,-1,-1,-1,-1,-1,-1
3228,1095638400,2147483647,false,5,-1,-1,-1,-1,-1,-1
3230,1095638400,2147483647,true,1328,-1,-1,-1,-1,-1,-1
3231,1095638400,2147483647,false,0,-1,-1,-1,-1,-1,-1
3233,1095638400,2147483647,false,0,-1,-1,-1,-1,-1,-1
3235,1095638400,2147483647,false,0,-1,-1,-1,-1,-1,-1
3237,1095638400,2147483647,false,0,-1,-1,-1,-1,-1,-1
3239,1098057600,2147483647,false,22,-1,-1,-1,-1,-1,-1
3261,1096934400,2147483647,true,0,-1,-1,-1,-1,-1,-1
3262,1096934400,2147483647,true,0,-1,-1,-1,-1,-1,-1
3263,1096934400,2147483647,true,0,-1,-1,-1,-1,-1,-1
3264,1096934400,2147483647,true,0,-1,-1,-1,-1,-1,-1
3265,1096934400,2147483647,true,0,-1,-1,-1,-1,-1,-1
3266,1096934400,2147483647,true,0,-1,-1,-1,-1,-1,-1
3267,1096934400,2147483647,true,0,-1,-1,-1,-1,-1,-1
3268,1096934400,2147483647,true,0,-1,-1,-1,-1,-1,-1
3269,1096934400,2147483647,true,0,-1,-1,-1,-1,-1,-1
3270,1096934400,2147483647,true,0,-1,-1,-1,-1,-1,-1
3271,1444867200,2147483647,false,0,-1,-1,-1,-1,-1,-1
3325,1097712000,2147483647,false,0,-1,-1,-1,-1,-1,-1
3327,1097712000,2147483647,false,2,-1,-1,-1,-1,-1,-1
3329,1097712000,2147483647,false,2,-1,-1,-1,-1,-1,-1
3331,1097712000,2147483647,false,2,-1,-1,-1,-1,-1,-1
3333,1097712000,2147483647,false,2,-1,-1,-1,-1,-1,-1
3335,1097712000,2147483647,false,2,-1,-1,-1,-1,-1,-1
3337,1097712000,2147483647,false,2,-1,-1,-1,-1,-1,-1
3339,1097712000,2147483647,false,2,-1,-1,-1,-1,-1,-1
3341,1097712000,2147483647,false,2,-1,-1,-1,-1,-1,-1
3343,1097712000,2147483647,false,2,-1,-1,-1,-1,-1,-1
3345,1097712000,2147483647,false,3,-1,-1,-1,-1,-1,-1
3347,1097712000,2147483647,false,3,-1,-1,-1,-1,-1,-1
3349,1097712000,2147483647,false,3,-1,-1,-1,-1,-1,-1
3351,1097712000,2147483647,false,3,-1,-1,-1,-1,-1,-1
3353,1097712000,2147483647,false,3,-1,-1,-1,-1,-1,-1
3355,1097712000,2147483647,false,3,-1,-1,-1,-1,-1,-1
3357,1097712000,2147483647,false,3,-1,-1,-1,-1,-1,-1
3359,1097712000,2147483647,false,3,-1,-1,-1,-1,-1,-1
3361,1097712000,2147483647,false,3,-1,-1,-1,-1,-1,-1
3363,1097712000,2147483647,false,4,-1,-1,-1,-1,-1,-1
3365,1097712000,2147483647,false,4,-1,-1,-1,-1,-1,-1
3367,1097712000,2147483647,false,4,-1,-1,-1,-1,-1,-1
3369,1097712000,2147483647,false,5,-1,-1,-1,-1,-1,-1
3371,1097712000,2147483647,false,5,-1,-1,-1,-1,-1,-1
3373,1097712000,2147483647,false,5,-1,-1,-1,-1,-1,-1
3375,1097712000,2147483647,false,0,-1,-1,-1,-1,-1,-1
3377,1097712000,2147483647,false,0,-1,-1,-1,-1,-1,-1
3379,1097712000,2147483647,false,0,-1,-1,-1,-1,-1,-1
3381,1097712000,2147483647,false,5,-1,-1,-1,-1,-1,-1
3383,1097712000,2147483647,false,0,-1,-1,-1,-1,-1,-1
3385,1098057600,2147483647,false,2,-1,-1,-1,-1,-1,-1
3387,1098057600,2147483647,false,7,-1,4112,-1,-1,-1,-1
3389,1098057600,2147483647,false,8,-1,-1,-1,-1,-1,-1
3391,1098057600,2147483647,false,16,-1,-1,-1,-1,-1,-1
3393,1098057600,2147483647,false,17,4114,-1,-1,-1,-1,-1
3395,1098057600,2147483647,true,0,-1,-1,-1,-1,-1,-1
3396,1098057600,2147483647,false,2049,-1,-1,-1,-1,-1,-1
3398,1098057600,2147483647,false,2049,-1,-1,-1,-1,-1,-1
3400,1098057600,2147483647,false,2049,-1,-1,-1,-1,-1,-1
3402,1098057600,2147483647,false,2049,-1,-1,-1,-1,-1,-1
3404,1098057600,2147483647,false,2049,-1,-1,-1,-1,-1,-1
3406,1098057600,2147483647,false,0,-1,-1,-1,-1,-1,-1
3408,1098057600,2147483647,true,108,-1,-1,-1,-1,-1,-1
3410,1098057600,2147483647,true,108,-1,-1,-1,-1,-1,-1
3412,1098057600,2147483647,true,108,-1,-1,-1,-1,-1,-1
3414,1098057600,2147483647,true,108,-1,-1,-1,-1,-1,-1
3416,1098057600,2147483647,true,109,-1,-1,-1,-1,-1,-1
3417,1098057600,2147483647,true,109,-1,-1,-1,-1,-1,-1
3418,1098057600,2147483647,true,109,-1,-1,-1,-1,-1,-1
3419,1098057600,2147483647,true,109,-1,-1,-1,-1,-1,-1
3420,1098057600,2147483647,false,0,-1,-1,-1,-1,-1,-1
3422,1098057600,2147483647,true,110,-1,-1,-1,-1,-1,-1
3424,1098057600,2147483647,true,110,-1,-1,-1,-1,-1,-1
3426,1098057600,2147483647,true,110,-1,-1,-1,-1,-1,-1
3428,1098057600,2147483647,true,110,-1,-1,-1,-1,-1,-1
3430,1098057600,2147483647,false,111,-1,-1,-1,-1,-1,-1
3432,1098057600,2147483647,false,111,-1,-1,-1,-1,-1,-1
3434,1098057600,2147483647,false,111,-1,-1,-1,-1,-1,-1
3436,1098057600,2147483647,false,111,-1,-1,-1,-1,-1,-1
3438,1098057600,2147483647,false,2050,-1,-1,-1,-1,-1,-1
3440,1098057600,2147483647,false,2050,-1,-1,-1,-1,-1,-1
3442,1098057600,2147483647,false,2050,-1,-1,-1,-1,-1,-1
3444,1098057600,2147483647,false,2050,-1,-1,-1,-1,-1,-1
3446,1098057600,2147483647,false,2050,-1,-1,-1,-1,-1,-1
3448,1098057600,2147483647,false,2050,-1,-1,-1,-1,-1,-1
3450,1098057600,2147483647,false,112,-1,-1,-1,-1,-1,-1
3451,1098057600,2147483647,false,112,-1,-1,-1,-1,-1,-1
3452,1098057600,2147483647,false,112,-1,-1,-1,-1,-1,-1
3453,1098057600,2147483647,false,112,-1,-1,-1,-1,-1,-1
3454,1098057600,2147483647,false,112,-1,-1,-1,-1,-1,-1
3455,1098057600,2147483647,false,113,-1,-1,-1,-1,-1,-1
3456,1098057600,2147483647,false,113,-1,-1,-1,-1,-1,-1
3457,1098057600,2147483647,false,113,-1,-1,-1,-1,-1,-1
3458,1098057600,2147483647,false,113,-1,-1,-1,-1,-1,-1
3459,1098057600,2147483647,false,113,-1,-1,-1,-1,-1,-1
3460,1098057600,2147483647,false,114,-1,-1,-1,-1,-1,-1
3461,1098057600,2147483647,false,114,-1,-1,-1,-1,-1,-1
3462,1098057600,2147483647,false,114,-1,-1,-1,-1,-1,-1
3463,1098057600,2147483647,false,114,-1,-1,-1,-1,-1,-1
3464,1098057600,2147483647,false,114,-1,-1,-1,-1,-1,-1
3465,1098057600,2147483647,false,115,-1,-1,-1,-1,-1,-1
3466,1098057600,2147483647,false,115,-1,-1,-1,-1,-1,-1
3467,1098057600,2147483647,false,115,-1,-1,-1,-1,-1,-1
3468,1098057600,2147483647,false,115,-1,-1,-1,-1,-1,-1
3469,1098057600,2147483647,false,115,-1,-1,-1,-1,-1,-1
3470,1098057600,2147483647,false,0,-1,-1,-1,-1,-1,-1
3472,1098748800,2147483647,false,8,4206,-1,-1,-1,-1,-1
3473,1098748800,2147483647,false,8,4206,-1,-1,-1,-1,-1
3474,1098748800,2147483647,false,8,4206,-1,-1,-1,-1,-1
3475,1098748800,2147483647,false,8,4206,-1,-1,-1,-1,-1
3476,1098748800,2147483647,false,8,4206,-1,-1,-1,-1,-1
3477,1098748800,2147483647,false,8,4206,-1,-1,-1,-1,-1
3478,1098748800,2147483647,false,8,4206,-1,-1,-1,-1,-1
3479,1098748800,2147483647,false,8,4206,-1,-1,-1,-1,-1
3480,1098748800,2147483647,false,8,4206,-1,-1,-1,-1,-1
3481,1098748800,2147483647,false,7,3379,-1,-1,-1,-1,-1
3483,1098748800,2147483647,false,8,-1,-1,-1,-1,-1,-1
3485,1098748800,2147483647,false,8,4206,-1,-1,-1,-1,-1
3486,1098748800,2147483647,false,2,-1,-1,-1,-1,-1,-1
3488,1098748800,2147483647,false,18,486,-1,-1,-1,-1,-1
3490,1098748800,2147483647,false,46,-1,-1,-1,-1,-1,-1
3491,1098748800,2147483647,false,46,-1,-1,-1,-1,-1,-1
3492,1098748800,2147483647,false,46,-1,-1,-1,-1,-1,-1
3493,1098748800,2147483647,false,46,-1,-1,-1,-1,-1,-1
3494,1098748800,2147483647,false,46,-1,-1,-1,-1,-1,-1
3495,1098748800,2147483647,false,46,-1,-1,-1,-1,-1,-1
3496,1098748800,2147483647,false,46,-1,-1,-1,-1,-1,-1
3497,1098748800,2147483647,false,46,-1,-1,-1,-1,-1,-1
3498,1098748800,2147483647,false,46,-1,-1,-1,-1,-1,-1
3499,1098748800,2147483647,false,46,-1,-1,-1,-1,-1,-1
3500,1098748800,2147483647,false,46,-1,-1,-1,-1,-1,-1
3501,1098748800,2147483647,false,46,-1,-1,-1,-1,-1,-1
3502,1098748800,2147483647,false,46,-1,-1,-1,-1,-1,-1
3503,1098748800,2147483647,false,46,-1,-1,-1,-1,-1,-1
3504,1098748800,2147483647,false,46,-1,-1,-1,-1,-1,-1
3505,1098748800,2147483647,false,46,-1,-1,-1,-1,-1,-1
3506,1098748800,2147483647,false,46,-1,-1,-1,-1,-1,-1
3507,1098748800,2147483647,false,46,-1,-1,-1,-1,-1,-1
3508,1098748800,2147483647,false,46,-1,-1,-1,-1,-1,-1
3509,1098748800,2147483647,false,46,-1,-1,-1,-1,-1,-1
3510,1098748800,2147483647,false,46,-1,-1,-1,-1,-1,-1
3511,1083715200,2147483647,false,46,-1,-1,-1,-1,-1,-1
3512,1098748800,2147483647,false,46,-1,-1,-1,-1,-1,-1
3513,1098748800,2147483647,false,46,-1,-1,-1,-1,-1,-1
3514,1098748800,2147483647,false,46,-1,-1,-1,-1,-1,-1
3515,1098748800,2147483647,false,46,-1,-1,-1,-1,-1,-1
3516,1098748800,2147483647,false,46,-1,-1,-1,-1,-1,-1
3517,1083715200,2147483647,false,46,-1,-1,-1,-1,-1,-1
3518,1098748800,2147483647,false,46,-1,-1,-1,-1,-1,-1
3519,1083715200,2147483647,false,46,-1,-1,-1,-1,-1,-1
3520,1098748800,2147483647,false,47,-1,-1,-1,-1,-1,-1
3521,1083715200,2147483647,false,47,-1,-1,-1,-1,-1,-1
3522,1098748800,2147483647,false,47,-1,-1,-1,-1,-1,-1
3523,1083715200,2147483647,false,47,-1,-1,-1,-1,-1,-1
3524,1098748800,2147483647,false,47,-1,-1,-1,-1,-1,-1
3525,1098748800,2147483647,false,47,-1,-1,-1,-1,-1,-1
3526,1098748800,2147483647,false,47,-1,-1,-1,-1,-1,-1
3527,1083715200,2147483647,false,47,-1,-1,-1,-1,-1,-1
3528,1098748800,2147483647,false,47,-1,-1,-1,-1,-1,-1
3529,1083715200,2147483647,false,47,-1,-1,-1,-1,-1,-1
3530,1098748800,2147483647,false,47,-1,-1,-1,-1,-1,-1
3531,1083715200,2147483647,false,47,-1,-1,-1,-1,-1,-1
3532,1098748800,2147483647,false,47,-1,-1,-1,-1,-1,-1
3533,1083715200,2147483647,false,47,-1,-1,-1,-1,-1,-1
3534,1098748800,2147483647,false,47,-1,-1,-1,-1,-1,-1
3535,1083715200,2147483647,false,47,-1,-1,-1,-1,-1,-1
3536,1098748800,2147483647,false,47,-1,-1,-1,-1,-1,-1
3537,1083715200,2147483647,false,47,-1,-1,-1,-1,-1,-1
3538,1098748800,2147483647,false,47,-1,-1,-1,-1,-1,-1
3539,1083715200,2147483647,false,47,-1,-1,-1,-1,-1,-1
3540,1098748800,2147483647,false,47,-1,-1,-1,-1,-1,-1
3541,1083715200,2147483647,false,47,-1,-1,-1,-1,-1,-1
3542,1098748800,2147483647,false,47,-1,-1,-1,-1,-1,-1
3543,1083715200,2147483647,false,47,-1,-1,-1,-1,-1,-1
3544,1098748800,2147483647,false,47,-1,-1,-1,-1,-1,-1
3545,1083715200,2147483647,false,47,-1,-1,-1,-1,-1,-1
3546,1098748800,2147483647,false,47,-1,-1,-1,-1,-1,-1
3547,1083715200,2147483647,false,47,-1,-1,-1,-1,-1,-1
3548,1098748800,2147483647,false,47,-1,-1,-1,-1,-1,-1
3549,1083715200,2147483647,false,47,-1,-1,-1,-1,-1,-1
3550,1098748800,2147483647,false,47,-1,-1,-1,-1,-1,-1
3551,1083715200,2147483647,false,47,-1,-1,-1,-1,-1,-1
3552,1098748800,2147483647,false,47,-1,-1,-1,-1,-1,-1
3553,1083715200,2147483647,false,47,-1,-1,-1,-1,-1,-1
3554,1098748800,2147483647,false,47,-1,-1,-1,-1,-1,-1
3555,1083715200,2147483647,false,47,-1,-1,-1,-1,-1,-1
3556,1098748800,2147483647,false,47,-1,-1,-1,-1,-1,-1
3557,1083715200,2147483647,false,47,-1,-1,-1,-1,-1,-1
3558,1098748800,2147483647,false,47,-1,-1,-1,-1,-1,-1
3559,1083715200,2147483647,false,47,-1,-1,-1,-1,-1,-1
3560,1098748800,2147483647,false,47,-1,-1,-1,-1,-1,-1
3561,1083715200,2147483647,false,47,-1,-1,-1,-1,-1,-1
3562,1098748800,2147483647,false,47,-1,-1,-1,-1,-1,-1
3563,1083715200,2147483647,false,47,-1,-1,-1,-1,-1,-1
3564,1098748800,2147483647,false,47,-1,-1,-1,-1,-1,-1
3565,1098748800,2147483647,false,50,-1,-1,-1,-1,-1,-1
3566,1098748800,2147483647,false,47,-1,-1,-1,-1,-1,-1
3567,1098748800,2147483647,false,50,-1,-1,-1,-1,-1,-1
3568,1098748800,2147483647,false,47,-1,-1,-1,-1,-1,-1
3569,1098748800,2147483647,false,50,-1,-1,-1,-1,-1,-1
3570,1098748800,2147483647,false,47,-1,-1,-1,-1,-1,-1
3571,1098748800,2147483647,false,50,-1,-1,-1,-1,-1,-1
3572,1098748800,2147483647,false,47,-1,-1,-1,-1,-1,-1
3573,1098748800,2147483647,false,47,-1,-1,-1,-1,-1,-1
3574,1098748800,2147483647,false,47,-1,-1,-1,-1,-1,-1
3575,1098748800,2147483647,false,47,-1,-1,-1,-1,-1,-1
3576,1098748800,2147483647,false,50,-1,-1,-1,-1,-1,-1
3577,1098748800,2147483647,false,47,-1,-1,-1,-1,-1,-1
3578,1098748800,2147483647,false,50,-1,-1,-1,-1,-1,-1
3579,1098748800,2147483647,false,47,-1,-1,-1,-1,-1,-1
3580,1098748800,2147483647,false,47,-1,-1,-1,-1,-1,-1
3581,1083715200,2147483647,false,47,-1,-1,-1,-1,-1,-1
3582,1098748800,2147483647,false,51,-1,-1,-1,-1,-1,-1
3583,1083715200,2147483647,false,51,-1,-1,-1,-1,-1,-1
3584,1098748800,2147483647,false,51,-1,-1,-1,-1,-1,-1
3585,1083715200,2147483647,false,51,-1,-1,-1,-1,-1,-1
3586,0,2147483647,false,51,-1,-1,-1,-1,-1,-1
3587,1083715200,2147483647,false,51,-1,-1,-1,-1,-1,-1
3588,1098748800,2147483647,false,51,-1,-1,-1,-1,-1,-1
3589,1083715200,2147483647,false,51,-1,-1,-1,-1,-1,-1
3590,1098748800,2147483647,false,51,-1,-1,-1,-1,-1,-1
3591,1083715200,2147483647,false,51,-1,-1,-1,-1,-1,-1
3592,1098748800,2147483647,false,51,-1,-1,-1,-1,-1,-1
3593,1083715200,2147483647,false,51,-1,-1,-1,-1,-1,-1
3594,1098748800,2147483647,false,51,-1,-1,-1,-1,-1,-1
3595,1083715200,2147483647,false,51,-1,-1,-1,-1,-1,-1
3596,1098748800,2147483647,false,51,-1,-1,-1,-1,-1,-1
3597,1083715200,2147483647,false,51,-1,-1,-1,-1,-1,-1
3598,1098748800,2147483647,false,51,-1,-1,-1,-1,-1,-1
3599,1098748800,2147483647,false,51,-1,-1,-1,-1,-1,-1
3600,1083715200,2147483647,false,51,-1,-1,-1,-1,-1,-1
3601,1098748800,2147483647,false,51,-1,-1,-1,-1,-1,-1
3602,1098748800,2147483647,false,51,-1,-1,-1,-1,-1,-1
3603,1083715200,2147483647,false,51,-1,-1,-1,-1,-1,-1
3604,1098748800,2147483647,false,51,-1,-1,-1,-1,-1,-1
3605,1098748800,2147483647,false,51,-1,-1,-1,-1,-1,-1
3606,1083715200,2147483647,false,180,-1,-1,-1,-1,-1,-1
3607,1098748800,2147483647,false,51,-1,-1,-1,-1,-1,-1
3608,1083715200,2147483647,false,180,-1,-1,-1,-1,-1,-1
3609,1098748800,2147483647,false,51,-1,-1,-1,-1,-1,-1
3610,1098748800,2147483647,false,51,-1,-1,-1,-1,-1,-1
3611,1098748800,2147483647,false,51,-1,-1,-1,-1,-1,-1
3612,1098748800,2147483647,false,51,-1,-1,-1,-1,-1,-1
3613,1098748800,2147483647,false,51,-1,-1,-1,-1,-1,-1
3614,1098748800,2147483647,false,51,-1,-1,-1,-1,-1,-1
3615,1098748800,2147483647,false,51,-1,-1,-1,-1,-1,-1
3616,1098748800,2147483647,false,51,-1,-1,-1,-1,-1,-1
3617,1098748800,2147483647,false,51,-1,-1,-1,-1,-1,-1
3618,1098748800,2147483647,false,51,-1,-1,-1,-1,-1,-1
3667,1681257600,2147483647,false,15,-1,-1,-1,-1,-1,-1
3678,1098748800,2147483647,false,0,-1,-1,-1,-1,-1,-1
3680,1099353600,2147483647,false,0,-1,-1,-1,-1,-1,-1
3681,1099353600,2147483647,false,0,-1,-1,-1,-1,-1,-1
3682,1099353600,2147483647,false,0,-1,-1,-1,-1,-1,-1
3683,1099353600,2147483647,false,0,-1,-1,-1,-1,-1,-1
3684,1099353600,2147483647,false,0,-1,-1,-1,-1,-1,-1
3685,1099353600,2147483647,false,0,-1,-1,-1,-1,-1,-1
3688,1099353600,2147483647,true,0,31663,-1,-1,-1,-1,-1
3689,1099353600,2147483647,true,0,31663,-1,-1,-1,-1,-1
3690,1099353600,2147483647,true,0,31663,-1,-1,-1,-1,-1
3691,1099353600,2147483647,true,148,31663,-1,-1,-1,-1,-1
3692,1099353600,2147483647,true,0,-1,-1,-1,-1,-1,-1
3693,1099353600,2147483647,true,0,-1,-1,-1,-1,-1,-1
3694,1099353600,2147483647,true,0,-1,-1,-1,-1,-1,-1
3695,1099353600,2147483647,true,0,4395,-1,-1,-1,-1,-1
3696,1099353600,2147483647,true,0,-1,-1,-1,-1,-1,-1
3697,1099353600,2147483647,true,0,-1,-1,-1,-1,-1,-1
3698,1099353600,2147483647,true,0,-1,-1,-1,-1,-1,-1
3699,1099353600,2147483647,true,0,-1,-1,-1,-1,-1,-1
3700,1099353600,2147483647,true,0,-1,-1,-1,-1,-1,-1
3701,1099353600,2147483647,true,0,-1,-1,-1,-1,-1,-1
3702,1099353600,2147483647,true,0,-1,-1,-1,-1,-1,-1
3703,1099353600,2147483647,true,0,-1,-1,-1,-1,-1,-1
3704,1099353600,2147483647,true,0,-1,-1,-1,-1,-1,-1
3705,1099353600,2147483647,true,0,-1,-1,-1,-1,-1,-1
3706,1099353600,2147483647,true,0,-1,-1,-1,-1,-1,-1
3707,1099353600,2147483647,true,0,-1,-1,-1,-1,-1,-1
3708,1099353600,2147483647,true,0,-1,-1,-1,-1,-1,-1
3709,1099353600,2147483647,true,0,-1,-1,-1,-1,-1,-1
3710,1099353600,2147483647,true,0,-1,-1,-1,-1,-1,-1
3711,1099353600,2147483647,true,0,-1,-1,-1,-1,-1,-1
3712,1099353600,2147483647,true,0,-1,-1,-1,-1,-1,-1
3713,1099353600,2147483647,true,0,-1,-1,-1,-1,-1,-1
3714,1099353600,2147483647,true,0,-1,-1,-1,-1,-1,-1
3718,1099353600,2147483647,true,0,-1,-1,-1,-1,-1,-1
3719,1099353600,2147483647,true,0,-1,-1,-1,-1,-1,-1
3720,1099353600,2147483647,true,0,-1,-1,-1,-1,-1,-1
3721,1099353600,2147483647,true,0,-1,-1,-1,-1,-1,-1
3722,1099353600,2147483647,true,0,-1,-1,-1,-1,-1,-1
3723,1099353600,2147483647,true,0,-1,-1,-1,-1,-1,-1
3724,1099353600,2147483647,true,0,-1,-1,-1,-1,-1,-1
3725,1099353600,2147483647,true,0,-1,-1,-1,-1,-1,-1
3726,1099353600,2147483647,true,0,-1,-1,-1,-1,-1,-1
3727,1099353600,2147483647,true,0,-1,-1,-1,-1,-1,-1
3728,1099353600,2147483647,true,0,-1,-1,-1,-1,-1,-1
3729,1099353600,2147483647,true,0,-1,-1,-1,-1,-1,-1
3730,1099353600,2147483647,true,0,-1,-1,-1,-1,-1,-1
3731,1099353600,2147483647,true,0,-1,-1,-1,-1,-1,-1
3732,1099353600,2147483647,true,0,-1,-1,-1,-1,-1,-1
3733,1099353600,2147483647,true,0,-1,-1,-1,-1,-1,-1
3734,1099353600,2147483647,true,0,-1,-1,-1,-1,-1,-1
3735,1099353600,2147483647,true,0,-1,-1,-1,-1,-1,-1
3736,1099353600,2147483647,true,0,-1,-1,-1,-1,-1,-1
3737,1099353600,2147483647,true,0,-1,-1,-1,-1,-1,-1
3738,1099353600,2147483647,true,0,-1,-1,-1,-1,-1,-1
3739,1099353600,2147483647,true,0,-1,-1,-1,-1,-1,-1
3740,1099353600,2147483647,true,0,-1,-1,-1,-1,-1,-1
3741,1099353600,2147483647,true,0,-1,-1,-1,-1,-1,-1
3742,1099353600,2147483647,true,0,-1,-1,-1,-1,-1,-1
3743,1099353600,2147483647,true,0,-1,-1,-1,-1,-1,-1
3744,1099353600,2147483647,true,0,-1,-1,-1,-1,-1,-1
3745,1099353600,2147483647,true,0,-1,-1,-1,-1,-1,-1
3746,1099353600,2147483647,true,0,-1,-1,-1,-1,-1,-1
3748,1099353600,2147483647,false,2,215,-1,-1,-1,55869,-1
3749,1099353600,2147483647,false,2,215,-1,4219,-1,55865,-1
3751,1099353600,2147483647,false,2,215,-1,4219,-1,55867,-1
3753,1099353600,2147483647,false,2,215,-1,4219,-1,55866,-1
3755,1099353600,2147483647,false,2,215,4223,4219,-1,55864,-1
3757,1099353600,2147483647,false,21,-1,-1,-1,-1,-1,-1
3758,1099353600,2147483647,false,18,4235,-1,-1,-1,-1,-1
3759,1099353600,2147483647,false,0,-1,-1,-1,-1,-1,-1
3761,1099353600,2147483647,false,0,-1,-1,-1,-1,-1,-1
3763,1099353600,2147483647,false,0,-1,-1,-1,-1,-1,-1
3765,1099353600,2147483647,false,0,-1,-1,-1,-1,-1,-1
3767,1099353600,2147483647,false,0,-1,28515,4391,-1,-1,-1
3769,1099353600,2147483647,false,0,-1,28515,4391,-1,-1,-1
3771,1099353600,2147483647,false,0,-1,28515,4391,-1,-1,-1
3773,1099353600,2147483647,false,0,-1,28515,4391,-1,-1,-1
3775,1099353600,2147483647,false,0,-1,28515,4391,-1,-1,-1
3777,1099353600,2147483647,false,0,-1,-1,-1,-1,-1,-1
3779,1099353600,2147483647,false,0,-1,-1,-1,-1,-1,-1
3781,1099353600,2147483647,false,0,-1,-1,-1,-1,-1,-1
3783,1099353600,2147483647,false,0,-1,-1,-1,-1,-1,-1
3785,1099353600,2147483647,false,0,-1,-1,-1,-1,-1,-1
3787,1099353600,2147483647,false,0,-1,-1,-1,-1,-1,-1
3789,1099353600,2147483647,false,0,-1,-1,-1,-1,-1,-1
3791,1099353600,2147483647,false,0,-1,-1,-1,-1,-1,-1
3793,1099353600,2147483647,false,0,-1,28515,-1,-1,-1,-1
3795,1099353600,2147483647,false,0,265,-1,-1,-1,-1,-1
3797,1099353600,2147483647,false,0,-1,-1,-1,-1,-1,-1
3799,1099353600,2147483647,false,0,-1,-1,-1,-1,-1,-1
3801,1099353600,2147483647,false,0,-1,-1,-1,-1,-1,-1
3803,1099353600,2147483647,false,0,4396,-1,-1,-1,-1,-1
3805,1099353600,2147483647,false,0,-1,-1,-1,-1,-1,-1
3827,1100649600,2147483647,false,759,-1,-1,-1,-1,-1,-1
3828,1100649600,2147483647,false,759,-1,-1,-1,-1,-1,-1
3829,1100649600,2147483647,false,759,-1,-1,-1,-1,-1,-1
3830,1100649600,2147483647,false,759,-1,-1,-1,-1,-1,-1
3831,1100649600,2147483647,false,759,-1,-1,-1,-1,-1,-1
3832,1100649600,2147483647,false,759,-1,-1,-1,-1,-1,-1
3833,1100649600,2147483647,false,759,-1,-1,-1,-1,-1,-1
3834,1100649600,2147483647,false,759,-1,-1,-1,-1,-1,-1
3835,1100649600,2147483647,false,759,-1,-1,-1,-1,-1,-1
3836,1100649600,2147483647,false,759,-1,-1,-1,-1,-1,-1
3837,1100649600,2147483647,false,759,-1,-1,-1,-1,-1,-1
3838,1100649600,2147483647,false,759,-1,-1,-1,-1,-1,-1
3839,1100649600,2147483647,false,0,-1,-1,-1,-1,-1,-1
3840,1100649600,2147483647,true,0,-1,-1,-1,-1,-1,-1
3841,1100649600,2147483647,false,0,-1,-1,-1,-1,-1,-1
3842,1100649600,2147483647,true,0,-1,-1,-1,-1,-1,-1
3843,1100649600,2147483647,false,0,-1,-1,-1,-1,-1,-1
3844,1100649600,2147483647,true,0,-1,-1,-1,-1,-1,-1
3845,1100649600,2147483647,true,0,-1,-1,-1,-1,-1,-1
3846,1100649600,2147483647,true,0,-1,-1,-1,-1,-1,-1
3847,1100649600,2147483647,true,0,-1,-1,-1,-1,-1,-1
3848,1100649600,2147483647,true,0,-1,-1,-1,-1,-1,-1
3849,1100649600,2147483647,true,0,-1,-1,-1,-1,-1,-1
3853,1101254400,2147483647,false,558,-1,-1,-1,-1,-1,-1
3855,1101254400,2147483647,false,558,-1,-1,-1,-1,-1,-1
3857,1101254400,2147483647,false,558,-1,-1,-1,-1,-1,-1
3859,1101254400,2147483647,false,558,-1,-1,-1,-1,-1,-1
3861,1101254400,2147483647,false,558,-1,-1,-1,-1,-1,-1
3863,1101254400,2147483647,false,558,-1,-1,-1,-1,-1,-1
3865,1101254400,2147483647,false,558,-1,-1,-1,-1,-1,-1
3867,1101254400,2147483647,false,558,-1,-1,-1,-1,-1,-1
3869,1101254400,2147483647,false,0,-1,-1,-1,-1,-1,-1
3870,1101254400,2147483647,false,40,-1,-1,-1,-1,-1,-1
3871,1101254400,2147483647,false,40,-1,-1,-1,-1,-1,-1
3872,1101254400,2147483647,false,40,-1,-1,-1,-1,-1,-1
3873,1101254400,2147483647,false,40,-1,-1,-1,-1,-1,-1
3874,1101254400,2147483647,false,40,-1,-1,-1,-1,-1,-1
3875,1101254400,2147483647,false,40,-1,-1,-1,-1,-1,-1
3876,1101254400,2147483647,false,40,-1,-1,-1,-1,-1,-1
3877,1101254400,2147483647,false,40,-1,-1,-1,-1,-1,-1
3878,1101254400,2147483647,false,40,-1,-1,-1,-1,-1,-1
3879,1101254400,2147483647,false,40,-1,-1,-1,-1,-1,-1
3880,1101254400,2147483647,false,40,-1,-1,-1,-1,-1,-1
3881,1101254400,2147483647,false,41,-1,-1,-1,-1,-1,-1
3882,1101254400,2147483647,false,41,-1,-1,-1,-1,-1,-1
3883,1101254400,2147483647,false,41,-1,-1,-1,-1,-1,-1
3884,1101254400,2147483647,false,41,-1,-1,-1,-1,-1,-1
3885,1101254400,2147483647,false,41,-1,-1,-1,-1,-1,-1
3886,1101254400,2147483647,false,41,-1,-1,-1,-1,-1,-1
3887,1101254400,2147483647,false,41,-1,-1,-1,-1,-1,-1
3888,1101254400,2147483647,false,41,-1,-1,-1,-1,-1,-1
3889,1101254400,2147483647,false,41,-1,-1,-1,-1,-1,-1
3890,1101254400,2147483647,false,41,-1,-1,-1,-1,-1,-1
3891,1101254400,2147483647,false,41,-1,-1,-1,-1,-1,-1
3892,1101254400,2147483647,false,41,-1,-1,-1,-1,-1,-1
3893,1101254400,2147483647,false,0,4610,-1,-1,-1,-1,-1
3894,1101686400,2147483647,true,0,-1,-1,-1,-1,-1,-1
3895,1101686400,2147483647,true,0,-1,-1,-1,-1,-1,-1
3896,1101686400,2147483647,true,0,-1,-1,-1,-1,-1,-1
3897,1101686400,2147483647,true,0,-1,-1,-1,-1,-1,-1
3898,1101686400,2147483647,true,0,-1,-1,-1,-1,-1,-1
3899,1101686400,2147483647,false,21,-1,-1,-1,-1,-1,-1
3901,1101686400,2147483647,false,0,-1,-1,-1,-1,-1,-1
3981,0,2147483647,false,15,-1,-1,-1,-1,-1,-1
3983,0,2147483647,false,15,-1,-1,-1,-1,-1,-1
4001,1161561600,2147483647,true,561,-1,-1,-1,-1,-1,-1
4002,1102291200,2147483647,true,0,-1,-1,-1,-1,-1,-1
4004,1102291200,2147483647,true,0,-1,-1,-1,-1,-1,-1
4005,1102291200,2147483647,true,0,-1,-1,-1,-1,-1,-1
4006,1102291200,2147483647,true,0,-1,-1,-1,-1,-1,-1
4007,1102291200,2147483647,true,0,-1,-1,-1,-1,-1,-1
4008,1102291200,2147483647,false,0,-1,-1,-1,-1,-1,-1
4009,1102291200,1169424000,false,15,-1,-1,-1,-1,-1,-1
4010,1102291200,2147483647,false,0,-1,-1,-1,-1,-1,-1
4012,1102291200,2147483647,true,59,-1,-1,-1,-1,-1,-1
4014,1102291200,2147483647,false,59,-1,-1,-1,-1,-1,-1
4016,1102291200,2147483647,false,59,-1,-1,-1,-1,-1,-1
4018,1102291200,2147483647,false,0,-1,-1,-1,-1,-1,-1
4020,1102291200,2147483647,true,0,-1,-1,-1,-1,-1,-1
4021,1102291200,2147483647,true,0,-1,-1,-1,-1,-1,-1
4022,1102291200,2147483647,true,0,-1,-1,-1,-1,-1,-1
4023,1102291200,2147483647,true,0,-1,-1,-1,-1,-1,-1
4024,1102291200,2147483647,false,95,-1,-1,-1,-1,-1,-1
4025,1102291200,2147483647,false,95,-1,-1,-1,-1,-1,-1
4026,1102291200,2147483647,false,95,-1,-1,-1,-1,-1,-1
4027,1102291200,2147483647,false,95,-1,-1,-1,-1,-1,-1
4028,1425513600,2147483647,false,95,-1,-1,-1,-1,-1,-1
4029,1102291200,2147483647,false,95,-1,-1,-1,-1,-1,-1
4030,1102291200,2147483647,false,95,-1,-1,-1,-1,-1,-1
4031,1102291200,2147483647,true,95,-1,-1,-1,-1,-1,-1
4033,1102291200,2147483647,true,0,-1,-1,-1,-1,-1,-1
4034,1102291200,2147483647,false,0,-1,-1,-1,-1,-1,-1
4035,1102291200,2147483647,true,0,-1,-1,-1,-1,-1,-1
4037,1102896000,2147483647,false,42,-1,-1,-1,-1,-1,-1
4039,1102896000,2147483647,false,42,-1,-1,-1,-1,-1,-1
4041,1102896000,2147483647,false,43,-1,-1,-1,-1,-1,-1
4042,1102896000,2147483647,false,43,-1,-1,-1,-1,-1,-1
4043,1102896000,2147483647,false,43,-1,-1,-1,-1,-1,-1
4045,1102896000,2147483647,false,43,-1,-1,-1,-1,-1,-1
4047,1102896000,2147483647,false,43,-1,-1,-1,-1,-1,-1
4049,1102896000,2147483647,false,43,-1,-1,-1,-1,-1,-1
4051,1102896000,2147483647,false,43,-1,-1,-1,-1,-1,-1
4053,1102896000,2147483647,false,43,-1,-1,-1,-1,-1,-1
4055,1102896000,2147483647,false,0,-1,-1,-1,-1,-1,-1
4067,1102896000,2147483647,false,0,-1,-1,-1,-1,-1,-1
4068,1102896000,2147483647,false,21,-1,-1,-1,-1,-1,-1
4069,1102896000,2147483647,false,7,306,-1,-1,-1,-1,-1
4070,1102896000,2147483647,false,7,-1,-1,-1,-1,-1,-1
4071,1102896000,2147483647,false,2,219,-1,-1,-1,-1,-1
4072,1102896000,2147483647,false,18,486,-1,-1,-1,-1,-1
4073,1103587200,2147483647,false,0,-1,-1,-1,-1,-1,-1
4075,1103587200,2147483647,true,0,-1,-1,-1,-1,-1,-1
4077,1103587200,2147483647,true,0,-1,-1,-1,-1,-1,-1
4078,1103587200,2147483647,true,0,-1,-1,-1,-1,-1,-1
4079,1103587200,2147483647,false,0,-1,-1,-1,-1,-1,-1
4081,1103587200,2147483647,true,0,-1,-1,-1,-1,-1,-1
4082,1103587200,2147483647,true,0,-1,-1,-1,-1,-1,-1
4083,1104883200,2147483647,true,0,-1,-1,-1,-1,-1,-1
4084,1104883200,2147483647,true,0,-1,-1,-1,-1,-1,-1
4085,1104883200,2147483647,true,0,4875,-1,-1,-1,-1,-1
4086,1104883200,2147483647,true,55,-1,-1,-1,-1,-1,-1
4087,1105920000,2147483647,false,8,-1,-1,-1,-1,-1,-1
4089,1106697600,2147483647,false,10,-1,-1,-1,-1,-1,-1
4091,1106697600,2147483647,false,10,-1,5028,-1,-1,-1,-1
4093,1106697600,2147483647,false,10,-1,-1,-1,-1,-1,-1
4095,1106697600,2147483647,false,10,-1,-1,-1,-1,-1,-1
4097,1106697600,2147483647,false,10,-1,-1,-1,-1,-1,-1
4099,1106697600,2147483647,false,10,-1,-1,-1,-1,-1,-1
4101,1106697600,2147483647,false,10,-1,5028,-1,-1,-1,-1
4103,1106697600,2147483647,false,10,-1,-1,-1,-1,-1,-1
4105,1106697600,2147483647,false,10,-1,-1,-1,-1,-1,-1
4107,1106697600,2147483647,false,10,-1,-1,-1,-1,-1,-1
4109,1106697600,2147483647,false,10,-1,-1,-1,-1,-1,-1
4111,1106697600,2147483647,false,10,-1,5028,-1,-1,-1,-1
4113,1106697600,2147483647,false,10,-1,-1,-1,-1,-1,-1
4115,1106697600,2147483647,false,10,-1,-1,-1,-1,-1,-1
4117,1106697600,2147483647,false,10,-1,-1,-1,-1,-1,-1
4119,1106697600,2147483647,false,17,-1,-1,-1,-1,-1,-1
4121,1106697600,2147483647,false,17,-1,-1,-1,-1,-1,-1
4123,1106697600,2147483647,false,17,-1,-1,-1,-1,-1,-1
4125,1106697600,2147483647,false,17,-1,-1,-1,-1,-1,-1
4127,1106697600,2147483647,false,17,-1,-1,-1,-1,-1,-1
4129,1106697600,2147483647,false,17,-1,-1,-1,-1,-1,-1
4131,1106697600,2147483647,false,17,-1,-1,-1,-1,-1,-1
4151,1108425600,2147483647,false,150,5409,-1,-1,-1,-1,-1
4153,1108425600,2147483647,false,26,-1,-1,-1,-1,-1,-1
4155,1106697600,2147483647,false,1048,516,-1,-1,-1,-1,-1
4156,1106697600,2147483647,false,18,-1,-1,-1,-1,-1,-1
4158,1106697600,2147483647,false,36,-1,-1,-1,-1,-1,-1
4159,0,2147483647,false,15,-1,-1,-1,-1,-1,-1
4160,1106697600,2147483647,false,62,-1,-1,-1,-1,-1,-1
4161,1106697600,2147483647,false,0,-1,-1,-1,-1,-1,-1
4162,1106697600,2147483647,false,0,-1,-1,-1,-1,-1,-1
4164,1106697600,2147483647,false,0,-1,-1,-1,-1,-1,-1
4166,1106697600,2147483647,false,0,-1,-1,-1,-1,-1,-1
4168,1106697600,2147483647,false,0,-1,-1,-1,-1,-1,-1
4170,1106697600,2147483647,false,1,-1,-1,-1,-1,-1,-1
4178,1161561600,2147483647,true,561,-1,-1,-1,-1,-1,-1
4179,1107129600,2147483647,false,0,-1,-1,-1,-1,-1,-1
4180,1161561600,2147483647,true,561,-1,-1,-1,-1,-1,-1
4181,1107129600,2147483647,false,0,-1,-1,-1,-1,-1,-1
4182,1161561600,2147483647,true,561,-1,-1,-1,-1,-1,-1
4183,1107129600,2147483647,true,0,-1,-1,-1,-1,-1,-1
4184,1107129600,2147483647,true,0,-1,-1,-1,-1,-1,-1
4185,1107129600,2147483647,true,0,-1,-1,-1,-1,-1,-1
4186,1107129600,2147483647,true,0,-1,-1,-1,-1,-1,-1
4187,1107129600,2147483647,true,0,-1,-1,-1,-1,-1,-1
4188,1107129600,2147483647,true,0,-1,-1,-1,-1,-1,-1
4189,1107129600,2147483647,true,0,-1,-1,-1,-1,-1,-1
4190,1107129600,2147483647,true,0,-1,-1,-1,-1,-1,-1
4191,1107129600,2147483647,true,0,-1,-1,-1,-1,-1,-1
4192,1107129600,2147483647,true,0,-1,-1,-1,-1,-1,-1
4193,1107129600,2147483647,true,0,-1,-1,-1,-1,-1,-1
4194,1107129600,2147483647,true,0,-1,-1,-1,-1,-1,-1
4195,1107129600,2147483647,true,0,-1,-1,-1,-1,-1,-1
4196,1107129600,2147483647,true,0,-1,-1,-1,-1,-1,-1
4197,1107129600,2147483647,true,0,-1,-1,-1,-1,-1,-1
4198,1107129600,2147483647,true,0,-1,-1,-1,-1,-1,-1
4199,1107129600,2147483647,true,0,-1,-1,-1,-1,-1,-1
4200,1107129600,2147483647,true,0,-1,-1,-1,-1,-1,-1
4201,1107129600,2147483647,true,0,-1,-1,-1,-1,-1,-1
4202,1107129600,2147483647,true,0,-1,-1,-1,-1,-1,-1
4203,1107129600,2147483647,true,0,-1,-1,-1,-1,-1,-1
4204,1107129600,2147483647,true,0,-1,-1,-1,-1,-1,-1
4205,1107734400,2147483647,true,0,-1,-1,-1,-1,-1,-1
4206,1107734400,2147483647,true,0,-1,-1,-1,-1,-1,-1
4207,1107734400,2147483647,false,0,-1,-1,-1,-1,-1,-1
4209,1107734400,2147483647,true,1328,-1,-1,-1,-1,-1,-1
4212,1107734400,1564012800,true,15,-1,-1,-1,-1,-1,-1
4213,1107734400,1564012800,true,15,-1,-1,-1,-1,-1,-1
4214,1107734400,1564012800,true,15,-1,-1,-1,-1,-1,-1
4215,1107734400,1564012800,true,15,-1,-1,-1,-1,-1,-1
4216,1107734400,1564012800,true,15,-1,-1,-1,-1,-1,-1
4217,1107734400,1564012800,true,15,-1,-1,-1,-1,-1,-1
4218,1107734400,1564012800,true,15,-1,-1,-1,-1,-1,-1
4219,1107734400,1564012800,true,15,-1,-1,-1,-1,-1,-1
4220,1107734400,1564012800,true,15,-1,-1,-1,-1,-1,-1
4221,1107734400,1564012800,true,15,-1,-1,-1,-1,-1,-1
4222,1107734400,1564012800,true,15,-1,-1,-1,-1,-1,-1
4223,1107734400,1564012800,true,15,-1,-1,-1,-1,-1,-1
4224,1107734400,1564012800,false,15,-1,-1,-1,-1,-1,-1
4225,1107734400,1564012800,false,15,-1,-1,-1,-1,-1,-1
4226,1107734400,1564012800,false,15,-1,-1,-1,-1,-1,-1
4227,1107734400,1564012800,false,15,-1,-1,-1,-1,-1,-1
4228,1107734400,1564012800,false,15,-1,-1,-1,-1,-1,-1
4229,1107734400,1564012800,false,15,-1,-1,-1,-1,-1,-1
4230,1107734400,1564012800,false,15,-1,-1,-1,-1,-1,-1
4231,1107734400,1564012800,false,15,-1,-1,-1,-1,-1,-1
4232,1107734400,1564012800,false,15,-1,-1,-1,-1,-1,-1
4233,1107734400,1564012800,false,15,-1,-1,-1,-1,-1,-1
4234,1107734400,1564012800,false,15,-1,-1,-1,-1,-1,-1
4235,1107734400,1564012800,true,15,-1,-1,-1,-1,-1,-1
4236,1108425600,2147483647,true,64,-1,-1,-1,-1,-1,-1
4237,1108425600,2147483647,true,0,-1,-1,-1,-1,-1,-1
4238,1108425600,2147483647,false,0,-1,-1,-1,-1,-1,-1
4239,1108425600,2147483647,true,0,-1,-1,-1,-1,-1,-1
4240,1108425600,2147483647,false,0,-1,-1,-1,-1,-1,-1
4241,1108425600,2147483647,true,0,-1,-1,-1,-1,-1,-1
4242,1108425600,2147483647,false,0,-1,-1,-1,-1,-1,-1
4243,1108425600,2147483647,false,0,-1,-1,-1,-1,-1,-1
4244,1108425600,2147483647,true,0,-1,-1,-1,-1,-1,-1
4245,1108425600,2147483647,true,0,-1,-1,-1,-1,-1,-1
4246,1108425600,2147483647,true,0,-1,-1,-1,-1,-1,-1
4247,1108425600,2147483647,true,0,-1,-1,-1,-1,-1,-1
4248,1108425600,2147483647,true,0,-1,-1,-1,-1,-1,-1
4249,1108425600,2147483647,true,0,-1,-1,-1,-1,-1,-1
4250,1108425600,2147483647,true,0,-1,-1,-1,-1,-1,-1
4251,1108425600,2147483647,true,0,-1,-1,-1,-1,-1,-1
4252,1108425600,2147483647,true,69,-1,-1,-1,-1,-1,-1
4253,1108425600,2147483647,true,0,-1,-1,-1,-1,-1,-1
4254,1108425600,2147483647,true,0,-1,-1,-1,-1,-1,-1
4255,1108425600,2147483647,false,70,-1,-1,-1,-1,-1,-1
4256,1108425600,2147483647,false,70,-1,-1,-1,-1,-1,-1
4257,1108425600,2147483647,false,70,-1,-1,-1,-1,-1,-1
4258,1108425600,2147483647,false,70,-1,-1,-1,-1,-1,-1
4259,1108425600,2147483647,false,70,-1,-1,-1,-1,-1,-1
4260,1108425600,2147483647,false,70,-1,-1,-1,-1,-1,-1
4261,1108425600,2147483647,false,70,-1,-1,-1,-1,-1,-1
4262,1108425600,2147483647,false,70,-1,-1,-1,-1,-1,-1
4263,1108425600,2147483647,false,70,-1,-1,-1,-1,-1,-1
4264,1108425600,2147483647,false,70,-1,-1,-1,-1,-1,-1
4265,1108425600,2147483647,false,70,-1,-1,-1,-1,-1,-1
4266,1108425600,2147483647,false,70,-1,-1,-1,-1,-1,-1
4267,1108425600,2147483647,false,70,-1,-1,-1,-1,-1,-1
4268,1108425600,2147483647,false,70,-1,-1,-1,-1,-1,-1
4269,1108425600,2147483647,false,70,-1,-1,-1,-1,-1,-1
4270,1108425600,2147483647,false,70,-1,-1,-1,-1,-1,-1
4271,1108425600,2147483647,false,70,-1,-1,-1,-1,-1,-1
4272,1108425600,2147483647,true,0,-1,-1,-1,-1,-1,-1
4273,1108425600,2147483647,true,0,-1,-1,-1,-1,-1,-1
4274,1108425600,2147483647,true,0,-1,-1,-1,-1,-1,-1
4275,1108425600,2147483647,true,0,-1,-1,-1,-1,-1,-1
4276,1108425600,2147483647,true,0,-1,-1,-1,-1,-1,-1
4277,1108425600,2147483647,true,0,-1,-1,-1,-1,-1,-1
4278,1108425600,2147483647,false,0,-1,-1,-1,-1,-1,-1
4283,1108425600,2147483647,true,0,-1,-1,-1,-1,-1,-1
4284,1108425600,2147483647,true,0,-1,-1,-1,-1,-1,-1
4285,1108425600,2147483647,true,0,-1,-1,-1,-1,-1,-1
4286,1108425600,2147483647,false,0,-1,-1,-1,-1,-1,-1
4287,1108425600,2147483647,false,0,-1,-1,-1,-1,-1,-1
4289,1108425600,2147483647,false,0,-1,-1,-1,-1,-1,-1
4291,1108425600,2147483647,false,5,-1,-1,-1,-1,-1,-1
4293,1108425600,2147483647,false,5,-1,-1,-1,-1,-1,-1
4298,1109030400,2147483647,false,0,28515,-1,-1,-1,-1,-1
4300,1109030400,2147483647,false,0,265,-1,-1,-1,-1,-1
4302,1109030400,2147483647,false,0,5430,-1,-1,-1,-1,-1
4304,1109030400,2147483647,false,0,-1,-1,-1,-1,-1,-1
4306,1109030400,2147483647,false,0,-1,-1,-1,-1,-1,-1
4308,1109030400,2147483647,false,0,-1,-1,-1,-1,-1,-1
4310,1109030400,2147483647,false,0,-1,-1,-1,-1,-1,-1
4313,1109030400,2147483647,false,1328,-1,-1,-1,-1,-1,-1
4315,1109030400,2147483647,false,560,-1,-1,-1,-1,-1,-1
4317,1109030400,2147483647,false,560,-1,-1,-1,-1,-1,-1
4319,1109030400,2147483647,false,560,-1,-1,-1,-1,-1,-1
4321,1109030400,2147483647,false,560,-1,-1,-1,-1,-1,-1
4323,1109030400,2147483647,false,560,-1,-1,-1,-1,-1,-1
4325,1109030400,2147483647,false,560,-1,-1,-1,-1,-1,-1
4327,1109030400,2147483647,false,560,-1,-1,-1,-1,-1,-1
4329,1109030400,2147483647,false,560,-1,-1,-1,-1,-1,-1
4331,1109030400,2147483647,false,560,-1,-1,-1,-1,-1,-1
4333,1109030400,2147483647,false,560,-1,-1,-1,-1,-1,-1
4335,1109030400,2147483647,false,560,-1,-1,-1,-1,-1,-1
4337,1109030400,2147483647,false,560,-1,-1,-1,-1,-1,-1
4339,1109030400,2147483647,false,560,-1,-1,-1,-1,-1,-1
4341,1109030400,2147483647,false,560,-1,-1,-1,-1,-1,-1
4343,1109030400,2147483647,false,560,-1,-1,-1,-1,-1,-1
4345,1109030400,2147483647,false,560,-1,-1,-1,-1,-1,-1
4347,1109030400,2147483647,false,560,-1,-1,-1,-1,-1,-1
4349,1109030400,2147483647,false,560,-1,-1,-1,-1,-1,-1
4351,1109030400,2147483647,false,560,-1,-1,-1,-1,-1,-1
4353,1109030400,2147483647,false,560,-1,-1,-1,-1,-1,-1
4355,1109030400,2147483647,false,560,-1,-1,-1,-1,-1,-1
4357,1109030400,2147483647,false,560,-1,-1,-1,-1,-1,-1
4359,1109030400,2147483647,false,560,-1,-1,-1,-1,-1,-1
4361,1109030400,2147483647,false,560,-1,-1,-1,-1,-1,-1
4363,1109030400,2147483647,false,560,-1,-1,-1,-1,-1,-1
4365,1109030400,2147483647,false,560,-1,-1,-1,-1,-1,-1
4367,1109030400,2147483647,false,560,-1,-1,-1,-1,-1,-1
4369,1109030400,2147483647,false,560,-1,-1,-1,-1,-1,-1
4371,1109030400,2147483647,false,560,-1,-1,-1,-1,-1,-1
4373,1109030400,2147483647,false,560,-1,-1,-1,-1,-1,-1
4375,1109030400,2147483647,false,560,-1,-1,-1,-1,-1,-1
4377,1109030400,2147483647,false,560,-1,-1,-1,-1,-1,-1
4379,1109030400,2147483647,false,560,-1,-1,-1,-1,-1,-1
4381,1109030400,2147483647,false,560,-1,-1,-1,-1,-1,-1
4383,1109030400,2147483647,false,560,-1,-1,-1,-1,-1,-1
4385,1109030400,2147483647,false,560,-1,-1,-1,-1,-1,-1
4387,1109030400,2147483647,false,560,-1,-1,-1,-1,-1,-1
4389,1109030400,2147483647,false,560,-1,-1,-1,-1,-1,-1
4391,1109030400,2147483647,false,560,-1,-1,-1,-1,-1,-1
4393,1109030400,2147483647,false,560,-1,-1,-1,-1,-1,-1
4395,1109030400,2147483647,false,560,-1,-1,-1,-1,-1,-1
4397,1109030400,2147483647,false,560,-1,-1,-1,-1,-1,-1
4399,1109030400,2147483647,false,560,-1,-1,-1,-1,-1,-1
4401,1109030400,2147483647,false,560,-1,-1,-1,-1,-1,-1
4403,1109030400,2147483647,false,560,-1,-1,-1,-1,-1,-1
4405,1109030400,2147483647,false,560,-1,-1,-1,-1,-1,-1
4407,1109030400,2147483647,false,560,-1,-1,-1,-1,-1,-1
4409,1109030400,2147483647,false,560,-1,-1,-1,-1,-1,-1
4411,1109030400,2147483647,false,560,-1,-1,-1,-1,-1,-1
4413,1109030400,2147483647,false,560,-1,-1,-1,-1,-1,-1
4415,1109548800,2147483647,true,0,-1,-1,-1,-1,-1,-1
4416,1109548800,2147483647,true,0,-1,-1,-1,-1,-1,-1
4417,1109548800,2147483647,true,98,-1,-1,-1,-1,-1,-1
4419,1109548800,2147483647,true,98,-1,-1,-1,-1,-1,-1
4421,1109548800,2147483647,true,98,-1,-1,-1,-1,-1,-1
4423,1109548800,2147483647,true,98,-1,-1,-1,-1,-1,-1
4425,1109548800,2147483647,true,0,-1,-1,-1,-1,-1,-1
4426,1109548800,2147483647,true,0,-1,-1,-1,-1,-1,-1
4427,1109548800,2147483647,true,0,-1,-1,-1,-1,-1,-1
4428,1109548800,2147483647,true,0,-1,-1,-1,-1,-1,-1
4429,1109548800,2147483647,true,0,-1,-1,-1,-1,-1,-1
4430,1109548800,2147483647,true,0,-1,-1,-1,-1,-1,-1
4431,1109548800,2147483647,true,0,-1,-1,-1,-1,-1,-1
4432,1109548800,2147483647,true,0,-1,-1,-1,-1,-1,-1
4433,1109548800,2147483647,true,0,-1,-1,-1,-1,-1,-1
4434,1109548800,2147483647,true,0,-1,-1,-1,-1,-1,-1
4435,1109548800,2147483647,true,0,-1,-1,-1,-1,-1,-1
4436,1109548800,2147483647,true,0,-1,-1,-1,-1,-1,-1
4438,1109548800,2147483647,true,0,-1,-1,-1,-1,-1,-1
4440,1109548800,2147483647,true,0,-1,-1,-1,-1,-1,-1
4442,1109548800,2147483647,true,0,-1,-1,-1,-1,-1,-1
4443,1109548800,2147483647,true,0,-1,-1,-1,-1,-1,-1
4444,1109548800,2147483647,true,0,-1,-1,-1,-1,-1,-1
4445,1109548800,2147483647,true,0,-1,-1,-1,-1,-1,-1
4446,1109548800,2147483647,true,0,-1,-1,-1,-1,-1,-1
4447,1109548800,2147483647,true,0,-1,-1,-1,-1,-1,-1
4456,1109548800,2147483647,false,0,-1,-1,-1,-1,-1,-1
4458,1109548800,2147483647,false,0,-1,-1,-1,-1,-1,-1
4460,1109548800,2147483647,false,0,-1,-1,-1,-1,-1,-1
4462,1109548800,2147483647,false,0,-1,-1,-1,-1,-1,-1
4464,1109548800,2147483647,true,99,-1,-1,-1,-1,-1,-1
4466,1109548800,2147483647,true,99,-1,-1,-1,-1,-1,-1
4468,1109548800,2147483647,true,99,-1,-1,-1,-1,-1,-1
4470,1109548800,2147483647,true,99,-1,-1,-1,-1,-1,-1
4472,1109548800,2147483647,true,99,-1,-1,-1,-1,-1,-1
4474,1109548800,2147483647,true,99,-1,-1,-1,-1,-1,-1
4476,1109548800,2147483647,true,99,-1,-1,-1,-1,-1,-1
4478,1109548800,2147483647,true,99,-1,-1,-1,-1,-1,-1
4480,1109548800,2147483647,true,99,-1,-1,-1,-1,-1,-1
4482,1109548800,2147483647,true,99,-1,-1,-1,-1,-1,-1
4484,1110153600,2147483647,true,0,-1,-1,-1,-1,-1,-1
4485,1110153600,2147483647,true,86,-1,-1,-1,-1,-1,-1
4486,1110153600,2147483647,true,0,-1,-1,-1,-1,-1,-1
4487,1110153600,2147483647,true,0,-1,-1,-1,-1,-1,-1
4488,1110153600,2147483647,true,0,-1,-1,-1,-1,-1,-1
4489,1110153600,2147483647,true,0,-1,-1,-1,-1,-1,-1
4490,1110153600,2147483647,true,0,-1,-1,-1,-1,-1,-1
4492,1110153600,2147483647,true,0,-1,-1,-1,-1,-1,-1
4494,1110153600,2147483647,true,0,-1,-1,-1,-1,-1,-1
4496,1110153600,2147483647,false,0,-1,-1,-1,-1,-1,-1
4498,1110153600,2147483647,true,0,5680,-1,-1,-1,-1,-1
4500,1110153600,2147483647,true,0,5679,-1,-1,-1,-1,-1
4502,1110153600,2147483647,true,2,5669,-1,-1,-1,-1,-1
4503,1110153600,2147483647,false,21,-1,-1,-1,-1,-1,-1
4504,1110153600,2147483647,false,7,306,-1,-1,-1,-1,-1
4505,1110153600,2147483647,false,7,-1,-1,-1,-1,-1,-1
4506,1110153600,2147483647,false,2,219,-1,-1,-1,-1,-1
4507,1110153600,2147483647,false,18,486,-1,-1,-1,-1,-1
4508,1110153600,2147483647,false,21,-1,-1,-1,-1,-1,-1
4509,1110153600,2147483647,false,7,306,-1,-1,-1,-1,-1
4510,1110153600,2147483647,false,7,-1,-1,-1,-1,-1,-1
4511,1110153600,2147483647,false,2,219,-1,-1,-1,-1,-1
4512,1110153600,2147483647,false,18,486,-1,-1,-1,-1,-1
4513,1110153600,2147483647,false,0,5736,-1,-1,-1,-1,-1
4514,1110153600,2147483647,false,0,5737,-1,-1,-1,-1,-1
4515,1110153600,2147483647,false,0,5736,-1,-1,-1,-1,-1
4516,1110153600,2147483647,false,0,5737,-1,-1,-1,-1,-1
4517,1110758400,2147483647,false,5,-1,-1,-1,-1,-1,-1
4522,1110758400,2147483647,false,0,-1,-1,-1,-1,-1,-1
4524,1110758400,2147483647,false,0,-1,-1,-1,-1,-1,-1
4525,1110758400,2147483647,false,0,-1,-1,-1,-1,-1,-1
4527,1110758400,2147483647,false,0,-1,-1,-1,-1,-1,-1
4529,1110758400,2147483647,false,0,-1,-1,-1,-1,-1,-1
4531,1110758400,2147483647,false,0,-1,-1,-1,-1,-1,-1
4532,1110758400,2147483647,false,0,-1,-1,-1,-1,-1,-1
4534,1110758400,2147483647,false,0,-1,-1,-1,-1,-1,-1
4535,1110758400,2147483647,false,0,-1,-1,-1,-1,-1,-1
4537,1110758400,2147483647,false,0,-1,-1,-1,-1,-1,-1
4539,1110758400,2147483647,false,0,-1,-1,-1,-1,-1,-1
4540,1110758400,2147483647,false,0,-1,-1,-1,-1,-1,-1
4542,1110758400,2147483647,false,0,-1,-1,-1,-1,-1,-1
4544,1110758400,2147483647,false,0,-1,-1,-1,-1,-1,-1
4546,1110758400,2147483647,false,0,-1,-1,-1,-1,-1,-1
4548,1110758400,2147483647,false,0,-1,-1,-1,-1,-1,-1
4550,1110758400,2147483647,false,0,-1,-1,-1,-1,-1,-1
4551,1110758400,2147483647,false,2,5795,-1,-1,-1,-1,-1
4558,1130716800,2147483647,false,54,-1,-1,-1,-1,-1,-1
4559,1130716800,2147483647,false,54,-1,-1,-1,-1,-1,-1
4560,1130716800,2147483647,false,54,-1,-1,-1,-1,-1,-1
4561,1130716800,2147483647,false,54,-1,-1,-1,-1,-1,-1
4562,1130716800,2147483647,false,54,-1,-1,-1,-1,-1,-1
4563,1130716800,2147483647,false,54,-1,-1,-1,-1,-1,-1
4564,1130716800,2147483647,false,54,-1,-1,-1,-1,-1,-1
4565,1397088000,2147483647,false,55,-1,-1,-1,-1,-1,-1
4566,1111363200,2147483647,false,55,-1,-1,-1,-1,-1,-1
4567,1111363200,2147483647,true,2,5818,-1,-1,-1,-1,-1
4568,1111363200,2147483647,true,0,-1,-1,-1,-1,-1,-1
4569,1111363200,2147483647,true,0,-1,-1,-1,-1,-1,-1
4570,1111363200,2147483647,true,0,-1,-1,-1,-1,-1,-1
4571,1111363200,2147483647,true,0,-1,-1,-1,-1,-1,-1
4572,1111363200,2147483647,true,0,-1,-1,-1,-1,-1,-1
4573,1111363200,2147483647,true,0,-1,-1,-1,-1,-1,-1
4574,1111363200,2147483647,true,0,-1,-1,-1,-1,-1,-1
4575,1111363200,2147483647,true,0,-1,-1,-1,-1,-1,-1
4576,1111363200,2147483647,true,0,-1,-1,-1,-1,-1,-1
4577,1111363200,2147483647,true,0,-1,-1,-1,-1,-1,-1
4578,1111363200,2147483647,true,0,-1,-1,-1,-1,-1,-1
4579,1111363200,2147483647,true,0,-1,-1,-1,-1,-1,-1
4580,1116288000,2147483647,false,36,-1,-1,-1,-1,-1,-1
4582,1116288000,2147483647,false,36,-1,-1,-1,-1,-1,-1
4584,1116288000,2147483647,false,36,-1,-1,-1,-1,-1,-1
4585,1112054400,2147483647,false,8,6029,-1,-1,-1,-1,-1
4587,1112054400,2147483647,false,21,-1,-1,-1,-1,-1,-1
4589,1112572800,2147483647,true,0,-1,-1,-1,-1,-1,-1
4590,1112572800,2147483647,true,0,-1,-1,-1,-1,-1,-1
4591,1112572800,2147483647,false,0,-1,-1,-1,-1,-1,-1
4593,1112572800,2147483647,true,0,-1,-1,-1,-1,-1,-1
4595,1112572800,2147483647,true,0,-1,-1,-1,-1,-1,-1
4597,1112572800,2147483647,true,0,-1,-1,-1,-1,-1,-1
4598,1112572800,2147483647,true,0,-1,-1,-1,-1,-1,-1
4599,1112572800,2147483647,false,26,-1,-1,-1,-1,-1,-1
4600,1112572800,2147483647,false,26,-1,-1,-1,-1,-1,-1
4601,1112572800,2147483647,true,0,-1,-1,-1,-1,-1,-1
4602,1112572800,2147483647,true,0,-1,-1,-1,-1,-1,-1
4603,1112572800,2147483647,true,0,-1,-1,-1,-1,-1,-1
4604,1112572800,2147483647,true,0,-1,-1,-1,-1,-1,-1
4605,1112572800,2147483647,true,0,-1,-1,-1,-1,-1,-1
4606,1112572800,2147483647,true,0,-1,-1,-1,-1,-1,-1
4607,1112572800,2147483647,true,0,-1,-1,-1,-1,-1,-1
4608,1112572800,2147483647,false,59,-1,-1,-1,-1,-1,-1
4610,1112572800,2147483647,true,0,-1,-1,-1,-1,-1,-1
4611,1112572800,2147483647,true,0,230,188,6088,-1,-1,-1
4613,1112572800,2147483647,false,0,6136,-1,-1,-1,-1,-1
4614,1112572800,1112572800,false,0,6137,-1,-1,-1,-1,-1
4615,1113177600,2147483647,true,0,-1,-1,-1,-1,-1,-1
4616,1113177600,2147483647,true,0,-1,-1,-1,-1,-1,-1
4617,1113177600,2147483647,true,0,-1,-1,-1,-1,-1,-1
4618,1113177600,2147483647,true,0,-1,-1,-1,-1,-1,-1
4619,1113177600,2147483647,true,0,-1,-1,-1,-1,-1,-1
4620,1113177600,2147483647,true,0,-1,-1,-1,-1,-1,-1
4621,1113177600,2147483647,true,0,-1,-1,-1,-1,-1,-1
4622,1113177600,2147483647,true,82,-1,-1,-1,-1,-1,-1
4623,1113177600,2147483647,true,0,-1,-1,-1,-1,-1,-1
4624,1113177600,2147483647,true,0,-1,-1,-1,-1,-1,-1
4627,1113782400,2147483647,false,0,-1,-1,-1,-1,-1,-1
4653,1113782400,2147483647,false,0,-1,-1,-1,-1,-1,-1
4654,1113782400,2147483647,true,0,-1,-1,-1,-1,-1,-1
4655,1113782400,2147483647,true,0,-1,-1,-1,-1,-1,-1
4656,1113782400,2147483647,true,0,-1,-1,-1,-1,-1,-1
4657,1113782400,2147483647,true,0,-1,-1,-1,-1,-1,-1
4658,1113782400,2147483647,true,0,-1,-1,-1,-1,-1,-1
4659,1113782400,2147483647,true,0,-1,-1,-1,-1,-1,-1
4660,1113782400,2147483647,true,0,-1,-1,-1,-1,-1,-1
4661,1113782400,2147483647,true,0,-1,-1,-1,-1,-1,-1
4662,1113782400,2147483647,true,0,-1,-1,-1,-1,-1,-1
4663,1113782400,2147483647,true,0,-1,-1,-1,-1,-1,-1
4664,1113782400,2147483647,true,0,-1,-1,-1,-1,-1,-1
4665,1113782400,2147483647,true,0,-1,-1,-1,-1,-1,-1
4666,1113782400,2147483647,true,0,-1,-1,-1,-1,-1,-1
4667,1113782400,2147483647,true,0,-1,-1,-1,-1,-1,-1
4668,1113782400,2147483647,true,0,-1,-1,-1,-1,-1,-1
4670,1113782400,2147483647,true,0,-1,-1,-1,-1,-1,-1
4671,1113782400,2147483647,true,0,-1,-1,-1,-1,-1,-1
4672,1113782400,2147483647,true,0,-1,-1,-1,-1,-1,-1
4673,1113782400,2147483647,true,0,-1,-1,-1,-1,-1,-1
4674,1113782400,2147483647,true,0,-1,-1,-1,-1,-1,-1
4675,1113782400,2147483647,false,1,-1,-1,-1,-1,-1,-1
4677,1114473600,2147483647,true,88,-1,-1,-1,-1,-1,-1
4678,1114473600,2147483647,true,89,-1,-1,-1,-1,-1,-1
4679,1114473600,2147483647,true,89,-1,-1,-1,-1,-1,-1
4680,1114473600,2147483647,true,89,-1,-1,-1,-1,-1,-1
4681,1114473600,2147483647,true,89,-1,-1,-1,-1,-1,-1
4682,1114473600,2147483647,true,0,-1,-1,-1,-1,-1,-1
4683,1114473600,2147483647,true,0,-1,-1,-1,-1,-1,-1
4684,1114473600,2147483647,true,0,-1,-1,-1,-1,-1,-1
4686,1114473600,2147483647,true,0,-1,-1,-1,-1,-1,-1
4687,1114473600,2147483647,true,0,-1,-1,-1,-1,-1,-1
4689,1114473600,2147483647,true,0,-1,-1,-1,-1,-1,-1
4691,1114473600,2147483647,true,0,-1,-1,-1,-1,-1,-1
4692,1114473600,2147483647,false,0,-1,-1,-1,-1,-1,-1
4693,1114473600,2147483647,true,0,-1,-1,-1,-1,-1,-1
4694,1118620800,2147483647,false,149,-1,-1,-1,-1,-1,-1
4695,1118620800,2147483647,false,149,-1,-1,-1,-1,-1,-1
4696,1118620800,2147483647,false,149,-1,-1,-1,-1,-1,-1
4697,1118620800,2147483647,false,149,-1,-1,-1,-1,-1,-1
4698,1118620800,2147483647,false,149,-1,-1,-1,-1,-1,-1
4699,1118620800,2147483647,false,149,-1,-1,-1,-1,-1,-1
4700,1115164800,2147483647,true,0,-1,-1,-1,-1,-1,-1
4701,1115164800,2147483647,true,0,-1,-1,-1,-1,-1,-1
4702,1115164800,2147483647,true,0,-1,-1,-1,-1,-1,-1
4703,1115164800,2147483647,true,0,-1,-1,-1,-1,-1,-1
4704,1115164800,2147483647,true,0,6543,-1,-1,-1,-1,-1
4707,1115596800,2147483647,false,0,-1,-1,-1,-1,-1,-1
4708,1115596800,2147483647,false,2,5430,-1,-1,-1,-1,-1
4710,1115596800,2147483647,false,1,-1,-1,-1,-1,-1,-1
4712,1115596800,2147483647,false,7,-1,35817,-1,-1,-1,-1
4714,1115596800,2147483647,false,8,-1,-1,-1,-1,-1,-1
4716,1115596800,2147483647,false,2,6651,-1,-1,-1,-1,-1
4718,1115596800,2147483647,false,35,6702,-1,-1,-1,-1,-1
4720,1115596800,2147483647,false,7,-1,-1,-1,6698,-1,-1
4722,1115596800,2147483647,false,8,6660,-1,-1,6692,-1,-1
4724,1115596800,2147483647,false,2,-1,-1,-1,-1,-1,-1
4726,1115596800,2147483647,false,36,-1,-1,-1,-1,-1,-1
4728,1115596800,2147483647,false,7,-1,6641,-1,-1,-1,-1
4730,1115596800,2147483647,false,8,32937,-1,-1,-1,-1,-1
4732,1115596800,2147483647,false,2,6655,-1,-1,-1,-1,-1
4734,1115596800,2147483647,false,37,-1,-1,-1,-1,-1,-1
4736,1115596800,2147483647,false,7,6674,-1,-1,6700,-1,-1
4738,1115596800,2147483647,false,8,6664,-1,-1,6694,-1,-1
4740,1115596800,2147483647,false,38,-1,-1,-1,-1,-1,-1
4745,1115596800,2147483647,false,2,-1,-1,-1,6689,-1,-1
4747,1115596800,2147483647,false,26,6707,-1,-1,-1,-1,-1
4749,1115596800,2147483647,false,7,-1,6644,-1,-1,-1,-1
4751,1115596800,2147483647,false,8,6662,-1,-1,-1,-1,-1
4753,1115596800,2147483647,false,2,-1,-1,-1,-1,-1,-1
4755,1115596800,2147483647,false,39,6704,-1,-1,-1,-1,-1
4757,1115596800,2147483647,false,7,315,-1,-1,478,-1,-1
4759,1115596800,2147483647,false,8,6667,-1,-1,6696,-1,-1
4773,1116288000,2147483647,false,71,-1,-1,-1,-1,-1,-1
4778,1116288000,2147483647,false,71,-1,-1,-1,-1,-1,-1
4783,1116288000,2147483647,false,71,-1,-1,-1,-1,-1,-1
4788,1116288000,2147483647,false,71,-1,-1,-1,-1,-1,-1
4793,1116288000,2147483647,false,71,-1,-1,-1,-1,-1,-1
4798,1116288000,2147483647,false,71,-1,-1,-1,-1,-1,-1
4803,1116288000,2147483647,false,71,-1,-1,-1,-1,-1,-1
4808,1116288000,2147483647,true,0,-1,-1,-1,-1,-1,-1
4809,1116288000,2147483647,true,0,-1,-1,-1,-1,-1,-1
4810,1116288000,2147483647,true,0,-1,-1,-1,-1,-1,-1
4811,1116288000,2147483647,true,0,-1,-1,-1,-1,-1,-1
4812,1116288000,2147483647,false,6,-1,-1,-1,-1,-1,-1
4814,1116288000,2147483647,true,0,532,-1,-1,-1,-1,-1
4815,1116288000,2147483647,true,0,532,-1,-1,-1,-1,-1
4816,1116288000,2147483647,true,0,532,-1,-1,-1,-1,-1
4817,1116288000,2147483647,true,0,-1,-1,-1,-1,-1,-1
4818,1116288000,2147483647,true,0,-1,-1,-1,-1,-1,-1
4819,1116288000,2147483647,false,74,-1,-1,-1,-1,-1,-1
4820,1116288000,2147483647,false,74,-1,-1,-1,-1,-1,-1
4821,1116288000,2147483647,false,74,-1,-1,-1,-1,-1,-1
4822,1116288000,2147483647,false,74,-1,-1,-1,-1,-1,-1
4823,1116288000,2147483647,false,74,-1,-1,-1,-1,-1,-1
4824,1116288000,2147483647,false,74,-1,-1,-1,-1,-1,-1
4825,1116288000,2147483647,false,0,-1,-1,-1,-1,-1,-1
4827,1116288000,2147483647,false,64,-1,-1,-1,-1,-1,-1
4829,1116288000,2147483647,true,0,-1,-1,-1,-1,-1,-1
4830,1116288000,2147483647,false,6,-1,-1,-1,-1,-1,-1
4832,1116288000,2147483647,false,6,-1,-1,-1,-1,-1,-1
4834,1116288000,2147483647,false,6,-1,-1,-1,-1,-1,-1
4836,1116288000,2147483647,true,0,-1,-1,-1,-1,-1,-1
4837,1116288000,2147483647,true,0,-1,-1,-1,-1,-1,-1
4838,1116288000,2147483647,true,0,-1,-1,-1,-1,-1,-1
4839,1116288000,2147483647,true,0,-1,-1,-1,-1,-1,-1
4840,1116288000,2147483647,false,69,-1,-1,-1,-1,-1,-1
4842,1116288000,2147483647,false,69,-1,-1,-1,-1,-1,-1
4844,1116288000,2147483647,false,69,-1,-1,-1,-1,-1,-1
4846,1116288000,2147483647,false,69,-1,-1,-1,-1,-1,-1
4848,1116288000,2147483647,false,69,-1,-1,-1,-1,-1,-1
4850,1116288000,2147483647,false,0,-1,-1,-1,-1,-1,-1
4852,1116288000,2147483647,false,70,-1,-1,-1,-1,-1,-1
4853,1116288000,2147483647,false,70,-1,-1,-1,-1,-1,-1
4854,1116288000,2147483647,false,70,-1,-1,-1,-1,-1,-1
4855,1116288000,2147483647,false,70,-1,-1,-1,-1,-1,-1
4856,1116288000,2147483647,false,2,5430,-1,-1,-1,-1,-1
4857,1116288000,2147483647,false,2,5430,-1,-1,-1,-1,-1
4858,1116288000,2147483647,false,2,5430,-1,-1,-1,-1,-1
4859,1116288000,2147483647,false,2,5430,-1,-1,-1,-1,-1
4860,1116288000,2147483647,false,2,5430,-1,-1,-1,-1,-1
4862,1116288000,2147483647,false,1,-1,-1,-1,-1,-1,-1
4863,1116288000,2147483647,false,1,-1,-1,-1,-1,-1,-1
4864,1116288000,2147483647,false,1,-1,-1,-1,-1,-1,-1
4865,1116288000,2147483647,false,1,-1,-1,-1,-1,-1,-1
4866,1116288000,2147483647,false,1,-1,-1,-1,-1,-1,-1
4868,1116288000,2147483647,false,7,-1,35817,-1,-1,-1,-1
4869,1116288000,2147483647,false,7,-1,35817,-1,-1,-1,-1
4870,1116288000,2147483647,false,7,-1,35817,-1,-1,-1,-1
4871,1116288000,2147483647,false,7,-1,35817,-1,-1,-1,-1
4872,1116288000,2147483647,false,7,-1,35817,-1,-1,-1,-1
4874,1116288000,2147483647,false,8,-1,-1,-1,-1,-1,-1
4875,1116288000,2147483647,false,8,-1,-1,-1,-1,-1,-1
4876,1116288000,2147483647,false,8,-1,-1,-1,-1,-1,-1
4877,1116288000,2147483647,false,8,-1,-1,-1,-1,-1,-1
4878,1116288000,2147483647,false,8,-1,-1,-1,-1,-1,-1
4880,1116288000,2147483647,false,2,6651,-1,-1,-1,-1,-1
4881,1116288000,2147483647,false,2,6651,-1,-1,-1,-1,-1
4882,1116288000,2147483647,false,2,6651,-1,-1,-1,-1,-1
4883,1116288000,2147483647,false,2,6651,-1,-1,-1,-1,-1
4884,1116288000,2147483647,false,2,6651,-1,-1,-1,-1,-1
4886,1116288000,2147483647,false,35,6702,-1,-1,-1,-1,-1
4887,1116288000,2147483647,false,35,6702,-1,-1,-1,-1,-1
4888,1116288000,2147483647,false,35,6702,-1,-1,-1,-1,-1
4889,1116288000,2147483647,false,35,6702,-1,-1,-1,-1,-1
4890,1116288000,2147483647,false,35,6702,-1,-1,-1,-1,-1
4892,1116288000,2147483647,false,7,-1,-1,-1,6698,-1,-1
4893,1116288000,2147483647,false,7,-1,-1,-1,6698,-1,-1
4894,1116288000,2147483647,false,7,-1,-1,-1,6698,-1,-1
4895,1116288000,2147483647,false,7,-1,-1,-1,6698,-1,-1
4896,1116288000,2147483647,false,7,-1,-1,-1,6698,-1,-1
4898,1116288000,2147483647,false,8,6660,-1,-1,6692,-1,-1
4899,1116288000,2147483647,false,8,6660,-1,-1,6692,-1,-1
4900,1116288000,2147483647,false,8,6660,-1,-1,6692,-1,-1
4901,1116288000,2147483647,false,8,6660,-1,-1,6692,-1,-1
4902,1116288000,2147483647,false,8,6660,-1,-1,6692,-1,-1
4904,1116288000,2147483647,false,2,-1,-1,-1,-1,-1,-1
4905,1116288000,2147483647,false,2,-1,-1,-1,-1,-1,-1
4906,1116288000,2147483647,false,2,-1,-1,-1,-1,-1,-1
4907,1116288000,2147483647,false,2,-1,-1,-1,-1,-1,-1
4908,1116288000,2147483647,false,2,-1,-1,-1,-1,-1,-1
4910,1116288000,2147483647,false,36,-1,-1,-1,-1,-1,-1
4911,1116288000,2147483647,false,36,-1,-1,-1,-1,-1,-1
4912,1116288000,2147483647,false,36,-1,-1,-1,-1,-1,-1
4913,1116288000,2147483647,false,36,-1,-1,-1,-1,-1,-1
4914,1116288000,2147483647,false,36,-1,-1,-1,-1,-1,-1
4916,1116288000,2147483647,false,7,-1,6641,-1,-1,-1,-1
4917,1116288000,2147483647,false,7,-1,6641,-1,-1,-1,-1
4918,1116288000,2147483647,false,7,-1,6641,-1,-1,-1,-1
4919,1116288000,2147483647,false,7,-1,6641,-1,-1,-1,-1
4920,1116288000,2147483647,false,7,-1,6641,-1,-1,-1,-1
4922,1116288000,2147483647,false,8,32937,-1,-1,-1,-1,-1
4923,1116288000,2147483647,false,8,32937,-1,-1,-1,-1,-1
4924,1116288000,2147483647,false,8,32937,-1,-1,-1,-1,-1
4925,1116288000,2147483647,false,8,32937,-1,-1,-1,-1,-1
4926,1116288000,2147483647,false,8,32937,-1,-1,-1,-1,-1
4928,1116288000,2147483647,false,2,6655,-1,-1,-1,-1,-1
4929,1116288000,2147483647,false,2,6655,-1,-1,-1,-1,-1
4930,1116288000,2147483647,false,2,6655,-1,-1,-1,-1,-1
4931,1116288000,2147483647,false,2,6655,-1,-1,-1,-1,-1
4932,1116288000,2147483647,false,2,6655,-1,-1,-1,-1,-1
4934,1116288000,2147483647,false,37,-1,-1,-1,-1,-1,-1
4935,1116288000,2147483647,false,37,-1,-1,-1,-1,-1,-1
4936,1116288000,2147483647,false,37,-1,-1,-1,-1,-1,-1
4937,1116288000,2147483647,false,37,-1,-1,-1,-1,-1,-1
4938,1116288000,2147483647,false,37,6712,-1,-1,-1,-1,-1
4940,1116288000,2147483647,false,7,6674,-1,-1,6700,-1,-1
4941,1116288000,2147483647,false,7,6674,-1,-1,6700,-1,-1
4942,1116288000,2147483647,false,7,6674,-1,-1,6700,-1,-1
4943,1116288000,2147483647,false,7,6674,-1,-1,6700,-1,-1
4944,1116288000,2147483647,false,7,6674,-1,-1,6700,-1,-1
4946,1116288000,2147483647,false,8,6664,-1,-1,6694,-1,-1
4947,1116288000,2147483647,false,8,6664,-1,-1,6694,-1,-1
4948,1116288000,2147483647,false,8,6664,-1,-1,6694,-1,-1
4949,1116288000,2147483647,false,8,6664,-1,-1,6694,-1,-1
4950,1116288000,2147483647,false,8,6664,-1,-1,6694,-1,-1
4952,1116288000,2147483647,false,2,-1,-1,-1,6689,-1,-1
4953,1116288000,2147483647,false,2,-1,-1,-1,6689,-1,-1
4954,1116288000,2147483647,false,2,-1,-1,-1,6689,-1,-1
4955,1116288000,2147483647,false,2,-1,-1,-1,6689,-1,-1
4956,1116288000,2147483647,false,2,-1,-1,-1,6689,-1,-1
4958,1116288000,2147483647,false,26,6707,-1,-1,-1,-1,-1
4959,1116288000,2147483647,false,26,6707,-1,-1,-1,-1,-1
4960,1116288000,2147483647,false,26,6707,-1,-1,-1,-1,-1
4961,1116288000,2147483647,false,26,6707,-1,-1,-1,-1,-1
4962,1116288000,2147483647,false,26,6707,-1,-1,-1,-1,-1
4964,1116288000,2147483647,false,7,-1,6644,-1,-1,-1,-1
4965,1116288000,2147483647,false,7,-1,6644,-1,-1,-1,-1
4966,1116288000,2147483647,false,7,-1,6644,-1,-1,-1,-1
4967,1116288000,2147483647,false,7,-1,6644,-1,-1,-1,-1
4968,1116288000,2147483647,false,7,-1,6644,-1,-1,-1,-1
4970,1116288000,2147483647,false,8,6662,-1,-1,-1,-1,-1
4971,1116288000,2147483647,false,8,6662,-1,-1,-1,-1,-1
4972,1116288000,2147483647,false,8,6662,-1,-1,-1,-1,-1
4973,1116288000,2147483647,false,8,6662,-1,-1,-1,-1,-1
4974,1116288000,2147483647,false,8,6662,-1,-1,-1,-1,-1
4976,1116288000,2147483647,false,2,-1,-1,-1,-1,-1,-1
4977,1116288000,2147483647,false,2,-1,-1,-1,-1,-1,-1
4978,1116288000,2147483647,false,2,-1,-1,-1,-1,-1,-1
4979,1116288000,2147483647,false,2,-1,-1,-1,-1,-1,-1
4980,1116288000,2147483647,false,2,-1,-1,-1,-1,-1,-1
4982,1116288000,2147483647,false,39,6704,-1,-1,-1,-1,-1
4983,1116288000,2147483647,false,39,6704,-1,-1,-1,-1,-1
4984,1116288000,2147483647,false,39,6704,-1,-1,-1,-1,-1
4985,1116288000,2147483647,false,39,6704,-1,-1,-1,-1,-1
4986,1116288000,2147483647,false,39,6704,-1,-1,-1,-1,-1
4988,1116288000,2147483647,false,7,315,-1,-1,478,-1,-1
4989,1116288000,2147483647,false,7,315,-1,-1,478,-1,-1
4990,1116288000,2147483647,false,7,315,-1,-1,478,-1,-1
4991,1116288000,2147483647,false,7,315,-1,-1,478,-1,-1
4992,1116288000,2147483647,false,7,315,-1,-1,478,-1,-1
4994,1116288000,2147483647,false,8,6667,-1,-1,6696,-1,-1
4995,1116288000,2147483647,false,8,6667,-1,-1,6696,-1,-1
4996,1116288000,2147483647,false,8,6667,-1,-1,6696,-1,-1
4997,1116288000,2147483647,false,8,6667,-1,-1,6696,-1,-1
4998,1116288000,2147483647,false,8,6667,-1,-1,6696,-1,-1
5001,1117497600,2147483647,false,0,-1,-1,-1,-1,-1,-1
5002,1117497600,2147483647,false,0,-1,-1,-1,-1,-1,-1
5003,1117497600,2147483647,false,58,-1,-1,-1,-1,-1,-1
5004,1117497600,2147483647,false,58,-1,-1,-1,-1,-1,-1
5008,1117497600,2147483647,true,0,-1,-1,-1,-1,-1,-1
5009,1117497600,2147483647,true,0,-1,-1,-1,-1,-1,-1
5010,1117497600,2147483647,true,0,-1,-1,-1,-1,-1,-1
5011,1117497600,2147483647,true,0,-1,-1,-1,-1,-1,-1
5012,1117497600,2147483647,true,0,-1,-1,-1,-1,-1,-1
5013,1117497600,2147483647,false,2,-1,-1,-1,-1,-1,-1
5014,1117497600,2147483647,false,2,-1,-1,-1,-1,-1,-1
5016,1117497600,2147483647,false,36,-1,-1,-1,-1,-1,-1
5018,1117497600,2147483647,false,26,-1,-1,-1,-1,-1,-1
5020,1117497600,2147483647,false,0,-1,-1,-1,-1,-1,-1
5021,1117497600,2147483647,false,0,-1,-1,-1,-1,-1,-1
5022,1117497600,2147483647,false,0,-1,-1,-1,-1,-1,-1
5023,1117497600,2147483647,false,0,-1,-1,-1,-1,-1,-1
5024,1117497600,2147483647,false,0,7003,-1,-1,-1,-1,-1
5026,1117497600,2147483647,false,0,7003,-1,-1,-1,-1,-1
5028,1117497600,2147483647,false,0,7003,-1,-1,-1,-1,-1
5030,1117497600,2147483647,false,0,7004,-1,-1,7010,-1,-1
5032,1117497600,2147483647,false,0,7004,-1,-1,7010,-1,-1
5034,1117497600,2147483647,false,0,7004,-1,-1,7010,-1,-1
5036,1117497600,2147483647,false,0,7002,-1,-1,7008,-1,-1
5038,1117497600,2147483647,false,0,7002,-1,-1,7008,-1,-1
5040,1117497600,2147483647,false,0,7002,-1,-1,7008,-1,-1
5042,1117497600,2147483647,false,0,7000,-1,-1,-1,-1,-1
5044,1117497600,2147483647,false,0,7000,-1,-1,-1,-1,-1
5046,1117497600,2147483647,false,0,7000,-1,-1,-1,-1,-1
5048,1117497600,2147483647,false,0,7001,-1,-1,-1,-1,-1
5050,1117497600,2147483647,false,0,7001,-1,-1,-1,-1,-1
5052,1117497600,2147483647,false,0,7001,-1,-1,-1,-1,-1
5054,1117497600,2147483647,false,0,-1,-1,-1,-1,-1,-1
5056,1117497600,2147483647,true,0,-1,-1,-1,-1,-1,-1
5057,1117497600,2147483647,true,0,-1,-1,-1,-1,-1,-1
5058,1117497600,2147483647,true,0,-1,-1,-1,-1,-1,-1
5059,1117497600,2147483647,true,0,-1,-1,-1,-1,-1,-1
5060,1117497600,2147483647,true,0,-1,-1,-1,-1,-1,-1
5061,1117497600,2147483647,true,0,-1,-1,-1,-1,-1,-1
5062,1117497600,2147483647,true,0,-1,-1,-1,-1,-1,-1
5063,1117497600,2147483647,true,0,-1,-1,-1,-1,-1,-1
5064,1117497600,2147483647,true,0,-1,-1,-1,-1,-1,-1
5065,1117497600,2147483647,true,0,-1,-1,-1,-1,-1,-1
5066,1117497600,2147483647,true,0,-1,-1,-1,-1,-1,-1
5067,1117497600,2147483647,true,0,-1,-1,-1,-1,-1,-1
5070,1118016000,2147483647,false,2165,-1,-1,-1,-1,-1,-1
5071,1118016000,2147483647,false,2165,-1,-1,-1,-1,-1,-1
5072,1118016000,2147483647,false,2165,-1,-1,-1,-1,-1,-1
5073,1118016000,2147483647,false,2165,-1,-1,-1,-1,-1,-1
5074,1118016000,2147483647,false,2165,-1,-1,-1,-1,-1,-1
5075,1118016000,2147483647,false,0,-1,-1,-1,-1,-1,-1
5076,1118016000,2147483647,false,0,-1,-1,-1,-1,-1,-1
5077,1118016000,2147483647,false,0,-1,-1,-1,-1,-1,-1
5078,1118016000,2147483647,false,0,-1,-1,-1,-1,-1,-1
5087,0,2147483647,false,15,-1,-1,-1,-1,-1,-1
5093,0,2147483647,false,15,-1,-1,-1,-1,-1,-1
5095,0,2147483647,false,15,-1,-1,-1,-1,-1,-1
5096,1118016000,2147483647,false,137,-1,-1,-1,-1,-1,-1
5097,1118016000,2147483647,false,137,-1,-1,-1,-1,-1,-1
5098,1118016000,2147483647,false,137,-1,-1,-1,-1,-1,-1
5099,1118016000,2147483647,false,137,-1,-1,-1,-1,-1,-1
5100,1118016000,2147483647,false,137,-1,-1,-1,-1,-1,-1
5101,1118016000,2147483647,false,138,-1,-1,-1,-1,-1,-1
5102,1118016000,2147483647,false,138,-1,-1,-1,-1,-1,-1
5103,1118016000,2147483647,false,138,-1,-1,-1,-1,-1,-1
5104,1118016000,2147483647,false,138,-1,-1,-1,-1,-1,-1
5105,1118016000,2147483647,false,138,-1,-1,-1,-1,-1,-1
5106,1118016000,2147483647,false,138,-1,-1,-1,-1,-1,-1
5280,1118016000,2147483647,false,2440,-1,-1,-1,-1,-1,-1
5281,1118016000,2147483647,false,2441,-1,-1,-1,-1,-1,-1
5282,1118016000,2147483647,false,2442,-1,-1,-1,-1,-1,-1
5283,1118016000,2147483647,false,1311,-1,-1,-1,-1,-1,-1
5284,1118016000,2147483647,false,1311,-1,-1,-1,-1,-1,-1
5285,1118016000,2147483647,false,1311,-1,-1,-1,-1,-1,-1
5286,1118016000,2147483647,false,1311,-1,-1,-1,-1,-1,-1
5287,1118016000,2147483647,false,1311,-1,-1,-1,-1,-1,-1
5288,1118016000,2147483647,false,1311,-1,-1,-1,-1,-1,-1
5289,1118016000,2147483647,false,1311,-1,-1,-1,-1,-1,-1
5290,1118016000,2147483647,false,1311,-1,-1,-1,-1,-1,-1
5291,1118016000,2147483647,false,20,-1,-1,-1,-1,-1,-1
5292,1118016000,2147483647,false,20,-1,-1,-1,-1,-1,-1
5293,1118016000,2147483647,false,20,-1,-1,-1,-1,-1,-1
5294,1118016000,2147483647,false,20,-1,-1,-1,-1,-1,-1
5295,1118016000,2147483647,false,20,-1,-1,-1,-1,-1,-1
5296,1118016000,2147483647,false,20,-1,-1,-1,-1,-1,-1
5297,1118016000,2147483647,false,20,-1,-1,-1,-1,-1,-1
5298,1118016000,2147483647,false,20,-1,-1,-1,-1,-1,-1
5299,1118016000,2147483647,false,20,-1,-1,-1,-1,-1,-1
5300,1118016000,2147483647,false,20,-1,-1,-1,-1,-1,-1
5301,1118016000,2147483647,false,20,-1,-1,-1,-1,-1,-1
5302,1118016000,2147483647,false,20,-1,-1,-1,-1,-1,-1
5303,1118016000,2147483647,false,20,-1,-1,-1,-1,-1,-1
5304,1118016000,2147483647,false,20,-1,-1,-1,-1,-1,-1
5305,1118016000,2147483647,false,139,-1,-1,-1,-1,-1,-1
5306,1118016000,2147483647,false,139,-1,-1,-1,-1,-1,-1
5307,1118016000,2147483647,false,139,-1,-1,-1,-1,-1,-1
5308,1118016000,2147483647,false,139,-1,-1,-1,-1,-1,-1
5309,1118016000,2147483647,false,139,-1,-1,-1,-1,-1,-1
5310,1118016000,2147483647,false,139,-1,-1,-1,-1,-1,-1
5311,1118016000,2147483647,false,139,-1,-1,-1,-1,-1,-1
5312,1118016000,2147483647,false,1311,-1,-1,-1,-1,-1,-1
5313,1118016000,2147483647,false,1311,-1,-1,-1,-1,-1,-1
5314,1118016000,2147483647,false,1311,-1,-1,-1,-1,-1,-1
5315,1118016000,2147483647,false,1311,-1,-1,-1,-1,-1,-1
5316,1118016000,2147483647,false,1311,-1,-1,-1,-1,-1,-1
5317,1118016000,2147483647,false,1311,-1,-1,-1,-1,-1,-1
5318,1118016000,2147483647,false,140,-1,-1,-1,-1,-1,-1
5319,1118016000,2147483647,false,140,-1,-1,-1,-1,-1,-1
5320,1118016000,2147483647,false,140,-1,-1,-1,-1,-1,-1
5321,1118016000,2147483647,false,140,-1,-1,-1,-1,-1,-1
5322,1118016000,2147483647,false,140,-1,-1,-1,-1,-1,-1
5323,1118016000,2147483647,false,140,-1,-1,-1,-1,-1,-1
5324,1118016000,2147483647,false,140,-1,-1,-1,-1,-1,-1
5325,1121040000,2147483647,false,0,-1,-1,-1,-1,-1,-1
5327,1121040000,1410393600,false,15,-1,-1,-1,-1,-1,-1
5328,1121040000,1410393600,false,15,-1,-1,-1,-1,-1,-1
5329,1118016000,2147483647,false,0,-1,-1,-1,-1,-1,-1
5331,1118016000,2147483647,false,147,7368,-1,-1,-1,-1,-1
5333,1118016000,2147483647,false,147,7368,-1,-1,-1,-1,-1
5334,1118016000,2147483647,false,147,7368,-1,-1,-1,-1,-1
5335,1118016000,2147483647,false,147,7368,-1,-1,-1,-1,-1
5336,1118016000,2147483647,false,147,7368,-1,-1,-1,-1,-1
5337,1118016000,2147483647,false,147,7368,-1,-1,-1,-1,-1
5338,1118016000,2147483647,false,147,7368,-1,-1,-1,-1,-1
5339,1118016000,2147483647,false,147,7368,-1,-1,-1,-1,-1
5340,1118016000,2147483647,false,147,7368,-1,-1,-1,-1,-1
5341,1118016000,2147483647,false,0,-1,-1,-1,-1,-1,-1
5343,1118016000,2147483647,false,0,-1,-1,-1,-1,-1,-1
5345,1118016000,2147483647,false,0,-1,-1,-1,-1,-1,-1
5347,1121040000,2147483647,false,0,-1,-1,-1,-1,-1,-1
5348,1121040000,2147483647,false,0,-1,-1,-1,-1,-1,-1
5350,1121040000,2147483647,false,0,-1,-1,-1,-1,-1,-1
5352,1121040000,2147483647,false,0,-1,-1,-1,-1,-1,-1
5354,1121040000,2147483647,false,0,-1,-1,-1,-1,-1,-1
5356,1118016000,2147483647,false,15,-1,-1,-1,-1,-1,-1
5358,1121040000,2147483647,false,80,-1,-1,-1,-1,-1,-1
5359,1121040000,2147483647,false,80,-1,-1,-1,-1,-1,-1
5360,1121040000,2147483647,false,80,-1,-1,-1,-1,-1,-1
5361,1121040000,2147483647,false,80,-1,-1,-1,-1,-1,-1
5362,1121040000,2147483647,false,80,-1,-1,-1,-1,-1,-1
5363,1121040000,2147483647,false,80,-1,-1,-1,-1,-1,-1
5364,1121040000,2147483647,false,0,-1,-1,-1,-1,-1,-1
5365,1121040000,2147483647,false,0,-1,-1,-1,-1,-1,-1
5366,1121040000,2147483647,false,0,-1,-1,-1,-1,-1,-1
5367,1121040000,2147483647,false,0,-1,-1,-1,-1,-1,-1
5368,1121040000,2147483647,false,0,-1,-1,-1,-1,-1,-1
5369,1121040000,2147483647,false,0,-1,-1,-1,-1,-1,-1
5370,1121040000,2147483647,false,141,-1,-1,-1,-1,-1,-1
5371,1121040000,2147483647,false,141,-1,-1,-1,-1,-1,-1
5372,1121040000,2147483647,false,141,-1,-1,-1,-1,-1,-1
5373,1121040000,2147483647,false,141,-1,-1,-1,-1,-1,-1
5374,1121040000,2147483647,false,141,-1,-1,-1,-1,-1,-1
5375,1121040000,2147483647,false,0,-1,-1,-1,-1,-1,-1
5376,1121040000,2147483647,false,142,-1,-1,-1,-1,-1,-1
5378,1121040000,2147483647,false,143,-1,-1,-1,-1,-1,-1
5380,1121040000,2147483647,false,143,-1,-1,-1,-1,-1,-1
5382,1121040000,2147483647,false,143,-1,-1,-1,-1,-1,-1
5384,1121040000,2147483647,false,143,-1,-1,-1,-1,-1,-1
5386,1121040000,2147483647,false,143,-1,-1,-1,-1,-1,-1
5388,1121040000,2147483647,false,143,-1,-1,-1,-1,-1,-1
5390,1121040000,2147483647,false,143,-1,-1,-1,-1,-1,-1
5392,1121040000,2147483647,false,143,-1,-1,-1,-1,-1,-1
5394,1121040000,2147483647,false,143,-1,-1,-1,-1,-1,-1
5396,1121040000,2147483647,false,143,-1,-1,-1,-1,-1,-1
5398,1121040000,2147483647,false,143,-1,-1,-1,-1,-1,-1
5400,1121040000,2147483647,false,143,-1,-1,-1,-1,-1,-1
5402,1121040000,2147483647,false,143,-1,-1,-1,-1,-1,-1
5404,1121040000,2147483647,false,143,-1,-1,-1,-1,-1,-1
5406,1121040000,2147483647,false,143,-1,-1,-1,-1,-1,-1
5408,1121040000,2147483647,false,143,-1,-1,-1,-1,-1,-1
5410,1121040000,2147483647,false,143,-1,-1,-1,-1,-1,-1
5412,1121040000,2147483647,false,143,-1,-1,-1,-1,-1,-1
5414,1121040000,2147483647,false,143,-1,-1,-1,-1,-1,-1
5416,1121040000,2147483647,false,143,-1,-1,-1,-1,-1,-1
5418,1121040000,2147483647,false,146,-1,-1,-1,-1,-1,-1
5420,1121040000,2147483647,false,143,-1,-1,-1,-1,-1,-1
5422,1121040000,2147483647,false,143,-1,-1,-1,-1,-1,-1
5424,1121040000,2147483647,false,143,-1,-1,-1,-1,-1,-1
5426,1121040000,2147483647,false,143,-1,-1,-1,-1,-1,-1
5428,1121040000,2147483647,false,143,-1,-1,-1,-1,-1,-1
5430,1121040000,2147483647,false,143,-1,-1,-1,-1,-1,-1
5432,1121040000,2147483647,false,143,-1,-1,-1,-1,-1,-1
5434,1121040000,2147483647,false,143,-1,-1,-1,-1,-1,-1
5436,1121040000,2147483647,false,143,-1,-1,-1,-1,-1,-1
5438,1121040000,2147483647,false,143,-1,-1,-1,-1,-1,-1
5440,1121040000,2147483647,false,143,-1,-1,-1,-1,-1,-1
5442,1121040000,2147483647,false,143,-1,-1,-1,-1,-1,-1
5444,1121040000,2147483647,false,143,-1,-1,-1,-1,-1,-1
5446,1121040000,2147483647,false,143,-1,-1,-1,-1,-1,-1
5448,1121040000,2147483647,false,143,-1,-1,-1,-1,-1,-1
5450,1121040000,2147483647,false,143,-1,-1,-1,-1,-1,-1
5452,1121040000,2147483647,false,143,-1,-1,-1,-1,-1,-1
5454,1121040000,2147483647,false,143,-1,-1,-1,-1,-1,-1
5456,1121040000,2147483647,false,143,-1,-1,-1,-1,-1,-1
5458,1121040000,2147483647,false,143,-1,-1,-1,-1,-1,-1
5460,1121040000,2147483647,false,143,-1,-1,-1,-1,-1,-1
5462,1121040000,2147483647,false,143,-1,-1,-1,-1,-1,-1
5464,1121040000,2147483647,false,143,-1,-1,-1,-1,-1,-1
5466,1121040000,2147483647,false,143,-1,-1,-1,-1,-1,-1
5468,1121040000,2147483647,false,143,-1,-1,-1,-1,-1,-1
5470,1121040000,2147483647,false,143,-1,-1,-1,-1,-1,-1
5472,1121040000,2147483647,false,143,-1,-1,-1,-1,-1,-1
5474,1121040000,2147483647,false,143,-1,-1,-1,-1,-1,-1
5476,1121040000,2147483647,false,143,-1,-1,-1,-1,-1,-1
5478,1121040000,2147483647,false,143,-1,-1,-1,-1,-1,-1
5480,1121040000,2147483647,false,80,-1,-1,-1,-1,-1,-1
5481,1121040000,2147483647,false,80,-1,-1,-1,-1,-1,-1
5482,1121040000,2147483647,false,80,-1,-1,-1,-1,-1,-1
5483,1121040000,2147483647,false,80,-1,-1,-1,-1,-1,-1
5484,1121040000,2147483647,false,80,-1,-1,-1,-1,-1,-1
5485,1121040000,2147483647,false,80,-1,-1,-1,-1,-1,-1
5486,1121040000,2147483647,false,80,-1,-1,-1,-1,-1,-1
5487,1121040000,2147483647,false,80,-1,-1,-1,-1,-1,-1
5488,1121040000,2147483647,false,80,-1,-1,-1,-1,-1,-1
5489,1121040000,2147483647,false,80,-1,-1,-1,-1,-1,-1
5490,1121040000,2147483647,false,80,-1,-1,-1,-1,-1,-1
5491,1121040000,2147483647,false,80,-1,-1,-1,-1,-1,-1
5492,1121040000,2147483647,false,80,-1,-1,-1,-1,-1,-1
5493,1121040000,2147483647,false,80,-1,-1,-1,-1,-1,-1
5494,1121040000,2147483647,false,80,-1,-1,-1,-1,-1,-1
5495,1121040000,2147483647,false,80,-1,-1,-1,-1,-1,-1
5496,1121040000,2147483647,false,144,-1,-1,-1,-1,-1,-1
5497,1121040000,2147483647,false,144,-1,-1,-1,-1,-1,-1
5498,1121040000,2147483647,false,144,-1,-1,-1,-1,-1,-1
5499,1121040000,2147483647,false,144,-1,-1,-1,-1,-1,-1
5500,1121040000,2147483647,false,144,-1,-1,-1,-1,-1,-1
5501,1121040000,2147483647,false,144,-1,-1,-1,-1,-1,-1
5502,1121040000,2147483647,false,144,-1,-1,-1,-1,-1,-1
5503,1121040000,2147483647,false,145,-1,-1,-1,-1,-1,-1
5504,1121040000,2147483647,false,86,-1,-1,-1,-1,-1,-1
5506,1118016000,2147483647,false,0,-1,-1,-1,-1,-1,-1
5507,1118016000,2147483647,false,0,-1,-1,-1,-1,-1,-1
5508,1118016000,2147483647,false,0,-1,-1,-1,-1,-1,-1
5509,1118620800,2147483647,false,0,-1,-1,-1,-1,-1,-1
5510,1118620800,2147483647,false,0,-1,-1,-1,-1,-1,-1
5511,1118620800,2147483647,false,0,-1,-1,-1,-1,-1,-1
5512,1118620800,2147483647,false,0,-1,-1,-1,-1,-1,-1
5513,1118620800,2147483647,false,0,-1,-1,-1,-1,-1,-1
5514,1118620800,2147483647,false,0,-1,-1,-1,-1,-1,-1
5515,1118620800,2147483647,false,0,-1,-1,-1,-1,-1,-1
5516,1118620800,2147483647,false,0,-1,-1,-1,-1,-1,-1
5518,1118620800,2147483647,false,0,-1,-1,-1,-1,-1,-1
5519,1118620800,2147483647,false,0,-1,-1,-1,-1,-1,-1
5520,1118620800,2147483647,false,0,-1,-1,-1,-1,-1,-1
5521,1118620800,2147483647,false,0,-1,-1,-1,-1,-1,-1
5523,1118620800,2147483647,false,0,-1,-1,-1,-1,-1,-1
5525,1118620800,2147483647,false,0,-1,-1,-1,-1,-1,-1
5527,1118620800,2147483647,false,1611,-1,-1,-1,-1,-1,-1
5529,1118620800,2147483647,false,1611,-1,-1,-1,-1,-1,-1
5531,1118620800,2147483647,false,1611,-1,-1,-1,-1,-1,-1
5533,1118620800,2147483647,false,1611,-1,-1,-1,-1,-1,-1
5535,1118620800,2147483647,false,1611,-1,-1,-1,-1,-1,-1
5537,1118620800,2147483647,false,1611,-1,-1,-1,-1,-1,-1
5539,1118620800,2147483647,false,1611,-1,-1,-1,-1,-1,-1
5541,1118620800,2147483647,false,1611,-1,-1,-1,-1,-1,-1
5543,1118620800,2147483647,false,1611,-1,-1,-1,-1,-1,-1
5545,1118620800,2147483647,false,1611,-1,-1,-1,-1,-1,-1
5546,0,2147483647,false,2157,-1,-1,-1,-1,-1,-1
5547,1129507200,2147483647,false,1611,-1,-1,-1,-1,-1,-1
5549,1647993600,2147483647,false,1611,-1,-1,-1,-1,-1,-1
5551,0,2147483647,false,2158,-1,-1,-1,-1,-1,-1
5552,0,2147483647,false,2157,-1,-1,-1,-1,-1,-1
5553,1119398400,2147483647,false,7,-1,7605,-1,-1,-1,-1
5554,1119398400,2147483647,false,2,7608,-1,-1,-1,-1,-1
5555,1119398400,2147483647,false,8,-1,-1,-1,-1,-1,-1
5556,1119398400,2147483647,false,16,-1,-1,-1,-1,-1,-1
5557,1119398400,2147483647,false,17,-1,-1,-1,-1,-1,-1
5558,1119398400,2147483647,false,0,-1,-1,-1,-1,-1,-1
5559,1119398400,2147483647,false,0,-1,-1,-1,-1,-1,-1
5560,1119398400,2147483647,false,0,-1,-1,-1,-1,-1,-1
5561,1119398400,2147483647,false,0,516,-1,-1,-1,-1,-1
5562,1119398400,2147483647,false,0,-1,-1,-1,-1,-1,-1
5563,1119398400,2147483647,false,0,-1,-1,-1,-1,-1,-1
5564,1119398400,2147483647,false,0,-1,-1,-1,-1,-1,-1
5565,1119398400,2147483647,false,0,-1,-1,-1,-1,-1,-1
5566,1119398400,2147483647,false,0,-1,-1,-1,-1,-1,-1
5567,1119398400,2147483647,false,0,-1,-1,-1,-1,-1,-1
5568,1119398400,2147483647,false,0,-1,-1,-1,-1,-1,-1
5569,1119398400,2147483647,false,0,-1,-1,-1,-1,-1,-1
5570,1119398400,2147483647,false,0,-1,-1,-1,-1,-1,-1
5571,1119398400,2147483647,false,0,-1,-1,-1,-1,-1,-1
5573,0,2147483647,false,15,-1,-1,-1,-1,-1,-1
5574,1119830400,2147483647,true,2,-1,-1,-1,-1,-1,-1
5575,1119830400,2147483647,true,7,3379,-1,-1,-1,-1,-1
5576,1119830400,2147483647,false,8,-1,-1,-1,-1,-1,-1
5577,1119830400,2147483647,true,0,-1,-1,-1,-1,-1,-1
5578,1119830400,2147483647,true,0,-1,-1,-1,-1,-1,-1
5579,1119830400,2147483647,true,0,-1,-1,-1,-1,-1,-1
5580,1119830400,2147483647,true,0,-1,-1,-1,-1,-1,-1
5581,1119830400,2147483647,true,0,-1,-1,-1,-1,-1,-1
5582,1119830400,2147483647,true,0,-1,-1,-1,-1,-1,-1
5583,1119830400,2147483647,true,0,-1,-1,-1,-1,-1,-1
5584,1119830400,2147483647,true,0,-1,-1,-1,-1,-1,-1
5585,1119830400,2147483647,true,0,-1,-1,-1,-1,-1,-1
5586,1119830400,2147483647,true,0,-1,-1,-1,-1,-1,-1
5587,1119830400,2147483647,true,0,-1,-1,-1,-1,-1,-1
5588,1119830400,2147483647,true,0,-1,-1,-1,-1,-1,-1
5589,1119830400,2147483647,true,0,-1,-1,-1,-1,-1,-1
5590,1119830400,2147483647,true,0,-1,-1,-1,-1,-1,-1
5591,1119830400,2147483647,true,0,-1,-1,-1,-1,-1,-1
5592,1119830400,2147483647,true,0,-1,-1,-1,-1,-1,-1
5593,1119830400,2147483647,true,0,-1,-1,-1,-1,-1,-1
5594,1119830400,2147483647,true,0,-1,-1,-1,-1,-1,-1
5595,1119830400,2147483647,true,0,-1,-1,-1,-1,-1,-1
5596,1119830400,2147483647,true,0,-1,-1,-1,-1,-1,-1
5597,1119830400,2147483647,true,0,-1,-1,-1,-1,-1,-1
5598,1119830400,2147483647,true,0,-1,-1,-1,-1,-1,-1
5599,1119830400,2147483647,true,0,-1,-1,-1,-1,-1,-1
5600,1119830400,2147483647,true,0,-1,-1,-1,-1,-1,-1
5601,1119830400,2147483647,true,0,-1,-1,-1,-1,-1,-1
5602,1119830400,2147483647,true,0,-1,-1,-1,-1,-1,-1
5603,1119830400,2147483647,true,0,-1,-1,-1,-1,-1,-1
5604,1119830400,2147483647,true,0,-1,-1,-1,-1,-1,-1
5605,1119830400,2147483647,true,0,-1,-1,-1,-1,-1,-1
5607,1119830400,2147483647,true,0,-1,-1,-1,-1,-1,-1
5608,1119830400,2147483647,true,0,-1,-1,-1,-1,-1,-1
5609,1119830400,2147483647,true,0,-1,-1,-1,-1,-1,-1
5610,1119830400,2147483647,true,0,-1,-1,-1,-1,-1,-1
5614,1120521600,2147483647,false,0,7733,-1,-1,-1,-1,-1
5615,1121040000,2147483647,false,70,-1,-1,-1,-1,-1,-1
5616,1121040000,2147483647,false,62,-1,-1,-1,-1,-1,-1
5617,1121040000,2147483647,false,62,-1,-1,-1,-1,-1,-1
5618,1121040000,2147483647,false,62,-1,-1,-1,-1,-1,-1
5619,1121040000,2147483647,false,62,-1,-1,-1,-1,-1,-1
5620,1121040000,2147483647,false,62,-1,-1,-1,-1,-1,-1
5621,1121040000,2147483647,false,62,-1,-1,-1,-1,-1,-1
5622,1121040000,2147483647,false,62,-1,-1,-1,-1,-1,-1
5623,1121040000,2147483647,false,62,-1,-1,-1,-1,-1,-1
5624,1121040000,2147483647,false,62,-1,-1,-1,-1,-1,-1
5625,1121040000,2147483647,false,62,-1,-1,-1,-1,-1,-1
5626,1121040000,2147483647,false,62,-1,-1,-1,-1,-1,-1
5627,1121040000,2147483647,false,62,-1,-1,-1,-1,-1,-1
5628,1121040000,2147483647,false,24,-1,-1,-1,-1,-1,-1
5629,1121040000,2147483647,false,24,-1,-1,-1,-1,-1,-1
5630,1121040000,2147483647,false,24,-1,-1,-1,-1,-1,-1
5631,1121040000,2147483647,false,24,-1,-1,-1,-1,-1,-1
5632,1121040000,2147483647,false,24,-1,-1,-1,-1,-1,-1
5633,1121040000,2147483647,false,24,-1,-1,-1,-1,-1,-1
5634,1121040000,2147483647,false,24,-1,-1,-1,-1,-1,-1
5635,1121040000,2147483647,false,24,-1,-1,-1,-1,-1,-1
5636,1121040000,2147483647,false,24,-1,-1,-1,-1,-1,-1
5637,1121040000,2147483647,false,24,-1,-1,-1,-1,-1,-1
5638,1121040000,2147483647,false,24,-1,-1,-1,-1,-1,-1
5639,1121040000,2147483647,false,24,-1,-1,-1,-1,-1,-1
5640,1121040000,2147483647,false,24,-1,-1,-1,-1,-1,-1
5641,1121040000,2147483647,false,24,-1,-1,-1,-1,-1,-1
5642,1121040000,2147483647,false,601,-1,-1,-1,-1,-1,-1
5643,1121040000,2147483647,false,601,-1,-1,-1,-1,-1,-1
5644,1121040000,2147483647,false,601,-1,-1,-1,-1,-1,-1
5645,1121040000,2147483647,false,601,-1,-1,-1,-1,-1,-1
5646,1121040000,2147483647,false,601,-1,-1,-1,-1,-1,-1
5647,1121040000,2147483647,false,601,-1,-1,-1,-1,-1,-1
5648,1121040000,2147483647,false,601,-1,-1,-1,-1,-1,-1
5649,1121040000,2147483647,false,601,-1,-1,-1,-1,-1,-1
5650,1121040000,2147483647,false,601,-1,-1,-1,-1,-1,-1
5651,1121040000,2147483647,false,601,-1,-1,-1,-1,-1,-1
5652,1121040000,2147483647,false,601,-1,-1,-1,-1,-1,-1
5653,1121040000,2147483647,false,601,-1,-1,-1,-1,-1,-1
5654,1121040000,2147483647,false,24,-1,-1,-1,-1,-1,-1
5655,1121040000,2147483647,false,24,-1,-1,-1,-1,-1,-1
5656,1121040000,2147483647,false,24,-1,-1,-1,-1,-1,-1
5657,1121040000,2147483647,false,24,-1,-1,-1,-1,-1,-1
5658,1121040000,2147483647,false,24,-1,-1,-1,-1,-1,-1
5659,1121040000,2147483647,false,24,-1,-1,-1,-1,-1,-1
5660,1121040000,2147483647,false,24,-1,-1,-1,-1,-1,-1
5661,1121040000,2147483647,false,24,-1,-1,-1,-1,-1,-1
5662,1121040000,2147483647,false,24,-1,-1,-1,-1,-1,-1
5663,1121040000,2147483647,false,24,-1,-1,-1,-1,-1,-1
5664,1121040000,2147483647,false,24,-1,-1,-1,-1,-1,-1
5665,1121040000,2147483647,false,24,-1,-1,-1,-1,-1,-1
5666,1121040000,2147483647,false,24,-1,-1,-1,-1,-1,-1
5667,1121040000,2147483647,false,24,-1,-1,-1,-1,-1,-1
5668,1121040000,2147483647,false,25,504,-1,-1,-1,-1,-1
5670,1121040000,2147483647,false,25,504,-1,-1,-1,-1,-1
5672,1121040000,2147483647,false,25,504,-1,-1,-1,-1,-1
5674,1121040000,2147483647,false,25,504,-1,-1,-1,-1,-1
5676,1121040000,2147483647,false,25,504,-1,-1,-1,-1,-1
5678,1121040000,2147483647,false,25,504,-1,-1,-1,-1,-1
5680,1121040000,2147483647,false,25,-1,-1,-1,-1,-1,-1
5682,1121040000,2147483647,false,25,504,-1,-1,-1,-1,-1
5684,1121040000,2147483647,false,25,504,-1,-1,-1,-1,-1
5686,1121040000,2147483647,false,25,504,-1,-1,-1,-1,-1
5688,1121040000,2147483647,false,25,504,-1,-1,-1,-1,-1
5690,1121040000,2147483647,false,25,504,-1,-1,-1,-1,-1
5692,1121040000,2147483647,false,25,504,-1,-1,-1,-1,-1
5694,1121040000,2147483647,false,25,504,-1,-1,-1,-1,-1
5696,1121040000,2147483647,false,25,504,-1,-1,-1,-1,-1
5698,1121040000,2147483647,false,25,-1,-1,-1,-1,-1,-1
5700,1121040000,2147483647,false,25,504,-1,-1,-1,-1,-1
5702,1121040000,2147483647,false,25,504,-1,-1,-1,-1,-1
5704,1121040000,2147483647,false,36,-1,-1,-1,-1,-1,-1
5706,1121040000,2147483647,false,36,-1,-1,-1,-1,-1,-1
5708,1121040000,2147483647,false,36,-1,-1,-1,-1,-1,-1
5710,1121040000,2147483647,false,36,-1,-1,-1,-1,-1,-1
5712,1121040000,2147483647,false,36,-1,-1,-1,-1,-1,-1
5714,1121040000,2147483647,false,36,-1,-1,-1,-1,-1,-1
5716,1121040000,2147483647,false,36,-1,-1,-1,-1,-1,-1
5718,1121040000,2147483647,false,36,-1,-1,-1,-1,-1,-1
5720,1121040000,2147483647,false,36,-1,-1,-1,-1,-1,-1
5722,1121040000,2147483647,false,36,-1,-1,-1,-1,-1,-1
5724,1121040000,2147483647,false,36,-1,-1,-1,-1,-1,-1
5726,1121040000,2147483647,false,36,-1,-1,-1,-1,-1,-1
5728,1121040000,2147483647,false,36,-1,-1,-1,-1,-1,-1
5730,1121040000,2147483647,false,36,-1,-1,-1,-1,-1,-1
5732,1121040000,2147483647,false,0,-1,-1,-1,-1,-1,-1
5733,1121040000,2147483647,false,15,-1,-1,-1,-1,-1,-1
5734,1121040000,2147483647,false,36,-1,-1,-1,-1,-1,-1
5736,1121040000,2147483647,false,36,-1,-1,-1,-1,-1,-1
5739,1121040000,2147483647,false,0,-1,-1,-1,-1,-1,-1
5741,1121040000,2147483647,false,0,-1,-1,-1,-1,-1,-1
5743,1121040000,2147483647,false,0,-1,-1,-1,-1,-1,-1
5745,1121040000,2147483647,false,0,-1,-1,-1,-1,-1,-1
5747,1121040000,2147483647,false,0,-1,-1,-1,-1,-1,-1
5749,1121040000,2147483647,false,0,-1,-1,-1,-1,-1,-1
5751,1121040000,2147483647,false,0,-1,-1,-1,-1,-1,-1
5753,1121040000,2147483647,false,0,-1,-1,-1,-1,-1,-1
5755,1121040000,2147483647,false,0,-1,-1,-1,-1,-1,-1
5757,1121040000,2147483647,false,0,-1,-1,-1,-1,-1,-1
5759,1121040000,2147483647,false,0,-1,-1,-1,-1,-1,-1
5761,1121040000,2147483647,false,0,-1,-1,-1,-1,-1,-1
5763,1121040000,2147483647,false,0,-1,-1,-1,-1,-1,-1
5765,1121040000,2147483647,false,0,-1,-1,-1,-1,-1,-1
5767,1121040000,2147483647,true,0,-1,-1,-1,-1,-1,-1
5769,1121040000,2147483647,false,0,2800,-1,-1,-1,-1,-1
5771,1121040000,2147483647,false,121,2736,-1,-1,-1,-1,-1
5773,1121040000,2147483647,false,121,-1,-1,-1,-1,-1,-1
5775,1121040000,2147483647,false,121,-1,-1,-1,-1,-1,-1
5777,1121040000,2147483647,false,121,-1,-1,-1,-1,-1,-1
5779,1121040000,2147483647,false,121,-1,-1,-1,-1,-1,-1
5781,1121040000,2147483647,false,121,-1,-1,-1,-1,-1,-1
5783,1121040000,2147483647,false,121,-1,-1,-1,-1,-1,-1
5785,1121040000,2147483647,false,121,-1,-1,-1,-1,-1,-1
5787,1121040000,2147483647,false,121,-1,-1,-1,-1,-1,-1
5789,1121040000,2147483647,false,121,-1,-1,-1,-1,-1,-1
5791,1121040000,2147483647,false,121,-1,-1,-1,-1,-1,-1
5793,1121040000,2147483647,false,121,-1,-1,-1,-1,-1,-1
5795,1121040000,2147483647,false,121,-1,-1,-1,-1,-1,-1
5797,1121040000,2147483647,false,121,-1,-1,-1,-1,-1,-1
5799,1121040000,2147483647,false,121,-1,-1,-1,-1,-1,-1
5801,1121040000,2147483647,false,121,-1,-1,-1,-1,-1,-1
5803,1121040000,2147483647,false,121,-1,-1,-1,-1,-1,-1
5805,1121040000,2147483647,false,121,-1,-1,-1,-1,-1,-1
5807,1121040000,2147483647,false,121,-1,-1,-1,-1,-1,-1
5809,1121040000,2147483647,false,121,-1,-1,-1,-1,-1,-1
5811,1121040000,2147483647,false,121,-1,-1,-1,-1,-1,-1
5813,1121040000,2147483647,false,121,-1,-1,-1,-1,-1,-1
5815,1121040000,2147483647,false,121,-1,-1,-1,-1,-1,-1
5817,1121040000,2147483647,false,121,-1,-1,-1,-1,-1,-1
5819,1121040000,2147483647,false,121,-1,-1,-1,-1,-1,-1
5821,1121040000,2147483647,false,121,-1,-1,-1,-1,-1,-1
5823,1121040000,2147483647,false,121,-1,-1,-1,-1,-1,-1
5825,1121040000,2147483647,false,121,-1,-1,-1,-1,-1,-1
5827,1121040000,2147483647,false,121,-1,-1,-1,-1,-1,-1
5829,1121040000,2147483647,false,121,-1,-1,-1,-1,-1,-1
5831,1121040000,2147483647,false,121,-1,-1,-1,-1,-1,-1
5833,1121040000,2147483647,false,121,-1,-1,-1,-1,-1,-1
5835,1121040000,2147483647,false,121,-1,-1,-1,-1,-1,-1
5837,1121040000,2147483647,false,121,-1,-1,-1,-1,-1,-1
5839,1121040000,2147483647,false,121,-1,-1,-1,-1,-1,-1
5841,1121040000,2147483647,false,121,-1,-1,-1,-1,-1,-1
5843,1121040000,2147483647,false,121,-1,-1,-1,-1,-1,-1
5845,1121040000,2147483647,false,121,-1,-1,-1,-1,-1,-1
5847,1121040000,2147483647,false,121,-1,-1,-1,-1,-1,-1
5849,1121040000,2147483647,false,121,-1,-1,-1,-1,-1,-1
5851,1121040000,2147483647,false,121,-1,-1,-1,-1,-1,-1
5853,1121040000,2147483647,false,121,-1,-1,-1,-1,-1,-1
5855,1121040000,2147483647,false,121,-1,-1,-1,-1,-1,-1
5857,1121040000,2147483647,false,121,-1,-1,-1,-1,-1,-1
5859,1121040000,2147483647,false,121,-1,-1,-1,-1,-1,-1
5861,1121040000,2147483647,false,121,-1,-1,-1,-1,-1,-1
5863,1121040000,2147483647,false,121,-1,-1,-1,-1,-1,-1
5865,1121040000,2147483647,false,121,-1,-1,-1,-1,-1,-1
5867,1121040000,2147483647,false,121,-1,-1,-1,-1,-1,-1
5869,1121040000,2147483647,false,121,-1,-1,-1,-1,-1,-1
5871,1121040000,2147483647,false,121,-1,-1,-1,-1,-1,-1
5873,1121040000,2147483647,false,121,-1,-1,-1,-1,-1,-1
5875,1121040000,2147483647,false,121,-1,-1,-1,-1,-1,-1
5877,1121040000,2147483647,false,121,-1,-1,-1,-1,-1,-1
5879,1121040000,2147483647,false,121,-1,-1,-1,-1,-1,-1
5881,1121040000,2147483647,false,121,-1,-1,-1,-1,-1,-1
5883,1121040000,2147483647,false,121,-1,-1,-1,-1,-1,-1
5885,1121040000,2147483647,false,121,-1,-1,-1,-1,-1,-1
5887,1121040000,2147483647,false,121,-1,-1,-1,-1,-1,-1
5889,1121040000,2147483647,false,121,-1,-1,-1,-1,-1,-1
5891,1121040000,2147483647,false,121,-1,-1,-1,-1,-1,-1
5893,1121040000,2147483647,false,121,-1,-1,-1,-1,-1,-1
5895,1121040000,2147483647,false,121,-1,-1,-1,-1,-1,-1
5897,1121040000,2147483647,false,121,-1,-1,-1,-1,-1,-1
5899,1121040000,2147483647,false,121,-1,-1,-1,-1,-1,-1
5901,1121040000,2147483647,false,121,-1,-1,-1,-1,-1,-1
5903,1121040000,2147483647,false,121,-1,-1,-1,-1,-1,-1
5905,1121040000,2147483647,false,121,-1,-1,-1,-1,-1,-1
5907,1121040000,2147483647,false,121,-1,-1,-1,-1,-1,-1
5909,1121040000,2147483647,false,121,-1,-1,-1,-1,-1,-1
5911,1121040000,2147483647,false,121,-1,-1,-1,-1,-1,-1
5913,1121040000,2147483647,false,121,-1,-1,-1,-1,-1,-1
5915,1121040000,2147483647,false,121,-1,-1,-1,-1,-1,-1
5917,1121040000,2147483647,false,121,-1,-1,-1,-1,-1,-1
5919,1121040000,2147483647,false,121,-1,-1,-1,-1,-1,-1
5921,1121040000,2147483647,false,121,-1,-1,-1,-1,-1,-1
5923,1121040000,2147483647,false,121,-1,-1,-1,-1,-1,-1
5925,1121040000,2147483647,false,121,-1,-1,-1,-1,-1,-1
5927,1121040000,2147483647,false,121,-1,-1,-1,-1,-1,-1
5929,1121040000,2147483647,false,121,-1,-1,-1,-1,-1,-1
5931,1121040000,2147483647,false,0,-1,-1,-1,-1,-1,-1
5933,1121040000,2147483647,false,0,-1,-1,-1,-1,-1,-1
5935,1121040000,2147483647,false,69,-1,-1,-1,-1,-1,-1
5936,1121040000,2147483647,false,69,-1,-1,-1,-1,-1,-1
5937,1121040000,2147483647,false,69,-1,-1,-1,-1,-1,-1
5939,1121040000,2147483647,false,69,-1,-1,-1,-1,-1,-1
5940,1121040000,2147483647,false,69,-1,-1,-1,-1,-1,-1
5942,1121040000,2147483647,false,69,-1,-1,-1,-1,-1,-1
5943,1121040000,2147483647,false,69,-1,-1,-1,-1,-1,-1
5945,1121040000,2147483647,false,69,-1,-1,-1,-1,-1,-1
5947,1121040000,2147483647,false,69,-1,-1,-1,-1,-1,-1
5949,1121040000,2147483647,false,69,-1,-1,-1,-1,-1,-1
5951,1121040000,2147483647,false,69,-1,-1,-1,-1,-1,-1
5952,1121040000,2147483647,false,69,-1,-1,-1,-1,-1,-1
5954,1121040000,2147483647,false,69,-1,-1,-1,-1,-1,-1
5956,1121040000,2147483647,false,69,-1,-1,-1,-1,-1,-1
5958,1121040000,2147483647,false,69,-1,-1,-1,-1,-1,-1
5960,1121040000,2147483647,false,143,-1,-1,-1,-1,-1,-1
5962,1121040000,2147483647,false,143,-1,-1,-1,-1,-1,-1
5964,1121040000,2147483647,false,143,-1,-1,-1,-1,-1,-1
5966,1121040000,2147483647,false,143,-1,-1,-1,-1,-1,-1
5968,1121040000,2147483647,false,143,-1,-1,-1,-1,-1,-1
5970,1121040000,2147483647,false,0,-1,-1,-1,-1,-1,-1
5972,1121040000,2147483647,false,86,-1,-1,-1,-1,-1,-1
5974,1121040000,2147483647,false,86,-1,-1,-1,-1,-1,-1
5976,1121040000,2147483647,false,86,-1,-1,-1,-1,-1,-1
5978,1121040000,2147483647,false,0,-1,-1,-1,-1,-1,-1
5980,1121040000,2147483647,false,86,-1,-1,-1,-1,-1,-1
5982,1121040000,2147483647,false,86,-1,-1,-1,-1,-1,-1
5984,1121040000,2147483647,false,86,-1,-1,-1,-1,-1,-1
5986,1121040000,2147483647,false,0,-1,-1,-1,-1,-1,-1
5988,1121040000,2147483647,false,131,-1,-1,-1,-1,-1,-1
5990,1121040000,2147483647,false,0,-1,-1,-1,-1,-1,-1
5992,1121040000,2147483647,false,0,-1,-1,-1,-1,-1,-1
5994,1121040000,2147483647,false,0,-1,-1,-1,-1,-1,-1
5996,1121040000,2147483647,false,0,-1,-1,-1,-1,-1,-1
5998,1121040000,2147483647,false,0,-1,-1,-1,-1,-1,-1
6000,1121040000,2147483647,false,0,-1,-1,-1,-1,-1,-1
6002,1121040000,2147483647,false,0,-1,-1,-1,-1,-1,-1
6004,1121040000,2147483647,false,0,-1,-1,-1,-1,-1,-1
6006,1121040000,2147483647,false,0,-1,-1,-1,-1,-1,-1
6008,1121040000,2147483647,false,0,-1,-1,-1,-1,-1,-1
6010,1121040000,2147483647,false,0,-1,-1,-1,-1,-1,-1
6012,1121040000,2147483647,false,0,-1,-1,-1,-1,-1,-1
6014,1121040000,2147483647,false,0,-1,-1,-1,-1,-1,-1
6016,1121040000,2147483647,false,0,-1,-1,-1,-1,-1,-1
6018,1121040000,2147483647,false,0,-1,-1,-1,-1,-1,-1
6020,1121040000,2147483647,false,1774,-1,-1,-1,-1,-1,-1
6022,1121040000,2147483647,false,1774,-1,-1,-1,-1,-1,-1
6024,1121040000,2147483647,false,1774,-1,-1,-1,-1,-1,-1
6026,1121040000,2147483647,false,1774,-1,-1,-1,-1,-1,-1
6028,1121040000,2147483647,false,1774,-1,-1,-1,-1,-1,-1
6030,1121040000,2147483647,false,1774,-1,-1,-1,-1,-1,-1
6032,1121040000,2147483647,false,0,-1,-1,-1,-1,-1,-1
6034,1121040000,2147483647,false,0,-1,-1,-1,-1,-1,-1
6036,1121040000,2147483647,false,0,-1,-1,-1,-1,-1,-1
6038,1121040000,2147483647,false,0,-1,-1,-1,-1,-1,-1
6040,1121040000,2147483647,false,0,290,-1,-1,-1,-1,-1
6041,1121040000,2147483647,false,0,290,-1,-1,-1,-1,-1
6043,1121040000,2147483647,false,757,-1,-1,-1,-1,-1,-1
6045,1121040000,2147483647,false,757,-1,-1,-1,-1,-1,-1
6047,1121040000,2147483647,false,757,-1,-1,-1,-1,-1,-1
6049,1121040000,2147483647,false,757,-1,-1,-1,-1,-1,-1
6051,1121040000,2147483647,false,757,-1,-1,-1,-1,-1,-1
6053,1121040000,2147483647,false,757,-1,-1,-1,-1,-1,-1
6055,1121040000,2147483647,false,0,-1,-1,-1,-1,-1,-1
6057,1121040000,2147483647,false,0,-1,-1,-1,-1,-1,-1
6058,1121040000,2147483647,false,0,-1,-1,-1,-1,-1,-1
6059,1121040000,2147483647,false,0,-1,-1,-1,-1,-1,-1
6061,1121040000,2147483647,false,63,-1,-1,-1,-1,-1,-1
6062,1121040000,2147483647,false,63,-1,-1,-1,-1,-1,-1
6064,1121731200,2147483647,true,0,-1,-1,-1,-1,-1,-1
6065,1121731200,2147483647,true,0,295,-1,-1,-1,-1,-1
6066,1121731200,2147483647,true,0,-1,-1,-1,-1,-1,-1
6067,1121731200,2147483647,true,0,-1,-1,-1,-1,-1,-1
6068,1121731200,2147483647,true,0,-1,-1,-1,-1,-1,-1
6069,1121731200,2147483647,true,17,-1,-1,-1,-1,-1,-1
6070,1121731200,2147483647,true,0,-1,-1,-1,-1,-1,-1
6071,1121731200,2147483647,true,0,-1,-1,-1,-1,-1,-1
6072,1121731200,2147483647,true,0,-1,-1,-1,-1,-1,-1
6073,1121731200,2147483647,true,1328,-1,-1,-1,-1,-1,-1
6075,1121731200,2147483647,false,1328,-1,-1,-1,-1,-1,-1
6077,1121731200,2147483647,true,1328,-1,-1,-1,-1,-1,-1
6079,1121731200,2147483647,false,1328,-1,-1,-1,-1,-1,-1
6081,1121731200,2147483647,true,0,-1,-1,-1,-1,-1,-1
6082,1121731200,2147483647,true,96,8271,-1,-1,-1,-1,-1
6083,1121731200,2147483647,true,0,-1,-1,-1,-1,-1,-1
6084,1121731200,2147483647,true,0,-1,-1,-1,-1,-1,-1
6085,1121731200,2147483647,true,0,-1,-1,-1,-1,-1,-1
6086,1121731200,2147483647,true,0,-1,-1,-1,-1,-1,-1
6087,1121731200,2147483647,true,0,-1,-1,-1,-1,-1,-1
6088,1121731200,2147483647,true,0,-1,-1,-1,-1,-1,-1
6089,1121731200,2147483647,true,0,-1,-1,-1,-1,-1,-1
6090,1121731200,2147483647,true,0,-1,-1,-1,-1,-1,-1
6091,1121731200,2147483647,true,0,-1,-1,-1,-1,-1,-1
6092,1121731200,2147483647,true,0,-1,-1,-1,-1,-1,-1
6093,1121731200,2147483647,true,0,-1,-1,-1,-1,-1,-1
6094,1121731200,2147483647,false,0,-1,-1,-1,-1,-1,-1
6095,1121731200,2147483647,true,0,-1,-1,-1,-1,-1,-1
6096,1121731200,2147483647,true,0,-1,-1,-1,-1,-1,-1
6097,1121731200,2147483647,false,0,-1,-1,-1,-1,-1,-1
6098,1121731200,2147483647,true,0,-1,-1,-1,-1,-1,-1
6099,1121731200,2147483647,false,0,-1,-1,-1,-1,-1,-1
6100,1121731200,2147483647,false,0,-1,-1,-1,-1,-1,-1
6101,1121731200,2147483647,false,0,-1,-1,-1,-1,-1,-1
6102,1121731200,2147483647,false,0,-1,-1,-1,-1,-1,-1
6103,1121731200,2147483647,false,0,-1,-1,-1,-1,-1,-1
6104,1129507200,2147483647,true,0,-1,-1,-1,-1,-1,-1
6106,1122336000,2147483647,true,0,-1,-1,-1,-1,-1,-1
6107,1122336000,2147483647,true,10,-1,-1,-1,-1,-1,-1
6108,1122336000,2147483647,true,10,-1,-1,-1,-1,-1,-1
6109,1122336000,2147483647,true,10,8391,-1,-1,-1,8387,-1
6110,1122336000,2147483647,true,0,-1,-1,-1,-1,-1,-1
6111,1122336000,2147483647,true,10,8384,-1,-1,-1,-1,-1
6112,1122336000,2147483647,true,72,-1,-1,-1,-1,-1,-1
6113,1122336000,2147483647,true,0,-1,-1,-1,-1,-1,-1
6118,1122336000,2147483647,true,0,-1,-1,-1,-1,-1,-1
6119,1122336000,2147483647,true,0,-1,-1,-1,-1,-1,-1
6120,1122336000,2147483647,true,0,-1,-1,-1,-1,-1,-1
6121,1122336000,2147483647,true,0,-1,-1,-1,-1,-1,-1
6122,1122336000,2147483647,true,0,-1,-1,-1,-1,-1,-1
6123,1122336000,2147483647,true,0,-1,-1,-1,-1,-1,-1
6125,1122854400,2147483647,true,148,31663,-1,-1,-1,-1,-1
6126,1122854400,2147483647,true,148,31663,-1,-1,-1,-1,-1
6127,1122854400,2147483647,true,148,31663,-1,-1,-1,-1,-1
6128,1122854400,2147483647,false,2,230,-1,-1,-1,-1,-1
6129,1122854400,2147483647,false,7,8749,-1,-1,-1,-1,-1
6130,1122854400,2147483647,false,8,-1,-1,-1,-1,-1,-1
6131,1122854400,2147483647,false,2,215,-1,-1,-1,-1,-1
6133,1122854400,2147483647,false,7,-1,-1,-1,-1,-1,-1
6135,1122854400,2147483647,false,8,-1,-1,-1,-1,-1,-1
6137,1122854400,2147483647,false,2,215,-1,-1,-1,-1,-1
6139,1122854400,2147483647,false,7,8733,-1,-1,-1,-1,-1
6141,1122854400,2147483647,false,8,-1,-1,-1,-1,-1,-1
6143,1122854400,2147483647,false,0,-1,-1,-1,-1,-1,-1
6145,1122854400,2147483647,false,0,-1,-1,-1,-1,-1,-1
6147,1122854400,2147483647,false,0,-1,-1,-1,-1,-1,-1
6149,1122854400,2147483647,false,0,8726,-1,-1,-1,-1,-1
6151,1122854400,2147483647,false,0,8726,-1,-1,-1,-1,-1
6153,1122854400,2147483647,false,0,8726,-1,-1,-1,-1,-1
6155,1122854400,2147483647,false,0,-1,-1,-1,-1,-1,-1
6157,1122854400,2147483647,false,0,-1,-1,-1,-1,-1,-1
6159,1122854400,2147483647,false,0,-1,-1,-1,-1,-1,-1
6161,1122854400,2147483647,false,0,-1,-1,-1,-1,-1,-1
6163,1122854400,2147483647,false,0,-1,-1,-1,-1,-1,-1
6165,1122854400,2147483647,false,0,-1,-1,-1,-1,-1,-1
6167,1122854400,2147483647,false,0,-1,-1,-1,-1,-1,-1
6169,1122854400,2147483647,false,0,-1,-1,-1,-1,-1,-1
6171,1122854400,2147483647,false,0,-1,-1,-1,-1,-1,-1
6173,1122854400,2147483647,false,0,-1,-1,-1,-1,-1,-1
6178,1122854400,1368057600,false,0,-1,-1,-1,-1,-1,-1
6179,1122854400,1368057600,false,0,-1,-1,-1,-1,-1,-1
6180,1122854400,2147483647,false,0,-1,26619,-1,8848,-1,-1
6181,1122854400,2147483647,false,0,8777,-1,-1,-1,-1,-1
6182,1122854400,2147483647,false,0,-1,-1,-1,-1,-1,-1
6183,1122854400,2147483647,false,0,-1,-1,-1,-1,-1,-1
6184,1122854400,2147483647,false,0,7611,-1,-1,-1,-1,-1
6185,1122854400,2147483647,false,0,-1,-1,-1,53210,-1,-1
6186,1122854400,2147483647,false,0,53217,-1,-1,-1,-1,-1
6187,1122854400,2147483647,false,0,-1,-1,-1,-1,-1,-1
6188,1122854400,2147483647,false,0,8776,-1,-1,-1,-1,-1
6199,1122854400,2147483647,false,0,-1,-1,-1,-1,-1,-1
6200,1123545600,2147483647,false,57,-1,-1,-1,-1,-1,-1
6202,1123545600,2147483647,false,58,-1,-1,-1,-1,-1,-1
6204,1123545600,2147483647,false,57,-1,-1,-1,-1,-1,-1
6206,1123545600,2147483647,false,58,-1,-1,-1,-1,-1,-1
6209,1123545600,2147483647,false,0,-1,-1,-1,-1,-1,-1
6211,1123545600,2147483647,false,2050,-1,-1,-1,-1,-1,-1
6213,1123545600,2147483647,false,2050,-1,-1,-1,-1,-1,-1
6215,1123545600,2147483647,false,18,-1,-1,-1,-1,-1,-1
6217,1123545600,2147483647,false,18,-1,-1,-1,-1,-1,-1
6219,1123545600,2147483647,false,18,-1,-1,-1,-1,-1,-1
6221,1123545600,2147483647,false,18,-1,-1,-1,-1,-1,-1
6223,1123545600,2147483647,false,18,-1,-1,-1,-1,-1,-1
6225,1123545600,2147483647,false,18,-1,-1,-1,-1,-1,-1
6227,1123545600,2147483647,false,18,-1,-1,-1,-1,-1,-1
6229,1123545600,2147483647,false,18,-1,-1,-1,-1,-1,-1
6231,1123545600,2147483647,false,18,-1,-1,-1,-1,-1,-1
6233,1123545600,2147483647,false,18,-1,-1,-1,-1,-1,-1
6235,1123545600,2147483647,false,18,-1,-1,-1,-1,-1,-1
6237,1123545600,2147483647,false,18,-1,-1,-1,-1,-1,-1
6239,1123545600,2147483647,false,18,-1,-1,-1,-1,-1,-1
6241,1123545600,2147483647,false,18,-1,-1,-1,-1,-1,-1
6243,1123545600,2147483647,false,18,-1,-1,-1,-1,-1,-1
6245,1123545600,2147483647,false,18,-1,-1,-1,-1,-1,-1
6247,1123545600,2147483647,false,18,-1,-1,-1,-1,-1,-1
6249,1123545600,2147483647,false,18,-1,-1,-1,-1,-1,-1
6251,1123545600,2147483647,false,18,-1,-1,-1,-1,-1,-1
6253,1123545600,2147483647,false,18,-1,-1,-1,-1,-1,-1
6255,1123545600,2147483647,false,18,-1,-1,-1,-1,-1,-1
6257,1123545600,2147483647,false,18,-1,-1,-1,-1,-1,-1
6259,1123545600,2147483647,false,18,-1,-1,-1,-1,-1,-1
6261,1123545600,2147483647,false,18,-1,-1,-1,-1,-1,-1
6263,1123545600,2147483647,false,18,-1,-1,-1,-1,-1,-1
6265,1123545600,2147483647,false,18,-1,-1,-1,-1,-1,-1
6267,1123545600,2147483647,false,18,-1,-1,-1,-1,-1,-1
6269,1123545600,2147483647,false,18,-1,-1,-1,-1,-1,-1
6271,1123545600,2147483647,false,18,-1,-1,-1,-1,-1,-1
6273,1123545600,2147483647,false,18,-1,-1,-1,-1,-1,-1
6275,1123545600,2147483647,false,18,-1,-1,-1,-1,-1,-1
6277,1123545600,2147483647,false,18,-1,-1,-1,-1,-1,-1
6279,1123545600,2147483647,false,18,-1,-1,-1,-1,-1,-1
6281,1123545600,2147483647,false,19,8946,-1,-1,-1,-1,-1
6283,1123545600,2147483647,false,19,8946,-1,-1,-1,-1,-1
6285,1123545600,2147483647,false,19,8946,-1,-1,-1,-1,-1
6287,1123545600,2147483647,false,45,-1,-1,-1,-1,-1,-1
6289,1123545600,2147483647,false,0,-1,-1,-1,-1,-1,-1
6291,1123545600,2147483647,false,0,-1,-1,-1,-1,-1,-1
6293,1123545600,2147483647,false,0,-1,-1,-1,-1,-1,-1
6295,1123545600,2147483647,false,0,-1,-1,-1,-1,-1,-1
6297,1123545600,2147483647,false,5,-1,-1,-1,-1,-1,-1
6299,1123545600,2147483647,false,5,-1,-1,-1,-1,-1,-1
6301,1123545600,2147483647,false,0,-1,-1,-1,-1,-1,-1
6303,1123545600,2147483647,false,0,-1,-1,-1,-1,-1,-1
6305,1123545600,2147483647,false,0,-1,-1,-1,-1,-1,-1
6306,1123545600,2147483647,false,0,-1,-1,-1,-1,-1,-1
6311,1123545600,2147483647,false,20,-1,-1,-1,-1,-1,-1
6313,1123545600,2147483647,false,21,-1,-1,-1,-1,-1,-1
6315,1123545600,2147483647,false,21,-1,-1,-1,-1,-1,-1
6317,1123545600,2147483647,false,21,-1,-1,-1,-1,-1,-1
6319,1123545600,2147483647,false,0,-1,-1,-1,-1,-1,-1
6322,1123545600,2147483647,false,7,-1,8915,-1,-1,-1,-1
6324,1123545600,2147483647,false,8,-1,-1,-1,-1,-1,-1
6326,1123545600,2147483647,false,2,8922,-1,-1,-1,-1,-1
6328,1123545600,2147483647,false,17,-1,-1,-1,-1,-1,-1
6330,1123545600,2147483647,false,16,8917,-1,-1,-1,-1,-1
6332,1123545600,2147483647,false,22,-1,-1,-1,-1,-1,-1
6333,1123545600,2147483647,false,22,-1,-1,-1,-1,-1,-1
6335,1123545600,2147483647,false,23,-1,-1,-1,-1,-1,-1
6337,1123545600,2147483647,false,23,-1,-1,-1,-1,-1,-1
6339,1123545600,2147483647,false,23,-1,-1,-1,-1,-1,-1
6341,1123545600,2147483647,false,0,8928,-1,-1,-1,-1,-1
6343,1123545600,2147483647,false,0,-1,-1,-1,-1,-1,-1
6345,1123545600,2147483647,false,0,-1,-1,-1,-1,-1,-1
6347,1123545600,2147483647,false,0,8918,-1,-1,-1,-1,-1
6349,1123545600,2147483647,false,0,8919,-1,-1,-1,-1,-1
6351,1123545600,2147483647,false,0,8928,-1,-1,-1,-1,-1
6353,1123545600,2147483647,false,0,-1,-1,-1,-1,-1,-1
6355,1123545600,2147483647,false,0,-1,-1,-1,-1,-1,-1
6357,1123545600,2147483647,false,0,8919,-1,-1,-1,-1,-1
6359,1123545600,2147483647,false,0,8918,-1,-1,-1,-1,-1
6361,1123545600,2147483647,false,0,8928,-1,-1,-1,-1,-1
6363,1123545600,2147483647,false,0,-1,-1,-1,-1,-1,-1
6365,1123545600,2147483647,false,0,-1,-1,-1,-1,-1,-1
6367,1123545600,2147483647,false,0,8919,-1,-1,-1,-1,-1
6369,1123545600,2147483647,false,0,8918,-1,-1,-1,-1,-1
6371,1123545600,2147483647,false,0,8928,-1,-1,-1,-1,-1
6373,1123545600,2147483647,false,0,-1,-1,-1,-1,-1,-1
6375,1123545600,2147483647,false,0,-1,-1,-1,-1,-1,-1
6377,1123545600,2147483647,false,0,8919,-1,-1,-1,-1,-1
6379,1123545600,2147483647,false,0,8918,-1,-1,-1,-1,-1
6382,1124064000,2147483647,false,0,-1,-1,-1,-1,-1,-1
6384,1124064000,2147483647,false,0,28515,-1,-1,-1,-1,-1
6386,1124064000,2147483647,false,0,265,-1,-1,-1,-1,-1
6388,1124064000,2147483647,false,0,5221,-1,-1,-1,-1,-1
6390,1124064000,2147483647,false,0,-1,-1,-1,-1,-1,-1
6392,1124064000,2147483647,false,0,6130,-1,-1,-1,-1,-1
6394,1124064000,2147483647,false,0,9018,-1,-1,-1,-1,-1
6396,1124064000,2147483647,false,0,-1,-1,-1,-1,-1,-1
6398,1124064000,2147483647,false,0,6133,-1,-1,-1,-1,-1
6400,1124064000,2147483647,false,0,6130,-1,-1,-1,-1,-1
6402,1124064000,2147483647,false,0,9018,-1,-1,-1,-1,-1
6404,1124064000,2147483647,false,0,-1,-1,-1,-1,-1,-1
6406,1124064000,2147483647,false,0,6133,-1,-1,-1,-1,-1
6408,1124064000,2147483647,false,26,-1,-1,-1,-1,-1,-1
6410,1124064000,2147483647,false,26,-1,-1,-1,-1,-1,-1
6412,1124064000,2147483647,false,26,-1,-1,-1,-1,-1,-1
6414,1124064000,2147483647,false,26,-1,-1,-1,-1,-1,-1
6416,1124064000,2147483647,false,26,-1,-1,-1,-1,-1,-1
6418,1124064000,2147483647,false,26,-1,-1,-1,-1,-1,-1
6420,1124064000,2147483647,false,26,-1,-1,-1,-1,-1,-1
6422,0,2147483647,false,105,-1,-1,-1,-1,-1,-1
6424,0,2147483647,false,105,-1,-1,-1,-1,-1,-1
6426,0,2147483647,false,105,-1,-1,-1,-1,-1,-1
6428,0,2147483647,false,105,-1,-1,-1,-1,-1,-1
6430,0,2147483647,false,105,-1,-1,-1,-1,-1,-1
6432,0,2147483647,false,105,-1,-1,-1,-1,-1,-1
6434,0,2147483647,false,105,-1,-1,-1,-1,-1,-1
6436,0,2147483647,false,105,-1,-1,-1,-1,-1,-1
6438,0,2147483647,false,105,-1,-1,-1,-1,-1,-1
6448,1124755200,2147483647,false,0,-1,-1,-1,-1,-1,-1
6450,0,2147483647,false,15,-1,-1,-1,-1,-1,-1
6452,0,2147483647,false,15,-1,-1,-1,-1,-1,-1
6453,1125360000,2147483647,true,78,-1,-1,-1,-1,-1,-1
6454,1125360000,2147483647,true,78,-1,-1,-1,-1,-1,-1
6455,1125360000,2147483647,true,78,-1,-1,-1,-1,-1,-1
6456,1125360000,2147483647,true,78,-1,-1,-1,-1,-1,-1
6457,1125360000,2147483647,true,78,-1,-1,-1,-1,-1,-1
6458,1125360000,2147483647,true,78,-1,-1,-1,-1,-1,-1
6459,1125360000,2147483647,true,78,-1,-1,-1,-1,-1,-1
6460,1125360000,2147483647,true,78,-1,-1,-1,-1,-1,-1
6461,1125360000,2147483647,true,1311,-1,-1,-1,-1,-1,-1
6462,1125360000,2147483647,true,80,-1,-1,-1,-1,-1,-1
6463,1125360000,2147483647,true,0,-1,-1,-1,-1,-1,-1
6464,1125360000,2147483647,true,0,-1,-1,-1,-1,-1,-1
6465,1125360000,2147483647,true,0,-1,-1,-1,-1,-1,-1
6466,1125360000,2147483647,true,0,-1,-1,-1,-1,-1,-1
6467,1125360000,2147483647,true,0,-1,-1,-1,-1,-1,-1
6468,1125360000,2147483647,true,0,-1,-1,-1,-1,-1,-1
6469,1125360000,2147483647,true,86,-1,-1,-1,-1,-1,-1
6470,1125360000,2147483647,false,261,-1,-1,-1,-1,-1,-1
6472,1125360000,2147483647,false,261,-1,-1,-1,-1,-1,-1
6474,1125360000,2147483647,false,261,-1,-1,-1,-1,-1,-1
6476,1125360000,2147483647,false,261,-1,-1,-1,-1,-1,-1
6478,1125360000,2147483647,true,0,-1,-1,-1,-1,-1,-1
6479,1125360000,2147483647,true,0,-1,-1,-1,-1,-1,-1
6522,1127088000,2147483647,false,24,-1,-1,-1,-1,-1,-1
6523,1127088000,2147483647,false,25,-1,-1,-1,-1,-1,-1
6524,1127088000,2147483647,false,18,9347,-1,-1,-1,-1,-1
6525,1127088000,2147483647,false,21,-1,-1,-1,-1,-1,-1
6526,1127088000,2147483647,false,1,-1,-1,-1,-1,-1,-1
6527,1127088000,2147483647,false,26,-1,-1,-1,-1,-1,-1
6528,1127088000,2147483647,false,26,-1,-1,-1,-1,-1,-1
6529,1127088000,2147483647,false,0,-1,-1,-1,-1,-1,-1
6541,1127692800,2147483647,true,55,-1,-1,-1,-1,-1,-1
6542,1127692800,2147483647,true,0,-1,-1,-1,-1,-1,-1
6543,1127692800,2147483647,true,87,-1,-1,-1,-1,-1,-1
6544,1127692800,2147483647,true,88,-1,-1,-1,-1,-1,-1
6545,1127692800,2147483647,true,0,-1,-1,-1,-1,-1,-1
6546,1127692800,2147483647,true,0,-1,-1,-1,-1,-1,-1
6547,1127692800,2147483647,true,0,-1,-1,-1,-1,-1,-1
6548,1127692800,2147483647,true,0,-1,-1,-1,-1,-1,-1
6549,1133136000,2147483647,false,32,-1,-1,-1,-1,-1,-1
6550,1133136000,2147483647,false,32,-1,-1,-1,-1,-1,-1
6551,1133136000,2147483647,false,32,-1,-1,-1,-1,-1,-1
6552,1133136000,2147483647,false,32,-1,-1,-1,-1,-1,-1
6553,1133136000,2147483647,false,32,-1,-1,-1,-1,-1,-1
6554,1133136000,2147483647,false,32,-1,-1,-1,-1,-1,-1
6555,1133136000,2147483647,false,33,-1,-1,-1,-1,-1,-1
6556,1133136000,2147483647,false,33,-1,-1,-1,-1,-1,-1
6557,1133136000,2147483647,false,33,-1,-1,-1,-1,-1,-1
6558,1133136000,2147483647,false,33,-1,-1,-1,-1,-1,-1
6559,1133136000,2147483647,false,33,-1,-1,-1,-1,-1,-1
6560,1133136000,2147483647,false,33,-1,-1,-1,-1,-1,-1
6561,1127692800,2147483647,false,15,-1,-1,-1,-1,-1,-1
6562,1131321600,2147483647,false,1,-1,-1,-1,-1,-1,-1
6563,1131321600,2147483647,false,1,-1,-1,-1,-1,-1,-1
6568,1128384000,2147483647,false,27,9639,-1,-1,-1,-1,-1
6570,1128384000,2147483647,false,27,9638,-1,-1,9640,-1,-1
6571,1128384000,2147483647,false,0,-1,-1,-1,-1,-1,-1
6573,1128384000,2147483647,false,0,516,-1,-1,-1,-1,-1
6575,1128384000,2147483647,false,0,-1,-1,-1,-1,-1,-1
6577,1128384000,2147483647,false,0,-1,-1,-1,-1,-1,-1
6579,1128384000,2147483647,false,0,-1,-1,-1,-1,-1,-1
6581,1128384000,2147483647,false,0,-1,-1,-1,-1,-1,-1
6583,1128384000,2147483647,false,0,-1,-1,-1,-1,-1,-1
6585,1128384000,2147483647,false,0,-1,-1,-1,-1,-1,-1
6587,1129507200,2147483647,false,65,-1,-1,-1,-1,-1,-1
6589,1129507200,2147483647,false,35,-1,-1,-1,-1,-1,-1
6591,1129507200,2147483647,false,25,533,-1,-1,-1,-1,-1
6593,1129507200,2147483647,false,25,504,-1,-1,-1,-1,-1
6595,1129507200,2147483647,false,25,504,-1,-1,-1,-1,-1
6597,1129507200,2147483647,false,25,504,-1,-1,-1,-1,-1
6599,1129507200,2147483647,false,66,-1,-1,-1,-1,-1,-1
6601,1129507200,2147483647,false,39,-1,-1,-1,-1,-1,-1
6603,1129507200,2147483647,false,1,-1,-1,-1,-1,-1,-1
6605,1129507200,2147483647,false,25,-1,-1,-1,-1,-1,-1
6607,1129507200,2147483647,false,21,-1,-1,-1,-1,-1,-1
6609,1129507200,2147483647,false,61,-1,-1,-1,-1,-1,-1
6611,1129507200,2147483647,true,21,-1,-1,-1,-1,-1,-1
6613,1129507200,2147483647,false,26,-1,-1,-1,-1,-1,-1
6615,1129507200,2147483647,false,7,-1,-1,-1,464,-1,-1
6617,1129507200,2147483647,false,7,306,-1,-1,-1,-1,-1
6619,1129507200,2147483647,false,17,-1,-1,-1,-1,-1,-1
6621,1129507200,2147483647,false,2,219,-1,-1,-1,-1,-1
6623,1129507200,2147483647,false,2,-1,-1,-1,-1,-1,-1
6625,1129507200,2147483647,false,8,-1,-1,-1,-1,-1,-1
6627,1129507200,2147483647,false,8,266,-1,-1,-1,-1,-1
6629,1129507200,2147483647,false,0,-1,-1,-1,-1,-1,-1
6631,1129507200,2147483647,false,18,-1,-1,-1,-1,-1,-1
6633,1129507200,2147483647,false,18,486,-1,-1,-1,-1,-1
6635,1129507200,2147483647,true,554,9652,-1,-1,-1,-1,-1
6636,1129507200,2147483647,true,0,-1,-1,-1,-1,-1,-1
6638,1129507200,2147483647,true,0,-1,-1,-1,-1,-1,-1
6639,1129507200,2147483647,true,0,-1,-1,-1,-1,-1,-1
6640,1129507200,2147483647,true,0,-1,-1,-1,-1,-1,-1
6641,1129507200,2147483647,true,0,-1,-1,-1,-1,-1,-1
6642,1129507200,2147483647,true,0,-1,-1,-1,-1,-1,-1
6643,1129507200,2147483647,true,0,-1,-1,-1,-1,-1,-1
6644,1129507200,2147483647,true,0,-1,-1,-1,-1,-1,-1
6645,1129507200,2147483647,true,0,-1,-1,-1,-1,-1,-1
6646,1129507200,2147483647,true,0,-1,-1,-1,-1,-1,-1
6647,1129507200,2147483647,true,0,-1,-1,-1,-1,-1,-1
6648,1129507200,2147483647,true,0,-1,-1,-1,-1,-1,-1
6649,1129507200,2147483647,true,1328,-1,-1,-1,-1,-1,-1
6650,1129507200,2147483647,true,0,-1,-1,-1,-1,-1,-1
6651,1129507200,2147483647,true,0,-1,-1,-1,-1,-1,-1
6652,1129507200,2147483647,true,0,-1,-1,-1,-1,-1,-1
6653,1129507200,2147483647,true,0,-1,-1,-1,-1,-1,-1
6654,1130112000,2147483647,false,0,9762,-1,-1,-1,-1,-1
6655,1130112000,2147483647,false,0,-1,-1,-1,-1,-1,-1
6656,1130112000,2147483647,false,0,-1,-1,-1,-1,-1,-1
6657,1130112000,1131321600,false,15,9762,-1,176,-1,-1,-1
6658,1130112000,1131321600,false,15,-1,185,-1,-1,-1,-1
6659,1130112000,1131321600,false,15,-1,-1,-1,-1,-1,-1
6662,1130112000,2147483647,false,0,-1,-1,-1,-1,-1,-1
6663,1130112000,2147483647,false,0,-1,-1,-1,-1,-1,-1
6664,1130112000,2147483647,false,0,-1,-1,-1,-1,-1,-1
6665,1130112000,2147483647,false,0,-1,-1,-1,-1,-1,-1
6666,1130112000,2147483647,false,0,9802,-1,-1,-1,-1,-1
6667,1130112000,2147483647,false,0,-1,-1,-1,-1,-1,-1
6668,1130112000,2147483647,false,0,-1,-1,-1,-1,-1,-1
6669,1130112000,2147483647,false,0,-1,-1,-1,-1,-1,-1
6670,1130112000,2147483647,false,14,-1,-1,-1,-1,-1,-1
6671,1130112000,2147483647,false,14,-1,-1,-1,-1,-1,-1
6672,1130112000,2147483647,false,14,-1,-1,-1,-1,-1,-1
6673,1130112000,2147483647,true,0,-1,-1,-1,-1,-1,-1
6674,1130112000,2147483647,false,0,-1,-1,-1,-1,-1,-1
6675,1130112000,2147483647,false,0,-1,-1,-1,-1,-1,-1
6677,1130112000,2147483647,false,0,-1,-1,-1,-1,-1,-1
6678,1130112000,2147483647,false,15,-1,-1,-1,-1,-1,-1
6679,1130112000,2147483647,false,0,-1,-1,-1,-1,-1,-1
6680,1130112000,2147483647,false,15,-1,-1,-1,-1,-1,-1
6681,1130112000,2147483647,false,0,-1,-1,-1,-1,-1,-1
6683,1130112000,2147483647,false,0,-1,-1,-1,-1,-1,-1
6685,1130112000,2147483647,false,69,-1,-1,-1,-1,-1,-1
6687,1130112000,2147483647,false,69,-1,-1,-1,-1,-1,-1
6689,1130112000,2147483647,false,69,-1,-1,-1,-1,-1,-1
6691,1130112000,2147483647,false,69,-1,-1,-1,-1,-1,-1
6693,1130112000,2147483647,false,0,-1,-1,-1,-1,-1,-1
6696,1130112000,2147483647,false,0,-1,-1,-1,-1,-1,-1
6697,1130112000,2147483647,false,1430,-1,-1,-1,-1,-1,-1
6699,1130112000,2147483647,false,0,-1,-1,-1,-1,-1,-1
6701,1130112000,2147483647,false,133,-1,-1,-1,-1,-1,-1
6703,1130112000,2147483647,false,133,-1,-1,-1,-1,-1,-1
6705,1130112000,2147483647,false,133,-1,-1,-1,-1,-1,-1
6707,1137974400,2147483647,true,0,10983,-1,-1,10986,-1,-1
6710,1130716800,2147483647,true,72,-1,-1,-1,-1,-1,-1
6711,1130716800,2147483647,true,0,-1,-1,-1,-1,-1,-1
6712,1130716800,2147483647,true,0,-1,-1,-1,-1,-1,-1
6713,1130716800,2147483647,true,0,-1,-1,-1,-1,-1,-1
6714,1130716800,2147483647,true,0,-1,-1,-1,-1,-1,-1
6715,1130716800,2147483647,true,0,-1,-1,-1,-1,-1,-1
6716,1130716800,2147483647,true,0,-1,-1,-1,-1,-1,-1
6717,1130716800,2147483647,false,0,-1,-1,-1,-1,-1,-1
6718,1130716800,2147483647,true,0,-1,-1,-1,-1,-1,-1
6719,1130716800,2147483647,true,0,-1,-1,-1,-1,-1,-1
6720,1130716800,2147483647,false,16,179,-1,-1,-1,-1,-1
6721,1130716800,2147483647,false,0,-1,-1,-1,-1,-1,-1
6722,1130716800,2147483647,false,0,-1,-1,-1,-1,-1,-1
6724,1131321600,2147483647,false,64,-1,-1,-1,-1,-1,-1
6728,1131321600,2147483647,false,70,-1,-1,-1,-1,-1,-1
6729,1131321600,2147483647,false,6,-1,-1,-1,-1,-1,-1
6731,1131321600,2147483647,false,0,-1,-1,-1,-1,-1,-1
6733,1131321600,2147483647,false,0,-1,-1,-1,-1,-1,-1
6735,1131321600,2147483647,false,0,-1,-1,-1,-1,-1,-1
6737,1131321600,2147483647,false,0,-1,-1,-1,-1,-1,-1
6739,1131321600,2147483647,false,35,-1,-1,-1,-1,-1,-1
6741,1131321600,1410393600,false,15,-1,-1,-1,-1,-1,-1
6743,1131321600,1184630400,false,15,-1,-1,-1,-1,-1,-1
6745,1131926400,2147483647,true,21,-1,-1,-1,-1,-1,-1
6746,1131926400,2147483647,true,21,-1,-1,-1,-1,-1,-1
6747,1131926400,2147483647,true,0,-1,-1,-1,-1,-1,-1
6748,1131926400,2147483647,true,0,-1,-1,-1,-1,-1,-1
6749,1131926400,2147483647,true,0,-1,-1,-1,-1,-1,-1
6750,1131926400,2147483647,true,0,-1,28515,-1,-1,-1,-1
6752,1131926400,2147483647,true,0,265,-1,-1,-1,-1,-1
6754,1132617600,2147483647,true,0,-1,-1,-1,-1,-1,-1
6755,1132617600,2147483647,true,0,-1,-1,-1,-1,-1,-1
6756,1132617600,2147483647,true,0,-1,-1,-1,-1,-1,-1
6757,1132617600,2147483647,true,0,-1,-1,-1,-1,-1,-1
6758,1132617600,2147483647,true,0,-1,-1,-1,-1,-1,-1
6759,1132617600,2147483647,true,0,-1,-1,-1,-1,-1,-1
6760,1132617600,2147483647,false,92,-1,-1,-1,-1,-1,-1
6762,1132617600,2147483647,false,92,-1,-1,-1,-1,-1,-1
6764,1132617600,2147483647,false,92,-1,-1,-1,-1,-1,-1
6766,1133136000,2147483647,true,69,-1,-1,-1,-1,-1,-1
6767,1133136000,2147483647,false,0,-1,-1,-1,-1,-1,-1
6768,1133136000,2147483647,true,0,-1,-1,-1,-1,-1,-1
6769,1133136000,2147483647,true,0,-1,-1,-1,-1,-1,-1
6770,1133136000,2147483647,true,0,-1,-1,-1,-1,-1,-1
6771,1133136000,2147483647,true,0,-1,-1,-1,-1,-1,-1
6772,1133136000,2147483647,true,0,10079,-1,-1,-1,-1,-1
6773,1133136000,2147483647,true,26,-1,-1,-1,-1,-1,-1
6774,1133136000,2147483647,true,26,-1,10081,-1,-1,-1,-1
6775,1133136000,2147483647,true,26,-1,10082,-1,-1,-1,-1
6776,1133136000,2147483647,true,26,-1,10083,-1,-1,-1,-1
6777,1133136000,2147483647,true,26,-1,10084,-1,-1,-1,-1
6778,1133136000,2147483647,true,26,-1,10085,-1,-1,-1,-1
6779,1133136000,2147483647,true,26,-1,10086,-1,-1,-1,-1
6785,1133740800,2147483647,true,0,-1,-1,-1,-1,-1,-1
6786,1133740800,2147483647,true,0,28515,-1,-1,-1,-1,-1
6787,1133740800,2147483647,true,0,10125,-1,-1,-1,-1,-1
6788,1133740800,2147483647,true,0,-1,-1,-1,-1,-1,-1
6789,1133740800,2147483647,true,0,-1,-1,-1,-1,-1,-1
6790,1133740800,2147483647,true,0,10124,-1,-1,-1,-1,-1
6791,1133740800,2147483647,true,0,-1,-1,-1,-1,-1,-1
6792,1133740800,2147483647,true,0,-1,-1,-1,-1,-1,-1
6793,1133740800,2147483647,true,0,-1,-1,-1,-1,-1,-1
6794,1133740800,2147483647,false,59,-1,-1,-1,-1,-1,-1
6796,1133740800,2147483647,true,0,-1,-1,-1,-1,-1,-1
6798,1134345600,2147483647,false,28,-1,-1,-1,-1,-1,-1
6799,1134345600,2147483647,false,28,-1,-1,-1,-1,-1,-1
6800,1134345600,2147483647,false,28,-1,-1,-1,-1,-1,-1
6801,1134345600,2147483647,false,28,-1,-1,-1,-1,-1,-1
6802,1134345600,2147483647,false,28,-1,-1,-1,-1,-1,-1
6803,1134345600,2147483647,false,28,-1,-1,-1,-1,-1,-1
6804,1134345600,2147483647,false,28,-1,-1,-1,-1,-1,-1
6805,1134345600,2147483647,false,28,-1,-1,-1,-1,-1,-1
6806,1134345600,2147483647,false,28,-1,-1,-1,-1,-1,-1
6807,1134345600,2147483647,false,28,-1,-1,-1,-1,-1,-1
6808,1134345600,2147483647,false,28,-1,-1,-1,-1,-1,-1
6809,1134345600,2147483647,false,8,10362,-1,-1,10363,-1,-1
6810,1134345600,2147483647,false,70,-1,-1,-1,-1,-1,-1
6812,1134345600,2147483647,false,6,-1,-1,-1,-1,-1,-1
6814,1134345600,2147483647,false,0,-1,-1,-1,-1,-1,-1
6817,1134950400,2147483647,true,0,-1,-1,-1,-1,-1,-1
6818,1134950400,2147483647,true,0,-1,-1,-1,-1,-1,-1
6819,1134950400,2147483647,true,0,-1,-1,-1,-1,-1,-1
6820,1134950400,2147483647,true,0,-1,-1,-1,-1,-1,-1
6821,1134950400,2147483647,true,0,-1,-1,-1,-1,-1,-1
6822,1418860800,1420675200,false,15,-1,-1,-1,-1,-1,-1
6823,1418860800,1420675200,false,15,-1,-1,-1,-1,-1,-1
6824,1418860800,1420675200,false,15,-1,-1,-1,-1,-1,-1
6825,1418860800,1420675200,false,15,-1,-1,-1,-1,-1,-1
6826,1418860800,1420675200,false,15,-1,-1,-1,-1,-1,-1
6827,1418860800,1420675200,false,15,-1,-1,-1,-1,-1,-1
6828,1418860800,1420675200,false,15,-1,-1,-1,-1,-1,-1
6829,1418860800,1420675200,false,15,-1,-1,-1,-1,-1,-1
6830,1418860800,1420675200,false,15,-1,-1,-1,-1,-1,-1
6831,1418860800,1420675200,false,15,-1,-1,-1,-1,-1,-1
6832,1418860800,1420675200,false,15,-1,-1,-1,-1,-1,-1
6833,1418860800,1420675200,false,15,-1,-1,-1,-1,-1,-1
6834,1418860800,1420675200,false,15,-1,-1,-1,-1,-1,-1
6835,1418860800,1420675200,false,15,-1,-1,-1,-1,-1,-1
6836,1418860800,1420675200,false,15,-1,-1,-1,-1,-1,-1
6837,1418860800,1420675200,false,15,-1,-1,-1,-1,-1,-1
6838,1418860800,1420675200,false,15,-1,-1,-1,-1,-1,-1
6839,1418860800,1420675200,false,15,-1,-1,-1,-1,-1,-1
6840,1418860800,1420675200,false,15,-1,-1,-1,-1,-1,-1
6841,1418860800,1420675200,false,15,-1,-1,-1,-1,-1,-1
6842,1418860800,1420675200,false,15,-1,-1,-1,-1,-1,-1
6843,1418860800,1420675200,false,15,-1,-1,-1,-1,-1,-1
6844,1418860800,1420675200,false,15,-1,-1,-1,-1,-1,-1
6845,1418860800,1420675200,false,15,-1,-1,-1,-1,-1,-1
6846,1418860800,1420675200,false,15,-1,-1,-1,-1,-1,-1
6847,1418860800,1420675200,false,15,-1,-1,-1,-1,-1,-1
6848,1418860800,1420675200,false,15,-1,-1,-1,-1,-1,-1
6849,1418860800,1420675200,false,15,-1,-1,-1,-1,-1,-1
6850,1418860800,1420675200,false,15,-1,-1,-1,-1,-1,-1
6851,1418860800,1420675200,false,15,-1,-1,-1,-1,-1,-1
6852,1418860800,1420675200,false,15,-1,-1,-1,-1,-1,-1
6853,1418860800,1420675200,false,15,-1,-1,-1,-1,-1,-1
6854,1418860800,1420675200,false,15,-1,-1,-1,-1,-1,-1
6855,1418860800,1420675200,false,15,-1,-1,-1,-1,-1,-1
6856,1134950400,2147483647,false,602,-1,-1,-1,-1,-1,-1
6857,1134950400,2147483647,false,603,10537,-1,-1,-1,-1,-1
6858,1134950400,2147483647,false,602,-1,-1,-1,-1,-1,-1
6859,1134950400,2147483647,false,603,-1,-1,-1,-1,-1,-1
6860,1134950400,2147483647,false,602,-1,-1,-1,-1,-1,-1
6861,1134950400,2147483647,false,603,10540,-1,-1,-1,-1,-1
6862,1134950400,2147483647,false,602,-1,-1,-1,-1,-1,-1
6863,1134950400,2147483647,false,603,-1,-1,-1,-1,-1,-1
6864,1418860800,2147483647,false,0,-1,-1,-1,-1,-1,-1
6865,1134950400,2147483647,false,0,-1,-1,-1,-1,-1,-1
6866,1134950400,2147483647,false,0,-1,-1,-1,-1,-1,-1
6867,1134950400,2147483647,false,0,-1,-1,-1,-1,-1,-1
6868,1418860800,1420675200,false,15,-1,-1,-1,-1,-1,-1
6869,1418860800,1420675200,false,15,-1,-1,-1,-1,-1,-1
6870,1418860800,1420675200,false,15,-1,-1,-1,-1,-1,-1
6871,1418860800,1420675200,false,15,-1,-1,-1,-1,-1,-1
6872,1418860800,1420675200,false,15,-1,-1,-1,-1,-1,-1
6873,1418860800,1420675200,false,15,-1,-1,-1,-1,-1,-1
6874,1418860800,1420675200,false,15,-1,-1,-1,-1,-1,-1
6875,1418860800,1420675200,false,15,-1,-1,-1,-1,-1,-1
6876,1418860800,1420675200,false,15,-1,-1,-1,-1,-1,-1
6877,1418860800,1420675200,false,15,-1,-1,-1,-1,-1,-1
6878,1418860800,1420675200,false,15,-1,-1,-1,-1,-1,-1
6879,1418860800,1420675200,false,15,-1,-1,-1,-1,-1,-1
6880,1418860800,1420675200,false,15,-1,-1,-1,-1,-1,-1
6881,1418860800,1420675200,false,15,-1,-1,-1,-1,-1,-1
6882,1418860800,1420675200,false,15,-1,-1,-1,-1,-1,-1
6883,1136332800,2147483647,false,86,-1,-1,-1,-1,-1,-1
6885,1136332800,2147483647,false,0,20049,-1,-1,-1,-1,-1
6886,1136332800,2147483647,false,0,20049,-1,-1,-1,-1,-1
6887,1136332800,2147483647,false,0,20049,-1,-1,-1,-1,-1
6889,1136332800,2147483647,false,10,-1,-1,-1,-1,-1,-1
6891,1136332800,2147483647,false,0,-1,-1,-1,-1,-1,-1
6893,1136332800,2147483647,false,11,-1,-1,-1,-1,-1,-1
6894,1136332800,2147483647,false,11,-1,-1,-1,-1,-1,-1
6895,1136332800,2147483647,false,11,-1,-1,-1,-1,-1,-1
6896,1136332800,2147483647,false,11,-1,-1,-1,-1,-1,-1
6897,1136332800,2147483647,false,11,-1,-1,-1,-1,-1,-1
6898,1136332800,2147483647,false,12,-1,-1,-1,-1,-1,-1
6899,1136332800,2147483647,false,12,-1,-1,-1,-1,-1,-1
6900,1136332800,2147483647,false,12,-1,-1,-1,-1,-1,-1
6901,1136332800,2147483647,false,12,-1,-1,-1,-1,-1,-1
6902,1136332800,2147483647,false,12,-1,-1,-1,-1,-1,-1
6903,1136332800,2147483647,false,12,-1,-1,-1,-1,-1,-1
6904,1136332800,2147483647,false,13,-1,-1,-1,-1,-1,-1
6905,1136332800,2147483647,false,13,-1,-1,-1,-1,-1,-1
6906,1136332800,2147483647,false,13,-1,-1,-1,-1,-1,-1
6907,1136332800,2147483647,false,13,-1,-1,-1,-1,-1,-1
6908,1136332800,2147483647,false,1,-1,-1,-1,-1,-1,-1
6910,1136332800,2147483647,false,1,-1,-1,-1,-1,-1,-1
6912,1136332800,2147483647,false,1,-1,-1,-1,39608,-1,-1
6914,1136332800,2147483647,false,1,-1,-1,-1,39616,-1,-1
6916,1136332800,2147483647,false,10,-1,-1,-1,-1,-1,-1
6918,1136332800,2147483647,false,10,-1,-1,-1,-1,-1,-1
6920,1136332800,2147483647,false,10,10683,-1,-1,-1,-1,-1
6922,1136332800,2147483647,false,10,-1,-1,-1,-1,-1,-1
6924,1136332800,2147483647,false,10,-1,-1,-1,10693,-1,-1
6945,1136851200,2147483647,true,0,-1,-1,-1,-1,-1,-1
6946,1136851200,2147483647,true,0,-1,-1,-1,-1,-1,-1
6947,1136851200,2147483647,true,0,-1,-1,-1,-1,-1,-1
6948,1136851200,2147483647,true,0,-1,-1,-1,-1,-1,-1
6949,1136851200,2147483647,true,0,-1,-1,-1,-1,-1,-1
6950,1136851200,2147483647,true,0,-1,-1,-1,-1,-1,-1
6951,1136851200,2147483647,true,0,-1,-1,-1,-1,-1,-1
6952,1136851200,2147483647,true,0,-1,-1,-1,-1,-1,-1
6953,1136851200,2147483647,true,0,-1,-1,-1,-1,-1,-1
6954,1136851200,2147483647,true,0,-1,-1,-1,-1,-1,-1
6955,1136851200,2147483647,true,82,-1,-1,-1,-1,-1,-1
6956,1136851200,2147483647,true,0,-1,-1,-1,-1,-1,-1
6957,1136851200,2147483647,true,0,-1,-1,-1,-1,-1,-1
6958,1136851200,2147483647,true,0,-1,-1,-1,-1,-1,-1
6959,1136851200,2147483647,false,0,-1,-1,-1,-1,-1,-1
6961,1136851200,2147483647,false,59,-1,-1,-1,-1,-1,-1
6962,1136851200,2147483647,false,59,-1,-1,-1,-1,-1,-1
6963,1136851200,2147483647,false,59,-1,-1,-1,-1,-1,-1
6964,1161561600,2147483647,true,561,-1,-1,-1,-1,-1,-1
6965,1136851200,2147483647,false,59,-1,-1,-1,-1,-1,-1
6966,1136851200,2147483647,false,0,-1,-1,-1,-1,-1,-1
6967,1161561600,2147483647,true,561,-1,-1,-1,-1,-1,-1
6969,1161561600,2147483647,true,561,-1,-1,-1,-1,-1,-1
6970,1137369600,2147483647,false,34,-1,-1,-1,-1,-1,-1
6971,1137974400,2147483647,false,0,-1,-1,-1,-1,-1,-1
6973,1137974400,2147483647,false,0,-1,-1,-1,-1,-1,-1
6975,1137974400,2147483647,false,0,-1,-1,-1,-1,-1,-1
6977,1137974400,2147483647,false,0,-1,-1,-1,-1,-1,-1
6979,1137974400,2147483647,false,0,-1,-1,-1,-1,-1,-1
6981,1137974400,2147483647,false,0,-1,-1,-1,-1,-1,-1
6983,1137974400,2147483647,false,0,-1,-1,-1,-1,-1,-1
6985,1137974400,2147483647,true,0,-1,-1,-1,-1,-1,-1
6986,1137974400,2147483647,true,0,-1,-1,-1,-1,-1,-1
6987,1137974400,2147483647,true,0,-1,-1,-1,-1,-1,-1
6988,1137974400,2147483647,true,0,-1,-1,-1,-1,-1,-1
6989,1137974400,2147483647,true,76,-1,-1,-1,-1,-1,-1
6990,1137974400,2147483647,true,76,-1,-1,-1,-1,-1,-1
6991,1137974400,2147483647,true,76,-1,-1,-1,-1,-1,-1
6992,1137974400,2147483647,true,76,-1,-1,-1,-1,-1,-1
6993,1137974400,2147483647,true,0,-1,-1,-1,-1,-1,-1
6994,1137974400,2147483647,true,0,-1,-1,-1,-1,-1,-1
6995,1137974400,2147483647,false,0,-1,-1,-1,-1,-1,-1
6996,1137974400,2147483647,true,0,-1,-1,-1,-1,-1,-1
6997,1137974400,2147483647,true,77,-1,-1,-1,-1,-1,-1
6998,1137974400,2147483647,true,77,-1,-1,-1,-1,-1,-1
6999,1137974400,2147483647,true,77,-1,-1,-1,-1,-1,-1
7000,1137974400,2147483647,true,77,-1,-1,-1,-1,-1,-1
7001,1137974400,2147483647,true,0,-1,-1,-1,-1,-1,-1
7002,1137974400,2147483647,true,0,-1,-1,-1,-1,-1,-1
7003,1137974400,2147483647,true,0,10836,-1,-1,-1,-1,-1
7051,1138579200,2147483647,false,0,11076,-1,-1,-1,-1,-1
7053,1138579200,2147483647,false,0,11076,11077,-1,-1,-1,-1
7054,1138579200,2147483647,false,133,-1,-1,-1,-1,-1,-1
7056,1138579200,2147483647,false,133,-1,-1,-1,-1,-1,-1
7058,1138579200,2147483647,false,133,-1,-1,-1,-1,-1,-1
7060,1138579200,2147483647,false,133,-1,-1,-1,-1,-1,-1
7062,1138579200,2147483647,false,134,-1,-1,-1,-1,-1,-1
7064,1138579200,2147483647,false,134,-1,-1,-1,-1,-1,-1
7066,1138579200,2147483647,false,134,-1,-1,-1,-1,-1,-1
7068,1138579200,2147483647,false,134,-1,-1,-1,-1,-1,-1
7070,1138579200,2147483647,false,5,-1,-1,-1,-1,-1,-1
7072,1138579200,2147483647,false,59,-1,-1,-1,-1,-1,-1
7074,1138579200,2147483647,false,0,-1,-1,-1,-1,-1,-1
7076,1138579200,2147483647,false,0,-1,-1,-1,-1,-1,-1
7078,1138579200,2147483647,false,59,-1,-1,-1,-1,-1,-1
7080,1138579200,2147483647,false,0,-1,-1,-1,-1,-1,-1
7082,1138579200,2147483647,false,59,-1,-1,-1,-1,-1,-1
7084,1138579200,2147483647,false,59,-1,-1,-1,-1,-1,-1
7086,1138579200,2147483647,false,58,-1,-1,-1,-1,-1,-1
7088,1138579200,2147483647,false,131,-1,-1,-1,-1,-1,-1
7090,1138579200,2147483647,false,0,-1,-1,-1,-1,-1,-1
7092,1138579200,2147483647,false,0,-1,-1,-1,-1,-1,-1
7094,1138579200,2147483647,false,0,-1,-1,-1,-1,-1,-1
7096,1138579200,2147483647,false,41,-1,-1,-1,-1,-1,-1
7097,1138579200,2147483647,false,41,-1,-1,-1,-1,-1,-1
7098,1138579200,2147483647,false,41,-1,-1,-1,-1,-1,-1
7099,1138579200,2147483647,false,41,-1,-1,-1,-1,-1,-1
7100,1138579200,2147483647,false,41,-1,-1,-1,-1,-1,-1
7101,1138579200,2147483647,false,41,-1,-1,-1,-1,-1,-1
7102,1138579200,2147483647,false,41,-1,-1,-1,-1,-1,-1
7103,1138579200,2147483647,false,41,-1,-1,-1,-1,-1,-1
7104,1138579200,2147483647,false,41,-1,-1,-1,-1,-1,-1
7105,1138579200,2147483647,false,41,-1,-1,-1,-1,-1,-1
7106,1138579200,2147483647,false,41,-1,-1,-1,-1,-1,-1
7107,1138579200,2147483647,false,41,-1,-1,-1,-1,-1,-1
7108,1139270400,2147483647,true,0,-1,-1,-1,-1,-1,-1
7109,1139270400,2147483647,true,0,-1,-1,-1,-1,-1,-1
7110,1139270400,2147483647,false,0,-1,-1,-1,11121,-1,-1
7112,1139270400,2147483647,false,0,11111,-1,-1,-1,-1,-1
7114,1139270400,2147483647,false,0,11110,-1,-1,11193,-1,-1
7116,1139270400,2147483647,false,0,11112,-1,-1,-1,-1,-1
7118,1139270400,2147483647,true,0,-1,-1,-1,-1,-1,-1
7119,1139270400,2147483647,true,0,-1,-1,-1,-1,-1,-1
7120,1139270400,2147483647,true,0,-1,-1,-1,-1,-1,-1
7121,1139270400,2147483647,true,0,-1,-1,-1,-1,-1,-1
7122,1139270400,2147483647,false,0,-1,-1,-1,11121,-1,-1
7124,1139270400,2147483647,false,0,11111,-1,-1,-1,-1,-1
7126,1139270400,2147483647,false,0,11112,-1,-1,-1,-1,-1
7128,1139270400,2147483647,false,0,-1,-1,-1,11121,-1,-1
7130,1139270400,2147483647,false,0,11111,-1,-1,-1,-1,-1
7132,1139270400,2147483647,false,0,11112,-1,-1,-1,-1,-1
7134,1139270400,2147483647,false,0,-1,-1,-1,11121,-1,-1
7136,1139270400,2147483647,false,0,11111,-1,-1,-1,-1,-1
7138,1139270400,2147483647,false,0,11112,-1,-1,-1,-1,-1
7140,1139270400,2147483647,false,21,-1,-1,-1,-1,-1,-1
7141,1139270400,2147483647,false,21,-1,-1,-1,-1,-1,-1
7142,1139270400,2147483647,false,25,-1,-1,-1,-1,-1,-1
7143,1139270400,2147483647,true,0,-1,-1,-1,-1,-1,-1
7144,1139270400,2147483647,true,0,-1,-1,-1,-1,-1,-1
7145,1139270400,2147483647,true,0,-1,-1,-1,-1,-1,-1
7146,1139270400,2147483647,true,0,-1,-1,-1,-1,-1,-1
7147,1139270400,2147483647,true,0,-1,-1,-1,-1,-1,-1
7148,1139270400,2147483647,true,0,-1,-1,-1,-1,-1,-1
7149,1139270400,2147483647,true,0,-1,-1,-1,-1,-1,-1
7150,1139270400,2147483647,true,0,-1,-1,-1,-1,-1,-1
7155,1139270400,2147483647,true,0,-1,-1,-1,-1,-1,-1
7156,1139270400,2147483647,true,0,-1,-1,-1,-1,-1,-1
7157,1139270400,2147483647,false,0,-1,-1,-1,-1,-1,-1
7158,1140393600,2147483647,false,61,-1,-1,-1,-1,-1,-1
7159,1140393600,2147483647,false,17,-1,-1,-1,-1,-1,-1
7162,1140393600,2147483647,false,0,-1,-1,-1,-1,-1,-1
7164,1140393600,2147483647,false,0,-1,-1,-1,-1,-1,-1
7166,1140393600,2147483647,false,0,-1,-1,-1,-1,-1,-1
7168,1140393600,2147483647,false,0,-1,-1,-1,-1,-1,-1
7170,1140393600,2147483647,false,55,-1,-1,-1,-1,-1,-1
7172,1140393600,2147483647,false,0,-1,-1,-1,-1,-1,-1
7174,1140393600,2147483647,false,0,-1,-1,-1,-1,-1,-1
7176,1140393600,2147483647,false,0,-1,-1,-1,-1,-1,-1
7178,1140393600,2147483647,false,129,-1,-1,-1,-1,-1,-1
7180,1140393600,2147483647,false,129,-1,-1,-1,-1,-1,-1
7182,1140393600,2147483647,false,0,-1,-1,-1,-1,-1,-1
7184,1140393600,2147483647,false,0,-1,-1,-1,-1,-1,-1
7186,1140393600,2147483647,false,0,-1,-1,-1,-1,-1,-1
7188,1140393600,2147483647,false,129,-1,-1,-1,-1,-1,-1
7190,1140393600,2147483647,false,129,-1,-1,-1,-1,-1,-1
7192,1140393600,2147483647,false,129,-1,-1,-1,-1,-1,-1
7194,1140393600,2147483647,false,129,-1,-1,-1,-1,-1,-1
7196,1140393600,2147483647,false,129,-1,-1,-1,-1,-1,-1
7198,1140393600,2147483647,false,129,-1,-1,-1,-1,-1,-1
7200,1140393600,2147483647,false,129,-1,-1,-1,-1,-1,-1
7202,1140393600,2147483647,false,129,-1,-1,-1,-1,-1,-1
7204,1140393600,2147483647,false,129,-1,-1,-1,-1,-1,-1
7206,1140393600,2147483647,false,129,-1,-1,-1,-1,-1,-1
7208,1140393600,2147483647,false,129,-1,-1,-1,-1,-1,-1
7210,1140393600,2147483647,false,129,-1,-1,-1,-1,-1,-1
7212,1140393600,2147483647,false,129,-1,-1,-1,-1,-1,-1
7214,1140393600,2147483647,false,129,-1,-1,-1,-1,-1,-1
7216,1140393600,2147483647,false,129,-1,-1,-1,-1,-1,-1
7218,1140393600,2147483647,false,129,-1,-1,-1,-1,-1,-1
7220,1140393600,2147483647,false,129,-1,-1,-1,-1,-1,-1
7222,1140393600,2147483647,false,0,-1,-1,-1,-1,-1,-1
7223,1140393600,2147483647,false,5,-1,-1,-1,-1,-1,-1
7224,1140393600,2147483647,false,0,-1,-1,-1,-1,-1,-1
7225,1140393600,2147483647,false,0,-1,-1,-1,-1,-1,-1
7226,1140393600,2147483647,false,0,-1,-1,-1,-1,-1,-1
7228,1140393600,2147483647,false,5,-1,-1,-1,-1,-1,-1
7230,1140393600,2147483647,false,0,-1,-1,-1,-1,-1,-1
7236,1140393600,2147483647,false,46,-1,-1,-1,-1,-1,-1
7237,1083715200,2147483647,false,46,-1,-1,-1,-1,-1,-1
7238,1140393600,2147483647,false,46,-1,-1,-1,-1,-1,-1
7239,1140393600,2147483647,false,47,-1,-1,-1,-1,-1,-1
7240,1083715200,2147483647,false,47,-1,-1,-1,-1,-1,-1
7241,1140393600,2147483647,false,47,-1,-1,-1,-1,-1,-1
7242,1083715200,2147483647,false,47,-1,-1,-1,-1,-1,-1
7243,1140393600,2147483647,false,47,-1,-1,-1,-1,-1,-1
7244,1083715200,2147483647,false,47,-1,-1,-1,-1,-1,-1
7245,1140393600,2147483647,false,47,-1,-1,-1,-1,-1,-1
7246,1083715200,2147483647,false,47,-1,-1,-1,-1,-1,-1
7247,1140393600,2147483647,false,47,-1,-1,-1,-1,-1,-1
7248,1140393600,2147483647,false,47,-1,-1,-1,-1,-1,-1
7249,1140393600,2147483647,false,47,-1,-1,-1,-1,-1,-1
7250,1140393600,2147483647,false,47,-1,-1,-1,-1,-1,-1
7251,1140393600,2147483647,false,47,-1,-1,-1,-1,-1,-1
7252,1140393600,2147483647,false,47,-1,-1,-1,-1,-1,-1
7253,1140393600,2147483647,false,47,-1,-1,-1,-1,-1,-1
7254,1140393600,2147483647,false,47,-1,-1,-1,-1,-1,-1
7255,1644969600,2147483647,false,47,-1,-1,-1,-1,-1,-1
7256,1140393600,2147483647,false,47,-1,-1,-1,-1,-1,-1
7257,1083715200,2147483647,false,47,-1,-1,-1,-1,-1,-1
7258,1140393600,2147483647,false,47,-1,-1,-1,-1,-1,-1
7259,1083715200,2147483647,false,47,-1,-1,-1,-1,-1,-1
7260,1140393600,2147483647,false,47,-1,-1,-1,-1,-1,-1
7261,1083715200,2147483647,false,47,-1,-1,-1,-1,-1,-1
7262,1140393600,2147483647,false,47,-1,-1,-1,-1,-1,-1
7263,1083715200,2147483647,false,47,-1,-1,-1,-1,-1,-1
7264,1140393600,2147483647,false,47,-1,-1,-1,-1,-1,-1
7265,1083715200,2147483647,false,47,-1,-1,-1,-1,-1,-1
7266,1140393600,2147483647,false,47,-1,-1,-1,-1,-1,-1
7267,1083715200,2147483647,false,47,-1,-1,-1,-1,-1,-1
7268,1140393600,2147483647,false,47,-1,-1,-1,-1,-1,-1
7269,1140393600,2147483647,false,48,-1,-1,-1,-1,-1,-1
7270,1140393600,2147483647,false,47,-1,-1,-1,-1,-1,-1
7271,1140393600,2147483647,false,48,-1,-1,-1,-1,-1,-1
7272,1140393600,2147483647,false,47,-1,-1,-1,-1,-1,-1
7273,1140393600,2147483647,false,48,-1,-1,-1,-1,-1,-1
7274,1140393600,2147483647,false,51,-1,-1,-1,-1,-1,-1
7275,1083715200,2147483647,false,52,-1,-1,-1,-1,-1,-1
7276,1140393600,2147483647,false,51,-1,-1,-1,-1,-1,-1
7277,1083715200,2147483647,false,52,-1,-1,-1,-1,-1,-1
7278,1140393600,2147483647,false,51,-1,-1,-1,-1,-1,-1
7279,1083715200,2147483647,false,52,-1,-1,-1,-1,-1,-1
7280,1140393600,2147483647,false,51,-1,-1,-1,-1,-1,-1
7281,1083715200,2147483647,false,52,-1,-1,-1,-1,-1,-1
7282,1140393600,2147483647,false,51,-1,-1,-1,-1,-1,-1
7283,1083715200,2147483647,false,52,-1,-1,-1,-1,-1,-1
7284,1140393600,2147483647,false,51,-1,-1,-1,-1,-1,-1
7285,1083715200,2147483647,false,52,-1,-1,-1,-1,-1,-1
7286,1140393600,2147483647,false,51,-1,-1,-1,-1,-1,-1
7287,1083715200,2147483647,false,51,-1,-1,-1,-1,-1,-1
7288,1140393600,2147483647,false,51,-1,-1,-1,-1,-1,-1
7289,1083715200,2147483647,false,51,-1,-1,-1,-1,-1,-1
7290,1140393600,2147483647,false,51,-1,-1,-1,-1,-1,-1
7291,1083715200,2147483647,false,51,-1,-1,-1,-1,-1,-1
7292,1140393600,2147483647,false,51,-1,-1,-1,-1,-1,-1
7293,1083715200,2147483647,false,51,-1,-1,-1,-1,-1,-1
7294,1140393600,2147483647,false,51,-1,-1,-1,-1,-1,-1
7295,1083715200,2147483647,false,51,-1,-1,-1,-1,-1,-1
7296,1140393600,2147483647,false,51,-1,-1,-1,-1,-1,-1
7297,1083715200,2147483647,false,180,-1,-1,-1,-1,-1,-1
7298,1140393600,2147483647,false,51,-1,-1,-1,-1,-1,-1
7299,1083715200,2147483647,false,180,-1,-1,-1,-1,-1,-1
7300,1140393600,2147483647,false,51,-1,-1,-1,-1,-1,-1
7301,1140393600,2147483647,false,51,-1,-1,-1,-1,-1,-1
7302,1083715200,2147483647,false,180,-1,-1,-1,-1,-1,-1
7303,1140393600,2147483647,false,51,-1,-1,-1,-1,-1,-1
7304,1140393600,2147483647,false,51,-1,-1,-1,-1,-1,-1
7305,1140393600,2147483647,false,51,-1,-1,-1,-1,-1,-1
7306,1083715200,2147483647,false,51,-1,-1,-1,-1,-1,-1
7307,1140393600,2147483647,false,51,-1,-1,-1,-1,-1,-1
7308,1083715200,2147483647,false,51,-1,-1,-1,-1,-1,-1
7309,1140393600,2147483647,false,51,-1,-1,-1,-1,-1,-1
7310,1083715200,2147483647,false,51,-1,-1,-1,-1,-1,-1
7311,1140393600,2147483647,false,51,-1,-1,-1,-1,-1,-1
7312,1083715200,2147483647,false,51,-1,-1,-1,-1,-1,-1
7313,1140393600,2147483647,false,51,-1,-1,-1,-1,-1,-1
7314,1083715200,2147483647,false,51,-1,-1,-1,-1,-1,-1
7315,1140393600,2147483647,false,51,-1,-1,-1,-1,-1,-1
7316,1083715200,2147483647,false,51,-1,-1,-1,-1,-1,-1
7317,1140393600,2147483647,false,51,-1,-1,-1,-1,-1,-1
7318,1083715200,2147483647,false,51,-1,-1,-1,-1,-1,-1
7319,1140393600,2147483647,false,0,-1,-1,-1,-1,-1,-1
7321,1140393600,2147483647,false,0,-1,-1,-1,-1,-1,-1
7323,1140393600,2147483647,false,0,-1,-1,-1,-1,-1,-1
7325,1140393600,2147483647,false,0,-1,-1,-1,-1,-1,-1
7327,1140393600,2147483647,false,0,-1,-1,-1,-1,-1,-1
7329,1140393600,2147483647,false,0,-1,-1,-1,-1,-1,-1
7330,1140393600,2147483647,false,0,-1,-1,-1,-1,-1,-1
7331,1140393600,2147483647,false,0,-1,-1,-1,-1,-1,-1
7332,1140393600,2147483647,false,18,11419,-1,-1,-1,-1,-1
7334,1140393600,2147483647,false,18,11419,-1,-1,-1,-1,-1
7336,1140393600,2147483647,false,18,11419,-1,-1,-1,-1,-1
7338,1140393600,2147483647,false,18,11420,-1,-1,-1,-1,-1
7340,1140393600,2147483647,false,18,11420,-1,-1,-1,-1,-1
7342,1140393600,2147483647,false,18,11420,-1,-1,-1,-1,-1
7344,1140393600,2147483647,false,18,11421,-1,-1,-1,-1,-1
7346,1140393600,2147483647,false,18,11421,-1,-1,-1,-1,-1
7348,1140393600,2147483647,false,18,11421,-1,-1,-1,-1,-1
7350,1140393600,2147483647,false,18,11422,-1,-1,-1,-1,-1
7352,1140393600,2147483647,false,18,11422,-1,-1,-1,-1,-1
7354,1140393600,2147483647,false,18,11422,-1,-1,-1,-1,-1
7356,1140393600,2147483647,false,18,11423,-1,-1,-1,-1,-1
7358,1140393600,2147483647,false,18,11423,-1,-1,-1,-1,-1
7360,1140393600,2147483647,false,18,11423,-1,-1,-1,-1,-1
7362,1140393600,2147483647,false,7,11346,-1,-1,-1,-1,-1
7364,1140393600,2147483647,false,7,11346,-1,-1,-1,-1,-1
7366,1140393600,2147483647,false,8,-1,-1,-1,11356,-1,-1
7368,1140393600,2147483647,false,8,-1,-1,-1,11356,-1,-1
7370,1140393600,2147483647,false,7,11345,-1,-1,-1,-1,-1
7372,1140393600,2147483647,false,7,11345,-1,-1,-1,-1,-1
7374,1140393600,2147483647,false,7,11345,-1,-1,-1,-1,-1
7376,1140393600,2147483647,false,7,11345,-1,-1,-1,-1,-1
7378,1140393600,2147483647,false,8,11411,-1,-1,11355,-1,-1
7380,1140393600,2147483647,false,8,11411,-1,-1,11355,-1,-1
7382,1140393600,2147483647,false,8,11411,-1,-1,11355,-1,-1
7384,1140393600,2147483647,false,8,11411,-1,-1,11355,-1,-1
7386,1140393600,2147483647,false,0,10982,-1,-1,-1,-1,-1
7388,1140393600,2147483647,false,0,10982,-1,-1,-1,-1,-1
7390,1140393600,2147483647,false,0,-1,10984,-1,-1,-1,-1
7392,1140393600,2147483647,false,0,-1,10984,-1,-1,-1,-1
7394,1140393600,2147483647,false,0,-1,-1,-1,-1,-1,-1
7396,1140393600,2147483647,false,0,-1,-1,-1,-1,-1,-1
7398,1140393600,2147483647,false,10,-1,-1,-1,-1,-1,-1
7399,1140393600,2147483647,false,10,-1,-1,-1,-1,11418,-1
7400,1140393600,2147483647,false,10,11410,-1,-1,-1,-1,-1
7404,1140393600,2147483647,false,22,4048,-1,-1,-1,-1,-1
7405,1140393600,2147483647,false,22,4048,-1,-1,-1,-1,-1
7406,1140393600,2147483647,false,22,4048,-1,-1,-1,-1,-1
7408,1140998400,2147483647,true,0,-1,-1,-1,-1,-1,-1
7409,1140998400,2147483647,true,25,-1,-1,-1,-1,-1,-1
7410,1140998400,2147483647,true,0,-1,-1,-1,-1,-1,-1
7411,1140998400,2147483647,true,0,-1,-1,-1,-1,-1,-1
7413,1141689600,2147483647,false,2165,-1,-1,-1,-1,-1,-1
7414,1141689600,2147483647,false,0,-1,-1,-1,-1,-1,-1
7416,1141689600,2147483647,false,0,-1,-1,-1,-1,-1,-1
7418,1141689600,2147483647,false,0,-1,-1,-1,-1,-1,-1
7421,1141689600,2147483647,false,886,-1,-1,-1,-1,-1,-1
7422,1141689600,2147483647,false,886,-1,-1,-1,-1,-1,-1
7423,1141689600,2147483647,false,886,-1,-1,-1,-1,-1,-1
7424,1141689600,2147483647,false,886,-1,-1,-1,-1,-1,-1
7425,1141689600,2147483647,false,886,-1,-1,-1,-1,-1,-1
7426,1141689600,2147483647,false,886,-1,-1,-1,-1,-1,-1
7427,1141689600,2147483647,false,886,-1,-1,-1,-1,-1,-1
7428,1141689600,2147483647,false,886,-1,-1,-1,-1,-1,-1
7429,1141689600,2147483647,false,886,-1,-1,-1,-1,-1,-1
7430,1141689600,2147483647,false,886,-1,-1,-1,-1,-1,-1
7431,1141689600,2147483647,false,886,-1,-1,-1,-1,-1,-1
7432,1141689600,2147483647,false,0,-1,-1,-1,-1,-1,-1
7433,1142380800,2147483647,false,21,-1,-1,-1,-1,-1,-1
7435,1142380800,2147483647,false,25,-1,-1,-1,-1,-1,-1
7437,1142380800,2147483647,false,25,-1,-1,-1,-1,-1,-1
7439,1142380800,2147483647,false,61,-1,-1,-1,-1,-1,-1
7441,1142380800,2147483647,false,26,-1,-1,-1,-1,-1,-1
7443,1142380800,2147483647,false,21,-1,-1,-1,-1,-1,-1
7445,1142380800,2147483647,false,26,-1,-1,-1,-1,-1,-1
7447,1142380800,2147483647,false,25,-1,-1,-1,-1,-1,-1
7449,1142380800,2147483647,false,26,-1,-1,-1,-1,-1,-1
7451,1142380800,2147483647,false,21,-1,-1,-1,-1,-1,-1
7453,1142380800,2147483647,false,16,-1,-1,-1,-1,-1,-1
7454,1142380800,2147483647,false,16,-1,-1,-1,-1,-1,-1
7455,1142380800,2147483647,false,16,-1,-1,-1,-1,-1,-1
7456,1142380800,2147483647,false,16,-1,-1,-1,-1,-1,-1
7457,1142380800,2147483647,false,16,-1,-1,-1,-1,-1,-1
7458,1142380800,2147483647,false,16,-1,-1,-1,-1,-1,-1
7459,1142380800,2147483647,false,16,-1,-1,-1,-1,-1,-1
7460,1142380800,2147483647,false,16,-1,-1,-1,-1,-1,-1
7461,1142380800,2147483647,false,16,-1,-1,-1,-1,-1,-1
7462,1142380800,2147483647,false,16,-1,-1,-1,-1,-1,-1
7463,1142380800,2147483647,true,0,-1,-1,-1,-1,-1,-1
7464,1142380800,2147483647,false,0,-1,-1,-1,-1,-1,-1
7465,1142380800,2147483647,true,0,-1,-1,-1,-1,-1,-1
7466,1142380800,2147483647,true,0,-1,-1,-1,-1,-1,-1
7468,1142380800,2147483647,true,0,-1,-1,-1,-1,-1,-1
7470,1142380800,2147483647,true,0,-1,-1,-1,-1,-1,-1
7471,1142380800,2147483647,true,0,-1,-1,-1,-1,-1,-1
7472,1142380800,2147483647,true,0,-1,-1,-1,-1,-1,-1
7473,1142380800,2147483647,true,0,-1,-1,-1,-1,-1,-1
7474,1142380800,2147483647,true,0,-1,-1,-1,-1,-1,-1
7475,1142380800,2147483647,true,0,12759,-1,-1,-1,-1,-1
7476,1142380800,2147483647,true,0,-1,-1,-1,-1,-1,-1
7477,1142380800,2147483647,true,0,-1,-1,-1,-1,-1,-1
7478,1142380800,2147483647,true,0,-1,-1,-1,-1,-1,-1
7479,1142380800,2147483647,true,59,-1,-1,-1,-1,-1,-1
7480,1142380800,2147483647,true,1410,-1,-1,-1,-1,-1,-1
7481,1142380800,2147483647,true,1410,-1,-1,-1,-1,-1,-1
7482,1142380800,2147483647,true,1410,-1,-1,-1,-1,-1,-1
7483,1142380800,2147483647,true,1410,-1,-1,-1,-1,-1,-1
7484,1142380800,2147483647,true,1410,-1,-1,-1,-1,-1,-1
7485,1142380800,2147483647,true,1410,-1,-1,-1,-1,-1,-1
7486,1142380800,2147483647,true,1410,-1,-1,-1,-1,-1,-1
7487,1142380800,2147483647,true,1410,-1,-1,-1,-1,-1,-1
7488,1142380800,2147483647,true,1410,-1,-1,-1,-1,-1,-1
7489,1142380800,2147483647,true,1410,-1,-1,-1,-1,-1,-1
7490,1142380800,2147483647,true,1410,-1,-1,-1,-1,-1,-1
7491,1142380800,2147483647,true,1410,-1,-1,-1,-1,-1,-1
7492,1142380800,2147483647,true,1410,-1,-1,-1,-1,-1,-1
7493,1142380800,2147483647,true,1410,-1,-1,-1,-1,-1,-1
7494,1142380800,2147483647,true,1410,-1,-1,-1,-1,-1,-1
7495,1142380800,2147483647,true,1410,-1,-1,-1,-1,-1,-1
7496,1142380800,2147483647,true,0,-1,-1,-1,-1,-1,-1
7497,1142380800,2147483647,true,83,-1,-1,-1,-1,-1,-1
7498,1142380800,2147483647,true,87,-1,-1,-1,-1,-1,-1
7508,1142380800,2147483647,true,0,-1,-1,-1,-1,-1,-1
7509,1142380800,2147483647,true,734,-1,-1,-1,-1,-1,-1
7510,1142380800,2147483647,true,734,-1,-1,-1,-1,-1,-1
7511,1142380800,2147483647,true,0,-1,-1,-1,-1,-1,-1
7512,1142380800,2147483647,true,0,-1,-1,-1,-1,-1,-1
7513,1142380800,2147483647,true,0,-1,-1,-1,-1,-1,-1
7514,1142380800,2147483647,true,0,-1,-1,-1,-1,-1,-1
7515,1142380800,2147483647,true,0,-1,-1,-1,-1,-1,-1
7516,1142380800,2147483647,true,0,-1,-1,-1,-1,-1,-1
7517,1142380800,2147483647,true,0,-1,-1,-1,-1,-1,-1
7518,1142380800,2147483647,true,0,-1,-1,-1,-1,-1,-1
7519,1142380800,2147483647,true,15,-1,-1,-1,-1,-1,-1
7520,1142380800,2147483647,true,0,-1,-1,-1,-1,-1,-1
7521,1142380800,2147483647,true,59,-1,-1,-1,-1,-1,-1
7523,1142380800,2147483647,true,59,-1,-1,-1,-1,-1,-1
7524,1142380800,2147483647,true,59,-1,-1,-1,-1,-1,-1
7525,1142380800,2147483647,true,59,-1,-1,-1,-1,-1,-1
7526,1142380800,2147483647,true,59,-1,-1,-1,-1,-1,-1
7527,1142380800,2147483647,true,0,-1,-1,-1,-1,-1,-1
7528,1142380800,2147483647,true,0,-1,-1,-1,-1,-1,-1
7529,1142380800,2147483647,true,0,-1,-1,-1,-1,-1,-1
7530,1142380800,2147483647,true,59,-1,-1,-1,-1,-1,-1
7531,1142380800,2147483647,true,0,-1,-1,-1,-1,-1,-1
7532,1142380800,2147483647,true,0,-1,-1,-1,-1,-1,-1
7533,1142380800,2147483647,true,0,-1,-1,-1,-1,-1,-1
7534,1142380800,2147483647,true,0,-1,13335,-1,-1,-1,-1
7535,1142380800,2147483647,true,0,-1,-1,-1,-1,-1,-1
7536,1142380800,2147483647,false,0,-1,-1,-1,-1,-1,-1
7537,1142380800,2147483647,false,16,13894,-1,-1,-1,-1,-1
7538,1142380800,2147483647,true,0,-1,-1,-1,-1,-1,-1
7539,1142380800,2147483647,false,2,13336,-1,-1,-1,-1,-1
7540,1142380800,2147483647,false,0,-1,-1,-1,-1,-1,-1
7541,1142380800,2147483647,false,0,-1,-1,-1,-1,-1,-1
7542,1142380800,2147483647,true,84,-1,-1,-1,-1,-1,-1
7543,1142380800,2147483647,true,0,-1,-1,-1,-1,-1,-1
7544,1142380800,2147483647,true,84,-1,-1,-1,-1,-1,-1
7545,1142380800,2147483647,true,84,-1,-1,-1,-1,-1,-1
7546,1142380800,2147483647,true,84,-1,-1,-1,-1,-1,-1
7564,1142380800,2147483647,true,85,-1,-1,-1,-1,-1,-1
7565,1142380800,2147483647,true,85,-1,-1,-1,-1,-1,-1
7566,1142380800,2147483647,true,0,-1,-1,-1,-1,-1,-1
7568,1142380800,2147483647,true,5,-1,-1,-1,-1,-1,-1
7570,1142380800,2147483647,true,0,-1,-1,-1,-1,-1,-1
7572,1142380800,2147483647,true,86,-1,-1,-1,-1,-1,-1
7573,1142380800,2147483647,true,59,-1,-1,-1,-1,-1,-1
7574,1142380800,2147483647,true,86,-1,-1,-1,-1,-1,-1
7575,1142380800,2147483647,true,59,-1,-1,-1,-1,-1,-1
7576,1142380800,2147483647,true,0,-1,-1,-1,-1,-1,-1
7577,1142380800,2147483647,true,0,-1,-1,-1,-1,-1,-1
7578,1142380800,2147483647,true,0,-1,-1,-1,-1,-1,-1
7579,1142380800,2147483647,true,59,-1,-1,-1,-1,-1,-1
7580,1142380800,2147483647,true,0,-1,-1,-1,-1,-1,-1
7581,1142380800,2147483647,false,29,-1,-1,-1,-1,-1,-1
7582,1142380800,2147483647,false,30,-1,-1,-1,-1,-1,-1
7583,1142380800,2147483647,false,31,-1,-1,-1,-1,-1,-1
7584,1142380800,2147483647,false,32,-1,-1,-1,-1,-1,-1
7585,1142380800,2147483647,false,33,-1,-1,-1,-1,-1,-1
7587,1142380800,2147483647,false,60,-1,-1,-1,-1,-1,-1
7588,1142380800,2147483647,false,60,-1,-1,-1,-1,-1,-1
7589,1142380800,2147483647,false,60,-1,-1,-1,-1,-1,-1
7590,1142380800,2147483647,false,60,-1,-1,-1,-1,-1,-1
7591,1142380800,2147483647,false,60,-1,-1,-1,-1,-1,-1
7592,1142380800,2147483647,false,0,13926,-1,-1,-1,-1,-1
7593,1142380800,2147483647,false,0,13925,-1,-1,-1,-1,-1
7594,1142380800,2147483647,false,0,-1,-1,-1,-1,-1,-1
7595,1142380800,2147483647,false,0,13331,-1,-1,-1,-1,-1
7596,1142380800,2147483647,false,0,13332,-1,-1,-1,-1,-1
7622,1142985600,2147483647,true,97,-1,-1,-1,-1,-1,-1
7624,1142985600,2147483647,true,97,-1,-1,-1,-1,-1,-1
7626,1142985600,2147483647,true,97,-1,-1,-1,-1,-1,-1
7628,1142985600,2147483647,true,0,-1,-1,-1,-1,-1,-1
7629,1142985600,2147483647,true,0,-1,-1,-1,-1,-1,-1
7630,1142985600,2147483647,true,0,-1,-1,-1,-1,-1,-1
7632,1142985600,2147483647,true,0,-1,-1,-1,-1,-1,-1
7633,1142985600,2147483647,true,0,-1,-1,-1,-1,-1,-1
7634,1142985600,2147483647,true,0,-1,-1,-1,-1,-1,-1
7635,1142985600,2147483647,true,0,-1,-1,-1,-1,-1,-1
7636,1142985600,2147483647,false,0,-1,-1,-1,-1,-1,-1
7637,1142985600,2147483647,true,0,-1,-1,-1,-1,-1,-1
7638,1142985600,2147483647,true,0,-1,-1,-1,-1,-1,-1
7639,1142985600,2147483647,true,1,-1,-1,-1,-1,-1,-1
7640,1142985600,2147483647,true,1,-1,-1,-1,-1,-1,-1
7641,1142985600,2147483647,true,1,-1,-1,-1,-1,-1,-1
7642,1142985600,2147483647,true,1,-1,-1,-1,-1,-1,-1
7643,1142985600,2147483647,true,1,-1,-1,-1,-1,-1,-1
7644,1142985600,2147483647,true,1,-1,-1,-1,-1,-1,-1
7645,1142985600,2147483647,true,1,-1,-1,-1,-1,-1,-1
7646,1142985600,2147483647,true,1,-1,-1,-1,-1,-1,-1
7647,1142985600,2147483647,true,1,-1,-1,-1,-1,-1,-1
7648,1142985600,2147483647,true,1,-1,-1,-1,-1,-1,-1
7649,1142985600,2147483647,true,0,-1,-1,-1,-1,-1,-1
7650,1142985600,2147483647,false,0,-1,-1,-1,-1,-1,-1
7652,1142985600,2147483647,false,69,-1,-1,-1,-1,-1,-1
7654,1142985600,2147483647,false,69,-1,-1,-1,-1,-1,-1
7656,1142985600,2147483647,false,69,-1,-1,-1,-1,-1,-1
7658,1142985600,2147483647,false,69,-1,-1,-1,-1,-1,-1
7660,1142985600,2147483647,false,69,-1,-1,-1,-1,-1,-1
7662,1142985600,2147483647,false,69,-1,-1,-1,-1,-1,-1
7664,1142985600,2147483647,false,69,-1,-1,-1,-1,-1,-1
7666,1142985600,2147483647,false,69,-1,-1,-1,-1,-1,-1
7668,1142985600,2147483647,true,26,-1,-1,-1,-1,-1,-1
7671,1149033600,2147483647,false,65,-1,-1,-1,-1,-1,-1
7673,1149033600,2147483647,false,65,-1,-1,-1,-1,-1,-1
7675,1149033600,2147483647,false,25,-1,-1,-1,-1,-1,-1
7676,1149033600,2147483647,false,18,486,-1,-1,-1,-1,-1
7677,1149033600,2147483647,false,0,-1,-1,-1,-1,-1,-1
7678,1149033600,2147483647,false,0,-1,-1,-1,-1,-1,-1
7679,1149033600,2147483647,false,36,-1,-1,-1,-1,-1,-1
7681,1149033600,2147483647,false,0,-1,-1,-1,-1,-1,-1
7682,1149033600,2147483647,false,0,-1,-1,-1,-1,-1,-1
7684,1149033600,2147483647,false,0,-1,-1,-1,-1,-1,-1
7686,1143504000,2147483647,false,1,12796,-1,-1,-1,-1,-1
7688,1149033600,2147483647,false,0,-1,-1,-1,-1,-1,-1
7690,1149033600,2147483647,false,0,-1,-1,-1,-1,-1,-1
7691,1149033600,2147483647,false,0,-1,-1,-1,-1,-1,-1
7692,1149033600,2147483647,false,68,-1,-1,-1,-1,-1,-1
7694,1149033600,2147483647,false,68,-1,-1,-1,-1,-1,-1
7696,1149033600,2147483647,false,68,-1,-1,-1,-1,-1,-1
7698,1149033600,2147483647,false,68,-1,-1,-1,-1,-1,-1
7700,1149033600,2147483647,false,0,-1,-1,-1,-1,-1,-1
7702,1149033600,2147483647,false,0,-1,-1,-1,-1,-1,-1
7704,1149033600,2147483647,false,68,-1,-1,-1,-1,-1,-1
7706,1149033600,2147483647,false,68,-1,-1,-1,-1,-1,-1
7708,1149033600,2147483647,false,68,-1,-1,-1,-1,-1,-1
7710,1149033600,2147483647,false,68,-1,-1,-1,-1,-1,-1
7712,1149033600,2147483647,false,0,-1,-1,-1,-1,-1,-1
7714,1149033600,2147483647,false,0,-1,-1,-1,-1,-1,-1
7716,1149033600,2147483647,false,68,-1,-1,-1,-1,-1,-1
7718,1149033600,2147483647,false,68,-1,-1,-1,-1,-1,-1
7720,1149033600,2147483647,false,68,-1,-1,-1,-1,-1,-1
7722,1149033600,2147483647,false,68,-1,-1,-1,-1,-1,-1
7724,1149033600,2147483647,false,0,-1,-1,-1,-1,-1,-1
7726,1149033600,2147483647,false,0,-1,-1,-1,-1,-1,-1
7728,1149033600,2147483647,false,0,-1,-1,-1,-1,-1,-1
7730,1149033600,2147483647,false,0,-1,-1,-1,-1,-1,-1
7731,1149033600,2147483647,false,0,-1,-1,-1,-1,-1,-1
7732,1149033600,2147483647,false,0,-1,-1,-1,-1,-1,-1
7733,1149033600,2147483647,false,0,-1,-1,-1,-1,-1,-1
7734,1149033600,2147483647,false,0,-1,-1,-1,-1,-1,-1
7735,1149033600,2147483647,false,0,-1,-1,-1,-1,-1,-1
7736,1149033600,2147483647,false,0,-1,-1,-1,-1,-1,-1
7737,1149033600,2147483647,false,0,-1,-1,-1,-1,-1,-1
7738,1149033600,2147483647,false,0,-1,-1,-1,-1,-1,-1
7740,1149033600,2147483647,false,0,-1,-1,-1,-1,-1,-1
7742,1149033600,2147483647,false,0,-1,-1,-1,-1,-1,-1
7744,1149033600,2147483647,false,0,-1,-1,-1,-1,-1,-1
7746,1149033600,2147483647,false,0,-1,-1,-1,-1,-1,-1
7748,1149033600,2147483647,false,0,-1,-1,-1,-1,-1,-1
7750,1143504000,2147483647,false,0,-1,-1,-1,-1,-1,-1
7752,1149033600,2147483647,false,0,-1,-1,-1,-1,-1,-1
7754,1149033600,2147483647,false,0,-1,-1,-1,-1,-1,-1
7756,1143504000,2147483647,false,15,-1,-1,-1,-1,-1,-1
7759,1149033600,2147483647,false,0,-1,-1,-1,-1,-1,-1
7761,1149033600,2147483647,false,0,-1,-1,-1,-1,-1,-1
7763,1149033600,2147483647,false,0,-1,-1,-1,-1,-1,-1
7765,1149033600,2147483647,false,0,-1,-1,-1,-1,-1,-1
7767,1149033600,2147483647,false,0,-1,-1,-1,-1,-1,-1
7769,1149033600,2147483647,false,0,-1,-1,-1,-1,-1,-1
7771,1149033600,2147483647,false,0,-1,-1,-1,-1,-1,-1
7773,1143504000,2147483647,false,0,-1,-1,-1,-1,-1,-1
7774,1143504000,1173744000,false,44,-1,-1,-1,-1,-1,-1
7775,1143504000,1173744000,false,44,-1,-1,-1,-1,-1,-1
7776,1143504000,1173744000,false,44,-1,-1,-1,-1,-1,-1
7777,1143504000,2147483647,false,0,10131,-1,-1,-1,-1,-1
7778,1143504000,2147483647,false,0,-1,-1,-1,-1,-1,-1
7779,1143504000,2147483647,false,966,-1,-1,-1,-1,-1,-1
7780,1143504000,2147483647,false,966,-1,-1,-1,-1,-1,-1
7781,1143504000,2147483647,false,966,-1,-1,-1,-1,-1,-1
7782,1143504000,2147483647,false,966,-1,-1,-1,-1,-1,-1
7783,1143504000,2147483647,false,966,-1,-1,-1,-1,-1,-1
7784,1143504000,2147483647,false,966,-1,-1,-1,-1,-1,-1
7785,1143504000,2147483647,false,966,-1,-1,-1,-1,-1,-1
7786,1143504000,2147483647,false,966,-1,-1,-1,-1,-1,-1
7787,1143504000,2147483647,false,966,-1,-1,-1,-1,-1,-1
7788,1143504000,2147483647,false,966,-1,-1,-1,-1,-1,-1
7789,1143504000,2147483647,false,966,-1,-1,-1,-1,-1,-1
7790,1143504000,2147483647,false,966,-1,-1,-1,-1,-1,-1
7791,1143504000,2147483647,false,966,-1,-1,-1,-1,-1,-1
7792,1143504000,2147483647,false,966,-1,-1,-1,-1,-1,-1
7793,1143504000,2147483647,false,966,-1,-1,-1,-1,-1,-1
7794,1143504000,2147483647,false,966,-1,-1,-1,-1,-1,-1
7795,1143504000,2147483647,false,966,-1,-1,-1,-1,-1,-1
7796,1143504000,2147483647,false,966,-1,-1,-1,-1,-1,-1
7797,1143504000,2147483647,false,966,-1,-1,-1,-1,-1,-1
7798,1143504000,2147483647,false,966,-1,-1,-1,-1,-1,-1
7799,1143504000,2147483647,false,966,-1,-1,-1,-1,-1,-1
7800,1143504000,2147483647,false,0,-1,-1,-1,-1,-1,-1
7801,1143504000,2147483647,false,45,-1,-1,-1,-1,-1,-1
7803,1143504000,2147483647,false,0,-1,-1,-1,-1,-1,-1
7804,1144022400,2147483647,false,92,-1,-1,-1,-1,-1,-1
7806,1144022400,2147483647,true,25,-1,-1,-1,-1,-1,-1
7807,1144022400,2147483647,true,35,-1,-1,-1,-1,-1,-1
7808,1144022400,2147483647,true,39,-1,-1,-1,-1,-1,-1
7809,1144022400,2147483647,true,36,-1,-1,-1,-1,-1,-1
7810,1144627200,2147483647,true,0,-1,-1,-1,-1,-1,-1
7811,1144627200,2147483647,true,0,-1,-1,-1,-1,-1,-1
7812,1144627200,2147483647,true,100,-1,-1,-1,-1,-1,-1
7813,1144627200,2147483647,true,101,-1,-1,-1,-1,-1,-1
7814,1144627200,2147483647,true,102,-1,-1,-1,-1,-1,-1
7815,1144627200,2147483647,true,100,-1,-1,-1,-1,-1,-1
7816,1144627200,2147483647,true,101,-1,-1,-1,-1,-1,-1
7817,1144627200,2147483647,true,102,-1,-1,-1,-1,-1,-1
7818,1144627200,2147483647,true,100,-1,-1,-1,-1,-1,-1
7819,1144627200,2147483647,true,101,-1,-1,-1,-1,-1,-1
7820,1144627200,2147483647,true,102,-1,-1,-1,-1,-1,-1
7821,1144627200,2147483647,true,100,-1,-1,-1,-1,-1,-1
7822,1144627200,2147483647,true,101,-1,-1,-1,-1,-1,-1
7823,1144627200,2147483647,true,102,-1,-1,-1,-1,-1,-1
7824,1144627200,2147483647,true,100,-1,-1,-1,-1,-1,-1
7825,1144627200,2147483647,true,101,-1,-1,-1,-1,-1,-1
7826,1144627200,2147483647,true,102,-1,-1,-1,-1,-1,-1
7827,1144627200,2147483647,true,100,-1,-1,-1,-1,-1,-1
7828,1144627200,2147483647,true,101,-1,-1,-1,-1,-1,-1
7829,1144627200,2147483647,true,102,-1,-1,-1,-1,-1,-1
7830,1144627200,2147483647,true,103,-1,-1,-1,-1,-1,-1
7831,1144627200,2147483647,true,101,-1,-1,-1,-1,-1,-1
7832,1144627200,2147483647,true,104,-1,-1,-1,-1,-1,-1
7833,1144627200,2147483647,true,103,-1,-1,-1,-1,-1,-1
7834,1144627200,2147483647,true,101,-1,-1,-1,-1,-1,-1
7835,1144627200,2147483647,true,104,-1,-1,-1,-1,-1,-1
7836,1144627200,2147483647,true,103,-1,-1,-1,-1,-1,-1
7837,1144627200,2147483647,true,101,-1,-1,-1,-1,-1,-1
7838,1144627200,2147483647,true,104,-1,-1,-1,-1,-1,-1
7839,1144627200,2147483647,true,103,-1,-1,-1,-1,-1,-1
7840,1144627200,2147483647,true,101,-1,-1,-1,-1,-1,-1
7841,1144627200,2147483647,true,104,-1,-1,-1,-1,-1,-1
7842,1144627200,2147483647,true,103,-1,-1,-1,-1,-1,-1
7843,1144627200,2147483647,true,101,-1,-1,-1,-1,-1,-1
7844,1144627200,2147483647,true,104,-1,-1,-1,-1,-1,-1
7845,1144627200,2147483647,true,103,-1,-1,-1,-1,-1,-1
7846,1144627200,2147483647,true,101,-1,-1,-1,-1,-1,-1
7847,1144627200,2147483647,true,104,-1,-1,-1,-1,-1,-1
7848,1144627200,2147483647,true,103,-1,-1,-1,-1,-1,-1
7849,1144627200,2147483647,true,101,-1,-1,-1,-1,-1,-1
7850,1144627200,2147483647,true,104,-1,-1,-1,-1,-1,-1
7851,1144627200,2147483647,true,103,-1,-1,-1,-1,-1,-1
7852,1144627200,2147483647,true,101,-1,-1,-1,-1,-1,-1
7853,1144627200,2147483647,true,104,-1,-1,-1,-1,-1,-1
7854,1144627200,2147483647,true,100,-1,-1,-1,-1,-1,-1
7855,1144627200,2147483647,true,101,-1,-1,-1,-1,-1,-1
7856,1144627200,2147483647,true,102,-1,-1,-1,-1,-1,-1
7857,1144627200,2147483647,true,103,-1,-1,-1,-1,-1,-1
7858,1144627200,2147483647,true,101,-1,-1,-1,-1,-1,-1
7859,1144627200,2147483647,true,104,-1,-1,-1,-1,-1,-1
7860,1144627200,2147483647,true,103,-1,-1,-1,-1,-1,-1
7861,1144627200,2147483647,true,101,-1,-1,-1,-1,-1,-1
7862,1144627200,2147483647,true,104,-1,-1,-1,-1,-1,-1
7863,1144627200,2147483647,true,103,-1,-1,-1,-1,-1,-1
7864,1144627200,2147483647,true,101,-1,-1,-1,-1,-1,-1
7865,1144627200,2147483647,true,104,-1,-1,-1,-1,-1,-1
7866,1144627200,2147483647,true,103,-1,-1,-1,-1,-1,-1
7867,1144627200,2147483647,true,101,-1,-1,-1,-1,-1,-1
7868,1144627200,2147483647,true,104,-1,-1,-1,-1,-1,-1
7869,1144627200,2147483647,true,103,-1,-1,-1,-1,-1,-1
7870,1144627200,2147483647,true,101,-1,-1,-1,-1,-1,-1
7871,1144627200,2147483647,true,104,-1,-1,-1,-1,-1,-1
7872,1144627200,2147483647,true,103,-1,-1,-1,-1,-1,-1
7873,1144627200,2147483647,true,101,-1,-1,-1,-1,-1,-1
7874,1144627200,2147483647,true,104,-1,-1,-1,-1,-1,-1
7875,1144627200,2147483647,true,103,-1,-1,-1,-1,-1,-1
7876,1144627200,2147483647,true,101,-1,-1,-1,-1,-1,-1
7877,1144627200,2147483647,true,104,-1,-1,-1,-1,-1,-1
7878,1144627200,2147483647,true,103,-1,-1,-1,-1,-1,-1
7879,1144627200,2147483647,true,101,-1,-1,-1,-1,-1,-1
7880,1144627200,2147483647,true,104,-1,-1,-1,-1,-1,-1
7881,1144627200,2147483647,true,103,-1,-1,-1,-1,-1,-1
7882,1144627200,2147483647,true,101,-1,-1,-1,-1,-1,-1
7883,1144627200,2147483647,true,104,-1,-1,-1,-1,-1,-1
7884,1144627200,2147483647,true,103,-1,-1,-1,-1,-1,-1
7885,1144627200,2147483647,true,101,-1,-1,-1,-1,-1,-1
7886,1144627200,2147483647,true,104,-1,-1,-1,-1,-1,-1
7887,1144627200,2147483647,true,103,-1,-1,-1,-1,-1,-1
7888,1144627200,2147483647,true,101,-1,-1,-1,-1,-1,-1
7889,1144627200,2147483647,true,104,-1,-1,-1,-1,-1,-1
7890,1144627200,2147483647,true,103,-1,-1,-1,-1,-1,-1
7891,1144627200,2147483647,true,101,-1,-1,-1,-1,-1,-1
7892,1144627200,2147483647,true,104,-1,-1,-1,-1,-1,-1
7893,1144627200,2147483647,true,103,-1,-1,-1,-1,-1,-1
7894,1144627200,2147483647,true,101,-1,-1,-1,-1,-1,-1
7895,1144627200,2147483647,true,104,-1,-1,-1,-1,-1,-1
7896,1144627200,2147483647,true,103,-1,-1,-1,-1,-1,-1
7897,1144627200,2147483647,true,101,-1,-1,-1,-1,-1,-1
7898,1144627200,2147483647,true,104,-1,-1,-1,-1,-1,-1
7899,1144627200,2147483647,true,103,-1,-1,-1,-1,-1,-1
7900,1144627200,2147483647,true,101,-1,-1,-1,-1,-1,-1
7901,1144627200,2147483647,true,104,-1,-1,-1,-1,-1,-1
7902,1144627200,2147483647,true,103,-1,-1,-1,-1,-1,-1
7903,1144627200,2147483647,true,101,-1,-1,-1,-1,-1,-1
7904,1144627200,2147483647,true,104,-1,-1,-1,-1,-1,-1
7905,1144627200,2147483647,true,103,-1,-1,-1,-1,-1,-1
7906,1144627200,2147483647,true,101,-1,-1,-1,-1,-1,-1
7907,1144627200,2147483647,true,104,-1,-1,-1,-1,-1,-1
7908,1144627200,2147483647,true,100,-1,-1,-1,-1,-1,-1
7909,1144627200,2147483647,true,101,-1,-1,-1,-1,-1,-1
7910,1144627200,2147483647,true,102,-1,-1,-1,-1,-1,-1
7911,1144627200,2147483647,true,103,-1,-1,-1,-1,-1,-1
7912,1144627200,2147483647,true,101,-1,-1,-1,-1,-1,-1
7913,1144627200,2147483647,true,104,-1,-1,-1,-1,-1,-1
7914,1144627200,2147483647,true,103,-1,-1,-1,-1,-1,-1
7915,1144627200,2147483647,true,101,-1,-1,-1,-1,-1,-1
7916,1144627200,2147483647,true,104,-1,-1,-1,-1,-1,-1
7917,1144627200,2147483647,true,2,-1,-1,-1,-1,-1,-1
7918,1144627200,2147483647,true,27,-1,-1,-1,-1,-1,-1
7919,1144627200,2147483647,false,0,-1,-1,-1,-1,-1,-1
7921,1144627200,2147483647,false,0,-1,-1,-1,-1,-1,-1
7922,1144627200,2147483647,false,0,-1,-1,-1,-1,-1,-1
7927,1144627200,2147483647,false,0,-1,-1,-1,-1,-1,-1
7928,1397088000,1398902400,false,15,-1,-1,-1,-1,-1,-1
7929,1397088000,1398902400,false,15,-1,-1,-1,-1,-1,-1
7930,1397088000,1398902400,false,15,-1,-1,-1,-1,-1,-1
7931,1397088000,1398902400,false,15,-1,-1,-1,-1,-1,-1
7932,1397088000,1398902400,false,15,-1,-1,-1,-1,-1,-1
7933,1397088000,1398902400,false,15,-1,-1,-1,-1,-1,-1
7934,1145318400,2147483647,false,59,-1,-1,-1,-1,-1,-1
7936,1145491200,2147483647,false,91,-1,-1,-1,-1,-1,-1
7938,1452124800,2147483647,false,91,-1,-1,-1,-1,-1,-1
7939,1145836800,2147483647,false,0,-1,-1,-1,-1,-1,-1
7941,1146528000,2147483647,true,0,-1,-1,-1,-1,-1,-1
7942,1146528000,2147483647,true,57,-1,-1,-1,-1,-1,-1
7943,1146528000,2147483647,true,58,-1,-1,-1,-1,-1,-1
7944,1146528000,2147483647,false,57,-1,-1,-1,-1,-1,-1
7946,1146528000,2147483647,false,58,-1,-1,-1,-1,-1,-1
7948,1146528000,2147483647,false,116,-1,-1,-1,-1,-1,-1
7950,1146528000,2147483647,true,0,-1,-1,-1,-1,-1,-1
7951,1146528000,2147483647,true,0,-1,-1,-1,-1,-1,-1
7952,1146528000,1184630400,false,15,-1,-1,-1,-1,-1,-1
7954,1146528000,2147483647,false,116,-1,-1,-1,-1,-1,-1
7956,1148256000,2147483647,true,0,-1,-1,-1,-1,-1,-1
7957,1148256000,2147483647,true,15,-1,-1,-1,-1,-1,-1
7958,1148256000,2147483647,true,0,-1,-1,-1,-1,-1,-1
7959,1148256000,2147483647,true,0,-1,-1,-1,-1,-1,-1
7960,1148256000,2147483647,false,0,-1,-1,-1,-1,-1,-1
7961,1148256000,2147483647,true,476,-1,-1,-1,-1,-1,-1
7962,1148256000,2147483647,true,476,-1,-1,-1,-1,-1,-1
7963,1148256000,2147483647,true,476,-1,-1,-1,-1,-1,-1
7964,1148256000,2147483647,true,476,-1,-1,-1,-1,-1,-1
7965,1148256000,2147483647,true,476,-1,-1,-1,-1,-1,-1
7966,1148256000,2147483647,true,0,-1,-1,-1,-1,-1,-1
7967,1148256000,2147483647,true,0,-1,-1,-1,-1,-1,-1
7968,1148256000,2147483647,true,0,-1,-1,-1,-1,-1,-1
7969,1148256000,2147483647,true,0,-1,-1,-1,-1,-1,-1
7970,1148256000,2147483647,true,0,-1,-1,-1,-1,-1,-1
7971,1148256000,2147483647,true,0,-1,-1,-1,-1,-1,-1
7972,1148256000,2147483647,true,0,-1,-1,-1,-1,-1,-1
7973,1148256000,2147483647,true,0,-1,-1,-1,-1,-1,-1
7974,1149033600,2147483647,false,0,-1,-1,-1,-1,-1,-1
7975,1149033600,2147483647,false,481,-1,-1,-1,-1,-1,-1
7976,1149033600,2147483647,false,481,-1,-1,-1,-1,-1,-1
7977,1149033600,2147483647,false,481,-1,-1,-1,-1,-1,-1
7978,1149033600,2147483647,false,481,-1,-1,-1,-1,-1,-1
7979,1149033600,2147483647,false,481,-1,-1,-1,-1,-1,-1
7980,1149033600,2147483647,false,481,-1,-1,-1,-1,-1,-1
7981,1149033600,2147483647,false,481,-1,-1,-1,-1,-1,-1
7982,1149033600,2147483647,false,0,-1,-1,-1,-1,-1,-1
7983,1149033600,2147483647,false,0,-1,-1,-1,-1,-1,-1
7984,1149033600,2147483647,false,0,-1,-1,-1,-1,-1,-1
7985,1149033600,2147483647,false,0,-1,-1,-1,-1,-1,-1
7986,1149033600,2147483647,false,0,-1,-1,-1,-1,-1,-1
7987,1149033600,2147483647,false,0,-1,-1,-1,-1,-1,-1
7988,1149033600,2147483647,false,0,-1,-1,-1,-1,-1,-1
7989,1149033600,2147483647,false,481,-1,-1,-1,-1,-1,-1
7990,1149033600,2147483647,false,0,-1,-1,-1,-1,-1,-1
7991,1149033600,2147483647,false,481,-1,-1,-1,-1,-1,-1
7992,1149033600,2147483647,false,0,-1,-1,-1,-1,-1,-1
7993,1149033600,2147483647,false,481,-1,-1,-1,-1,-1,-1
7994,1149033600,2147483647,false,0,-1,-1,-1,-1,-1,-1
7995,1149033600,2147483647,false,0,-1,-1,-1,-1,-1,-1
7996,1149033600,2147483647,false,0,-1,-1,-1,-1,-1,-1
7997,1149033600,2147483647,false,0,-1,-1,-1,-1,-1,-1
7998,1149033600,2147483647,false,0,-1,-1,-1,-1,-1,-1
7999,1149033600,2147483647,false,0,-1,-1,-1,-1,-1,-1
8000,1149033600,2147483647,false,0,-1,-1,-1,-1,-1,-1
8001,1149033600,2147483647,false,0,-1,-1,-1,-1,-1,-1
8002,1149033600,2147483647,false,0,-1,-1,-1,-1,-1,-1
8003,1149033600,2147483647,false,0,-1,-1,-1,-1,-1,-1
8004,1149033600,2147483647,false,0,-1,-1,-1,-1,-1,-1
8005,1149033600,2147483647,false,0,-1,-1,-1,-1,-1,-1
8006,1149033600,2147483647,false,0,-1,-1,-1,-1,-1,-1
8007,1149033600,2147483647,false,482,-1,-1,-1,-1,-1,-1
8008,1149033600,2147483647,false,482,-1,-1,-1,-1,-1,-1
8009,1149033600,2147483647,false,482,-1,-1,-1,-1,-1,-1
8010,1149033600,2147483647,false,482,-1,-1,-1,-1,-1,-1
8011,1149033600,2147483647,false,482,-1,-1,-1,-1,-1,-1
8012,1149033600,2147483647,false,482,-1,-1,-1,-1,-1,-1
8013,1149033600,2147483647,false,482,-1,-1,-1,-1,-1,-1
8014,1149033600,2147483647,false,482,-1,-1,-1,-1,-1,-1
8015,1149033600,2147483647,false,482,-1,-1,-1,-1,-1,-1
8016,1149033600,2147483647,false,482,-1,-1,-1,-1,-1,-1
8017,1149033600,2147483647,false,482,-1,-1,-1,-1,-1,-1
8018,1149033600,2147483647,false,482,-1,-1,-1,-1,-1,-1
8019,1149033600,2147483647,false,482,-1,-1,-1,-1,-1,-1
8020,1149033600,2147483647,false,482,-1,-1,-1,-1,-1,-1
8021,1149033600,2147483647,false,482,-1,-1,-1,-1,-1,-1
8022,1149033600,2147483647,false,482,-1,-1,-1,-1,-1,-1
8023,0,2147483647,false,206,-1,-1,-1,-1,-1,-1
8024,0,2147483647,false,206,-1,-1,-1,-1,-1,-1
8025,0,2147483647,false,206,-1,-1,-1,-1,-1,-1
8026,0,2147483647,false,206,-1,-1,-1,-1,-1,-1
8027,0,2147483647,false,206,-1,-1,-1,-1,-1,-1
8028,0,2147483647,false,206,-1,-1,-1,-1,-1,-1
8029,0,2147483647,false,206,-1,-1,-1,-1,-1,-1
8030,0,2147483647,false,206,-1,-1,-1,-1,-1,-1
8031,0,2147483647,false,206,-1,-1,-1,-1,-1,-1
8032,0,2147483647,false,206,-1,-1,-1,-1,-1,-1
8033,0,2147483647,false,206,-1,-1,-1,-1,-1,-1
8034,0,2147483647,false,206,-1,-1,-1,-1,-1,-1
8035,0,2147483647,false,206,-1,-1,-1,-1,-1,-1
8036,0,2147483647,false,206,-1,-1,-1,-1,-1,-1
8037,0,2147483647,false,206,-1,-1,-1,-1,-1,-1
8038,0,2147483647,false,206,-1,-1,-1,-1,-1,-1
8039,0,2147483647,false,206,-1,-1,-1,-1,-1,-1
8040,0,2147483647,false,206,-1,-1,-1,-1,-1,-1
8041,0,2147483647,false,206,-1,-1,-1,-1,-1,-1
8042,0,2147483647,false,206,-1,-1,-1,-1,-1,-1
8043,0,2147483647,false,206,-1,-1,-1,-1,-1,-1
8044,0,2147483647,false,206,-1,-1,-1,-1,-1,-1
8045,0,2147483647,false,206,-1,-1,-1,-1,-1,-1
8046,0,2147483647,false,206,-1,-1,-1,-1,-1,-1
8047,0,2147483647,false,206,-1,-1,-1,-1,-1,-1
8048,0,2147483647,false,206,-1,-1,-1,-1,-1,-1
8049,0,2147483647,false,206,-1,-1,-1,-1,-1,-1
8050,0,2147483647,false,206,-1,-1,-1,-1,-1,-1
8051,0,2147483647,false,206,-1,-1,-1,-1,-1,-1
8052,0,2147483647,false,206,-1,-1,-1,-1,-1,-1
8053,0,2147483647,false,206,-1,-1,-1,-1,-1,-1
8054,0,2147483647,false,206,-1,-1,-1,-1,-1,-1
8055,0,2147483647,false,206,-1,-1,-1,-1,-1,-1
8056,0,2147483647,false,206,-1,-1,-1,-1,-1,-1
8057,0,2147483647,false,206,-1,-1,-1,-1,-1,-1
8058,0,2147483647,false,206,-1,-1,-1,-1,-1,-1
8059,0,2147483647,false,206,-1,-1,-1,-1,-1,-1
8060,0,2147483647,false,206,-1,-1,-1,-1,-1,-1
8061,0,2147483647,false,206,-1,-1,-1,-1,-1,-1
8062,0,2147483647,false,206,-1,-1,-1,-1,-1,-1
8063,0,2147483647,false,206,-1,-1,-1,-1,-1,-1
8064,0,2147483647,false,206,-1,-1,-1,-1,-1,-1
8065,0,2147483647,false,206,-1,-1,-1,-1,-1,-1
8066,0,2147483647,false,206,-1,-1,-1,-1,-1,-1
8067,0,2147483647,false,206,-1,-1,-1,-1,-1,-1
8068,0,2147483647,false,206,-1,-1,-1,-1,-1,-1
8069,0,2147483647,false,206,-1,-1,-1,-1,-1,-1
8070,0,2147483647,false,206,-1,-1,-1,-1,-1,-1
8071,0,2147483647,false,206,-1,-1,-1,-1,-1,-1
8072,0,2147483647,false,206,-1,-1,-1,-1,-1,-1
8073,0,2147483647,false,206,-1,-1,-1,-1,-1,-1
8074,0,2147483647,false,206,-1,-1,-1,-1,-1,-1
8075,0,2147483647,false,206,-1,-1,-1,-1,-1,-1
8076,0,2147483647,false,206,-1,-1,-1,-1,-1,-1
8077,0,2147483647,false,206,-1,-1,-1,-1,-1,-1
8078,0,2147483647,false,206,-1,-1,-1,-1,-1,-1
8079,0,2147483647,false,206,-1,-1,-1,-1,-1,-1
8080,0,2147483647,false,206,-1,-1,-1,-1,-1,-1
8081,0,2147483647,false,206,-1,-1,-1,-1,-1,-1
8082,0,2147483647,false,206,-1,-1,-1,-1,-1,-1
8083,0,2147483647,false,206,-1,-1,-1,-1,-1,-1
8084,0,2147483647,false,206,-1,-1,-1,-1,-1,-1
8085,0,2147483647,false,206,-1,-1,-1,-1,-1,-1
8086,0,2147483647,false,206,-1,-1,-1,-1,-1,-1
8087,0,2147483647,false,206,-1,-1,-1,-1,-1,-1
8088,0,2147483647,false,206,-1,-1,-1,-1,-1,-1
8089,0,2147483647,false,206,-1,-1,-1,-1,-1,-1
8090,0,2147483647,false,206,-1,-1,-1,-1,-1,-1
8091,0,2147483647,false,206,-1,-1,-1,-1,-1,-1
8093,0,2147483647,false,206,-1,-1,-1,-1,-1,-1
8094,0,2147483647,false,206,-1,-1,-1,-1,-1,-1
8095,0,2147483647,false,206,-1,-1,-1,-1,-1,-1
8096,0,2147483647,false,206,-1,-1,-1,-1,-1,-1
8097,0,2147483647,false,206,-1,-1,-1,-1,-1,-1
8098,0,2147483647,false,206,-1,-1,-1,-1,-1,-1
8099,0,2147483647,false,206,-1,-1,-1,-1,-1,-1
8100,0,2147483647,false,206,-1,-1,-1,-1,-1,-1
8101,0,2147483647,false,206,-1,-1,-1,-1,-1,-1
8102,0,2147483647,false,206,-1,-1,-1,-1,-1,-1
8103,0,2147483647,false,206,-1,-1,-1,-1,-1,-1
8104,0,2147483647,false,206,-1,-1,-1,-1,-1,-1
8105,0,2147483647,false,206,-1,-1,-1,-1,-1,-1
8106,0,2147483647,false,206,-1,-1,-1,-1,-1,-1
8107,0,2147483647,false,206,-1,-1,-1,-1,-1,-1
8108,0,2147483647,false,206,-1,-1,-1,-1,-1,-1
8109,0,2147483647,false,206,-1,-1,-1,-1,-1,-1
8110,0,2147483647,false,206,-1,-1,-1,-1,-1,-1
8111,0,2147483647,false,206,-1,-1,-1,-1,-1,-1
8112,0,2147483647,false,206,-1,-1,-1,-1,-1,-1
8113,0,2147483647,false,206,-1,-1,-1,-1,-1,-1
8114,0,2147483647,false,206,-1,-1,-1,-1,-1,-1
8115,0,2147483647,false,206,-1,-1,-1,-1,-1,-1
8116,0,2147483647,false,206,-1,-1,-1,-1,-1,-1
8117,0,2147483647,false,206,-1,-1,-1,-1,-1,-1
8118,0,2147483647,false,206,-1,-1,-1,-1,-1,-1
8119,0,2147483647,false,206,-1,-1,-1,-1,-1,-1
8120,0,2147483647,false,206,-1,-1,-1,-1,-1,-1
8121,0,2147483647,false,206,-1,-1,-1,-1,-1,-1
8122,0,2147483647,false,206,-1,-1,-1,-1,-1,-1
8123,0,2147483647,false,206,-1,-1,-1,-1,-1,-1
8124,0,2147483647,false,206,-1,-1,-1,-1,-1,-1
8125,0,2147483647,false,206,-1,-1,-1,-1,-1,-1
8126,0,2147483647,false,206,-1,-1,-1,-1,-1,-1
8127,0,2147483647,false,206,-1,-1,-1,-1,-1,-1
8128,0,2147483647,false,206,-1,-1,-1,-1,-1,-1
8129,0,2147483647,false,206,-1,-1,-1,-1,-1,-1
8130,0,2147483647,false,206,-1,-1,-1,-1,-1,-1
8131,0,2147483647,false,206,-1,-1,-1,-1,-1,-1
8132,0,2147483647,false,206,-1,-1,-1,-1,-1,-1
8133,0,2147483647,false,206,-1,-1,-1,-1,-1,-1
8134,0,2147483647,false,206,-1,-1,-1,-1,-1,-1
8135,0,2147483647,false,206,-1,-1,-1,-1,-1,-1
8136,0,2147483647,false,206,-1,-1,-1,-1,-1,-1
8137,0,2147483647,false,206,-1,-1,-1,-1,-1,-1
8138,0,2147483647,false,206,-1,-1,-1,-1,-1,-1
8139,0,2147483647,false,206,-1,-1,-1,-1,-1,-1
8140,0,2147483647,false,206,-1,-1,-1,-1,-1,-1
8141,0,2147483647,false,206,-1,-1,-1,-1,-1,-1
8142,0,2147483647,false,206,-1,-1,-1,-1,-1,-1
8143,0,2147483647,false,206,-1,-1,-1,-1,-1,-1
8144,0,2147483647,false,206,-1,-1,-1,-1,-1,-1
8145,0,2147483647,false,206,-1,-1,-1,-1,-1,-1
8146,0,2147483647,false,206,-1,-1,-1,-1,-1,-1
8147,0,2147483647,false,206,-1,-1,-1,-1,-1,-1
8148,0,2147483647,false,206,-1,-1,-1,-1,-1,-1
8149,0,2147483647,false,206,-1,-1,-1,-1,-1,-1
8150,0,2147483647,false,206,-1,-1,-1,-1,-1,-1
8151,0,2147483647,false,206,-1,-1,-1,-1,-1,-1
8152,0,2147483647,false,206,-1,-1,-1,-1,-1,-1
8153,0,2147483647,false,206,-1,-1,-1,-1,-1,-1
8154,0,2147483647,false,206,-1,-1,-1,-1,-1,-1
8155,0,2147483647,false,206,-1,-1,-1,-1,-1,-1
8156,0,2147483647,false,206,-1,-1,-1,-1,-1,-1
8157,0,2147483647,false,206,-1,-1,-1,-1,-1,-1
8158,0,2147483647,false,206,-1,-1,-1,-1,-1,-1
8159,0,2147483647,false,206,-1,-1,-1,-1,-1,-1
8160,0,2147483647,false,206,-1,-1,-1,-1,-1,-1
8161,0,2147483647,false,206,-1,-1,-1,-1,-1,-1
8162,0,2147483647,false,206,-1,-1,-1,-1,-1,-1
8163,0,2147483647,false,206,-1,-1,-1,-1,-1,-1
8164,0,2147483647,false,206,-1,-1,-1,-1,-1,-1
8165,0,2147483647,false,206,-1,-1,-1,-1,-1,-1
8166,0,2147483647,false,206,-1,-1,-1,-1,-1,-1
8167,0,2147483647,false,206,-1,-1,-1,-1,-1,-1
8168,0,2147483647,false,206,-1,-1,-1,-1,-1,-1
8169,0,2147483647,false,206,-1,-1,-1,-1,-1,-1
8170,0,2147483647,false,206,-1,-1,-1,-1,-1,-1
8171,0,2147483647,false,206,-1,-1,-1,-1,-1,-1
8172,0,2147483647,false,206,-1,-1,-1,-1,-1,-1
8173,0,2147483647,false,206,-1,-1,-1,-1,-1,-1
8174,0,2147483647,false,206,-1,-1,-1,-1,-1,-1
8175,0,2147483647,false,206,-1,-1,-1,-1,-1,-1
8176,0,2147483647,false,206,-1,-1,-1,-1,-1,-1
8177,0,2147483647,false,206,-1,-1,-1,-1,-1,-1
8178,0,2147483647,false,206,-1,-1,-1,-1,-1,-1
8179,0,2147483647,false,206,-1,-1,-1,-1,-1,-1
8180,0,2147483647,false,206,-1,-1,-1,-1,-1,-1
8181,0,2147483647,false,206,-1,-1,-1,-1,-1,-1
8182,0,2147483647,false,206,-1,-1,-1,-1,-1,-1
8183,0,2147483647,false,206,-1,-1,-1,-1,-1,-1
8184,0,2147483647,false,206,-1,-1,-1,-1,-1,-1
8185,0,2147483647,false,206,-1,-1,-1,-1,-1,-1
8186,0,2147483647,false,206,-1,-1,-1,-1,-1,-1
8187,0,2147483647,false,206,-1,-1,-1,-1,-1,-1
8188,0,2147483647,false,206,-1,-1,-1,-1,-1,-1
8189,0,2147483647,false,206,-1,-1,-1,-1,-1,-1
8190,0,2147483647,false,206,-1,-1,-1,-1,-1,-1
8191,0,2147483647,false,206,-1,-1,-1,-1,-1,-1
8192,0,2147483647,false,206,-1,-1,-1,-1,-1,-1
8193,0,2147483647,false,206,-1,-1,-1,-1,-1,-1
8194,0,2147483647,false,206,-1,-1,-1,-1,-1,-1
8195,0,2147483647,false,206,-1,-1,-1,-1,-1,-1
8196,0,2147483647,false,206,-1,-1,-1,-1,-1,-1
8197,0,2147483647,false,206,-1,-1,-1,-1,-1,-1
8198,0,2147483647,false,206,-1,-1,-1,-1,-1,-1
8199,0,2147483647,false,206,-1,-1,-1,-1,-1,-1
8200,0,2147483647,false,206,-1,-1,-1,-1,-1,-1
8201,0,2147483647,false,206,-1,-1,-1,-1,-1,-1
8202,0,2147483647,false,206,-1,-1,-1,-1,-1,-1
8203,0,2147483647,false,206,-1,-1,-1,-1,-1,-1
8204,0,2147483647,false,206,-1,-1,-1,-1,-1,-1
8205,0,2147483647,false,206,-1,-1,-1,-1,-1,-1
8206,0,2147483647,false,206,-1,-1,-1,-1,-1,-1
8207,0,2147483647,false,206,-1,-1,-1,-1,-1,-1
8208,0,2147483647,false,206,-1,-1,-1,-1,-1,-1
8209,0,2147483647,false,206,-1,-1,-1,-1,-1,-1
8210,0,2147483647,false,206,-1,-1,-1,-1,-1,-1
8211,0,2147483647,false,206,-1,-1,-1,-1,-1,-1
8212,0,2147483647,false,206,-1,-1,-1,-1,-1,-1
8213,0,2147483647,false,206,-1,-1,-1,-1,-1,-1
8214,0,2147483647,false,206,-1,-1,-1,-1,-1,-1
8215,0,2147483647,false,206,-1,-1,-1,-1,-1,-1
8216,0,2147483647,false,206,-1,-1,-1,-1,-1,-1
8217,0,2147483647,false,206,-1,-1,-1,-1,-1,-1
8218,0,2147483647,false,206,-1,-1,-1,-1,-1,-1
8219,0,2147483647,false,206,-1,-1,-1,-1,-1,-1
8220,0,2147483647,false,206,-1,-1,-1,-1,-1,-1
8221,0,2147483647,false,206,-1,-1,-1,-1,-1,-1
8222,0,2147483647,false,206,-1,-1,-1,-1,-1,-1
8223,0,2147483647,false,206,-1,-1,-1,-1,-1,-1
8224,0,2147483647,false,206,-1,-1,-1,-1,-1,-1
8225,0,2147483647,false,206,-1,-1,-1,-1,-1,-1
8226,0,2147483647,false,206,-1,-1,-1,-1,-1,-1
8227,0,2147483647,false,206,-1,-1,-1,-1,-1,-1
8228,0,2147483647,false,206,-1,-1,-1,-1,-1,-1
8229,0,2147483647,false,206,-1,-1,-1,-1,-1,-1
8230,0,2147483647,false,206,-1,-1,-1,-1,-1,-1
8231,0,2147483647,false,206,-1,-1,-1,-1,-1,-1
8232,0,2147483647,false,206,-1,-1,-1,-1,-1,-1
8233,0,2147483647,false,206,-1,-1,-1,-1,-1,-1
8234,0,2147483647,false,206,-1,-1,-1,-1,-1,-1
8235,0,2147483647,false,206,-1,-1,-1,-1,-1,-1
8236,0,2147483647,false,206,-1,-1,-1,-1,-1,-1
8237,0,2147483647,false,206,-1,-1,-1,-1,-1,-1
8238,0,2147483647,false,206,-1,-1,-1,-1,-1,-1
8239,0,2147483647,false,206,-1,-1,-1,-1,-1,-1
8240,0,2147483647,false,206,-1,-1,-1,-1,-1,-1
8241,0,2147483647,false,206,-1,-1,-1,-1,-1,-1
8242,0,2147483647,false,206,-1,-1,-1,-1,-1,-1
8243,0,2147483647,false,206,-1,-1,-1,-1,-1,-1
8244,0,2147483647,false,206,-1,-1,-1,-1,-1,-1
8246,0,2147483647,false,206,-1,-1,-1,-1,-1,-1
8247,0,2147483647,false,206,-1,-1,-1,-1,-1,-1
8248,0,2147483647,false,206,-1,-1,-1,-1,-1,-1
8249,0,2147483647,false,206,-1,-1,-1,-1,-1,-1
8250,0,2147483647,false,206,-1,-1,-1,-1,-1,-1
8251,0,2147483647,false,206,-1,-1,-1,-1,-1,-1
8252,0,2147483647,false,206,-1,-1,-1,-1,-1,-1
8253,0,2147483647,false,206,-1,-1,-1,-1,-1,-1
8254,0,2147483647,false,206,-1,-1,-1,-1,-1,-1
8255,0,2147483647,false,206,-1,-1,-1,-1,-1,-1
8256,0,2147483647,false,206,-1,-1,-1,-1,-1,-1
8257,0,2147483647,false,206,-1,-1,-1,-1,-1,-1
8258,0,2147483647,false,206,-1,-1,-1,-1,-1,-1
8259,0,2147483647,false,206,-1,-1,-1,-1,-1,-1
8260,0,2147483647,false,206,-1,-1,-1,-1,-1,-1
8261,0,2147483647,false,206,-1,-1,-1,-1,-1,-1
8262,0,2147483647,false,206,-1,-1,-1,-1,-1,-1
8263,0,2147483647,false,206,-1,-1,-1,-1,-1,-1
8264,0,2147483647,false,206,-1,-1,-1,-1,-1,-1
8265,0,2147483647,false,206,-1,-1,-1,-1,-1,-1
8266,0,2147483647,false,206,-1,-1,-1,-1,-1,-1
8267,0,2147483647,false,206,-1,-1,-1,-1,-1,-1
8268,0,2147483647,false,206,-1,-1,-1,-1,-1,-1
8269,0,2147483647,false,206,-1,-1,-1,-1,-1,-1
8270,0,2147483647,false,206,-1,-1,-1,-1,-1,-1
8271,0,2147483647,false,206,-1,-1,-1,-1,-1,-1
8272,0,2147483647,false,206,-1,-1,-1,-1,-1,-1
8273,0,2147483647,false,206,-1,-1,-1,-1,-1,-1
8274,0,2147483647,false,206,-1,-1,-1,-1,-1,-1
8275,0,2147483647,false,206,-1,-1,-1,-1,-1,-1
8276,0,2147483647,false,206,-1,-1,-1,-1,-1,-1
8277,0,2147483647,false,206,-1,-1,-1,-1,-1,-1
8278,0,2147483647,false,206,-1,-1,-1,-1,-1,-1
8279,0,2147483647,false,206,-1,-1,-1,-1,-1,-1
8280,0,2147483647,false,206,-1,-1,-1,-1,-1,-1
8281,0,2147483647,false,206,-1,-1,-1,-1,-1,-1
8282,0,2147483647,false,206,-1,-1,-1,-1,-1,-1
8283,0,2147483647,false,206,-1,-1,-1,-1,-1,-1
8284,0,2147483647,false,206,-1,-1,-1,-1,-1,-1
8285,0,2147483647,false,206,-1,-1,-1,-1,-1,-1
8286,0,2147483647,false,206,-1,-1,-1,-1,-1,-1
8287,0,2147483647,false,206,-1,-1,-1,-1,-1,-1
8288,0,2147483647,false,206,-1,-1,-1,-1,-1,-1
8289,0,2147483647,false,206,-1,-1,-1,-1,-1,-1
8290,0,2147483647,false,206,-1,-1,-1,-1,-1,-1
8291,0,2147483647,false,206,-1,-1,-1,-1,-1,-1
8292,0,2147483647,false,206,-1,-1,-1,-1,-1,-1
8293,0,2147483647,false,206,-1,-1,-1,-1,-1,-1
8294,0,2147483647,false,206,-1,-1,-1,-1,-1,-1
8295,0,2147483647,false,206,-1,-1,-1,-1,-1,-1
8296,0,2147483647,false,206,-1,-1,-1,-1,-1,-1
8297,0,2147483647,false,206,-1,-1,-1,-1,-1,-1
8298,0,2147483647,false,206,-1,-1,-1,-1,-1,-1
8299,0,2147483647,false,206,-1,-1,-1,-1,-1,-1
8300,0,2147483647,false,206,-1,-1,-1,-1,-1,-1
8301,0,2147483647,false,206,-1,-1,-1,-1,-1,-1
8302,0,2147483647,false,206,-1,-1,-1,-1,-1,-1
8303,0,2147483647,false,206,-1,-1,-1,-1,-1,-1
8304,0,2147483647,false,206,-1,-1,-1,-1,-1,-1
8305,0,2147483647,false,206,-1,-1,-1,-1,-1,-1
8306,0,2147483647,false,206,-1,-1,-1,-1,-1,-1
8307,0,2147483647,false,206,-1,-1,-1,-1,-1,-1
8308,0,2147483647,false,206,-1,-1,-1,-1,-1,-1
8309,0,2147483647,false,206,-1,-1,-1,-1,-1,-1
8310,0,2147483647,false,206,-1,-1,-1,-1,-1,-1
8311,0,2147483647,false,206,-1,-1,-1,-1,-1,-1
8312,0,2147483647,false,206,-1,-1,-1,-1,-1,-1
8313,0,2147483647,false,206,-1,-1,-1,-1,-1,-1
8314,0,2147483647,false,206,-1,-1,-1,-1,-1,-1
8315,0,2147483647,false,206,-1,-1,-1,-1,-1,-1
8316,0,2147483647,false,206,-1,-1,-1,-1,-1,-1
8317,0,2147483647,false,206,-1,-1,-1,-1,-1,-1
8318,0,2147483647,false,206,-1,-1,-1,-1,-1,-1
8319,0,2147483647,false,206,-1,-1,-1,-1,-1,-1
8320,0,2147483647,false,206,-1,-1,-1,-1,-1,-1
8321,0,2147483647,false,206,-1,-1,-1,-1,-1,-1
8322,0,2147483647,false,206,-1,-1,-1,-1,-1,-1
8323,0,2147483647,false,206,-1,-1,-1,-1,-1,-1
8324,0,2147483647,false,206,-1,-1,-1,-1,-1,-1
8325,0,2147483647,false,206,-1,-1,-1,-1,-1,-1
8326,0,2147483647,false,206,-1,-1,-1,-1,-1,-1
8327,0,2147483647,false,206,-1,-1,-1,-1,-1,-1
8328,0,2147483647,false,206,-1,-1,-1,-1,-1,-1
8329,0,2147483647,false,206,-1,-1,-1,-1,-1,-1
8330,0,2147483647,false,206,-1,-1,-1,-1,-1,-1
8331,0,2147483647,false,206,-1,-1,-1,-1,-1,-1
8332,0,2147483647,false,206,-1,-1,-1,-1,-1,-1
8333,0,2147483647,false,206,-1,-1,-1,-1,-1,-1
8334,0,2147483647,false,206,-1,-1,-1,-1,-1,-1
8335,0,2147483647,false,206,-1,-1,-1,-1,-1,-1
8336,0,2147483647,false,206,-1,-1,-1,-1,-1,-1
8337,0,2147483647,false,206,-1,-1,-1,-1,-1,-1
8338,0,2147483647,false,206,-1,-1,-1,-1,-1,-1
8339,0,2147483647,false,206,-1,-1,-1,-1,-1,-1
8340,0,2147483647,false,206,-1,-1,-1,-1,-1,-1
8341,0,2147483647,false,206,-1,-1,-1,-1,-1,-1
8342,0,2147483647,false,206,-1,-1,-1,-1,-1,-1
8343,0,2147483647,false,206,-1,-1,-1,-1,-1,-1
8344,0,2147483647,false,206,-1,-1,-1,-1,-1,-1
8345,0,2147483647,false,206,-1,-1,-1,-1,-1,-1
8346,0,2147483647,false,206,-1,-1,-1,-1,-1,-1
8347,0,2147483647,false,206,-1,-1,-1,-1,-1,-1
8348,0,2147483647,false,206,-1,-1,-1,-1,-1,-1
8349,0,2147483647,false,206,-1,-1,-1,-1,-1,-1
8350,0,2147483647,false,206,-1,-1,-1,-1,-1,-1
8351,0,2147483647,false,206,-1,-1,-1,-1,-1,-1
8352,0,2147483647,false,206,-1,-1,-1,-1,-1,-1
8353,0,2147483647,false,206,-1,-1,-1,-1,-1,-1
8354,0,2147483647,false,206,-1,-1,-1,-1,-1,-1
8355,0,2147483647,false,206,-1,-1,-1,-1,-1,-1
8356,0,2147483647,false,206,-1,-1,-1,-1,-1,-1
8357,0,2147483647,false,206,-1,-1,-1,-1,-1,-1
8358,0,2147483647,false,206,-1,-1,-1,-1,-1,-1
8359,0,2147483647,false,206,-1,-1,-1,-1,-1,-1
8360,0,2147483647,false,206,-1,-1,-1,-1,-1,-1
8361,0,2147483647,false,206,-1,-1,-1,-1,-1,-1
8362,0,2147483647,false,206,-1,-1,-1,-1,-1,-1
8363,0,2147483647,false,206,-1,-1,-1,-1,-1,-1
8364,0,2147483647,false,206,-1,-1,-1,-1,-1,-1
8365,0,2147483647,false,206,-1,-1,-1,-1,-1,-1
8366,0,2147483647,false,206,-1,-1,-1,-1,-1,-1
8367,0,2147483647,false,206,-1,-1,-1,-1,-1,-1
8368,0,2147483647,false,206,-1,-1,-1,-1,-1,-1
8369,0,2147483647,false,206,-1,-1,-1,-1,-1,-1
8370,0,2147483647,false,206,-1,-1,-1,-1,-1,-1
8371,0,2147483647,false,206,-1,-1,-1,-1,-1,-1
8372,0,2147483647,false,206,-1,-1,-1,-1,-1,-1
8373,0,2147483647,false,206,-1,-1,-1,-1,-1,-1
8374,0,2147483647,false,206,-1,-1,-1,-1,-1,-1
8375,0,2147483647,false,206,-1,-1,-1,-1,-1,-1
8376,0,2147483647,false,206,-1,-1,-1,-1,-1,-1
8377,0,2147483647,false,206,-1,-1,-1,-1,-1,-1
8378,0,2147483647,false,206,-1,-1,-1,-1,-1,-1
8379,0,2147483647,false,206,-1,-1,-1,-1,-1,-1
8380,0,2147483647,false,206,-1,-1,-1,-1,-1,-1
8381,0,2147483647,false,206,-1,-1,-1,-1,-1,-1
8382,0,2147483647,false,206,-1,-1,-1,-1,-1,-1
8383,0,2147483647,false,206,-1,-1,-1,-1,-1,-1
8384,0,2147483647,false,206,-1,-1,-1,-1,-1,-1
8385,0,2147483647,false,206,-1,-1,-1,-1,-1,-1
8386,0,2147483647,false,206,-1,-1,-1,-1,-1,-1
8387,0,2147483647,false,206,-1,-1,-1,-1,-1,-1
8388,0,2147483647,false,206,-1,-1,-1,-1,-1,-1
8389,0,2147483647,false,206,-1,-1,-1,-1,-1,-1
8390,0,2147483647,false,206,-1,-1,-1,-1,-1,-1
8391,0,2147483647,false,206,-1,-1,-1,-1,-1,-1
8392,0,2147483647,false,206,-1,-1,-1,-1,-1,-1
8393,0,2147483647,false,206,-1,-1,-1,-1,-1,-1
8394,0,2147483647,false,206,-1,-1,-1,-1,-1,-1
8395,0,2147483647,false,483,-1,-1,-1,-1,-1,-1
8396,0,2147483647,false,483,-1,-1,-1,-1,-1,-1
8397,0,2147483647,false,483,-1,-1,-1,-1,-1,-1
8398,0,2147483647,false,483,-1,-1,-1,-1,-1,-1
8399,0,2147483647,false,483,-1,-1,-1,-1,-1,-1
8400,0,2147483647,false,483,-1,-1,-1,-1,-1,-1
8401,0,2147483647,false,483,-1,-1,-1,-1,-1,-1
8402,0,2147483647,false,483,-1,-1,-1,-1,-1,-1
8403,0,2147483647,false,483,-1,-1,-1,-1,-1,-1
8404,0,2147483647,false,483,-1,-1,-1,-1,-1,-1
8405,0,2147483647,false,483,-1,-1,-1,-1,-1,-1
8406,0,2147483647,false,483,-1,-1,-1,-1,-1,-1
8407,0,2147483647,false,483,-1,-1,-1,-1,-1,-1
8408,0,2147483647,false,483,-1,-1,-1,-1,-1,-1
8409,0,2147483647,false,483,-1,-1,-1,-1,-1,-1
8410,0,2147483647,false,483,-1,-1,-1,-1,-1,-1
8411,0,2147483647,false,483,-1,-1,-1,-1,-1,-1
8412,0,2147483647,false,483,-1,-1,-1,-1,-1,-1
8413,0,2147483647,false,483,-1,-1,-1,-1,-1,-1
8414,0,2147483647,false,483,-1,-1,-1,-1,-1,-1
8415,0,2147483647,false,483,-1,-1,-1,-1,-1,-1
8416,0,2147483647,false,483,-1,-1,-1,-1,-1,-1
8417,1149033600,2147483647,false,0,-1,-1,-1,-1,-1,-1
8419,1149033600,2147483647,false,0,-1,-1,-1,-1,-1,-1
8421,1149033600,2147483647,false,0,-1,-1,-1,-1,-1,-1
8423,1149033600,2147483647,false,0,-1,-1,-1,-1,-1,-1
8425,1149033600,2147483647,false,0,-1,-1,-1,-1,-1,-1
8427,1149033600,2147483647,false,0,-1,-1,-1,-1,-1,-1
8429,1149033600,2147483647,false,0,-1,-1,-1,-1,-1,-1
8431,1149033600,2147483647,false,0,-1,-1,-1,-1,-1,-1
8433,1149033600,2147483647,false,0,-1,-1,-1,-1,-1,-1
8435,1149033600,2147483647,false,0,-1,-1,-1,-1,-1,-1
8437,1149033600,2147483647,false,0,-1,-1,-1,-1,-1,-1
8439,1149033600,2147483647,false,0,-1,-1,-1,-1,-1,-1
8441,1149033600,2147483647,false,0,-1,-1,-1,-1,-1,-1
8443,1149033600,2147483647,false,0,-1,-1,-1,-1,-1,-1
8445,1149033600,2147483647,false,0,-1,-1,-1,-1,-1,-1
8447,1149033600,2147483647,false,0,-1,-1,-1,-1,-1,-1
8449,1149033600,2147483647,false,0,-1,-1,-1,-1,-1,-1
8451,1149033600,2147483647,false,0,-1,-1,-1,-1,-1,-1
8453,1149033600,2147483647,false,0,-1,-1,-1,-1,-1,-1
8455,1149033600,2147483647,false,0,-1,-1,-1,-1,-1,-1
8457,1149033600,2147483647,false,0,-1,-1,-1,-1,-1,-1
8459,1149033600,2147483647,false,0,-1,-1,-1,-1,-1,-1
8461,1149033600,2147483647,false,0,-1,-1,-1,-1,-1,-1
8463,1149033600,2147483647,false,0,-1,-1,-1,-1,-1,-1
8464,1149033600,2147483647,false,2,-1,-1,-1,-1,-1,-1
8466,1149033600,2147483647,false,2,-1,-1,-1,-1,-1,-1
8468,1149033600,2147483647,false,2,-1,-1,-1,-1,-1,-1
8470,1149033600,2147483647,false,2,-1,-1,-1,-1,-1,-1
8472,1149033600,2147483647,false,2,-1,-1,-1,-1,-1,-1
8474,1149033600,2147483647,false,2,-1,-1,-1,-1,-1,-1
8476,1149033600,2147483647,false,2,-1,-1,-1,-1,-1,-1
8478,1149033600,2147483647,false,2,-1,-1,-1,-1,-1,-1
8480,1149033600,2147483647,false,2,-1,-1,-1,-1,-1,-1
8482,1149033600,2147483647,false,2,-1,-1,-1,-1,-1,-1
8484,1149033600,2147483647,false,2,-1,-1,-1,-1,-1,-1
8486,1149033600,2147483647,false,2,-1,-1,-1,-1,-1,-1
8488,1149033600,2147483647,false,2,-1,-1,-1,-1,-1,-1
8490,1149033600,2147483647,false,2,-1,-1,-1,-1,-1,-1
8492,1149033600,2147483647,false,2,-1,-1,-1,-1,-1,-1
8494,1149033600,2147483647,false,2,-1,-1,-1,-1,-1,-1
8496,1149033600,2147483647,false,484,-1,-1,-1,-1,-1,-1
8498,1149033600,2147483647,false,484,-1,-1,-1,-1,-1,-1
8500,1149033600,2147483647,false,484,-1,-1,-1,-1,-1,-1
8502,1149033600,2147483647,false,484,-1,-1,-1,-1,-1,-1
8504,1149033600,2147483647,false,484,-1,-1,-1,-1,-1,-1
8506,1149033600,2147483647,false,484,-1,-1,-1,-1,-1,-1
8508,1149033600,2147483647,false,484,-1,-1,-1,-1,-1,-1
8510,1149033600,2147483647,false,484,-1,-1,-1,-1,-1,-1
8512,1149033600,2147483647,false,484,-1,-1,-1,-1,-1,-1
8514,1149033600,2147483647,false,484,-1,-1,-1,-1,-1,-1
8516,1149033600,2147483647,false,484,-1,-1,-1,-1,-1,-1
8518,1149033600,2147483647,false,484,-1,-1,-1,-1,-1,-1
8520,1149033600,2147483647,false,484,-1,-1,-1,-1,-1,-1
8522,1149033600,2147483647,false,484,-1,-1,-1,-1,-1,-1
8524,1149033600,2147483647,false,484,-1,-1,-1,-1,-1,-1
8526,1149033600,2147483647,false,484,-1,-1,-1,-1,-1,-1
8528,1149033600,2147483647,false,484,-1,-1,-1,-1,-1,-1
8530,1149033600,2147483647,false,484,-1,-1,-1,-1,-1,-1
8532,1149033600,2147483647,false,484,-1,-1,-1,-1,-1,-1
8534,1149033600,2147483647,false,484,-1,-1,-1,-1,-1,-1
8536,1149033600,2147483647,false,484,-1,-1,-1,-1,-1,-1
8538,1149033600,2147483647,false,484,-1,-1,-1,-1,-1,-1
8540,1149033600,2147483647,false,484,-1,-1,-1,-1,-1,-1
8542,1149033600,2147483647,false,484,-1,-1,-1,-1,-1,-1
8544,1149033600,2147483647,false,484,-1,-1,-1,-1,-1,-1
8546,1149033600,2147483647,false,484,-1,-1,-1,-1,-1,-1
8548,1149033600,2147483647,false,484,-1,-1,-1,-1,-1,-1
8550,1149033600,2147483647,false,484,-1,-1,-1,-1,-1,-1
8552,1149033600,2147483647,false,484,-1,-1,-1,-1,-1,-1
8554,1149033600,2147483647,false,484,-1,-1,-1,-1,-1,-1
8556,1149033600,2147483647,false,484,-1,-1,-1,-1,-1,-1
8558,1149033600,2147483647,false,484,-1,-1,-1,-1,-1,-1
8560,1149033600,2147483647,false,484,-1,-1,-1,-1,-1,-1
8562,1149033600,2147483647,false,484,-1,-1,-1,-1,-1,-1
8564,1149033600,2147483647,false,484,-1,-1,-1,-1,-1,-1
8566,1149033600,2147483647,false,484,-1,-1,-1,-1,-1,-1
8568,1149033600,2147483647,false,484,-1,-1,-1,-1,-1,-1
8570,1149033600,2147483647,false,484,-1,-1,-1,-1,-1,-1
8572,1149033600,2147483647,false,484,-1,-1,-1,-1,-1,-1
8574,1149033600,2147483647,false,484,-1,-1,-1,-1,-1,-1
8576,1149033600,2147483647,false,484,-1,-1,-1,-1,-1,-1
8578,1149033600,2147483647,false,484,-1,-1,-1,-1,-1,-1
8580,1149033600,2147483647,false,484,-1,-1,-1,-1,-1,-1
8582,1149033600,2147483647,false,484,-1,-1,-1,-1,-1,-1
8584,1149033600,2147483647,false,484,-1,-1,-1,-1,-1,-1
8586,1149033600,2147483647,false,484,-1,-1,-1,-1,-1,-1
8588,1149033600,2147483647,false,484,-1,-1,-1,-1,-1,-1
8590,1149033600,2147483647,false,484,-1,-1,-1,-1,-1,-1
8592,1149033600,2147483647,false,484,-1,-1,-1,-1,-1,-1
8594,1149033600,2147483647,false,484,-1,-1,-1,-1,-1,-1
8596,1149033600,2147483647,false,484,-1,-1,-1,-1,-1,-1
8598,1149033600,2147483647,false,484,-1,-1,-1,-1,-1,-1
8600,1149033600,2147483647,false,484,-1,-1,-1,-1,-1,-1
8602,1149033600,2147483647,false,484,-1,-1,-1,-1,-1,-1
8604,1149033600,2147483647,false,484,-1,-1,-1,-1,-1,-1
8606,1149033600,2147483647,false,484,-1,-1,-1,-1,-1,-1
8608,1149033600,2147483647,false,484,-1,-1,-1,-1,-1,-1
8610,1149033600,2147483647,false,484,-1,-1,-1,-1,-1,-1
8612,1149033600,2147483647,false,484,-1,-1,-1,-1,-1,-1
8614,1149033600,2147483647,false,484,-1,-1,-1,-1,-1,-1
8616,1149033600,2147483647,false,484,-1,-1,-1,-1,-1,-1
8618,1149033600,2147483647,false,484,-1,-1,-1,-1,-1,-1
8620,1149033600,2147483647,false,484,-1,-1,-1,-1,-1,-1
8622,1149033600,2147483647,false,484,-1,-1,-1,-1,-1,-1
8624,1149033600,2147483647,false,484,-1,-1,-1,-1,-1,-1
8626,1149033600,2147483647,false,484,-1,-1,-1,-1,-1,-1
8628,1149033600,2147483647,false,484,-1,-1,-1,-1,-1,-1
8630,1149033600,2147483647,false,484,-1,-1,-1,-1,-1,-1
8632,1149033600,2147483647,false,484,-1,-1,-1,-1,-1,-1
8634,1149033600,2147483647,false,484,-1,-1,-1,-1,-1,-1
8636,1149033600,2147483647,false,484,-1,-1,-1,-1,-1,-1
8638,1149033600,2147483647,false,484,-1,-1,-1,-1,-1,-1
8640,1149033600,2147483647,false,484,-1,-1,-1,-1,-1,-1
8642,1149033600,2147483647,false,484,-1,-1,-1,-1,-1,-1
8644,1149033600,2147483647,false,484,-1,-1,-1,-1,-1,-1
8646,1149033600,2147483647,false,484,-1,-1,-1,-1,-1,-1
8648,1149033600,2147483647,false,484,-1,-1,-1,-1,-1,-1
8650,1149033600,2147483647,false,42,-1,-1,-1,-1,-1,-1
8652,1149033600,2147483647,false,42,-1,-1,-1,-1,-1,-1
8654,1149033600,2147483647,false,42,-1,-1,-1,-1,-1,-1
8656,1149033600,2147483647,false,42,-1,-1,-1,-1,-1,-1
8658,1149033600,2147483647,false,42,-1,-1,-1,-1,-1,-1
8660,1149033600,2147483647,false,42,-1,-1,-1,-1,-1,-1
8662,1149033600,2147483647,false,42,-1,-1,-1,-1,-1,-1
8664,1149033600,2147483647,false,42,-1,-1,-1,-1,-1,-1
8666,1149033600,2147483647,false,42,-1,-1,-1,-1,-1,-1
8668,1149033600,2147483647,false,42,-1,-1,-1,-1,-1,-1
8670,1149033600,2147483647,false,42,-1,-1,-1,-1,-1,-1
8672,1149033600,2147483647,false,42,-1,-1,-1,-1,-1,-1
8674,1149033600,2147483647,false,42,-1,-1,-1,-1,-1,-1
8676,1149033600,2147483647,false,42,-1,-1,-1,-1,-1,-1
8678,1149033600,2147483647,false,42,-1,-1,-1,-1,-1,-1
8680,1149033600,2147483647,false,42,-1,-1,-1,-1,-1,-1
8682,1149033600,2147483647,false,2,-1,-1,-1,-1,-1,-1
8684,1149033600,2147483647,false,2,-1,-1,-1,-1,-1,-1
8686,1149033600,2147483647,false,2,-1,-1,-1,-1,-1,-1
8688,1149033600,2147483647,false,2,-1,-1,-1,-1,-1,-1
8690,1149033600,2147483647,false,2,-1,-1,-1,-1,-1,-1
8692,1149033600,2147483647,false,2,-1,-1,-1,-1,-1,-1
8694,1149033600,2147483647,false,2,-1,-1,-1,-1,-1,-1
8696,1149033600,2147483647,false,2,-1,-1,-1,-1,-1,-1
8698,1149033600,2147483647,false,2,-1,-1,-1,-1,-1,-1
8700,1149033600,2147483647,false,2,-1,-1,-1,-1,-1,-1
8702,1149033600,2147483647,false,2,-1,-1,-1,-1,-1,-1
8704,1149033600,2147483647,false,2,-1,-1,-1,-1,-1,-1
8706,1149033600,2147483647,false,2,-1,-1,-1,-1,-1,-1
8708,1149033600,2147483647,false,2,-1,-1,-1,-1,-1,-1
8710,1149033600,2147483647,false,2,-1,-1,-1,-1,-1,-1
8712,1149033600,2147483647,false,2,-1,-1,-1,-1,-1,-1
8714,1149033600,2147483647,false,18,34447,-1,-1,-1,-1,-1
8716,1149033600,2147483647,false,18,34467,-1,-1,-1,-1,-1
8718,1149033600,2147483647,false,18,34479,-1,-1,-1,-1,-1
8720,1149033600,2147483647,false,18,34478,-1,-1,-1,-1,-1
8722,1149033600,2147483647,false,18,34468,-1,-1,-1,-1,-1
8724,1149033600,2147483647,false,18,34449,-1,-1,34471,-1,-1
8726,1149033600,2147483647,false,18,34465,-1,-1,-1,-1,-1
8728,1149033600,2147483647,false,18,34456,-1,-1,-1,-1,-1
8730,1149033600,2147483647,false,18,34464,-1,-1,-1,-1,-1
8732,1149033600,2147483647,false,18,34455,-1,-1,-1,-1,-1
8734,1149033600,2147483647,false,18,34450,-1,-1,-1,-1,-1
8736,1149033600,2147483647,false,18,34477,-1,-1,-1,-1,-1
8738,1149033600,2147483647,false,18,34452,-1,-1,-1,-1,-1
8740,1149033600,2147483647,false,18,34448,-1,-1,-1,-1,-1
8742,1149033600,2147483647,false,18,34454,-1,-1,-1,-1,-1
8744,1149033600,2147483647,false,18,34459,-1,-1,-1,-1,-1
8746,1149033600,2147483647,false,18,34447,-1,-1,-1,-1,-1
8748,1149033600,2147483647,false,18,34467,-1,-1,-1,-1,-1
8750,1149033600,2147483647,false,18,34479,-1,-1,-1,-1,-1
8752,1149033600,2147483647,false,18,34478,-1,-1,-1,-1,-1
8754,1149033600,2147483647,false,18,34468,-1,-1,-1,-1,-1
8756,1149033600,2147483647,false,18,34449,-1,-1,34471,-1,-1
8758,1149033600,2147483647,false,18,34465,-1,-1,-1,-1,-1
8760,1149033600,2147483647,false,18,34456,-1,-1,-1,-1,-1
8762,1149033600,2147483647,false,18,34464,-1,-1,-1,-1,-1
8764,1149033600,2147483647,false,18,34455,-1,-1,-1,-1,-1
8766,1149033600,2147483647,false,18,34450,-1,-1,-1,-1,-1
8768,1149033600,2147483647,false,18,34477,-1,-1,-1,-1,-1
8770,1149033600,2147483647,false,18,34452,-1,-1,-1,-1,-1
8772,1149033600,2147483647,false,18,34448,-1,-1,-1,-1,-1
8774,1149033600,2147483647,false,18,34454,-1,-1,-1,-1,-1
8776,1149033600,2147483647,false,18,34459,-1,-1,-1,-1,-1
8778,1149033600,2147483647,false,475,-1,-1,-1,-1,-1,-1
8780,1149033600,2147483647,false,475,-1,-1,-1,-1,-1,-1
8782,1149033600,2147483647,false,475,-1,-1,-1,-1,-1,-1
8784,1149033600,2147483647,false,0,-1,-1,-1,-1,-1,-1
8786,1149033600,2147483647,false,0,-1,-1,-1,-1,-1,-1
8788,1149033600,2147483647,false,0,-1,-1,-1,-1,-1,-1
8790,1149033600,2147483647,false,0,-1,-1,-1,-1,-1,-1
8792,1149033600,2147483647,false,0,-1,-1,-1,-1,-1,-1
8794,1149033600,2147483647,false,0,-1,-1,-1,-1,-1,-1
8837,1149033600,2147483647,false,0,-1,-1,-1,-1,-1,-1
8839,1149552000,2147483647,false,7,-1,-1,-1,-1,14570,-1
8840,1149552000,2147483647,false,8,-1,-1,-1,-1,-1,-1
8841,1149552000,2147483647,false,1,-1,-1,-1,-1,-1,-1
8842,1149552000,2147483647,false,0,-1,-1,-1,14572,-1,-1
8844,1150156800,2147483647,false,494,-1,-1,-1,-1,-1,-1
8845,1150156800,2147483647,false,494,-1,-1,-1,-1,-1,-1
8846,1150156800,2147483647,false,494,-1,-1,-1,-1,-1,-1
8847,1150156800,2147483647,false,494,-1,-1,-1,-1,-1,-1
8848,1150156800,2147483647,false,494,-1,-1,-1,-1,-1,-1
8849,1150156800,2147483647,false,494,-1,-1,-1,-1,-1,-1
8850,1150156800,2147483647,false,494,-1,-1,-1,-1,-1,-1
8851,1150156800,2147483647,false,0,-1,-1,-1,-1,-1,-1
8856,1150156800,2147483647,false,18,15417,-1,-1,-1,-1,-1
8857,1150156800,2147483647,false,495,-1,-1,-1,-1,-1,-1
8858,1150156800,2147483647,false,495,-1,-1,-1,-1,-1,-1
8859,1150156800,2147483647,false,495,-1,-1,-1,-1,-1,-1
8860,1150156800,2147483647,false,496,-1,-1,-1,-1,-1,-1
8861,1150156800,2147483647,false,496,-1,-1,-1,-1,-1,-1
8862,1150156800,2147483647,false,496,-1,-1,-1,-1,-1,-1
8863,1150156800,2147483647,false,496,-1,-1,-1,-1,-1,-1
8864,1150156800,2147483647,false,496,-1,-1,-1,-1,-1,-1
8865,1150156800,2147483647,false,0,-1,-1,-1,-1,-1,-1
8866,1150848000,2147483647,false,0,-1,-1,-1,-1,-1,-1
8867,1150848000,2147483647,false,0,-1,-1,-1,-1,-1,-1
8868,1150848000,2147483647,false,0,-1,-1,-1,-1,-1,-1
8869,1150848000,2147483647,false,0,-1,-1,-1,-1,-1,-1
8870,1150848000,2147483647,true,0,-1,-1,-1,-1,-1,-1
8871,1150848000,2147483647,true,0,15475,-1,-1,-1,-1,-1
8872,1150848000,2147483647,false,25,-1,-1,-1,-1,-1,-1
8874,1150848000,2147483647,false,25,-1,-1,-1,-1,-1,-1
8876,1150848000,2147483647,false,25,-1,-1,-1,-1,-1,-1
8878,1150848000,2147483647,false,25,-1,-1,-1,-1,-1,-1
8880,1150848000,2147483647,false,37,-1,-1,-1,-1,-1,-1
8882,1150848000,2147483647,false,63,-1,-1,-1,-1,-1,-1
8887,1150848000,2147483647,true,504,-1,-1,-1,-1,-1,-1
8888,1150848000,2147483647,true,504,-1,-1,-1,-1,-1,-1
8889,1150848000,2147483647,true,504,-1,-1,-1,-1,-1,-1
8890,1151366400,2147483647,false,0,-1,-1,-1,-1,-1,-1
8901,1151971200,2147483647,false,510,-1,-1,-1,-1,-1,-1
8903,1151971200,2147483647,false,510,-1,-1,-1,-1,-1,-1
8905,1151971200,2147483647,false,510,-1,-1,-1,-1,-1,-1
8907,1151971200,2147483647,false,510,-1,-1,-1,-1,-1,-1
8909,1151971200,2147483647,false,510,-1,-1,-1,-1,-1,-1
8911,1151971200,2147483647,false,510,-1,-1,-1,-1,-1,-1
8913,1151971200,2147483647,false,510,-1,-1,-1,-1,-1,-1
8915,1151971200,2147483647,false,510,-1,-1,-1,-1,-1,-1
8917,1151971200,2147483647,false,510,-1,-1,-1,-1,-1,-1
8919,1151971200,2147483647,false,510,-1,-1,-1,-1,-1,-1
8921,1151971200,2147483647,false,2,-1,-1,-1,-1,-1,-1
8923,1151971200,2147483647,false,0,-1,-1,-1,-1,-1,-1
8924,1151971200,2147483647,false,0,11111,-1,-1,-1,-1,-1
8925,1151971200,2147483647,false,0,11111,-1,-1,-1,-1,-1
8926,1151971200,2147483647,false,0,11111,-1,-1,-1,-1,-1
8927,1151971200,2147483647,false,0,11111,-1,-1,-1,-1,-1
8928,1151971200,2147483647,false,0,-1,-1,-1,-1,-1,-1
8929,1151971200,2147483647,false,16,-1,-1,-1,15943,-1,-1
8930,1151971200,2147483647,false,0,-1,-1,-1,-1,-1,-1
8932,1151971200,2147483647,false,0,-1,-1,-1,-1,-1,-1
8934,1151971200,2147483647,false,0,-1,-1,-1,-1,-1,-1
8936,1151971200,2147483647,false,0,-1,-1,-1,-1,-1,-1
8938,1151971200,2147483647,false,0,-1,-1,-1,-1,-1,-1
8940,1151971200,2147483647,false,0,3877,-1,-1,-1,-1,-1
8941,1151971200,2147483647,false,0,3877,-1,-1,-1,-1,-1
8942,1151971200,2147483647,false,511,-1,-1,-1,-1,-1,-1
8943,1151971200,2147483647,false,511,-1,-1,-1,-1,-1,-1
8944,1151971200,2147483647,false,511,-1,-1,-1,-1,-1,-1
8945,1151971200,2147483647,false,511,-1,-1,-1,-1,-1,-1
8946,1151971200,2147483647,false,511,-1,-1,-1,-1,-1,-1
8947,1151971200,2147483647,false,511,-1,-1,-1,-1,-1,-1
8948,1151971200,2147483647,false,511,-1,-1,-1,-1,-1,-1
8949,1151971200,2147483647,false,0,11111,-1,-1,-1,-1,-1
8950,1151971200,2147483647,false,0,-1,-1,-1,-1,-1,-1
8951,1151971200,1716422400,false,0,-1,-1,-1,-1,-1,-1
8952,1151971200,2147483647,false,0,15978,-1,-1,15989,-1,-1
8953,1151971200,2147483647,false,0,15978,-1,-1,15989,-1,-1
8954,1151971200,2147483647,false,0,15978,-1,-1,15989,-1,-1
8955,1151971200,2147483647,false,0,15978,-1,-1,15989,-1,-1
8956,1151971200,2147483647,false,0,15978,-1,-1,15989,-1,-1
8957,1151971200,2147483647,false,0,15978,-1,-1,15989,-1,-1
8958,1151971200,2147483647,false,0,15978,-1,-1,15989,-1,-1
8959,1151971200,2147483647,false,0,-1,-1,-1,-1,-1,-1
8960,1151971200,2147483647,false,0,-1,-1,-1,-1,-1,-1
8961,1151971200,2147483647,false,0,-1,-1,-1,-1,-1,-1
8962,1151971200,2147483647,false,0,-1,-1,-1,-1,-1,-1
8963,1151971200,2147483647,false,0,-1,-1,-1,-1,-1,-1
8964,1151971200,2147483647,false,0,-1,-1,-1,-1,-1,-1
8965,1151971200,2147483647,false,0,-1,-1,-1,-1,-1,-1
8966,1151971200,2147483647,false,42,15981,-1,-1,-1,-1,-1
8967,1151971200,2147483647,false,42,15980,-1,-1,-1,-1,-1
8968,1151971200,2147483647,false,42,15979,-1,-1,-1,-1,-1
8969,1151971200,2147483647,false,42,15983,-1,-1,-1,-1,-1
8970,1151971200,2147483647,false,42,15985,-1,-1,-1,-1,-1
8971,1151971200,2147483647,false,42,15982,-1,-1,-1,-1,-1
8972,1151971200,2147483647,false,0,-1,-1,-1,-1,-1,-1
8974,1151971200,2147483647,false,0,-1,-1,-1,-1,-1,-1
8976,1151971200,2147483647,false,0,-1,-1,-1,-1,-1,-1
8977,1151971200,2147483647,false,0,-1,-1,-1,-1,-1,-1
8979,1151971200,2147483647,false,0,-1,-1,-1,-1,-1,-1
8981,1151971200,2147483647,false,0,-1,-1,-1,-1,-1,-1
8986,1151971200,2147483647,false,0,-1,-1,-1,-1,-1,-1
8987,1151971200,2147483647,false,0,-1,-1,-1,-1,-1,-1
8988,1151971200,2147483647,false,0,-1,-1,-1,-1,-1,-1
8989,1151971200,2147483647,false,0,-1,-1,-1,-1,-1,-1
8990,1151971200,2147483647,false,0,-1,-1,-1,-1,-1,-1
8991,1151971200,2147483647,false,0,-1,-1,-1,-1,-1,-1
8992,1151971200,2147483647,false,0,-1,-1,-1,-1,-1,-1
8993,1151971200,2147483647,false,0,-1,-1,-1,-1,-1,-1
8994,1151971200,2147483647,false,0,-1,-1,-1,-1,-1,-1
8995,1151971200,2147483647,false,0,-1,-1,-1,-1,-1,-1
8996,1151971200,2147483647,false,0,-1,-1,-1,-1,-1,-1
8997,1151971200,2147483647,false,0,-1,-1,-1,-1,-1,-1
9003,1151971200,2147483647,false,0,-1,-1,-1,-1,-1,-1
9004,1151971200,2147483647,false,0,-1,-1,-1,-1,-1,-1
9005,1151971200,2147483647,false,17,-1,-1,-1,-1,-1,-1
9006,1151971200,2147483647,false,17,-1,-1,-1,-1,-1,-1
9007,1151971200,2147483647,false,0,-1,-1,-1,-1,-1,-1
9008,1151971200,2147483647,false,0,-1,-1,-1,-1,-1,-1
9009,1151971200,2147483647,false,0,-1,-1,-1,-1,-1,-1
9010,1151971200,2147483647,false,0,-1,-1,-1,-1,-1,-1
9011,1151971200,2147483647,false,0,-1,-1,-1,-1,-1,-1
9012,1151971200,2147483647,false,0,-1,-1,-1,-1,-1,-1
9013,1151971200,2147483647,false,1,15942,-1,-1,-1,-1,-1
9016,1152576000,2147483647,true,0,-1,-1,-1,-1,-1,-1
9017,1152576000,2147483647,true,0,-1,-1,-1,-1,-1,-1
9018,1152576000,2147483647,true,0,-1,-1,-1,-1,-1,-1
9019,1152576000,2147483647,true,69,-1,-1,-1,-1,-1,-1
9020,1152576000,2147483647,true,0,-1,-1,-1,-1,-1,-1
9021,1152576000,2147483647,true,69,-1,-1,-1,-1,-1,-1
9022,1152576000,2147483647,true,69,-1,-1,-1,-1,-1,-1
9023,1152576000,2147483647,true,69,-1,-1,-1,-1,-1,-1
9024,1152576000,2147483647,true,69,-1,-1,-1,-1,-1,-1
9025,1152576000,2147483647,true,0,-1,-1,-1,-1,-1,-1
9026,1153094400,2147483647,false,525,-1,-1,-1,-1,-1,-1
9028,1153094400,2147483647,false,526,-1,-1,-1,-1,-1,-1
9030,1153094400,2147483647,false,527,-1,-1,-1,-1,-1,-1
9032,1153094400,2147483647,false,525,-1,-1,-1,-1,-1,-1
9034,1153094400,2147483647,false,526,-1,-1,-1,-1,-1,-1
9036,1153094400,2147483647,false,525,-1,-1,-1,-1,-1,-1
9038,1153094400,2147483647,false,527,-1,-1,-1,-1,-1,-1
9040,1153094400,2147483647,false,526,-1,-1,-1,-1,-1,-1
9042,1153094400,2147483647,false,527,-1,-1,-1,-1,-1,-1
9044,1153094400,2147483647,false,0,-1,-1,-1,-1,-1,-1
9045,0,2147483647,false,15,-1,-1,-1,-1,-1,-1
9046,1153094400,2147483647,false,0,-1,-1,-1,-1,-1,-1
9047,0,2147483647,false,15,-1,-1,-1,-1,-1,-1
9048,1153094400,2147483647,false,0,-1,-1,-1,-1,-1,-1
9049,0,2147483647,false,15,-1,-1,-1,-1,-1,-1
9050,1153094400,2147483647,false,0,-1,-1,-1,-1,-1,-1
9051,0,2147483647,false,15,-1,-1,-1,-1,-1,-1
9052,1153094400,2147483647,false,5,-1,-1,-1,-1,-1,-1
9054,1153094400,2147483647,false,528,-1,-1,-1,-1,-1,-1
9055,1153094400,2147483647,true,528,-1,-1,-1,-1,-1,-1
9056,1153094400,2147483647,true,528,-1,-1,-1,-1,-1,-1
9057,1153094400,2147483647,false,528,-1,-1,-1,-1,-1,-1
9058,1153094400,2147483647,true,528,-1,-1,-1,-1,-1,-1
9059,1153094400,2147483647,false,528,-1,-1,-1,-1,-1,-1
9064,1153699200,2147483647,true,0,-1,-1,-1,-1,-1,-1
9065,1153699200,2147483647,true,0,16488,-1,-1,-1,-1,-1
9066,1153699200,2147483647,true,0,-1,-1,-1,-1,-1,-1
9067,1153699200,2147483647,true,0,-1,-1,-1,-1,-1,-1
9068,1153699200,2147483647,false,2,-1,-1,-1,-1,-1,-1
9069,1153699200,2147483647,false,2,16478,-1,-1,-1,-1,-1
9070,1153699200,2147483647,false,7,16485,16472,-1,-1,-1,-1
9071,1153699200,2147483647,false,8,16481,-1,-1,-1,-1,-1
9072,1153699200,2147483647,false,16,16476,-1,-1,-1,-1,-1
9073,1153699200,2147483647,false,17,16473,-1,-1,-1,-1,-1
9074,1153699200,2147483647,false,0,12086,-1,-1,-1,-1,-1
9075,1153699200,2147483647,false,149,-1,-1,-1,-1,-1,-1
9076,1153699200,2147483647,true,91,-1,-1,-1,-1,-1,-1
9077,1153699200,2147483647,true,0,-1,-1,-1,-1,-1,-1
9078,1153699200,2147483647,false,0,-1,-1,-1,-1,-1,-1
9079,1153699200,2147483647,true,0,-1,-1,-1,-1,-1,-1
9080,1153699200,2147483647,true,0,-1,-1,-1,-1,-1,-1
9081,1153699200,2147483647,true,0,-1,-1,-1,-1,-1,-1
9082,1153699200,2147483647,true,0,-1,-1,-1,-1,-1,-1
9083,1153699200,2147483647,true,0,-1,-1,-1,-1,-1,-1
9084,1153699200,2147483647,true,1,-1,-1,-1,-1,-1,-1
9085,1153699200,2147483647,true,0,-1,-1,-1,-1,-1,-1
9086,1153699200,2147483647,true,0,-1,-1,-1,-1,-1,-1
9087,1153699200,2147483647,true,0,-1,-1,-1,-1,-1,-1
9088,1153699200,2147483647,true,0,-1,-1,-1,-1,-1,-1
9089,1153699200,2147483647,true,0,-1,-1,-1,-1,-1,-1
9090,1153699200,2147483647,true,0,-1,-1,-1,-1,-1,-1
9091,1153699200,2147483647,true,26,-1,-1,-1,-1,-1,-1
9092,1153699200,2147483647,true,26,-1,-1,-1,-1,-1,-1
9093,1153699200,2147483647,true,26,-1,-1,-1,-1,-1,-1
9094,1153699200,2147483647,true,0,-1,-1,-1,-1,-1,-1
9095,1153699200,2147483647,true,0,-1,-1,-1,-1,-1,-1
9096,1153699200,2147483647,true,2,-1,-1,-1,-1,-1,-1
9097,1153699200,2147483647,true,7,-1,-1,-1,-1,-1,-1
9098,1153699200,2147483647,true,8,-1,-1,-1,-1,-1,-1
9099,1153699200,2147483647,true,16,16475,-1,-1,-1,-1,-1
9100,1153699200,2147483647,true,17,-1,-1,-1,-1,-1,-1
9101,1153699200,2147483647,true,27,16487,-1,-1,-1,-1,-1
9102,1153699200,2147483647,true,0,-1,-1,-1,-1,-1,-1
9103,1153699200,2147483647,true,0,-1,-1,-1,-1,-1,-1
9104,1153699200,2147483647,true,0,-1,-1,-1,-1,-1,-1
9106,1153699200,2147483647,false,1611,-1,-1,-1,-1,-1,-1
9139,1154304000,2147483647,false,63,-1,-1,-1,-1,-1,-1
9140,1154304000,2147483647,false,63,-1,-1,-1,-1,-1,-1
9141,1154304000,2147483647,false,63,-1,-1,-1,-1,-1,-1
9142,1154304000,2147483647,false,63,-1,-1,-1,-1,-1,-1
9143,1154304000,2147483647,false,63,-1,-1,-1,-1,-1,-1
9144,1154304000,2147483647,false,63,-1,-1,-1,-1,-1,-1
9145,1154304000,2147483647,false,63,-1,-1,-1,-1,-1,-1
9174,1154304000,2147483647,false,37,-1,-1,-1,-1,-1,-1
9176,1154304000,2147483647,false,37,-1,-1,-1,-1,-1,-1
9177,1154304000,2147483647,false,37,-1,-1,-1,-1,-1,-1
9179,1154304000,2147483647,false,37,-1,-1,-1,-1,-1,-1
9181,1154304000,2147483647,false,37,-1,-1,-1,-1,-1,-1
9183,1154304000,2147483647,false,37,-1,-1,-1,-1,-1,-1
9185,1154304000,2147483647,false,37,-1,-1,-1,-1,-1,-1
9187,1154304000,2147483647,false,530,-1,-1,-1,-1,-1,-1
9188,1154304000,2147483647,false,530,-1,-1,-1,-1,-1,-1
9189,1154304000,2147483647,false,530,-1,-1,-1,-1,-1,-1
9190,1154304000,2147483647,false,530,-1,-1,-1,-1,-1,-1
9191,1154304000,2147483647,false,530,-1,-1,-1,-1,-1,-1
9192,1154304000,2147483647,false,530,-1,-1,-1,-1,-1,-1
9193,1154304000,2147483647,false,530,-1,-1,-1,-1,-1,-1
9194,1154304000,2147483647,false,530,-1,-1,-1,-1,-1,-1
9236,1154304000,2147483647,false,63,-1,-1,-1,-1,-1,-1
9237,1154304000,2147483647,false,63,-1,-1,-1,-1,-1,-1
9238,1154304000,2147483647,false,63,-1,-1,-1,-1,-1,-1
9239,1154304000,2147483647,false,63,-1,-1,-1,-1,-1,-1
9240,1154304000,2147483647,false,63,-1,-1,-1,-1,-1,-1
9241,1154304000,2147483647,false,63,-1,-1,-1,-1,-1,-1
9242,1154304000,2147483647,false,63,-1,-1,-1,-1,-1,-1
9243,1154304000,2147483647,false,63,-1,-1,-1,-1,-1,-1
9244,1154304000,2147483647,false,63,-1,-1,-1,-1,-1,-1
9245,1154304000,2147483647,false,63,-1,-1,-1,-1,-1,-1
9286,1154304000,2147483647,false,63,-1,-1,-1,-1,-1,-1
9287,1154304000,2147483647,false,63,-1,-1,-1,-1,-1,-1
9288,1154304000,2147483647,false,63,-1,-1,-1,-1,-1,-1
9289,1154304000,2147483647,false,63,-1,-1,-1,-1,-1,-1
9290,1154304000,2147483647,false,63,-1,-1,-1,-1,-1,-1
9291,1154304000,2147483647,false,63,-1,-1,-1,-1,-1,-1
9292,1154304000,2147483647,false,63,-1,-1,-1,-1,-1,-1
9293,1154304000,2147483647,false,63,-1,-1,-1,-1,-1,-1
9294,1154304000,2147483647,false,63,-1,-1,-1,-1,-1,-1
9295,1154304000,2147483647,false,63,-1,-1,-1,-1,-1,-1
9296,1154304000,2147483647,false,63,-1,-1,-1,-1,-1,-1
9297,1154304000,2147483647,false,63,-1,-1,-1,-1,-1,-1
9298,1154304000,2147483647,false,63,-1,-1,-1,-1,-1,-1
9299,1154304000,2147483647,false,63,-1,-1,-1,-1,-1,-1
9300,1154304000,2147483647,false,63,-1,-1,-1,-1,-1,-1
9301,1154304000,2147483647,false,63,-1,-1,-1,-1,-1,-1
9302,1154304000,2147483647,false,63,-1,-1,-1,-1,-1,-1
9303,1154304000,2147483647,false,63,-1,-1,-1,-1,-1,-1
9304,1154304000,2147483647,false,63,-1,-1,-1,-1,-1,-1
9305,1154304000,2147483647,false,63,-1,-1,-1,-1,-1,-1
9306,1154304000,2147483647,false,63,-1,-1,-1,-1,-1,-1
9335,1154304000,2147483647,false,63,-1,-1,-1,-1,-1,-1
9336,1154304000,2147483647,false,63,-1,-1,-1,-1,-1,-1
9337,1154304000,2147483647,false,63,-1,-1,-1,-1,-1,-1
9338,1154304000,2147483647,false,63,-1,-1,-1,-1,-1,-1
9339,1154304000,2147483647,false,63,-1,-1,-1,-1,-1,-1
9340,1154304000,2147483647,false,63,-1,-1,-1,-1,-1,-1
9341,1154304000,2147483647,false,63,-1,-1,-1,-1,-1,-1
9342,1154304000,2147483647,false,63,-1,-1,-1,-1,-1,-1
9375,1154304000,2147483647,false,531,-1,-1,-1,-1,-1,-1
9376,1154304000,2147483647,false,531,-1,-1,-1,-1,-1,-1
9377,1154304000,2147483647,false,531,-1,-1,-1,-1,-1,-1
9378,1154304000,2147483647,false,531,-1,-1,-1,-1,-1,-1
9379,1154304000,2147483647,false,531,-1,-1,-1,-1,-1,-1
9380,1154304000,2147483647,false,531,-1,-1,-1,-1,-1,-1
9381,1154304000,2147483647,false,531,-1,-1,-1,-1,-1,-1
9382,1154304000,2147483647,false,531,-1,-1,-1,-1,-1,-1
9415,1154304000,2147483647,false,0,-1,-1,-1,-1,-1,-1
9416,1154304000,2147483647,false,0,-1,-1,-1,-1,-1,-1
9418,1154304000,2147483647,false,0,-1,-1,-1,-1,-1,-1
9419,1154304000,2147483647,false,63,-1,-1,-1,-1,-1,-1
9420,1154304000,2147483647,false,0,-1,-1,-1,-1,-1,-1
9422,1154304000,2147483647,false,0,-1,-1,-1,-1,-1,-1
9423,1154304000,2147483647,false,0,-1,-1,-1,-1,-1,-1
9425,1154304000,2147483647,false,0,-1,-1,-1,-1,-1,-1
9427,1154304000,2147483647,false,0,-1,-1,-1,-1,-1,-1
9429,1154304000,2147483647,false,0,-1,-1,-1,-1,-1,-1
9431,1154304000,2147483647,false,0,-1,-1,-1,-1,-1,-1
9433,1154304000,2147483647,false,0,-1,-1,-1,-1,-1,-1
9434,1154304000,2147483647,false,0,-1,-1,-1,-1,-1,-1
9436,1154304000,2147483647,false,0,-1,-1,-1,-1,-1,-1
9438,1154304000,2147483647,false,0,-1,-1,-1,-1,-1,-1
9440,1154304000,2147483647,false,0,-1,-1,-1,-1,-1,-1
9442,1154304000,2147483647,false,0,-1,-1,-1,-1,-1,-1
9444,1154304000,2147483647,false,0,-1,-1,-1,-1,-1,-1
9446,1154304000,2147483647,false,0,-1,-1,-1,-1,-1,-1
9448,1154304000,2147483647,false,0,-1,-1,-1,-1,-1,-1
9450,1154304000,2147483647,false,0,-1,-1,-1,-1,-1,-1
9452,1154304000,2147483647,false,0,-1,-1,-1,-1,-1,-1
9454,1154304000,2147483647,false,0,-1,-1,-1,-1,-1,-1
9456,1154304000,2147483647,false,0,-1,-1,-1,-1,-1,-1
9457,1154304000,2147483647,false,0,-1,-1,-1,-1,-1,-1
9459,1154304000,2147483647,false,0,-1,-1,-1,-1,-1,-1
9461,1154304000,2147483647,false,0,-1,-1,-1,-1,-1,-1
9463,1154304000,2147483647,false,0,-1,-1,-1,-1,-1,-1
9465,1154304000,2147483647,false,0,-1,-1,-1,-1,-1,-1
9467,1154304000,2147483647,false,151,-1,-1,-1,-1,-1,-1
9468,1154304000,2147483647,false,0,-1,-1,-1,-1,-1,-1
9469,1154908800,2147483647,false,0,-1,-1,-1,-1,-1,-1
9470,1154908800,2147483647,false,0,17155,-1,-1,-1,-1,-1
9472,1154908800,2147483647,false,0,25875,-1,-1,-1,-1,-1
9474,1154908800,2147483647,false,0,-1,-1,-1,-1,-1,-1
9475,1154908800,2147483647,false,0,-1,-1,-1,-1,-1,-1
9477,1154908800,2147483647,false,0,-1,-1,-1,-1,-1,-1
9478,1154908800,2147483647,false,535,-1,-1,-1,-1,-1,-1
9479,1154908800,2147483647,false,0,-1,-1,-1,-1,-1,-1
9480,1154908800,2147483647,false,535,-1,-1,-1,-1,-1,-1
9481,1154908800,2147483647,false,0,-1,-1,-1,-1,-1,-1
9482,1154908800,2147483647,false,535,-1,-1,-1,-1,-1,-1
9483,1154908800,2147483647,false,535,-1,-1,-1,-1,-1,-1
9484,1154908800,2147483647,false,0,-1,-1,-1,-1,-1,-1
9485,1154908800,2147483647,false,535,-1,-1,-1,-1,-1,-1
9486,1154908800,2147483647,false,0,-1,-1,-1,-1,-1,-1
9487,1782777600,2147483647,false,0,-1,-1,-1,-1,-1,-1
9508,0,2147483647,false,83,-1,-1,-1,-1,-1,-1
9510,0,2147483647,false,83,-1,-1,-1,-1,-1,-1
9512,0,2147483647,false,83,-1,-1,-1,-1,-1,-1
9514,0,2147483647,false,83,-1,-1,-1,-1,-1,-1
9516,0,2147483647,false,83,-1,-1,-1,-1,-1,-1
9518,0,2147483647,false,83,-1,-1,-1,-1,-1,-1
9520,0,2147483647,false,83,-1,-1,-1,-1,-1,-1
9527,0,2147483647,false,125,-1,-1,-1,-1,-1,-1
9529,0,2147483647,false,125,-1,-1,-1,-1,-1,-1
9531,0,2147483647,false,125,-1,-1,-1,-1,-1,-1
9533,0,2147483647,false,125,-1,-1,-1,-1,-1,-1
9535,0,2147483647,false,125,-1,-1,-1,-1,-1,-1
9538,0,2147483647,false,123,-1,-1,-1,-1,-1,-1
9540,0,2147483647,false,123,-1,-1,-1,-1,-1,-1
9542,0,2147483647,false,123,-1,-1,-1,-1,-1,-1
9544,0,2147483647,false,123,-1,-1,-1,-1,-1,-1
9547,0,2147483647,false,127,-1,-1,-1,-1,-1,-1
9549,0,2147483647,false,127,-1,-1,-1,-1,-1,-1
9551,0,2147483647,false,127,-1,-1,-1,-1,-1,-1
9553,0,2147483647,false,127,-1,-1,-1,-1,-1,-1
9558,1154908800,2147483647,false,535,-1,-1,-1,-1,-1,-1
9559,1154908800,2147483647,false,535,-1,-1,-1,-1,-1,-1
9560,1154908800,2147483647,false,0,-1,-1,-1,-1,-1,-1
9561,1154908800,2147483647,false,535,-1,-1,-1,-1,-1,-1
9562,1154908800,2147483647,false,0,-1,-1,-1,-1,-1,-1
9563,1154908800,2147483647,false,535,-1,-1,-1,-1,-1,-1
9564,1154908800,2147483647,false,0,-1,-1,-1,-1,-1,-1
9566,1154908800,2147483647,false,0,-1,-1,-1,-1,-1,-1
9567,1154908800,2147483647,false,0,-1,-1,-1,-1,-1,-1
9568,1154908800,2147483647,false,0,-1,-1,-1,-1,-1,-1
9569,1154908800,2147483647,false,0,-1,-1,-1,-1,-1,-1
9570,1154908800,2147483647,false,0,-1,-1,-1,-1,-1,-1
9571,1154908800,2147483647,false,0,-1,-1,-1,-1,-1,-1
9572,1154908800,2147483647,false,0,-1,-1,-1,-1,-1,-1
9573,1154908800,2147483647,false,0,-1,-1,-1,-1,-1,-1
9574,1154908800,2147483647,false,0,-1,-1,-1,-1,-1,-1
9575,1154908800,2147483647,false,0,-1,-1,-1,-1,-1,-1
9576,1154908800,2147483647,false,0,-1,-1,-1,-1,-1,-1
9577,1154908800,2147483647,false,535,-1,-1,-1,-1,-1,-1
9578,1154908800,2147483647,false,0,-1,-1,-1,-1,-1,-1
9579,1154908800,2147483647,false,535,-1,-1,-1,-1,-1,-1
9580,1154908800,2147483647,false,0,-1,-1,-1,-1,-1,-1
9581,1154908800,2147483647,false,535,-1,-1,-1,-1,-1,-1
9582,1154908800,2147483647,false,0,-1,-1,-1,-1,-1,-1
9583,1154908800,2147483647,false,535,-1,-1,-1,-1,-1,-1
9584,1154908800,2147483647,false,0,-1,-1,-1,-1,-1,-1
9589,1154908800,2147483647,true,0,-1,-1,-1,-1,-1,-1
9590,1154908800,2147483647,true,0,-1,-1,-1,-1,-1,-1
9591,1154908800,2147483647,false,0,-1,-1,-1,-1,-1,-1
9592,1155600000,2147483647,true,0,-1,-1,-1,-1,-1,-1
9593,1155600000,2147483647,true,0,-1,-1,-1,-1,-1,-1
9594,1155600000,2147483647,false,0,-1,-1,-1,-1,-1,-1
9595,1155600000,2147483647,false,0,-1,-1,-1,-1,-1,-1
9597,1155600000,2147483647,true,536,-1,-1,-1,-1,-1,-1
9598,1155600000,2147483647,true,536,-1,-1,-1,-1,-1,-1
9599,1155600000,2147483647,true,536,-1,-1,-1,-1,-1,-1
9600,1155600000,2147483647,true,536,-1,-1,-1,-1,-1,-1
9601,1155600000,2147483647,true,536,-1,-1,-1,-1,-1,-1
9602,1155600000,2147483647,true,536,-1,-1,-1,-1,-1,-1
9603,1155600000,2147483647,true,536,-1,-1,-1,-1,-1,-1
9604,1155600000,2147483647,true,536,-1,-1,-1,-1,-1,-1
9605,1155600000,2147483647,true,536,-1,-1,-1,-1,-1,-1
9606,1155600000,2147483647,true,536,-1,-1,-1,-1,-1,-1
9607,1155600000,2147483647,true,536,-1,-1,-1,-1,-1,-1
9608,1155600000,2147483647,true,536,-1,-1,-1,-1,-1,-1
9609,1155600000,2147483647,true,536,-1,-1,-1,-1,-1,-1
9610,1155600000,2147483647,true,536,-1,-1,-1,-1,-1,-1
9611,1155600000,2147483647,true,536,-1,-1,-1,-1,-1,-1
9612,1155600000,2147483647,true,536,-1,-1,-1,-1,-1,-1
9613,1606262400,2147483647,true,536,-1,-1,-1,-1,-1,-1
9614,1155600000,2147483647,true,536,-1,-1,-1,-1,-1,-1
9615,1155600000,2147483647,true,536,-1,-1,-1,-1,-1,-1
9616,1155600000,2147483647,true,536,-1,-1,-1,-1,-1,-1
9617,1606262400,2147483647,true,536,-1,-1,-1,-1,-1,-1
9618,1155600000,2147483647,true,536,-1,-1,-1,-1,-1,-1
9619,1155600000,2147483647,true,536,-1,-1,-1,-1,-1,-1
9620,1155600000,2147483647,true,536,-1,-1,-1,-1,-1,-1
9621,1155600000,2147483647,true,536,-1,-1,-1,-1,-1,-1
9622,1155600000,2147483647,true,536,-1,-1,-1,-1,-1,-1
9623,1155600000,2147483647,true,536,-1,-1,-1,-1,-1,-1
9624,1155600000,2147483647,true,536,-1,-1,-1,-1,-1,-1
9625,1155600000,2147483647,true,0,-1,-1,-1,-1,-1,-1
9626,1155600000,2147483647,true,0,-1,-1,-1,-1,-1,-1
9627,1155600000,2147483647,true,0,-1,-1,-1,-1,-1,-1
9629,1156204800,2147483647,false,2,-1,-1,-1,-1,-1,-1
9632,1157328000,2147483647,false,0,-1,-1,-1,-1,-1,-1
9633,1157328000,2147483647,true,0,-1,-1,-1,-1,-1,-1
9634,1157328000,2147483647,false,7,18096,-1,-1,18119,-1,-1
9636,1157328000,2147483647,false,8,-1,-1,-1,18115,-1,-1
9638,1157328000,2147483647,false,17,181,-1,-1,-1,-1,-1
9640,1157328000,2147483647,true,7,28515,18074,-1,-1,18104,-1
9642,1157328000,2147483647,true,8,28212,-1,-1,-1,-1,-1
9644,1157328000,2147483647,true,17,-1,-1,-1,-1,-1,-1
9646,1157328000,2147483647,true,0,532,-1,-1,-1,-1,-1
9647,1157328000,2147483647,true,0,532,-1,-1,-1,-1,-1
9648,1157328000,2147483647,true,0,532,-1,-1,-1,-1,-1
9649,1157328000,2147483647,true,0,-1,-1,-1,-1,-1,-1
9650,1157328000,2147483647,true,0,-1,-1,-1,-1,-1,-1
9651,1157328000,2147483647,true,0,-1,-1,-1,-1,-1,-1
9652,1157328000,2147483647,true,0,-1,-1,-1,-1,-1,-1
9653,1157328000,2147483647,true,0,-1,-1,-1,-1,-1,-1
9654,1157328000,2147483647,true,0,-1,-1,-1,-1,-1,-1
9655,1157328000,2147483647,true,0,-1,-1,-1,-1,-1,-1
9656,1157328000,2147483647,true,0,-1,-1,-1,-1,-1,-1
9657,1157328000,2147483647,true,0,-1,-1,-1,-1,-1,-1
9658,1157328000,2147483647,true,0,-1,-1,-1,-1,-1,-1
9659,1157328000,2147483647,false,0,-1,-1,-1,-1,-1,-1
9660,1157328000,2147483647,false,0,-1,-1,-1,-1,-1,-1
9662,1527120000,1560384000,false,0,-1,-1,-1,-1,-1,-1
9665,1158710400,2147483647,true,0,-1,-1,-1,-1,-1,-1
9666,1158710400,2147483647,false,7,-1,-1,-1,-1,-1,-1
9668,1158710400,2147483647,false,7,-1,-1,-1,-1,-1,-1
9670,1158710400,2147483647,false,7,-1,-1,-1,-1,-1,-1
9672,1158710400,2147483647,true,2,-1,-1,-1,-1,-1,-1
9674,1158710400,2147483647,true,7,3379,-1,-1,-1,-1,-1
9676,1158710400,2147483647,true,8,-1,-1,-1,-1,-1,-1
9678,1158710400,2147483647,true,8,4206,-1,-1,-1,-1,-1
9680,1158710400,2147483647,true,0,-1,-1,-1,-1,-1,-1
9681,1158710400,2147483647,true,554,9652,-1,-1,-1,-1,-1
9682,1158710400,2147483647,true,0,-1,-1,-1,-1,-1,-1
9683,1158710400,2147483647,true,0,-1,-1,-1,-1,-1,-1
9684,1158710400,2147483647,true,0,-1,-1,-1,-1,-1,-1
9685,1158710400,2147483647,true,0,-1,-1,-1,-1,-1,-1
9686,1158710400,2147483647,true,0,-1,-1,-1,-1,-1,-1
9687,1158710400,2147483647,true,0,-1,-1,-1,-1,-1,-1
9688,1158710400,2147483647,true,0,-1,-1,-1,-1,-1,-1
9689,1158710400,2147483647,true,0,-1,-1,-1,-1,-1,-1
9690,1158710400,2147483647,true,0,-1,-1,-1,-1,-1,-1
9691,1158710400,2147483647,true,0,-1,-1,-1,-1,-1,-1
9692,1158710400,2147483647,true,0,-1,-1,-1,-1,-1,-1
9693,1158710400,2147483647,true,0,-1,-1,-1,-1,-1,-1
9694,1158710400,2147483647,true,0,-1,-1,-1,-1,-1,-1
9695,1158710400,2147483647,true,0,-1,-1,-1,-1,-1,-1
9696,1158710400,2147483647,true,0,-1,-1,-1,-1,-1,-1
9697,1158710400,2147483647,true,0,-1,-1,-1,-1,-1,-1
9698,1158710400,2147483647,true,0,-1,-1,-1,-1,-1,-1
9699,1158710400,2147483647,true,0,-1,-1,-1,-1,-1,-1
9702,1159315200,2147483647,false,25,-1,-1,-1,-1,-1,-1
9703,1159315200,2147483647,false,25,-1,-1,-1,-1,-1,-1
9704,1159315200,2147483647,false,18,18877,-1,-1,-1,-1,-1
9705,1159315200,2147483647,false,64,-1,-1,-1,-1,-1,-1
9706,1159315200,2147483647,false,555,-1,-1,-1,-1,-1,-1
9715,1159747200,2147483647,true,0,-1,-1,-1,-1,-1,-1
9716,1159747200,2147483647,true,0,-1,-1,-1,-1,-1,-1
9717,1159747200,2147483647,true,0,-1,-1,-1,-1,-1,-1
9718,1159747200,2147483647,true,0,-1,-1,-1,-1,-1,-1
9719,1159747200,2147483647,true,0,-1,-1,-1,-1,-1,-1
9720,1159747200,2147483647,true,0,-1,-1,-1,-1,-1,-1
9721,1159747200,2147483647,true,0,-1,-1,-1,-1,-1,-1
9722,1159747200,2147483647,true,0,-1,-1,-1,-1,-1,-1
9723,1159747200,2147483647,true,0,-1,-1,-1,-1,-1,-1
9724,1159747200,2147483647,true,0,-1,-1,-1,-1,-1,-1
9725,1159747200,2147483647,true,0,-1,-1,-1,-1,-1,-1
9726,1159747200,2147483647,true,0,-1,-1,-1,-1,-1,-1
9727,1159747200,2147483647,true,0,-1,-1,-1,-1,-1,-1
9728,1159747200,2147483647,true,0,-1,-1,-1,-1,-1,-1
9729,1159747200,2147483647,true,0,-1,-1,-1,-1,-1,-1
9731,1159747200,2147483647,false,18,-1,-1,-1,-1,-1,-1
9733,1159747200,2147483647,true,0,-1,-1,-1,-1,-1,-1
9735,1161129600,2147483647,false,0,-1,-1,-1,-1,-1,-1
9736,1161129600,2147483647,false,0,-1,-1,-1,-1,-1,-1
9739,1161129600,2147483647,false,69,-1,-1,-1,-1,-1,-1
9741,1161129600,2147483647,false,69,-1,-1,-1,-1,-1,-1
9743,1161129600,2147483647,false,69,-1,-1,-1,-1,-1,-1
9745,1161129600,2147483647,false,69,-1,-1,-1,-1,-1,-1
9747,1161129600,2147483647,false,27,18920,-1,-1,-1,-1,-1
9748,1161129600,2147483647,false,27,18920,-1,-1,-1,-1,-1
9749,1161129600,2147483647,false,0,18967,-1,-1,-1,-1,-1
9750,1161129600,2147483647,false,27,18954,-1,-1,-1,-1,-1
9751,1161129600,2147483647,false,27,18954,-1,-1,-1,-1,-1
9752,1161129600,2147483647,false,0,18967,-1,-1,-1,-1,-1
9753,1161129600,2147483647,false,27,18928,-1,-1,18973,-1,-1
9754,1161129600,2147483647,false,27,18928,-1,-1,18973,-1,-1
9755,1161129600,2147483647,false,0,18967,-1,-1,-1,-1,-1
9756,1161129600,2147483647,false,27,18948,-1,-1,-1,-1,-1
9757,1161129600,2147483647,false,27,18948,-1,-1,-1,-1,-1
9758,1161129600,2147483647,false,0,18967,-1,-1,-1,-1,-1
9759,1161129600,2147483647,false,27,18945,-1,-1,-1,-1,-1
9760,1161129600,2147483647,false,27,18945,-1,-1,-1,-1,-1
9761,1161129600,2147483647,false,0,18967,-1,-1,-1,-1,-1
9762,1161129600,2147483647,false,27,18915,-1,-1,18981,-1,-1
9763,1161129600,2147483647,false,27,18915,-1,-1,18981,-1,-1
9764,1161129600,2147483647,false,0,18967,-1,-1,-1,-1,-1
9765,1161129600,2147483647,false,27,18950,-1,-1,-1,-1,-1
9766,1161129600,2147483647,false,27,18950,-1,-1,-1,-1,-1
9767,1161129600,2147483647,false,0,18967,-1,-1,-1,-1,-1
9768,1161129600,2147483647,false,27,18939,-1,-1,-1,-1,-1
9769,1161129600,2147483647,false,27,18939,-1,-1,-1,-1,-1
9770,1161129600,2147483647,false,0,18967,-1,-1,-1,-1,-1
9771,1161129600,2147483647,false,27,18918,-1,-1,18968,-1,-1
9772,1161129600,2147483647,false,27,18918,-1,-1,18968,-1,-1
9773,1161129600,2147483647,false,0,18967,-1,-1,-1,-1,-1
9774,1161129600,2147483647,false,27,18938,-1,-1,-1,-1,-1
9775,1161129600,2147483647,false,27,18938,-1,-1,-1,-1,-1
9776,1161129600,2147483647,false,0,18967,-1,-1,-1,-1,-1
9777,1161129600,2147483647,false,27,18956,-1,-1,-1,-1,-1
9778,1161129600,2147483647,false,27,18956,-1,-1,-1,-1,-1
9779,1161129600,2147483647,false,0,18967,-1,-1,-1,-1,-1
9780,1161129600,2147483647,false,27,18925,-1,-1,-1,-1,-1
9781,1161129600,2147483647,false,27,18925,-1,-1,-1,-1,-1
9782,1161129600,2147483647,false,0,18967,-1,-1,-1,-1,-1
9783,1161129600,2147483647,false,27,18935,-1,-1,-1,-1,-1
9784,1161129600,2147483647,false,27,18935,-1,-1,-1,-1,-1
9785,1161129600,2147483647,false,0,18967,-1,-1,-1,-1,-1
9786,1161129600,2147483647,false,27,18951,-1,-1,-1,-1,-1
9787,1161129600,2147483647,false,27,18951,-1,-1,-1,-1,-1
9788,1161129600,2147483647,false,0,18967,-1,-1,-1,-1,-1
9789,1161129600,2147483647,false,27,18916,-1,-1,-1,-1,-1
9790,1161129600,2147483647,false,27,18916,-1,-1,-1,-1,-1
9791,1161129600,2147483647,false,0,18967,-1,-1,-1,-1,-1
9792,1161129600,2147483647,false,27,18942,-1,-1,-1,-1,-1
9793,1161129600,2147483647,false,27,18942,-1,-1,-1,-1,-1
9794,1161129600,2147483647,false,0,18967,-1,-1,-1,-1,-1
9795,1161129600,2147483647,false,27,18953,-1,-1,-1,-1,-1
9796,1161129600,2147483647,false,27,18953,-1,-1,-1,-1,-1
9797,1161129600,2147483647,false,0,18967,-1,-1,-1,-1,-1
9798,1161129600,2147483647,false,27,18934,-1,-1,-1,-1,-1
9799,1161129600,2147483647,false,27,18934,-1,-1,-1,-1,-1
9800,1161129600,2147483647,false,0,18967,-1,-1,-1,-1,-1
9801,1161129600,2147483647,false,27,18924,-1,-1,-1,-1,-1
9802,1161129600,2147483647,false,27,18924,-1,-1,-1,-1,-1
9803,1161129600,2147483647,false,0,18967,-1,-1,-1,-1,-1
9804,1161129600,2147483647,false,27,18932,-1,-1,-1,-1,-1
9805,1161129600,2147483647,false,27,18932,-1,-1,-1,-1,-1
9806,1161129600,2147483647,false,0,18967,-1,-1,-1,-1,-1
9807,1161129600,2147483647,false,27,18955,-1,-1,-1,-1,-1
9808,1161129600,2147483647,false,27,18955,-1,-1,-1,-1,-1
9809,1161129600,2147483647,false,0,18967,-1,-1,-1,-1,-1
9810,1161129600,2147483647,false,27,18929,-1,-1,-1,-1,-1
9811,1161129600,2147483647,false,27,18929,-1,-1,-1,-1,-1
9812,1161129600,2147483647,false,0,18967,-1,-1,-1,-1,-1
9813,1161129600,2147483647,false,27,18946,-1,-1,-1,-1,-1
9814,1161129600,2147483647,false,0,18967,-1,-1,-1,-1,-1
9817,0,2147483647,false,206,-1,-1,-1,-1,-1,-1
9818,0,2147483647,false,206,-1,-1,-1,-1,-1,-1
9819,0,2147483647,false,206,-1,-1,-1,-1,-1,-1
9820,0,2147483647,false,206,-1,-1,-1,-1,-1,-1
9821,0,2147483647,false,206,-1,-1,-1,-1,-1,-1
9822,0,2147483647,false,206,-1,-1,-1,-1,-1,-1
9823,0,2147483647,false,206,-1,-1,-1,-1,-1,-1
9824,0,2147483647,false,206,-1,-1,-1,-1,-1,-1
9825,0,2147483647,false,206,-1,-1,-1,-1,-1,-1
9826,0,2147483647,false,206,-1,-1,-1,-1,-1,-1
9827,0,2147483647,false,206,-1,-1,-1,-1,-1,-1
9828,0,2147483647,false,206,-1,-1,-1,-1,-1,-1
9829,0,2147483647,false,206,-1,-1,-1,-1,-1,-1
9830,0,2147483647,false,206,-1,-1,-1,-1,-1,-1
9831,0,2147483647,false,206,-1,-1,-1,-1,-1,-1
9832,0,2147483647,false,206,-1,-1,-1,-1,-1,-1
9833,0,2147483647,false,206,-1,-1,-1,-1,-1,-1
9834,0,2147483647,false,206,-1,-1,-1,-1,-1,-1
9835,0,2147483647,false,206,-1,-1,-1,-1,-1,-1
9836,0,2147483647,false,206,-1,-1,-1,-1,-1,-1
9837,0,2147483647,false,206,-1,-1,-1,-1,-1,-1
9838,0,2147483647,false,206,-1,-1,-1,-1,-1,-1
9839,0,2147483647,false,206,-1,-1,-1,-1,-1,-1
9840,0,2147483647,false,206,-1,-1,-1,-1,-1,-1
9841,0,2147483647,false,206,-1,-1,-1,-1,-1,-1
9842,0,2147483647,false,483,-1,-1,-1,-1,-1,-1
9843,1161129600,2147483647,false,484,-1,-1,-1,-1,-1,-1
9844,1161129600,2147483647,false,484,-1,-1,-1,-1,-1,-1
9845,1161129600,2147483647,false,484,-1,-1,-1,-1,-1,-1
9846,1161129600,2147483647,false,484,-1,-1,-1,-1,-1,-1
9847,1161129600,2147483647,false,484,-1,-1,-1,-1,-1,-1
9848,1161129600,2147483647,false,484,-1,-1,-1,-1,-1,-1
9849,1161129600,2147483647,false,484,-1,-1,-1,-1,-1,-1
9850,1161129600,2147483647,false,484,-1,-1,-1,-1,-1,-1
9851,1161129600,2147483647,false,484,-1,-1,-1,-1,-1,-1
9852,1161129600,2147483647,false,484,-1,-1,-1,-1,-1,-1
9853,1161129600,2147483647,false,484,-1,-1,-1,-1,-1,-1
9854,1161129600,2147483647,false,484,-1,-1,-1,-1,-1,-1
9855,1161129600,2147483647,false,484,-1,-1,-1,-1,-1,-1
9856,1161129600,2147483647,false,484,-1,-1,-1,-1,-1,-1
9857,1161129600,2147483647,false,484,-1,-1,-1,-1,-1,-1
9858,1161129600,2147483647,false,484,-1,-1,-1,-1,-1,-1
9859,1161129600,2147483647,false,484,-1,-1,-1,-1,-1,-1
9860,1161129600,2147483647,false,484,-1,-1,-1,-1,-1,-1
9861,1161129600,2147483647,false,484,-1,-1,-1,-1,-1,-1
9862,1161129600,2147483647,false,484,-1,-1,-1,-1,-1,-1
9863,1161129600,2147483647,false,484,-1,-1,-1,-1,-1,-1
9864,1161129600,2147483647,false,484,-1,-1,-1,-1,-1,-1
9865,1161129600,2147483647,false,484,-1,-1,-1,-1,-1,-1
9866,1161129600,2147483647,false,484,-1,-1,-1,-1,-1,-1
9867,1161129600,2147483647,false,484,-1,-1,-1,-1,-1,-1
9901,1161561600,2147483647,true,0,-1,-1,-1,-1,-1,-1
9902,1161561600,2147483647,true,0,-1,-1,-1,-1,-1,-1
9903,1161561600,2147483647,true,0,-1,-1,-1,-1,-1,-1
9904,1162166400,2147483647,true,0,-1,-1,-1,-1,-1,-1
9906,1382572800,1383782400,false,15,-1,-1,-1,-1,-1,-1
9907,1382572800,1383782400,false,15,-1,-1,-1,-1,-1,-1
9908,1382572800,1383782400,false,15,-1,-1,-1,-1,-1,-1
9909,1382572800,1383782400,false,15,-1,-1,-1,-1,-1,-1
9910,1382572800,1383782400,false,15,-1,-1,-1,-1,-1,-1
9911,1382572800,1383782400,false,15,-1,-1,-1,-1,-1,-1
9912,1382572800,1383782400,false,15,-1,-1,-1,-1,-1,-1
9913,1382572800,1383782400,false,15,-1,-1,-1,-1,-1,-1
9914,1382572800,1383782400,false,15,-1,-1,-1,-1,-1,-1
9915,1382572800,1383782400,false,15,-1,-1,-1,-1,-1,-1
9916,1382572800,1383782400,false,15,-1,-1,-1,-1,-1,-1
9917,1382572800,1383782400,false,15,-1,-1,-1,-1,-1,-1
9918,1382572800,1383782400,false,15,-1,-1,-1,-1,-1,-1
9919,1382572800,1383782400,false,15,-1,-1,-1,-1,-1,-1
9920,1162166400,2147483647,false,0,19177,-1,-1,-1,-1,-1
9921,1162166400,2147483647,false,0,-1,-1,-1,-1,-1,-1
9922,1162166400,2147483647,false,0,-1,-1,-1,-1,-1,-1
9923,1162166400,2147483647,false,0,19180,-1,-1,-1,-1,-1
9924,1162166400,2147483647,false,0,-1,-1,-1,-1,-1,-1
9925,1162166400,2147483647,false,0,19178,-1,-1,-1,-1,-1
9932,1162771200,2147483647,true,141,-1,-1,-1,-1,-1,-1
9933,1162771200,2147483647,true,0,-1,-1,-1,-1,-1,-1
9934,1162771200,2147483647,true,0,-1,-1,-1,-1,-1,-1
9935,1162771200,2147483647,true,0,-1,-1,-1,-1,-1,-1
9936,1162771200,2147483647,true,0,-1,-1,-1,-1,-1,-1
9937,1162771200,2147483647,true,0,-1,-1,-1,-1,-1,-1
9938,1162771200,2147483647,true,0,-1,-1,-1,-1,-1,-1
9939,1162771200,2147483647,true,0,-1,-1,-1,-1,-1,-1
9940,1162771200,2147483647,true,0,-1,-1,-1,-1,-1,-1
9941,1162771200,2147483647,true,0,-1,-1,-1,-1,-1,-1
9942,1162771200,2147483647,true,0,-1,-1,-1,-1,-1,-1
9943,1162771200,2147483647,true,0,-1,-1,-1,-1,-1,-1
9944,1162771200,2147483647,true,0,19473,-1,-1,-1,-1,-1
9945,1162771200,2147483647,true,0,19468,230,-1,19480,-1,-1
9946,1162771200,2147483647,false,0,19469,230,-1,19481,-1,-1
9947,0,2147483647,true,0,-1,-1,-1,-1,-1,-1
9948,1164067200,2147483647,false,27,19834,-1,-1,-1,-1,-1
9949,1164067200,2147483647,false,27,19834,-1,-1,-1,-1,-1
9950,1164067200,2147483647,false,0,18967,-1,-1,-1,-1,-1
9951,1164067200,2147483647,false,0,-1,-1,-1,-1,-1,-1
9978,1164067200,2147483647,false,0,-1,-1,-1,-1,-1,-1
9980,1164067200,2147483647,false,5,-1,-1,-1,-1,-1,-1
9982,1164067200,2147483647,false,0,-1,-1,-1,-1,-1,-1
9984,1164067200,2147483647,false,0,-1,-1,-1,-1,-1,-1
9986,1164067200,2147483647,false,0,-1,-1,-1,-1,-1,-1
9988,1164067200,2147483647,false,5,-1,-1,-1,-1,-1,-1
9990,1164067200,2147483647,false,0,-1,-1,-1,-1,-1,-1
9992,1164067200,2147483647,false,0,-1,-1,-1,-1,-1,-1
9994,1164067200,2147483647,false,86,-1,-1,-1,-1,-1,-1
9996,1164067200,2147483647,false,5,-1,-1,-1,-1,-1,-1
9998,1164067200,2147483647,false,69,-1,-1,-1,-1,-1,-1
10000,1164067200,2147483647,false,69,-1,-1,-1,-1,-1,-1
10002,1164067200,2147483647,false,69,-1,-1,-1,-1,-1,-1
10004,1164067200,2147483647,false,69,-1,-1,-1,-1,-1,-1
10006,1164067200,2147483647,false,0,-1,-1,-1,-1,-1,-1
10008,1164067200,2147483647,false,0,-1,-1,-1,-1,-1,-1
10010,1164067200,2147483647,false,36,-1,-1,-1,-1,-1,-1
10012,1164067200,2147483647,false,0,-1,-1,-1,-1,-1,-1
10014,1164067200,2147483647,false,604,-1,-1,-1,-1,-1,-1
10016,1164067200,2147483647,false,604,-1,-1,-1,-1,-1,-1
10018,1164067200,2147483647,false,604,-1,-1,-1,-1,-1,-1
10020,1164067200,2147483647,false,604,-1,-1,-1,-1,-1,-1
10023,1164067200,2147483647,false,0,19852,-1,-1,-1,-1,-1
10024,1164067200,2147483647,false,0,19851,-1,-1,-1,-1,-1
10025,1164067200,2147483647,false,0,-1,-1,-1,-1,-1,-1
10027,1164067200,2147483647,false,0,-1,-1,-1,-1,-1,-1
10028,1164067200,2147483647,false,0,-1,-1,-1,-1,-1,-1
10029,1164067200,2147483647,false,66,-1,-1,-1,-1,-1,-1
10031,1164067200,2147483647,false,0,-1,-1,-1,-1,-1,-1
10033,1164067200,2147483647,false,572,-1,-1,-1,-1,-1,-1
10034,1164067200,2147483647,false,572,-1,-1,-1,-1,-1,-1
10035,1164067200,2147483647,false,573,-1,-1,-1,-1,-1,-1
10037,1164067200,2147483647,false,573,-1,19809,-1,-1,-1,-1
10039,1164067200,2147483647,false,573,54276,-1,-1,271,-1,-1
10041,1164067200,2147483647,false,574,-1,-1,-1,-1,-1,-1
10043,1164067200,2147483647,false,574,19831,-1,-1,-1,-1,-1
10045,1164067200,2147483647,false,574,54272,-1,-1,-1,-1,-1
10047,1164067200,2147483647,false,575,-1,-1,-1,-1,-1,-1
10049,1164067200,2147483647,false,575,19829,-1,-1,-1,-1,-1
10051,1164067200,2147483647,false,575,54262,-1,-1,-1,-1,-1
10053,1164067200,2147483647,false,576,26619,28515,19984,-1,-1,-1
10055,1164067200,2147483647,false,576,-1,-1,-1,-1,-1,-1
10057,1164067200,2147483647,false,577,26619,28515,19984,-1,-1,-1
10059,1164067200,2147483647,false,577,-1,-1,-1,-1,-1,-1
10061,1164067200,2147483647,false,578,26619,28515,19984,-1,-1,-1
10063,1164067200,2147483647,false,578,-1,-1,-1,-1,-1,-1
10065,1164067200,2147483647,false,579,26619,28515,19984,-1,-1,-1
10067,1164067200,2147483647,false,579,-1,-1,-1,-1,-1,-1
10069,1164067200,2147483647,false,0,-1,-1,-1,-1,-1,-1
10071,1164067200,2147483647,false,0,-1,-1,-1,-1,-1,-1
10073,1164067200,2147483647,false,0,-1,-1,-1,-1,-1,-1
10074,1164067200,2147483647,false,0,-1,-1,-1,-1,-1,-1
10075,1164067200,2147483647,false,0,-1,-1,-1,-1,-1,-1
10077,1164067200,2147483647,false,0,11328,-1,-1,11350,-1,-1
10079,1164067200,2147483647,false,16,11328,-1,-1,11350,-1,-1
10081,1164067200,2147483647,false,16,11328,-1,-1,11350,-1,-1
10083,1164067200,2147483647,false,16,11328,-1,-1,11350,-1,-1
10085,1164067200,2147483647,false,16,11328,-1,-1,11350,-1,-1
10087,1164067200,2147483647,false,532,-1,-1,-1,-1,-1,-1
10088,1164067200,2147483647,false,532,-1,-1,-1,-1,-1,-1
10089,1164067200,2147483647,false,532,-1,-1,-1,-1,-1,-1
10090,1164067200,2147483647,false,532,-1,-1,-1,-1,-1,-1
10091,1164067200,2147483647,false,532,-1,-1,-1,-1,-1,-1
10092,1164672000,2147483647,false,0,-1,-1,-1,-1,-1,-1
10093,1164067200,2147483647,false,580,-1,-1,-1,-1,-1,-1
10095,1164067200,2147483647,false,580,-1,-1,-1,-1,-1,-1
10097,1164067200,2147483647,false,580,-1,-1,-1,-1,-1,-1
10099,1164067200,2147483647,false,580,-1,-1,-1,-1,-1,-1
10101,1164067200,2147483647,false,580,-1,-1,-1,-1,-1,-1
10103,1164067200,2147483647,false,580,-1,-1,-1,-1,-1,-1
10105,1164067200,2147483647,false,0,-1,-1,-1,-1,-1,-1
10107,1164067200,2147483647,false,0,-1,-1,-1,-1,-1,-1
10109,1164067200,2147483647,false,0,-1,-1,-1,-1,-1,-1
10111,1164067200,2147483647,false,0,-1,-1,-1,-1,-1,-1
10113,1164067200,2147483647,false,0,-1,-1,-1,-1,-1,-1
10115,1164067200,2147483647,false,581,-1,-1,-1,-1,-1,-1
10117,1164067200,2147483647,false,581,-1,-1,-1,-1,-1,-1
10119,1164067200,2147483647,false,581,-1,-1,-1,-1,-1,-1
10121,1164067200,2147483647,false,581,-1,-1,-1,-1,-1,-1
10123,1164067200,2147483647,false,581,-1,-1,-1,-1,-1,-1
10125,1164067200,2147483647,false,581,-1,-1,-1,-1,-1,-1
10127,1164067200,2147483647,false,581,-1,-1,-1,-1,-1,-1
10129,1164067200,2147483647,false,25,-1,-1,-1,-1,-1,-1
10132,1164672000,2147483647,false,0,-1,-1,-1,-1,-1,-1
10134,1164672000,2147483647,false,0,-1,-1,-1,-1,-1,-1
10136,1164067200,2147483647,false,58,-1,-1,-1,-1,-1,-1
10138,1164067200,2147483647,false,57,-1,-1,-1,-1,-1,-1
10140,1164067200,2147483647,false,116,-1,-1,-1,-1,-1,-1
10142,1164067200,2147483647,false,582,-1,-1,-1,-1,-1,-1
10143,1164067200,2147483647,false,1909,-1,-1,-1,-1,-1,-1
10144,1164067200,2147483647,false,1910,-1,-1,-1,-1,-1,-1
10145,1164067200,2147483647,false,1911,-1,-1,-1,-1,-1,-1
10146,1164067200,2147483647,false,586,19849,-1,-1,-1,-1,-1
10147,1164067200,2147483647,false,586,19849,-1,-1,-1,-1,-1
10148,1164067200,2147483647,false,586,19849,-1,-1,-1,-1,-1
10149,1164067200,2147483647,false,586,19849,-1,-1,-1,-1,-1
10150,1164067200,2147483647,false,36,19956,-1,-1,-1,-1,-1
10156,1164067200,2147483647,false,37,19839,-1,-1,-1,-1,-1
10158,1164067200,2147483647,false,587,-1,-1,-1,-1,-1,-1
10159,1164067200,2147483647,false,587,-1,-1,-1,-1,-1,-1
10167,1164672000,2147483647,true,0,-1,-1,-1,-1,-1,-1
10171,1164672000,2147483647,true,0,19859,-1,-1,-1,-1,-1
10172,1164672000,2147483647,true,0,-1,-1,-1,-1,-1,-1
10173,1164672000,2147483647,true,0,-1,-1,-1,-1,-1,-1
10174,1164672000,2147483647,true,0,-1,-1,-1,-1,-1,-1
10175,1164672000,2147483647,true,0,-1,-1,-1,-1,-1,-1
10176,1164672000,2147483647,true,0,-1,-1,-1,-1,-1,-1
10177,1164672000,2147483647,true,0,-1,-1,-1,-1,-1,-1
10178,1164672000,2147483647,true,0,-1,-1,-1,-1,-1,-1
10179,1164672000,2147483647,true,0,-1,-1,-1,-1,-1,-1
10180,1165276800,2147483647,false,46,-1,-1,-1,-1,-1,-1
10181,1083715200,2147483647,false,46,-1,-1,-1,-1,-1,-1
10182,1165276800,2147483647,false,46,-1,-1,-1,-1,-1,-1
10183,1083715200,2147483647,false,46,-1,-1,-1,-1,-1,-1
10184,1165276800,2147483647,false,46,-1,-1,-1,-1,-1,-1
10185,1083715200,2147483647,false,46,-1,-1,-1,-1,-1,-1
10186,1165276800,2147483647,false,46,-1,-1,-1,-1,-1,-1
10187,1083715200,2147483647,false,46,-1,-1,-1,-1,-1,-1
10188,1165276800,2147483647,false,46,-1,-1,-1,-1,-1,-1
10189,1083715200,2147483647,false,46,-1,-1,-1,-1,-1,-1
10190,1165276800,2147483647,false,46,-1,-1,-1,-1,-1,-1
10191,1083715200,2147483647,false,46,-1,-1,-1,-1,-1,-1
10192,1165276800,2147483647,false,46,-1,-1,-1,-1,-1,-1
10193,1083715200,2147483647,false,46,-1,-1,-1,-1,-1,-1
10194,1165276800,2147483647,false,46,-1,-1,-1,-1,-1,-1
10195,1083715200,2147483647,false,46,-1,-1,-1,-1,-1,-1
10196,1165276800,2147483647,false,46,-1,-1,-1,-1,-1,-1
10197,1083715200,2147483647,false,46,-1,-1,-1,-1,-1,-1
10198,1165276800,2147483647,false,46,-1,-1,-1,-1,-1,-1
10199,1083715200,2147483647,false,46,-1,-1,-1,-1,-1,-1
10200,1165276800,2147483647,false,46,-1,-1,-1,-1,-1,-1
10201,1083715200,2147483647,false,46,-1,-1,-1,-1,-1,-1
10202,1165276800,2147483647,false,46,-1,-1,-1,-1,-1,-1
10203,1083715200,2147483647,false,46,-1,-1,-1,-1,-1,-1
10204,1165276800,2147483647,false,46,-1,-1,-1,-1,-1,-1
10205,1083715200,2147483647,false,46,-1,-1,-1,-1,-1,-1
10206,1165276800,2147483647,false,46,-1,-1,-1,-1,-1,-1
10207,1083715200,2147483647,false,46,-1,-1,-1,-1,-1,-1
10208,1165276800,2147483647,false,46,-1,-1,-1,-1,-1,-1
10209,1083715200,2147483647,false,46,-1,-1,-1,-1,-1,-1
10210,1165276800,2147483647,false,46,-1,-1,-1,-1,-1,-1
10211,1083715200,2147483647,false,46,-1,-1,-1,-1,-1,-1
10212,1165276800,2147483647,false,46,-1,-1,-1,-1,-1,-1
10213,1083715200,2147483647,false,46,-1,-1,-1,-1,-1,-1
10214,1165276800,2147483647,false,46,-1,-1,-1,-1,-1,-1
10215,1083715200,2147483647,false,46,-1,-1,-1,-1,-1,-1
10216,1165276800,2147483647,false,46,-1,-1,-1,-1,-1,-1
10217,1083715200,2147483647,false,46,-1,-1,-1,-1,-1,-1
10218,1165276800,2147483647,false,46,-1,-1,-1,-1,-1,-1
10219,1083715200,2147483647,false,46,-1,-1,-1,-1,-1,-1
10220,1165276800,2147483647,false,46,-1,-1,-1,-1,-1,-1
10221,1083715200,2147483647,false,46,-1,-1,-1,-1,-1,-1
10222,1165276800,2147483647,false,46,-1,-1,-1,-1,-1,-1
10223,1083715200,2147483647,false,46,-1,-1,-1,-1,-1,-1
10224,1165276800,2147483647,false,46,-1,-1,-1,-1,-1,-1
10225,1083715200,2147483647,false,46,-1,-1,-1,-1,-1,-1
10226,1165276800,2147483647,false,46,-1,-1,-1,-1,-1,-1
10227,1083715200,2147483647,false,46,-1,-1,-1,-1,-1,-1
10228,1165276800,2147483647,false,46,-1,-1,-1,-1,-1,-1
10229,1083715200,2147483647,false,46,-1,-1,-1,-1,-1,-1
10230,1165276800,2147483647,false,46,-1,-1,-1,-1,-1,-1
10231,1083715200,2147483647,false,46,-1,-1,-1,-1,-1,-1
10232,1165276800,2147483647,false,46,-1,-1,-1,-1,-1,-1
10233,1083715200,2147483647,false,46,-1,-1,-1,-1,-1,-1
10234,1165276800,2147483647,false,47,-1,-1,-1,-1,-1,-1
10235,1083715200,2147483647,false,47,-1,-1,-1,-1,-1,-1
10236,1165276800,2147483647,false,47,-1,-1,-1,-1,-1,-1
10237,1083715200,2147483647,false,47,-1,-1,-1,-1,-1,-1
10238,1165276800,2147483647,false,47,-1,-1,-1,-1,-1,-1
10239,1083715200,2147483647,false,47,-1,-1,-1,-1,-1,-1
10240,1165276800,2147483647,false,47,-1,-1,-1,-1,-1,-1
10241,1083715200,2147483647,false,47,-1,-1,-1,-1,-1,-1
10242,1165276800,2147483647,false,47,-1,-1,-1,-1,-1,-1
10243,1083715200,2147483647,false,47,-1,-1,-1,-1,-1,-1
10244,1165276800,2147483647,false,47,-1,-1,-1,-1,-1,-1
10245,1083715200,2147483647,false,47,-1,-1,-1,-1,-1,-1
10246,1165276800,2147483647,false,47,-1,-1,-1,-1,-1,-1
10247,1083715200,2147483647,false,47,-1,-1,-1,-1,-1,-1
10248,1165276800,2147483647,false,47,-1,-1,-1,-1,-1,-1
10249,1083715200,2147483647,false,47,-1,-1,-1,-1,-1,-1
10250,1165276800,2147483647,false,47,-1,-1,-1,-1,-1,-1
10251,1083715200,2147483647,false,47,-1,-1,-1,-1,-1,-1
10252,1165276800,2147483647,false,47,-1,-1,-1,-1,-1,-1
10253,1083715200,2147483647,false,47,-1,-1,-1,-1,-1,-1
10254,1165276800,2147483647,false,51,-1,-1,-1,-1,-1,-1
10255,1083715200,2147483647,false,51,-1,-1,-1,-1,-1,-1
10256,1165276800,2147483647,false,51,-1,-1,-1,-1,-1,-1
10257,1083715200,2147483647,false,51,-1,-1,-1,-1,-1,-1
10258,1165276800,2147483647,false,51,-1,-1,-1,-1,-1,-1
10259,1083715200,2147483647,false,51,-1,-1,-1,-1,-1,-1
10260,1165276800,2147483647,false,51,-1,-1,-1,-1,-1,-1
10261,1083715200,2147483647,false,51,-1,-1,-1,-1,-1,-1
10262,1165276800,2147483647,false,51,-1,-1,-1,-1,-1,-1
10263,1083715200,2147483647,false,51,-1,-1,-1,-1,-1,-1
10264,1165276800,2147483647,false,51,-1,-1,-1,-1,-1,-1
10265,1083715200,2147483647,false,51,-1,-1,-1,-1,-1,-1
10266,1165276800,2147483647,false,51,-1,-1,-1,-1,-1,-1
10267,1083715200,2147483647,false,51,-1,-1,-1,-1,-1,-1
10268,1165276800,2147483647,false,51,-1,-1,-1,-1,-1,-1
10269,1083715200,2147483647,false,51,-1,-1,-1,-1,-1,-1
10270,1165276800,2147483647,false,51,-1,-1,-1,-1,-1,-1
10271,1083715200,2147483647,false,51,-1,-1,-1,-1,-1,-1
10272,1165276800,2147483647,false,51,-1,-1,-1,-1,-1,-1
10273,1083715200,2147483647,false,51,-1,-1,-1,-1,-1,-1
10274,1165276800,2147483647,false,51,-1,-1,-1,-1,-1,-1
10275,1083715200,2147483647,false,51,-1,-1,-1,-1,-1,-1
10276,1165276800,2147483647,false,51,-1,-1,-1,-1,-1,-1
10277,1083715200,2147483647,false,51,-1,-1,-1,-1,-1,-1
10278,1165276800,2147483647,false,51,-1,-1,-1,-1,-1,-1
10279,1083715200,2147483647,false,51,-1,-1,-1,-1,-1,-1
10280,1165276800,2147483647,false,64,-1,-1,-1,-1,-1,-1
10282,1165276800,2147483647,false,64,-1,-1,-1,-1,-1,-1
10284,1165276800,2147483647,false,64,-1,-1,-1,-1,-1,-1
10286,1165276800,2147483647,false,2,11332,-1,-1,-1,-1,-1
10288,1165276800,2147483647,false,2,11333,-1,-1,-1,-1,-1
10290,1165276800,2147483647,false,2,11334,-1,-1,-1,-1,-1
10292,1165276800,2147483647,false,2,11335,-1,-1,-1,-1,-1
10294,1165276800,2147483647,false,2,11336,-1,-1,-1,-1,-1
10296,1165276800,2147483647,false,2,11332,-1,-1,-1,-1,-1
10298,1165276800,2147483647,false,2,11333,-1,-1,-1,-1,-1
10300,1165276800,2147483647,false,2,11334,-1,-1,-1,-1,-1
10302,1165276800,2147483647,false,2,11335,-1,-1,-1,-1,-1
10304,1165276800,2147483647,false,2,11336,-1,-1,-1,-1,-1
10306,1165276800,2147483647,false,2,11332,-1,-1,-1,-1,-1
10308,1165276800,2147483647,false,2,11333,-1,-1,-1,-1,-1
10310,1165276800,2147483647,false,2,11334,-1,-1,-1,-1,-1
10312,1165276800,2147483647,false,2,11335,-1,-1,-1,-1,-1
10314,1165276800,2147483647,false,2,11336,-1,-1,-1,-1,-1
10316,1165276800,2147483647,false,0,20161,-1,-1,-1,-1,-1
10318,1165276800,2147483647,false,0,20161,-1,-1,-1,-1,-1
10320,1165276800,2147483647,false,0,20161,-1,-1,-1,-1,-1
10322,1165276800,2147483647,false,0,20161,-1,-1,-1,-1,-1
10324,1165276800,2147483647,false,0,20161,-1,-1,-1,-1,-1
10326,1165276800,2147483647,false,958,-1,-1,-1,-1,-1,-1
10327,1165276800,2147483647,false,958,-1,-1,-1,-1,-1,-1
10328,1165276800,2147483647,false,22,-1,-1,-1,-1,-1,-1
10329,1165276800,2147483647,false,22,-1,-1,-1,-1,-1,-1
10330,1165276800,2147483647,false,7,20162,-1,-1,-1,-1,-1
10332,1165276800,2147483647,false,8,20145,-1,-1,-1,-1,-1
10334,1165276800,2147483647,false,2,20134,-1,-1,-1,-1,-1
10336,1165276800,2147483647,false,16,20130,-1,-1,-1,-1,-1
10338,1165276800,2147483647,false,7,20160,-1,-1,-1,-1,-1
10340,1165276800,2147483647,false,8,-1,-1,-1,-1,-1,-1
10342,1165276800,2147483647,false,2,20136,-1,-1,275,-1,-1
10344,1165276800,2147483647,false,10,-1,-1,-1,-1,-1,-1
10346,1165276800,2147483647,false,8,-1,-1,-1,-1,-1,-1
10348,1165276800,2147483647,false,7,20154,-1,-1,20206,-1,-1
10350,1165276800,2147483647,false,2,20137,-1,-1,-1,-1,-1
10352,1165276800,2147483647,false,18,20167,-1,-1,-1,-1,-1
10354,1165276800,2147483647,false,557,-1,-1,-1,-1,-1,-1
10356,1165276800,2147483647,false,557,-1,-1,-1,-1,-1,-1
10358,1165276800,2147483647,false,557,-1,-1,-1,-1,-1,-1
10360,1165276800,2147483647,false,557,-1,-1,-1,-1,-1,-1
10362,1165276800,2147483647,false,0,-1,-1,-1,-1,-1,-1
10364,1165276800,2147483647,false,0,-1,-1,-1,-1,-1,-1
10366,1165276800,2147483647,false,0,20148,-1,-1,-1,-1,-1
10368,1165276800,2147483647,false,16,20129,-1,-1,-1,-1,-1
10370,1165276800,2147483647,false,7,20157,-1,-1,-1,-1,-1
10372,1165276800,2147483647,false,8,-1,-1,-1,-1,-1,-1
10374,1165276800,2147483647,false,2,-1,230,-1,-1,-1,-1
10376,1165276800,2147483647,false,16,20129,-1,-1,-1,-1,-1
10378,1165276800,2147483647,false,7,20155,20121,-1,-1,-1,-1
10380,1165276800,2147483647,false,8,-1,-1,-1,-1,-1,-1
10382,1165276800,2147483647,false,2,-1,230,-1,-1,-1,-1
10384,1165276800,2147483647,false,16,20129,-1,-1,-1,-1,-1
10386,1165276800,2147483647,false,7,20156,20121,-1,-1,-1,-1
10388,1165276800,2147483647,false,8,-1,-1,-1,-1,-1,-1
10390,1165276800,2147483647,false,2,-1,230,-1,-1,-1,-1
10392,1165276800,2147483647,false,0,20050,-1,-1,-1,-1,-1
10394,1165276800,2147483647,false,0,-1,-1,-1,-1,-1,-1
10396,1165276800,2147483647,false,0,-1,-1,-1,-1,-1,-1
10398,1165276800,2147483647,false,0,-1,230,-1,-1,-1,-1
10400,1165276800,2147483647,false,0,20158,-1,-1,-1,-1,-1
10402,1165276800,2147483647,false,0,20140,-1,-1,-1,-1,-1
10404,1165276800,2147483647,false,0,20158,-1,-1,-1,-1,-1
10406,1165276800,2147483647,false,0,20140,-1,-1,-1,-1,-1
10408,1165276800,2147483647,false,0,20158,-1,-1,-1,-1,-1
10410,1165276800,2147483647,false,0,20140,-1,-1,-1,-1,-1
10412,1165276800,2147483647,false,0,20158,-1,-1,-1,-1,-1
10414,1165276800,2147483647,false,0,20140,-1,-1,-1,-1,-1
10416,1165276800,2147483647,false,0,20158,-1,-1,-1,-1,-1
10418,1165276800,2147483647,false,0,20140,-1,-1,-1,-1,-1
10420,1165276800,2147483647,false,0,20159,-1,-1,-1,-1,-1
10422,1165276800,2147483647,false,0,20141,-1,-1,-1,-1,-1
10424,1165276800,2147483647,false,0,20159,-1,-1,-1,-1,-1
10426,1165276800,2147483647,false,0,20141,-1,-1,-1,-1,-1
10428,1165276800,2147483647,false,0,20159,-1,-1,-1,-1,-1
10430,1165276800,2147483647,false,0,20141,-1,-1,-1,-1,-1
10432,1165276800,2147483647,false,0,20159,-1,-1,-1,-1,-1
10434,1165276800,2147483647,false,0,20141,-1,-1,-1,-1,-1
10436,1165276800,2147483647,false,0,20159,-1,-1,-1,-1,-1
10438,1165276800,2147483647,false,0,20141,-1,-1,-1,-1,-1
10440,1165276800,2147483647,false,1,-1,-1,-1,-1,-1,-1
10442,1165276800,2147483647,false,1,-1,-1,-1,-1,-1,-1
10444,1165276800,2147483647,false,1,-1,-1,-1,-1,-1,-1
10446,1165276800,2147483647,false,615,-1,-1,-1,-1,-1,-1
10448,1165276800,2147483647,false,615,-1,-1,-1,-1,-1,-1
10450,1165276800,2147483647,false,615,-1,-1,-1,-1,-1,-1
10452,1165276800,2147483647,false,2,-1,230,-1,-1,-1,-1
10454,1165276800,2147483647,false,2,-1,230,-1,-1,-1,-1
10456,1165276800,2147483647,false,2,-1,230,-1,-1,-1,-1
10458,1165276800,2147483647,false,7,20163,-1,-1,-1,-1,-1
10460,1165276800,2147483647,false,7,20163,-1,-1,-1,-1,-1
10462,1165276800,2147483647,false,7,20163,-1,-1,-1,-1,-1
10464,1165276800,2147483647,false,8,-1,-1,-1,-1,-1,-1
10466,1165276800,2147483647,false,8,-1,-1,-1,-1,-1,-1
10468,1165276800,2147483647,false,8,-1,-1,-1,-1,-1,-1
10470,1165276800,2147483647,false,10,-1,-1,-1,-1,-1,-1
10472,1165276800,2147483647,false,10,-1,-1,-1,-1,-1,-1
10474,1165276800,2147483647,false,10,-1,-1,-1,-1,-1,-1
10476,1165276800,2147483647,false,59,-1,-1,-1,-1,-1,-1
10485,1165276800,2147483647,true,0,-1,-1,-1,-1,-1,-1
10486,1165881600,2147483647,true,0,-1,-1,-1,-1,-1,-1
10487,1165881600,2147483647,false,55,-1,-1,-1,-1,-1,-1
10488,1165881600,2147483647,true,0,-1,-1,-1,-1,-1,-1
10489,1165881600,2147483647,true,0,-1,-1,-1,-1,-1,-1
10490,1165881600,2147483647,true,0,-1,-1,-1,-1,-1,-1
10491,1165881600,2147483647,true,35,-1,-1,-1,-1,-1,-1
10492,1165881600,2147483647,true,0,-1,-1,-1,-1,-1,-1
10493,1165881600,2147483647,true,0,-1,-1,-1,-1,-1,-1
10494,1165881600,2147483647,true,0,-1,-1,-1,-1,-1,-1
10495,1165881600,2147483647,true,0,-1,-1,-1,-1,-1,-1
10496,1165881600,2147483647,true,0,-1,-1,-1,-1,-1,-1
10498,1165881600,2147483647,true,27,-1,-1,-1,-1,-1,-1
10499,1165881600,2147483647,true,27,-1,-1,-1,-1,-1,-1
10500,1165881600,2147483647,true,0,20460,-1,-1,-1,-1,-1
10501,1387238400,2147483647,false,0,-1,-1,-1,-1,-1,-1
10506,1387238400,1389225600,false,15,-1,-1,-1,-1,-1,-1
10507,1166400000,2147483647,false,0,20186,-1,-1,-1,-1,-1
10508,1166400000,2147483647,false,0,-1,-1,-1,-1,-1,-1
10510,0,2147483647,false,15,-1,-1,-1,-1,-1,-1
10512,1167868800,2147483647,false,0,-1,-1,-1,-1,-1,-1
10513,1167868800,2147483647,false,607,-1,-1,-1,-1,-1,-1
10514,1167868800,2147483647,false,607,-1,-1,-1,-1,-1,-1
10515,1167868800,2147483647,false,607,-1,-1,-1,-1,-1,-1
10516,1167868800,2147483647,false,608,-1,-1,-1,-1,-1,-1
10517,1167868800,2147483647,false,608,-1,-1,-1,-1,-1,-1
10518,1167868800,2147483647,false,608,-1,-1,-1,-1,-1,-1
10519,1167868800,2147483647,false,608,-1,-1,-1,-1,-1,-1
10520,1167868800,2147483647,false,608,-1,-1,-1,-1,-1,-1
10521,1167868800,2147483647,false,609,-1,-1,-1,-1,-1,-1
10522,1167868800,2147483647,false,609,-1,-1,-1,-1,-1,-1
10523,1167868800,2147483647,false,609,-1,-1,-1,-1,-1,-1
10524,1167868800,2147483647,false,609,-1,-1,-1,-1,-1,-1
10525,1167868800,2147483647,false,609,-1,-1,-1,-1,-1,-1
10526,1167868800,2147483647,false,611,-1,-1,-1,-1,-1,-1
10527,1167868800,2147483647,false,611,-1,-1,-1,-1,-1,-1
10528,1167868800,2147483647,false,611,-1,-1,-1,-1,-1,-1
10529,1167868800,2147483647,false,611,-1,-1,-1,-1,-1,-1
10530,1167868800,2147483647,false,611,-1,-1,-1,-1,-1,-1
10531,1167868800,2147483647,false,612,-1,-1,-1,-1,-1,-1
10532,1167868800,2147483647,false,612,-1,-1,-1,-1,-1,-1
10533,1167868800,2147483647,false,612,-1,-1,-1,-1,-1,-1
10534,1167868800,2147483647,false,612,-1,-1,-1,-1,-1,-1
10535,1167868800,2147483647,false,612,-1,-1,-1,-1,-1,-1
10536,1167868800,2147483647,false,612,-1,-1,-1,-1,-1,-1
10537,1167868800,2147483647,false,612,-1,-1,-1,-1,-1,-1
10538,1167868800,2147483647,false,612,-1,-1,-1,-1,-1,-1
10539,1167868800,2147483647,false,612,-1,-1,-1,-1,-1,-1
10540,1167868800,2147483647,false,612,-1,-1,-1,-1,-1,-1
10541,1167868800,2147483647,false,612,-1,-1,-1,-1,-1,-1
10542,1167868800,2147483647,false,616,-1,-1,-1,-1,-1,-1
10543,1167868800,2147483647,false,616,-1,-1,-1,-1,-1,-1
10544,1167868800,2147483647,false,616,-1,-1,-1,-1,-1,-1
10545,1167868800,2147483647,false,616,-1,-1,-1,-1,-1,-1
10546,1167868800,2147483647,false,616,-1,-1,-1,-1,-1,-1
10547,1167868800,2147483647,false,2,-1,215,-1,-1,-1,-1
10548,1167868800,2147483647,false,2,-1,215,-1,-1,-1,-1
10549,1167868800,2147483647,false,2,-1,215,-1,-1,-1,-1
10550,1167868800,2147483647,false,2,-1,215,-1,-1,-1,-1
10551,1167868800,2147483647,false,7,19258,-1,-1,-1,-1,-1
10552,1167868800,2147483647,false,17,-1,-1,-1,-1,-1,-1
10553,1167868800,2147483647,false,0,-1,-1,-1,-1,-1,-1
10554,1167868800,2147483647,false,0,-1,-1,-1,-1,-1,-1
10555,1167868800,2147483647,false,8,19252,-1,-1,-1,-1,-1
10556,1167868800,2147483647,false,1318,-1,19260,-1,-1,-1,-1
10557,1167868800,2147483647,false,1318,-1,19259,-1,-1,-1,-1
10558,1167868800,2147483647,false,1318,-1,19261,-1,-1,-1,-1
10559,1167868800,2147483647,false,1318,-1,19262,-1,-1,-1,-1
10560,1167868800,2147483647,false,0,-1,-1,-1,-1,-1,-1
10561,1167868800,2147483647,false,612,-1,-1,-1,-1,-1,-1
10562,1167868800,2147483647,false,0,-1,-1,-1,-1,-1,-1
10563,1167868800,2147483647,false,612,-1,-1,-1,-1,-1,-1
10564,1167868800,2147483647,false,7,20736,-1,-1,20738,-1,-1
10566,1167868800,2147483647,false,15,20740,-1,-1,-1,-1,-1
10567,1559174400,2147483647,false,1318,28327,19262,-1,-1,-1,-1
10581,1168387200,2147483647,true,25,-1,-1,-1,-1,-1,-1
10582,1168387200,2147483647,true,25,-1,-1,-1,-1,-1,-1
10583,1168387200,2147483647,true,25,-1,-1,-1,-1,-1,-1
10584,1168387200,2147483647,true,25,-1,-1,-1,-1,-1,-1
10585,1168387200,2147483647,true,0,-1,-1,-1,-1,-1,-1
10586,1168387200,2147483647,true,0,-1,-1,-1,-1,-1,-1
10587,1169424000,2147483647,true,0,-1,-1,-1,-1,-1,-1
10588,1169424000,2147483647,false,0,20858,-1,-1,-1,-1,-1
10589,1169424000,2147483647,false,2,-1,215,-1,-1,-1,-1
10592,1170028800,2147483647,true,0,-1,-1,-1,-1,-1,-1
10593,1170028800,2147483647,true,0,-1,-1,-1,-1,-1,-1
10594,1170028800,2147483647,true,0,-1,-1,-1,-1,-1,-1
10595,1170028800,2147483647,true,626,-1,-1,-1,-1,-1,-1
10596,1170028800,2147483647,true,626,-1,-1,-1,-1,-1,-1
10597,1170028800,2147483647,true,0,-1,-1,-1,-1,-1,-1
10598,1170028800,2147483647,true,0,-1,-1,-1,-1,-1,-1
10599,1170028800,2147483647,true,0,-1,-1,-1,-1,-1,-1
10600,1170028800,2147483647,true,0,-1,-1,-1,-1,-1,-1
10808,1170720000,2147483647,false,2050,-1,-1,-1,-1,-1,-1
10810,1170720000,2147483647,true,22,21893,-1,-1,-1,-1,-1
10812,1170720000,2147483647,true,0,-1,-1,-1,-1,-1,-1
10814,1170720000,2147483647,false,0,-1,-1,-1,-1,-1,-1
10816,1170720000,2147483647,false,0,-1,-1,-1,-1,-1,-1
10818,1170720000,2147483647,false,0,-1,-1,-1,-1,-1,-1
10820,1170720000,2147483647,false,0,-1,-1,-1,-1,-1,-1
10822,1170720000,2147483647,false,7,-1,156,-1,-1,-1,-1
10824,1170720000,2147483647,false,8,21877,-1,-1,-1,-1,-1
10826,1170720000,2147483647,false,18,19335,-1,-1,-1,-1,-1
10828,1170720000,2147483647,false,2,21873,-1,-1,-1,-1,-1
10829,1170720000,2147483647,false,0,-1,-1,-1,-1,-1,-1
10830,1170720000,2147483647,true,0,-1,-1,-1,-1,-1,-1
10831,1170720000,2147483647,true,628,-1,-1,-1,-1,-1,-1
10832,1170720000,2147483647,true,628,-1,-1,-1,-1,-1,-1
10833,1170720000,2147483647,true,628,-1,-1,-1,-1,-1,-1
10834,1170720000,2147483647,true,628,-1,-1,-1,-1,-1,-1
10835,1170720000,2147483647,false,628,-1,-1,-1,-1,-1,-1
10836,1170720000,2147483647,true,2,-1,-1,-1,-1,-1,-1
10837,1170720000,2147483647,true,0,21889,-1,-1,21915,-1,-1
10838,1170720000,2147483647,true,0,-1,-1,-1,21909,-1,-1
10839,1170720000,2147483647,true,17,21870,-1,-1,-1,-1,-1
10840,1170720000,2147483647,false,0,-1,-1,-1,-1,-1,-1
10841,1170720000,2147483647,true,0,-1,-1,-1,-1,-1,-1
10842,1170720000,2147483647,true,0,21891,-1,-1,-1,-1,-1
10844,1171238400,2147483647,false,0,-1,-1,-1,-1,-1,-1
10845,1171238400,2147483647,false,0,-1,-1,-1,-1,-1,-1
10846,1171238400,2147483647,false,0,-1,-1,-1,-1,-1,-1
10847,1171238400,2147483647,false,0,-1,-1,-1,-1,-1,-1
10848,1171238400,2147483647,false,0,-1,-1,-1,-1,-1,-1
10849,1171238400,2147483647,false,0,-1,-1,-1,-1,-1,-1
10850,1171238400,2147483647,false,0,-1,-1,-1,-1,-1,-1
10851,1171238400,2147483647,false,0,-1,-1,-1,-1,-1,-1
10856,1171238400,2147483647,false,0,-1,-1,-1,-1,-1,-1
10857,1171238400,2147483647,true,0,-1,-1,-1,-1,-1,-1
10858,1171238400,2147483647,true,61,-1,-1,-1,-1,-1,-1
10859,1171843200,2147483647,false,143,-1,-1,-1,-1,-1,-1
10862,1171843200,2147483647,true,0,-1,-1,-1,-1,-1,-1
10863,1171843200,2147483647,true,0,22603,22595,-1,-1,-1,-1
10864,1171843200,2147483647,true,0,-1,-1,-1,22622,-1,-1
10865,1171843200,2147483647,true,0,22597,-1,-1,22620,-1,-1
10866,1171843200,2147483647,true,0,-1,-1,-1,-1,-1,-1
10870,1171843200,2147483647,true,0,-1,-1,-1,-1,-1,-1
10871,1171843200,2147483647,true,0,-1,-1,-1,-1,-1,-1
10872,1171843200,2147483647,true,0,-1,-1,-1,-1,-1,-1
10873,1171843200,2147483647,true,0,-1,-1,-1,-1,-1,-1
10874,1171843200,2147483647,true,0,-1,-1,-1,-1,-1,-1
10875,1171843200,2147483647,true,0,-1,-1,-1,-1,-1,-1
10876,1171843200,2147483647,true,0,-1,-1,-1,-1,-1,-1
10877,1171843200,2147483647,false,143,-1,-1,-1,-1,-1,-1
10878,1171843200,2147483647,false,143,-1,-1,-1,-1,-1,-1
10879,1171843200,2147483647,false,143,-1,-1,-1,-1,-1,-1
10880,1171843200,2147483647,false,143,-1,-1,-1,-1,-1,-1
10881,1171843200,2147483647,false,143,-1,-1,-1,-1,-1,-1
10882,1171843200,2147483647,false,143,-1,-1,-1,-1,-1,-1
10884,1173139200,2147483647,true,0,-1,-1,-1,-1,-1,-1
10885,1173139200,2147483647,true,0,-1,-1,-1,-1,-1,-1
10886,1173139200,2147483647,true,0,22788,-1,-1,-1,-1,-1
10887,1173139200,2147483647,true,39,-1,-1,-1,-1,-1,-1
10888,1173139200,2147483647,true,0,-1,-1,-1,-1,-1,-1
10889,1173139200,2147483647,true,0,-1,-1,-1,-1,-1,-1
10890,1173139200,2147483647,false,0,-1,-1,-1,-1,-1,-1
10891,1173139200,2147483647,true,0,-1,-1,-1,-1,-1,-1
10893,1173139200,2147483647,true,0,-1,-1,-1,-1,-1,-1
10894,1173139200,2147483647,true,0,-1,-1,-1,-1,-1,-1
10895,1173139200,2147483647,true,0,-1,-1,-1,-1,-1,-1
10896,1173139200,2147483647,true,0,-1,-1,-1,-1,-1,-1
10897,1173139200,2147483647,true,0,-1,-1,-1,-1,-1,-1
10898,1173139200,2147483647,true,0,-1,-1,-1,-1,-1,-1
10899,1173139200,2147483647,true,0,-1,-1,-1,-1,-1,-1
10904,1173139200,2147483647,true,0,-1,-1,-1,-1,-1,-1
10909,1173744000,2147483647,false,69,-1,-1,-1,-1,-1,-1
10911,1173744000,2147483647,false,69,-1,-1,-1,-1,-1,-1
10913,1173744000,2147483647,false,69,-1,-1,-1,-1,-1,-1
10915,1173744000,2147483647,false,69,-1,-1,-1,-1,-1,-1
10917,1173744000,2147483647,false,69,-1,-1,-1,-1,-1,-1
10919,1173744000,2147483647,false,69,-1,-1,-1,-1,-1,-1
10921,1173744000,2147483647,false,69,-1,-1,-1,-1,-1,-1
10923,1173744000,2147483647,false,69,-1,-1,-1,-1,-1,-1
10925,1173744000,2147483647,false,69,-1,-1,-1,-1,-1,-1
10927,1173744000,2147483647,false,69,-1,-1,-1,-1,-1,-1
10929,1173744000,2147483647,false,69,-1,-1,-1,-1,-1,-1
10931,1173744000,2147483647,false,69,-1,-1,-1,-1,-1,-1
10933,1173830400,2147483647,false,1781,-1,-1,-1,-1,-1,-1
10934,1173744000,2147483647,false,644,-1,-1,-1,-1,-1,-1
10935,1173744000,2147483647,false,644,-1,-1,-1,-1,-1,-1
10936,1173744000,2147483647,false,644,-1,-1,-1,-1,-1,-1
10937,1173744000,2147483647,false,0,-1,-1,-1,-1,-1,-1
10939,1173744000,2147483647,false,1778,23174,10980,-1,-1,-1,-1
10940,1173744000,2147483647,false,1779,-1,-1,-1,-1,-1,-1
10941,1173744000,2147483647,false,1780,-1,215,-1,-1,-1,-1
10942,1173744000,2147483647,false,645,-1,-1,-1,-1,-1,-1
10943,1173744000,2147483647,false,645,-1,-1,-1,-1,-1,-1
10944,1173744000,2147483647,false,645,-1,-1,-1,-1,-1,-1
10946,1173744000,2147483647,false,0,-1,-1,-1,-1,-1,-1
10947,1173744000,2147483647,false,0,-1,-1,-1,-1,-1,-1
10948,1173744000,2147483647,false,0,-1,-1,-1,-1,-1,-1
10949,1173744000,2147483647,false,0,-1,-1,-1,-1,-1,-1
10950,1173744000,1174348800,true,15,-1,-1,-1,-1,-1,-1
10951,1173744000,1174348800,true,15,-1,-1,-1,-1,-1,-1
10952,1174348800,2147483647,false,0,-1,-1,-1,-1,-1,-1
10954,1174348800,2147483647,false,7,23864,-1,-1,-1,-1,-1
10956,1174348800,2147483647,false,8,-1,-1,-1,23867,-1,-1
10958,1174348800,2147483647,false,17,-1,-1,-1,-1,-1,-1
10960,1174348800,2147483647,false,657,-1,-1,-1,-1,-1,-1
10961,1174348800,2147483647,false,657,-1,-1,-1,-1,-1,-1
10962,1174348800,2147483647,false,657,-1,-1,-1,-1,-1,-1
10963,1174348800,2147483647,false,657,-1,-1,-1,-1,-1,-1
10964,1174348800,2147483647,false,657,-1,-1,-1,-1,-1,-1
10965,1174348800,2147483647,false,657,-1,-1,-1,-1,-1,-1
10966,1174348800,2147483647,false,657,-1,-1,-1,-1,-1,-1
10967,1174348800,2147483647,false,657,-1,-1,-1,-1,-1,-1
10968,1174348800,2147483647,false,657,-1,-1,-1,-1,-1,-1
10969,1174348800,2147483647,false,657,-1,-1,-1,-1,-1,-1
10970,1174348800,2147483647,false,657,-1,-1,-1,-1,-1,-1
10971,1174348800,2147483647,false,657,-1,-1,-1,-1,-1,-1
10972,1174348800,2147483647,false,0,-1,-1,-1,-1,-1,-1
10973,1174348800,2147483647,false,0,-1,-1,-1,-1,-1,-1
10975,1174348800,2147483647,false,0,-1,-1,-1,-1,-1,-1
10976,1174348800,2147483647,false,6,-1,-1,-1,-1,-1,-1
10977,1174348800,2147483647,false,6,-1,-1,-1,-1,-1,-1
10978,1174348800,2147483647,false,0,-1,-1,-1,-1,-1,-1
10980,1174348800,2147483647,false,0,-1,-1,-1,-1,-1,-1
10981,1174348800,2147483647,false,0,-1,-1,-1,-1,-1,-1
10983,1174348800,2147483647,false,658,-1,-1,-1,-1,-1,-1
10984,1174348800,2147483647,false,659,-1,-1,-1,-1,-1,-1
10985,1174348800,2147483647,false,660,-1,-1,-1,-1,-1,-1
10986,1174348800,2147483647,false,659,-1,-1,-1,-1,-1,-1
10987,1174348800,2147483647,false,660,-1,-1,-1,-1,-1,-1
10988,1174348800,2147483647,false,659,-1,-1,-1,-1,-1,-1
10989,1174348800,2147483647,false,660,-1,-1,-1,-1,-1,-1
10990,1174348800,2147483647,false,659,-1,-1,-1,-1,-1,-1
10991,1174348800,2147483647,false,658,-1,-1,-1,-1,-1,-1
10992,1174348800,2147483647,false,659,-1,-1,-1,-1,-1,-1
10993,1174348800,2147483647,false,658,-1,-1,-1,-1,-1,-1
10994,1174348800,2147483647,false,659,-1,-1,-1,-1,-1,-1
10995,1174348800,2147483647,false,0,-1,-1,-1,-1,-1,-1
10996,1174348800,2147483647,false,0,-1,-1,-1,-1,-1,-1
10999,1174348800,2147483647,false,0,-1,-1,-1,-1,-1,-1
11001,1174953600,2147483647,true,0,-1,-1,-1,-1,-1,-1
11002,1174953600,2147483647,true,0,-1,-1,-1,-1,-1,-1
11003,1174953600,2147483647,true,0,-1,-1,-1,-1,-1,-1
11006,1174953600,2147483647,true,0,-1,-1,-1,-1,-1,-1
11007,1174953600,2147483647,true,0,-1,-1,-1,-1,-1,-1
11008,1174953600,2147483647,true,0,-1,-1,-1,-1,-1,-1
11009,1174953600,2147483647,true,0,-1,-1,-1,-1,-1,-1
11010,1174953600,2147483647,true,0,-1,-1,-1,-1,-1,-1
11011,1174953600,2147483647,true,0,-1,-1,-1,-1,-1,-1
11012,1174953600,2147483647,true,0,-1,-1,-1,-1,-1,-1
11013,1174953600,2147483647,true,0,-1,-1,-1,-1,-1,-1
11014,1174953600,2147483647,true,656,-1,-1,-1,-1,-1,-1
11019,1175472000,2147483647,false,0,24033,-1,-1,-1,-1,-1
11020,1175472000,2147483647,false,0,-1,-1,-1,24048,-1,-1
11021,1175472000,2147483647,false,0,24034,-1,-1,24046,-1,-1
11022,1175472000,2147483647,false,0,-1,-1,-1,-1,-1,-1
11023,1364256000,1365379200,false,319,-1,-1,-1,-1,-1,-1
11024,1364256000,1365379200,false,319,-1,-1,-1,-1,-1,-1
11025,1364256000,1365379200,false,319,-1,-1,-1,-1,-1,-1
11026,1364256000,1365379200,false,319,-1,-1,-1,-1,-1,-1
11027,1364256000,1365379200,false,319,-1,-1,-1,-1,-1,-1
11028,1364256000,1365379200,false,319,-1,-1,-1,-1,-1,-1
11029,1364256000,1365379200,false,319,-1,-1,-1,-1,-1,-1
11030,1364256000,1365379200,false,319,-1,-1,-1,-1,-1,-1
11031,1176163200,2147483647,true,0,-1,-1,-1,-1,-1,-1
11032,1176163200,2147483647,true,0,-1,-1,-1,-1,-1,-1
11033,1176163200,2147483647,true,0,-1,-1,-1,-1,-1,-1
11034,1176163200,2147483647,true,0,-1,-1,-1,-1,-1,-1
11035,1176163200,2147483647,true,0,-1,-1,-1,-1,-1,-1
11036,1176163200,2147483647,true,0,-1,-1,-1,-1,-1,-1
11037,1176163200,2147483647,false,21,-1,-1,-1,-1,-1,-1
11039,1176163200,2147483647,true,321,-1,-1,-1,-1,-1,-1
11040,1176163200,2147483647,true,321,-1,-1,-1,-1,-1,-1
11041,1176163200,2147483647,true,321,-1,-1,-1,-1,-1,-1
11042,1176163200,2147483647,true,321,-1,-1,-1,-1,-1,-1
11043,1176163200,2147483647,true,321,-1,-1,-1,-1,-1,-1
11044,1176163200,2147483647,true,0,-1,-1,-1,-1,-1,-1
11045,1176163200,2147483647,true,0,-1,-1,-1,-1,-1,-1
11046,1176163200,2147483647,true,0,10131,-1,-1,-1,-1,-1
11048,1177372800,2147483647,true,323,-1,-1,-1,-1,-1,-1
11049,1177372800,2147483647,true,323,-1,-1,-1,-1,-1,-1
11050,1177372800,2147483647,true,323,-1,-1,-1,-1,-1,-1
11051,1177372800,2147483647,true,323,-1,-1,-1,-1,-1,-1
11052,1177372800,2147483647,true,323,-1,-1,-1,-1,-1,-1
11053,1177372800,2147483647,true,323,-1,-1,-1,-1,-1,-1
11054,1177372800,2147483647,true,323,-1,-1,-1,-1,-1,-1
11055,1177372800,2147483647,true,323,-1,-1,-1,-1,-1,-1
11056,1177372800,2147483647,true,323,-1,-1,-1,-1,-1,-1
11057,1177372800,2147483647,true,323,-1,-1,-1,-1,-1,-1
11058,1177372800,2147483647,true,323,-1,-1,-1,-1,-1,-1
11059,1177372800,2147483647,true,323,-1,-1,-1,-1,-1,-1
11060,1177372800,2147483647,true,0,-1,-1,-1,-1,-1,-1
11061,1177372800,2147483647,true,39,-1,-1,-1,-1,-1,-1
11062,1177372800,2147483647,true,727,-1,-1,-1,-1,-1,-1
11065,1177891200,2147483647,false,0,-1,-1,-1,-1,-1,-1
11068,0,2147483647,false,0,24558,-1,-1,-1,-1,-1
11069,1177891200,2147483647,false,0,24558,-1,-1,-1,-1,-1
11071,0,2147483647,false,0,24558,-1,-1,-1,-1,-1
11072,1177891200,2147483647,false,0,24558,-1,-1,-1,-1,-1
11074,1177891200,2147483647,false,0,24558,-1,-1,-1,-1,-1
11076,1177891200,2147483647,false,0,24558,-1,-1,-1,-1,-1
11078,0,2147483647,false,0,24558,-1,-1,-1,-1,-1
11079,1177891200,2147483647,false,1610,24558,-1,-1,-1,-1,-1
11081,1177891200,2147483647,false,1610,24558,-1,-1,-1,-1,-1
11083,1177891200,2147483647,false,1610,24558,-1,-1,-1,-1,-1
11085,1177891200,2147483647,false,0,24558,-1,-1,-1,-1,-1
11087,0,2147483647,false,0,24558,-1,-1,-1,-1,-1
11088,1177891200,2147483647,false,0,24558,-1,-1,-1,-1,-1
11090,1177891200,2147483647,false,0,-1,-1,-1,-1,-1,-1
11092,1177891200,2147483647,false,0,24558,-1,-1,-1,-1,-1
11094,0,2147483647,false,0,24558,-1,-1,-1,-1,-1
11095,1177891200,2147483647,false,0,24558,-1,-1,-1,-1,-1
11097,1177891200,2147483647,false,0,24558,-1,-1,-1,-1,-1
11099,1177891200,2147483647,false,0,24558,-1,-1,-1,-1,-1
11101,1177891200,2147483647,false,0,24558,-1,-1,-1,-1,-1
11103,1177891200,2147483647,false,0,24558,-1,-1,-1,-1,-1
11105,1177891200,2147483647,false,829,-1,-1,-1,-1,-1,-1
11107,1177891200,2147483647,false,829,-1,-1,-1,-1,-1,-1
11109,1177891200,2147483647,false,829,-1,-1,-1,-1,-1,-1
11111,1177891200,2147483647,false,829,-1,-1,-1,-1,-1,-1
11113,1177891200,2147483647,false,829,-1,-1,-1,-1,-1,-1
11115,1177891200,2147483647,false,0,24558,-1,-1,-1,-1,-1
11117,0,2147483647,false,0,24558,-1,-1,-1,-1,-1
11118,1177891200,2147483647,false,830,24558,-1,-1,-1,-1,-1
11120,1177891200,2147483647,false,830,24558,-1,-1,-1,-1,-1
11122,1177891200,2147483647,false,830,24558,-1,-1,-1,-1,-1
11124,1177891200,2147483647,false,830,24558,-1,-1,-1,-1,-1
11126,1177891200,2147483647,false,830,24558,-1,-1,-1,-1,-1
11128,1177891200,2147483647,false,0,-1,-1,-1,-1,-1,-1
11130,1177891200,2147483647,false,0,24558,-1,-1,-1,-1,-1
11132,0,2147483647,false,0,24558,-1,-1,-1,-1,-1
11133,1177891200,2147483647,false,0,24558,-1,-1,-1,-1,-1
11136,1178582400,2147483647,false,16,-1,-1,-1,-1,-1,-1
11137,1178582400,2147483647,false,87,-1,-1,-1,-1,-1,-1
11138,1178582400,2147483647,false,16,-1,-1,-1,-1,-1,-1
11139,1178582400,2147483647,false,87,-1,-1,-1,-1,-1,-1
11140,1178582400,2147483647,false,16,-1,-1,-1,-1,-1,-1
11141,1178582400,2147483647,false,87,-1,-1,-1,-1,-1,-1
11151,1179187200,2147483647,true,0,-1,-1,-1,-1,-1,-1
11152,1179187200,2147483647,true,0,-1,-1,-1,-1,-1,-1
11153,1179187200,2147483647,true,0,-1,-1,-1,-1,-1,-1
11154,1179187200,2147483647,true,0,-1,-1,-1,-1,-1,-1
11155,1179187200,2147483647,true,0,-1,-1,-1,-1,-1,-1
11156,1179187200,2147483647,true,0,-1,-1,-1,-1,-1,-1
11157,1179187200,2147483647,true,0,-1,-1,-1,-1,-1,-1
11158,1179187200,2147483647,true,0,-1,-1,-1,-1,-1,-1
11159,1179187200,2147483647,false,0,-1,-1,-1,-1,-1,-1
11165,1180396800,2147483647,true,37,16846,-1,-1,-1,-1,-1
11167,1180396800,2147483647,true,37,-1,-1,-1,-1,-1,-1
11169,1180396800,2147483647,false,0,-1,-1,-1,-1,-1,-1
11171,1180396800,2147483647,false,0,-1,-1,-1,-1,-1,-1
11173,1180396800,2147483647,true,0,-1,-1,-1,-1,-1,-1
11174,1180396800,2147483647,true,0,-1,-1,-1,-1,-1,-1
11175,1180396800,2147483647,false,0,-1,-1,-1,-1,-1,-1
11176,1180396800,2147483647,false,682,-1,-1,-1,-1,-1,-1
11177,1180396800,2147483647,false,682,-1,-1,-1,-1,-1,-1
11178,1180396800,2147483647,false,682,-1,-1,-1,-1,-1,-1
11179,1180396800,2147483647,false,682,-1,-1,-1,-1,-1,-1
11180,1180396800,2147483647,false,682,-1,-1,-1,-1,-1,-1
11181,1180396800,2147483647,false,682,-1,-1,-1,-1,-1,-1
11182,1180396800,2147483647,false,682,-1,-1,-1,-1,-1,-1
11183,1180396800,2147483647,false,682,-1,-1,-1,-1,-1,-1
11184,1180396800,2147483647,false,0,-1,-1,-1,-1,-1,-1
11185,1180396800,2147483647,false,87,-1,-1,-1,-1,-1,-1
11186,1180396800,2147483647,false,87,-1,-1,-1,-1,-1,-1
11187,1180396800,2147483647,false,87,-1,-1,-1,-1,-1,-1
11188,1180396800,2147483647,false,87,-1,-1,-1,-1,-1,-1
11189,1180396800,2147483647,false,87,-1,-1,-1,-1,-1,-1
11190,1180396800,2147483647,false,683,-1,-1,-1,-1,-1,-1
11191,1180396800,2147483647,false,683,-1,-1,-1,-1,-1,-1
11192,1180396800,2147483647,false,683,-1,-1,-1,-1,-1,-1
11193,1180396800,2147483647,false,683,-1,-1,-1,-1,-1,-1
11194,1180396800,2147483647,false,683,-1,-1,-1,-1,-1,-1
11195,1180396800,2147483647,false,0,-1,-1,-1,-1,-1,-1
11196,1180915200,2147483647,true,0,-1,-1,-1,-1,-1,-1
11197,1180915200,2147483647,true,0,-1,-1,-1,-1,-1,-1
11198,1180915200,2147483647,true,0,-1,-1,-1,-1,-1,-1
11199,1180915200,2147483647,true,0,-1,-1,-1,-1,-1,-1
11200,1180915200,2147483647,true,2,-1,230,-1,-1,-1,-1
11202,1180915200,2147483647,true,0,-1,-1,-1,-1,-1,-1
11203,1180915200,2147483647,true,0,-1,-1,-1,-1,-1,-1
11204,1180915200,2147483647,true,69,26095,-1,-1,-1,-1,-1
11205,1180915200,2147483647,true,0,-1,-1,-1,-1,-1,-1
11210,1180915200,2147483647,true,0,-1,-1,-1,-1,-1,-1
11211,1180915200,2147483647,true,0,-1,-1,-1,-1,-1,-1
11212,1181520000,2147483647,false,701,-1,-1,-1,-1,-1,-1
11217,1181520000,2147483647,false,701,-1,-1,-1,-1,-1,-1
11222,1181520000,2147483647,false,701,-1,-1,-1,-1,-1,-1
11227,1181520000,2147483647,false,701,-1,-1,-1,-1,-1,-1
11228,1181520000,2147483647,false,701,-1,-1,-1,-1,-1,-1
11229,1181520000,2147483647,false,701,-1,-1,-1,-1,-1,-1
11230,1181520000,2147483647,false,24,-1,-1,-1,-1,-1,-1
11231,1181520000,2147483647,false,24,-1,-1,-1,-1,-1,-1
11232,1181520000,2147483647,false,969,-1,-1,-1,-1,-1,-1
11233,1181520000,2147483647,false,24,-1,-1,-1,-1,-1,-1
11234,1181520000,2147483647,false,24,-1,-1,-1,-1,-1,-1
11235,1181520000,2147483647,false,64,-1,-1,-1,-1,-1,-1
11237,1181520000,2147483647,false,968,-1,-1,-1,-1,-1,-1
11238,1181520000,2147483647,false,702,-1,-1,-1,-1,-1,-1
11240,1181520000,2147483647,false,702,-1,-1,-1,-1,-1,-1
11242,1181520000,2147483647,false,702,-1,-1,-1,-1,-1,-1
11244,1181520000,2147483647,false,702,-1,-1,-1,-1,-1,-1
11246,1181520000,2147483647,false,702,-1,-1,-1,-1,-1,-1
11248,1181520000,2147483647,false,702,-1,-1,-1,-1,-1,-1
11250,1181520000,2147483647,false,702,-1,-1,-1,-1,-1,-1
11252,1181520000,2147483647,false,702,-1,-1,-1,-1,-1,-1
11254,1181520000,2147483647,false,702,-1,-1,-1,-1,-1,-1
11256,1181520000,2147483647,false,702,-1,-1,-1,-1,-1,-1
11258,1181520000,2147483647,false,0,-1,-1,-1,-1,-1,-1
11259,1181520000,2147483647,false,36,-1,-1,-1,-1,-1,-1
11260,1181520000,2147483647,false,0,-1,-1,-1,-1,-1,-1
11262,1181520000,2147483647,false,0,-1,-1,-1,-1,-1,-1
11264,1181520000,2147483647,false,0,-1,-1,-1,-1,-1,-1
11266,1181520000,2147483647,false,0,-1,-1,-1,-1,-1,-1
11273,1181520000,2147483647,false,0,-1,-1,-1,-1,-1,-1
11279,1182124800,2147483647,true,0,26608,-1,-1,-1,-1,-1
11280,1182124800,2147483647,false,0,-1,-1,-1,-1,-1,-1
11282,1182124800,2147483647,false,0,-1,-1,-1,-1,-1,-1
11283,1182124800,2147483647,false,18,26423,-1,-1,-1,-1,-1
11284,1182124800,2147483647,false,18,26423,-1,-1,-1,-1,-1
11286,1182124800,2147483647,false,0,-1,-1,-1,-1,-1,-1
11323,1183420800,2147483647,true,0,-1,-1,-1,-1,-1,-1
11324,1183420800,2147483647,false,58,-1,-1,-1,-1,-1,-1
11326,1183420800,2147483647,false,58,-1,-1,-1,-1,-1,-1
11328,1183420800,2147483647,false,0,-1,-1,-1,-1,-1,-1
11330,1183420800,2147483647,false,0,-1,-1,-1,-1,-1,-1
11332,1183420800,2147483647,false,0,-1,-1,-1,-1,-1,-1
11334,1183420800,2147483647,false,2288,-1,-1,-1,-1,-1,-1
11335,1183420800,2147483647,false,2,19861,-1,-1,-1,-1,-1
11337,1183420800,2147483647,false,0,-1,-1,-1,-1,-1,-1
11338,1183420800,2147483647,false,0,-1,-1,-1,-1,-1,-1
11339,1183420800,2147483647,false,0,-1,-1,-1,-1,-1,-1
11340,1183420800,1707868800,false,0,-1,-1,-1,-1,-1,-1
11341,1183420800,2147483647,false,0,-1,-1,-1,-1,-1,-1
11342,1183420800,2147483647,false,0,-1,-1,-1,-1,-1,-1
11343,1183420800,2147483647,false,0,-1,-1,-1,-1,-1,-1
11344,1183420800,2147483647,false,0,-1,-1,-1,-1,-1,-1
11345,1183420800,2147483647,false,0,-1,-1,-1,-1,-1,-1
11346,1183420800,2147483647,false,0,-1,-1,-1,-1,-1,-1
11347,1183420800,2147483647,false,0,-1,-1,-1,-1,-1,-1
11348,1183420800,2147483647,false,0,-1,-1,-1,-1,-1,-1
11349,1183420800,2147483647,false,0,-1,-1,-1,-1,-1,-1
11350,1183420800,2147483647,false,0,-1,-1,-1,-1,-1,-1
11351,1183420800,2147483647,false,0,-1,-1,-1,-1,-1,-1
11352,1183420800,2147483647,false,0,-1,-1,-1,-1,-1,-1
11353,1183420800,2147483647,false,0,-1,-1,-1,-1,-1,-1
11354,1183420800,2147483647,false,0,-1,-1,-1,-1,-1,-1
11355,1183420800,2147483647,false,0,-1,-1,-1,-1,-1,-1
11356,1183420800,2147483647,false,0,-1,-1,-1,-1,-1,-1
11357,1183420800,2147483647,false,0,-1,-1,-1,-1,-1,-1
11358,1183420800,2147483647,false,0,-1,-1,-1,-1,-1,-1
11359,1183420800,2147483647,false,0,-1,-1,-1,-1,-1,-1
11360,1183420800,2147483647,false,0,-1,-1,-1,-1,-1,-1
11361,1183420800,2147483647,false,0,-1,-1,-1,-1,-1,-1
11362,1183420800,2147483647,false,0,-1,-1,-1,-1,-1,-1
11363,1183420800,2147483647,false,0,-1,-1,-1,-1,-1,-1
11364,1183420800,2147483647,false,0,-1,-1,-1,-1,-1,-1
11365,1183420800,2147483647,false,0,-1,-1,-1,-1,-1,-1
11366,1183420800,2147483647,false,0,-1,-1,-1,-1,-1,-1
11367,1183420800,2147483647,false,36,-1,-1,-1,-1,-1,-1
11369,1183420800,2147483647,false,36,-1,-1,-1,-1,-1,-1
11371,1183420800,2147483647,false,36,-1,-1,-1,-1,-1,-1
11373,1183420800,2147483647,false,36,-1,-1,-1,-1,-1,-1
11375,1183420800,2147483647,false,36,-1,-1,-1,-1,-1,-1
11377,1183420800,2147483647,false,36,-1,-1,-1,-1,-1,-1
11379,1183420800,2147483647,false,36,-1,-1,-1,-1,-1,-1
11381,1183420800,2147483647,false,36,-1,-1,-1,-1,-1,-1
11382,1183420800,2147483647,false,36,-1,-1,-1,-1,-1,-1
11384,1183420800,2147483647,false,36,-1,-1,-1,-1,-1,-1
11386,1183420800,2147483647,false,36,-1,-1,-1,-1,-1,-1
11388,1183420800,2147483647,false,36,-1,-1,-1,-1,-1,-1
11389,1183420800,2147483647,false,36,-1,-1,-1,-1,-1,-1
11391,1183420800,2147483647,false,36,-1,-1,-1,-1,-1,-1
11393,1183420800,2147483647,false,36,-1,-1,-1,-1,-1,-1
11395,1183420800,2147483647,false,36,-1,-1,-1,-1,-1,-1
11396,1183420800,2147483647,false,36,-1,-1,-1,-1,-1,-1
11398,1183420800,2147483647,false,36,-1,-1,-1,-1,-1,-1
11400,1183420800,2147483647,false,36,-1,-1,-1,-1,-1,-1
11402,1183420800,2147483647,false,36,-1,-1,-1,-1,-1,-1
11403,1183420800,2147483647,false,36,-1,-1,-1,-1,-1,-1
11405,1183420800,2147483647,false,36,-1,-1,-1,-1,-1,-1
11407,1183420800,2147483647,false,36,-1,-1,-1,-1,-1,-1
11409,1183420800,2147483647,false,36,-1,-1,-1,-1,-1,-1
11410,1183420800,2147483647,false,36,-1,-1,-1,-1,-1,-1
11412,1183420800,2147483647,false,36,-1,-1,-1,-1,-1,-1
11414,1183420800,2147483647,false,36,-1,-1,-1,-1,-1,-1
11416,1183420800,2147483647,false,36,-1,-1,-1,-1,-1,-1
11417,1183420800,2147483647,false,36,-1,-1,-1,-1,-1,-1
11419,1183420800,2147483647,false,36,-1,-1,-1,-1,-1,-1
11427,1183420800,2147483647,false,0,-1,-1,-1,-1,-1,-1
11428,1183420800,2147483647,false,0,-1,-1,-1,-1,-1,-1
11429,1183420800,2147483647,false,69,-1,-1,-1,-1,-1,-1
11431,1183420800,2147483647,false,69,-1,-1,-1,-1,-1,-1
11433,1183420800,2147483647,false,69,-1,-1,-1,-1,-1,-1
11435,1183420800,2147483647,false,69,-1,-1,-1,-1,-1,-1
11437,1183420800,2147483647,false,69,-1,-1,-1,-1,-1,-1
11439,1183420800,2147483647,false,69,-1,-1,-1,-1,-1,-1
11441,1183420800,2147483647,false,69,-1,-1,-1,-1,-1,-1
11443,1183420800,2147483647,false,69,-1,-1,-1,-1,-1,-1
11445,1183420800,2147483647,false,69,-1,-1,-1,-1,-1,-1
11447,1183420800,2147483647,false,69,-1,-1,-1,-1,-1,-1
11449,1183420800,2147483647,false,69,-1,-1,-1,-1,-1,-1
11451,1183420800,2147483647,false,69,-1,-1,-1,-1,-1,-1
11453,1183420800,2147483647,false,69,-1,-1,-1,-1,-1,-1
11455,1183420800,2147483647,false,69,-1,-1,-1,-1,-1,-1
11457,1183420800,2147483647,false,69,-1,-1,-1,-1,-1,-1
11459,1183420800,2147483647,false,69,-1,-1,-1,-1,-1,-1
11461,1183420800,2147483647,false,69,-1,-1,-1,-1,-1,-1
11463,1183420800,2147483647,false,69,-1,-1,-1,-1,-1,-1
11465,1183420800,2147483647,false,69,-1,-1,-1,-1,-1,-1
11467,1183420800,2147483647,false,69,-1,-1,-1,-1,-1,-1
11469,1183420800,2147483647,false,69,-1,-1,-1,-1,-1,-1
11471,1183420800,2147483647,false,69,-1,-1,-1,-1,-1,-1
11473,1183420800,2147483647,false,69,-1,-1,-1,-1,-1,-1
11475,1183420800,2147483647,false,69,-1,-1,-1,-1,-1,-1
11477,1183420800,2147483647,false,69,-1,-1,-1,-1,-1,-1
11479,1183420800,2147483647,false,69,-1,-1,-1,-1,-1,-1
11481,1183420800,2147483647,false,69,-1,-1,-1,-1,-1,-1
11483,1183420800,2147483647,false,69,-1,-1,-1,-1,-1,-1
11485,1183420800,2147483647,false,69,-1,-1,-1,-1,-1,-1
11487,1183420800,2147483647,false,69,-1,-1,-1,-1,-1,-1
11489,1183420800,2147483647,false,69,-1,-1,-1,-1,-1,-1
11491,1183420800,2147483647,false,69,-1,-1,-1,-1,-1,-1
11493,1183420800,2147483647,false,69,-1,-1,-1,-1,-1,-1
11495,1183420800,2147483647,false,69,-1,-1,-1,-1,-1,-1
11497,1183420800,2147483647,false,69,-1,-1,-1,-1,-1,-1
11499,1183420800,2147483647,false,69,-1,-1,-1,-1,-1,-1
11501,1183420800,2147483647,false,69,-1,-1,-1,-1,-1,-1
11503,1183420800,2147483647,false,69,-1,-1,-1,-1,-1,-1
11505,1183420800,2147483647,false,69,-1,-1,-1,-1,-1,-1
11507,1183420800,2147483647,false,69,-1,-1,-1,-1,-1,-1
11509,1183420800,2147483647,false,69,-1,-1,-1,-1,-1,-1
11511,1183420800,2147483647,false,69,-1,-1,-1,-1,-1,-1
11513,1183420800,2147483647,false,69,-1,-1,-1,-1,-1,-1
11515,1183420800,2147483647,false,69,-1,-1,-1,-1,-1,-1
11517,1183420800,2147483647,false,69,-1,-1,-1,-1,-1,-1
11519,1183420800,2147483647,false,69,-1,-1,-1,-1,-1,-1
11521,1183420800,2147483647,false,69,-1,-1,-1,-1,-1,-1
11523,1183420800,2147483647,false,69,-1,-1,-1,-1,-1,-1
11525,1183939200,2147483647,false,0,-1,-1,-1,-1,-1,-1
11527,0,2147483647,false,206,-1,-1,-1,-1,-1,-1
11574,0,2147483647,false,206,-1,-1,-1,-1,-1,-1
11578,0,2147483647,false,206,-1,-1,-1,-1,-1,-1
11580,0,2147483647,false,206,-1,-1,-1,-1,-1,-1
11599,0,2147483647,false,206,-1,-1,-1,-1,-1,-1
11600,0,2147483647,false,206,-1,-1,-1,-1,-1,-1
11601,0,2147483647,false,206,-1,-1,-1,-1,-1,-1
11603,0,2147483647,false,206,-1,-1,-1,-1,-1,-1
11604,0,2147483647,false,206,-1,-1,-1,-1,-1,-1
11605,0,2147483647,false,206,-1,-1,-1,-1,-1,-1
11606,0,2147483647,false,206,-1,-1,-1,-1,-1,-1
11628,0,2147483647,false,15,-1,-1,-1,-1,-1,-1
11640,1184630400,2147483647,false,0,-1,-1,-1,-1,-1,-1
11656,1184630400,2147483647,false,0,-1,-1,-1,-1,-1,-1
11663,1184630400,2147483647,false,2,230,-1,-1,-1,-1,-1
11664,1184630400,2147483647,false,2,230,-1,-1,-1,-1,-1
11665,1184630400,2147483647,false,2,19820,-1,-1,-1,-1,-1
11666,1184630400,2147483647,false,713,-1,-1,-1,-1,-1,-1
11667,1184630400,2147483647,false,713,-1,-1,-1,-1,-1,-1
11668,1184630400,2147483647,false,713,-1,-1,-1,-1,-1,-1
11669,1184630400,2147483647,false,713,-1,-1,-1,-1,-1,-1
11670,1184630400,2147483647,false,713,-1,-1,-1,-1,-1,-1
11671,1184630400,2147483647,false,713,-1,-1,-1,-1,-1,-1
11672,1184630400,2147483647,false,713,-1,-1,-1,-1,-1,-1
11673,1184630400,2147483647,false,713,-1,-1,-1,-1,-1,-1
11677,1184630400,2147483647,false,0,-1,-1,-1,-1,-1,-1
11678,1185235200,2147483647,true,0,-1,-1,-1,-1,-1,-1
11679,1185235200,2147483647,true,87,-1,-1,-1,-1,-1,-1
11680,1185235200,2147483647,true,0,-1,-1,-1,-1,-1,-1
11681,1185235200,2147483647,true,0,-1,-1,-1,-1,-1,-1
11682,1185235200,2147483647,true,715,-1,-1,-1,-1,-1,-1
11686,1363132800,2147483647,false,149,-1,-1,-1,-1,-1,-1
11687,1363132800,2147483647,false,149,-1,-1,-1,-1,-1,-1
11688,1363132800,2147483647,false,149,-1,-1,-1,-1,-1,-1
11689,1363132800,2147483647,false,149,-1,-1,-1,-1,-1,-1
11690,1363132800,2147483647,false,149,-1,-1,-1,-1,-1,-1
11691,1363132800,2147483647,false,149,-1,-1,-1,-1,-1,-1
11692,1363132800,2147483647,false,149,-1,-1,-1,-1,-1,-1
11693,1363132800,2147483647,false,149,-1,-1,-1,-1,-1,-1
11694,1363132800,2147483647,false,149,-1,-1,-1,-1,-1,-1
11695,1363132800,2147483647,false,149,-1,-1,-1,-1,-1,-1
11696,1363132800,2147483647,false,149,-1,-1,-1,-1,-1,-1
11697,1363132800,2147483647,false,149,-1,-1,-1,-1,-1,-1
11698,1363132800,2147483647,false,149,-1,-1,-1,-1,-1,-1
11699,1363132800,2147483647,false,149,-1,-1,-1,-1,-1,-1
11700,1363132800,1516838400,false,62,-1,-1,-1,-1,-1,-1
11701,1363132800,1516838400,false,62,-1,-1,-1,-1,-1,-1
11702,1363132800,1516838400,false,62,-1,-1,-1,-1,-1,-1
11703,1363132800,1516838400,false,62,-1,-1,-1,-1,-1,-1
11704,1368057600,2147483647,false,0,-1,-1,-1,-1,-1,-1
11705,1372723200,2147483647,false,65,-1,-1,-1,-1,-1,-1
11706,1372723200,2147483647,false,65,-1,-1,-1,-1,-1,-1
11707,1377216000,2147483647,false,26,-1,-1,-1,-1,-1,-1
11708,1377216000,2147483647,false,64,-1,-1,-1,-1,-1,-1
11709,1377216000,2147483647,false,1,-1,-1,-1,-1,-1,-1
11710,1378339200,2147483647,false,18,26424,-1,-1,-1,-1,-1
11711,1378339200,2147483647,false,25,-1,-1,-1,-1,-1,-1
11712,1378339200,2147483647,false,329,-1,-1,-1,-1,-1,-1
11713,1378339200,2147483647,false,329,-1,-1,-1,-1,-1,-1
11714,1378339200,2147483647,false,329,-1,-1,-1,-1,-1,-1
11715,1378339200,2147483647,false,329,-1,-1,-1,-1,-1,-1
11716,1378339200,2147483647,false,329,-1,-1,-1,-1,-1,-1
11717,1378339200,2147483647,false,329,-1,-1,-1,-1,-1,-1
11718,1378339200,2147483647,false,329,-1,-1,-1,-1,-1,-1
11719,1378339200,2147483647,false,67,-1,-1,-1,-1,-1,-1
11720,1378339200,2147483647,false,67,-1,-1,-1,-1,-1,-1
11721,1378339200,2147483647,false,67,-1,-1,-1,-1,-1,-1
11722,1378339200,2147483647,false,546,-1,-1,-1,-1,-1,-1
11723,1378339200,2147483647,false,546,-1,-1,-1,-1,-1,-1
11724,1378339200,2147483647,false,546,-1,-1,-1,-1,-1,-1
11725,1378339200,2147483647,false,546,-1,-1,-1,-1,-1,-1
11726,1378339200,2147483647,false,546,-1,-1,-1,-1,-1,-1
11727,1378339200,2147483647,false,546,-1,-1,-1,-1,-1,-1
11728,1378339200,2147483647,false,546,-1,-1,-1,-1,-1,-1
11729,1378339200,2147483647,false,546,-1,-1,-1,-1,-1,-1
11730,1378339200,2147483647,false,546,-1,-1,-1,-1,-1,-1
11731,1378339200,2147483647,false,546,-1,-1,-1,-1,-1,-1
11732,1378339200,2147483647,false,546,-1,-1,-1,-1,-1,-1
11733,1378339200,2147483647,false,546,-1,-1,-1,-1,-1,-1
11734,1378339200,2147483647,false,546,-1,-1,-1,-1,-1,-1
11735,1378339200,2147483647,false,546,-1,-1,-1,-1,-1,-1
11736,1378339200,2147483647,false,546,-1,-1,-1,-1,-1,-1
11737,1378339200,2147483647,false,546,-1,-1,-1,-1,-1,-1
11738,1380153600,2147483647,false,0,-1,-1,-1,-1,-1,-1
11739,1380153600,2147483647,false,0,-1,-1,-1,-1,-1,-1
11740,1380153600,2147483647,false,0,-1,-1,-1,-1,-1,-1
11741,1380153600,2147483647,false,726,-1,-1,-1,-1,-1,-1
11742,1380153600,2147483647,false,726,-1,-1,-1,-1,-1,-1
11743,1380153600,2147483647,false,726,-1,-1,-1,-1,-1,-1
11744,1380153600,2147483647,false,726,-1,-1,-1,-1,-1,-1
11745,1380153600,2147483647,false,726,-1,-1,-1,-1,-1,-1
11746,1380153600,2147483647,false,726,-1,-1,-1,-1,-1,-1
11747,1380153600,2147483647,false,726,-1,-1,-1,-1,-1,-1
11748,1380153600,1564012800,true,15,-1,-1,-1,-1,-1,-1
11749,1380153600,1564012800,true,15,-1,-1,-1,-1,-1,-1
11750,1380153600,1564012800,true,15,-1,-1,-1,-1,-1,-1
11751,1380153600,1564012800,true,15,-1,-1,-1,-1,-1,-1
11752,1380153600,1564012800,true,15,-1,-1,-1,-1,-1,-1
11753,1380153600,1564012800,true,15,-1,-1,-1,-1,-1,-1
11754,1380153600,1564012800,true,15,-1,-1,-1,-1,-1,-1
11755,1380153600,1564012800,true,15,-1,-1,-1,-1,-1,-1
11756,1380153600,1564012800,true,15,-1,-1,-1,-1,-1,-1
11757,1380153600,1564012800,true,15,-1,-1,-1,-1,-1,-1
11758,1380153600,1564012800,true,15,-1,-1,-1,-1,-1,-1
11759,1380153600,1564012800,false,15,-1,-1,-1,-1,-1,-1
11760,1380153600,1564012800,false,15,-1,-1,-1,-1,-1,-1
11761,1380153600,1564012800,false,15,-1,-1,-1,-1,-1,-1
11762,1380153600,1564012800,false,15,-1,-1,-1,-1,-1,-1
11763,1380153600,1564012800,false,15,-1,-1,-1,-1,-1,-1
11764,1380153600,1564012800,false,15,-1,-1,-1,-1,-1,-1
11765,1380153600,1564012800,false,15,-1,-1,-1,-1,-1,-1
11766,1380153600,1564012800,false,15,-1,-1,-1,-1,-1,-1
11767,1380153600,1564012800,false,15,-1,-1,-1,-1,-1,-1
11768,1380153600,1564012800,false,15,-1,-1,-1,-1,-1,-1
11769,1380153600,1564012800,false,15,-1,-1,-1,-1,-1,-1
11770,1380153600,2147483647,false,0,-1,-1,-1,-1,-1,-1
11771,1380153600,2147483647,false,0,-1,-1,-1,-1,-1,-1
11772,1380153600,2147483647,false,0,-1,-1,-1,-1,-1,-1
11773,1380153600,2147483647,false,0,-1,-1,-1,-1,-1,-1
11774,1380153600,2147483647,false,510,-1,-1,-1,-1,-1,-1
11775,1380153600,2147483647,false,510,-1,-1,-1,-1,-1,-1
11776,1380153600,2147483647,false,510,-1,-1,-1,-1,-1,-1
11777,1380153600,2147483647,false,510,-1,-1,-1,-1,-1,-1
11778,1380153600,2147483647,false,510,-1,-1,-1,-1,-1,-1
11779,1380153600,2147483647,false,510,-1,-1,-1,-1,-1,-1
11780,1380153600,2147483647,false,510,-1,-1,-1,-1,-1,-1
11781,1380153600,2147483647,false,510,-1,-1,-1,-1,-1,-1
11782,1380153600,2147483647,false,510,-1,-1,-1,-1,-1,-1
11783,1380153600,2147483647,false,510,-1,-1,-1,-1,-1,-1
11784,1380153600,2147483647,false,2,-1,-1,-1,-1,-1,-1
11785,1381968000,2147483647,false,37,19839,-1,-1,-1,-1,-1
11787,1381968000,2147483647,false,1,-1,-1,-1,-1,-1,-1
11789,1381968000,2147483647,false,1,-1,-1,-1,-1,-1,-1
11791,1381968000,2147483647,false,1,5232,-1,-1,-1,-1,-1
11794,1381968000,2147483647,false,61,-1,-1,-1,-1,-1,-1
11796,1381968000,2147483647,false,61,-1,-1,-1,-1,-1,-1
11798,1381968000,2147483647,false,61,-1,-1,-1,-1,-1,-1
11800,1381968000,2147483647,false,61,-1,-1,-1,-1,-1,-1
11802,1381968000,2147483647,false,61,-1,-1,-1,-1,-1,-1
11804,1381968000,2147483647,false,61,27648,-1,-1,-1,-1,-1
11806,1381968000,2147483647,false,61,-1,-1,-1,-1,-1,-1
11808,1381968000,2147483647,false,61,-1,-1,-1,-1,-1,-1
11810,1381968000,2147483647,false,61,-1,-1,-1,-1,-1,-1
11812,1381968000,2147483647,false,61,-1,-1,-1,-1,-1,-1
11814,1381968000,2147483647,false,61,-1,-1,-1,-1,-1,-1
11816,1381968000,2147483647,false,61,-1,-1,-1,-1,-1,-1
11818,1381968000,2147483647,false,61,-1,-1,-1,-1,-1,-1
11820,1381968000,2147483647,false,61,-1,-1,-1,-1,-1,-1
11822,1381968000,2147483647,false,61,-1,-1,-1,-1,-1,-1
11824,1381968000,2147483647,false,36,-1,-1,-1,-1,-1,-1
11826,1381968000,2147483647,false,2,19821,-1,-1,54249,-1,-1
11828,1381968000,2147483647,false,7,27633,27629,-1,27645,-1,-1
11830,1381968000,2147483647,false,8,27627,-1,-1,27641,-1,-1
11832,1381968000,2147483647,false,7,27636,28826,-1,27644,-1,-1
11834,1381968000,2147483647,false,8,27625,-1,-1,-1,-1,-1
11836,1381968000,2147483647,false,17,27637,-1,-1,19951,-1,-1
11838,1381968000,2147483647,false,61,-1,-1,-1,-1,-1,-1
11840,1381968000,2147483647,false,17,-1,-1,-1,-1,-1,-1
11842,1381968000,2147483647,false,0,-1,-1,-1,-1,-1,-1
11843,1381968000,2147483647,false,0,-1,-1,-1,-1,-1,-1
11847,1382572800,2147483647,false,0,-1,-1,-1,-1,-1,-1
11848,1386201600,2147483647,false,0,-1,-1,-1,-1,-1,-1
11849,1386201600,2147483647,false,2419,-1,-1,-1,-1,-1,-1
11850,1386201600,2147483647,false,1429,28875,-1,-1,-1,-1,-1
11851,1386201600,2147483647,false,1429,28875,-1,-1,-1,-1,-1
11852,1386201600,2147483647,false,1429,-1,-1,-1,-1,-1,-1
11853,1386201600,2147483647,false,1429,-1,-1,-1,-1,-1,-1
11854,1386201600,2147483647,false,1429,28880,-1,-1,-1,-1,-1
11855,1386201600,2147483647,false,1429,28880,-1,-1,-1,-1,-1
11856,1386201600,2147483647,false,1429,-1,-1,-1,-1,-1,-1
11857,1386201600,2147483647,false,1429,-1,-1,-1,-1,-1,-1
11858,1386201600,2147483647,false,1429,-1,-1,-1,-1,-1,-1
11859,1386201600,2147483647,false,1429,-1,-1,-1,-1,-1,-1
11860,1386201600,2147483647,false,1429,-1,-1,-1,28888,-1,-1
11861,1386201600,2147483647,false,1429,-1,-1,-1,28888,-1,-1
11862,1387238400,2147483647,false,0,-1,-1,-1,-1,-1,-1
11863,1387238400,2147483647,false,0,16246,-1,-1,-1,-1,-1
11864,1388966400,2147483647,false,2,42679,-1,-1,42686,-1,-1
11865,1388966400,2147483647,false,2,42677,-1,-1,-1,-1,-1
11866,1388966400,2147483647,false,719,-1,-1,-1,-1,-1,-1
11867,1388966400,2147483647,false,719,-1,-1,-1,-1,-1,-1
11868,1388966400,2147483647,false,719,-1,-1,-1,-1,-1,-1
11869,1388966400,2147483647,false,719,-1,-1,-1,-1,-1,-1
11870,1388966400,2147483647,false,719,-1,-1,-1,-1,-1,-1
11871,1388966400,2147483647,false,719,-1,-1,-1,-1,-1,-1
11872,1388966400,2147483647,false,719,-1,-1,-1,-1,-1,-1
11873,1388966400,2147483647,false,719,-1,-1,-1,-1,-1,-1
11874,1388966400,2147483647,false,968,-1,-1,-1,-1,-1,-1
11875,1388966400,2147483647,false,63,-1,-1,-1,-1,-1,-1
11876,1388966400,2147483647,false,0,-1,-1,-1,-1,-1,-1
11877,1388966400,2147483647,false,720,-1,-1,-1,-1,-1,-1
11879,1388966400,2147483647,false,720,-1,-1,-1,-1,-1,-1
11881,1388966400,2147483647,false,720,-1,-1,-1,-1,-1,-1
11883,1388966400,2147483647,false,720,-1,-1,-1,-1,-1,-1
11885,1388966400,2147483647,false,720,-1,-1,-1,-1,-1,-1
11887,1388966400,2147483647,false,720,-1,-1,-1,-1,-1,-1
11889,1389225600,2147483647,false,36,-1,-1,-1,-1,-1,-1
11891,1389830400,2147483647,false,42,-1,-1,-1,-1,-1,-1
11892,1389830400,2147483647,false,42,-1,-1,-1,-1,-1,-1
11893,1389830400,2147483647,false,7,266,-1,-1,-1,-1,-1
11894,1389830400,2147483647,false,7,266,-1,-1,-1,-1,-1
11895,1389830400,2147483647,false,7,266,-1,-1,-1,-1,-1
11896,1389830400,2147483647,false,7,-1,-1,-1,-1,-1,-1
11897,1389830400,2147483647,false,8,-1,-1,-1,-1,-1,-1
11898,1389830400,2147483647,false,2,-1,-1,-1,-1,-1,-1
11899,1389830400,2147483647,false,7,-1,-1,-1,-1,-1,-1
11900,1389830400,2147483647,false,8,-1,-1,-1,-1,-1,-1
11901,1389830400,2147483647,false,7,-1,-1,-1,-1,-1,-1
11902,1390435200,2147483647,false,25,39634,-1,-1,-1,-1,-1
11904,1390435200,2147483647,false,0,-1,-1,-1,-1,-1,-1
11905,1391040000,2147483647,false,1,28230,-1,-1,-1,-1,-1
11907,1391040000,2147483647,false,1,28230,-1,-1,-1,-1,-1
11908,1391040000,2147483647,false,1,28230,-1,-1,-1,-1,-1
11910,1392249600,1392854400,false,86,-1,-1,-1,-1,-1,-1
11912,1392249600,1392854400,false,0,-1,-1,-1,-1,-1,-1
11914,1392249600,1392854400,false,0,-1,-1,-1,-1,-1,-1
11916,1771372800,1772582400,false,130,-1,-1,-1,-1,-1,-1
11917,0,2147483647,false,15,-1,-1,-1,-1,-1,-1
11918,1519257600,1521072000,false,15,-1,-1,-1,-1,-1,-1
11919,1392854400,2147483647,false,0,28235,-1,-1,-1,-1,-1
11920,1394668800,2147483647,false,67,-1,-1,-1,-1,-1,-1
11922,1394668800,2147483647,false,70,-1,-1,-1,-1,-1,-1
11923,1394668800,1410393600,false,15,-1,-1,-1,-1,-1,-1
11924,1394668800,2147483647,false,18,35820,-1,-1,-1,-1,-1
11926,1394668800,2147483647,false,18,35821,-1,-1,-1,-1,-1
11928,1394668800,2147483647,false,18,-1,-1,-1,-1,-1,-1
11929,1394668800,2147483647,false,18,-1,-1,-1,-1,-1,-1
11930,1394668800,2147483647,false,18,-1,-1,-1,-1,-1,-1
11931,1394668800,2147483647,false,18,-1,-1,-1,-1,-1,-1
11932,1394668800,2147483647,false,18,-1,-1,-1,-1,-1,-1
11933,1394668800,2147483647,false,18,-1,-1,-1,-1,-1,-1
11934,1394668800,2147483647,false,57,-1,-1,-1,-1,-1,-1
11936,1394668800,2147483647,false,58,-1,-1,-1,-1,-1,-1
11938,1394668800,2147483647,false,116,-1,-1,-1,-1,-1,-1
11940,1394668800,2147483647,false,0,-1,-1,-1,-1,-1,-1
11941,1394668800,2147483647,false,1103,-1,-1,-1,-1,-1,-1
11942,1394668800,2147483647,false,0,-1,-1,-1,-1,-1,-1
11943,1394668800,2147483647,false,6,-1,-1,-1,-1,-1,-1
11951,1395878400,2147483647,false,69,-1,-1,-1,-1,-1,-1
11953,1395878400,2147483647,false,69,-1,-1,-1,-1,-1,-1
11955,1395878400,2147483647,false,69,-1,-1,-1,-1,-1,-1
11957,1395878400,2147483647,false,69,-1,-1,-1,-1,-1,-1
11959,1395878400,2147483647,false,572,-1,-1,-1,-1,-1,-1
11960,1395878400,2147483647,false,69,-1,-1,-1,-1,-1,-1
11962,1395878400,2147483647,false,69,-1,-1,-1,-1,-1,-1
11964,1395878400,2147483647,false,557,-1,-1,-1,-1,-1,-1
11966,1395878400,2147483647,false,557,-1,-1,-1,-1,-1,-1
11968,1395878400,2147483647,false,829,-1,-1,-1,-1,-1,-1
11970,1395878400,2147483647,false,829,-1,-1,-1,-1,-1,-1
11972,1395878400,2147483647,false,830,24558,-1,-1,-1,-1,-1
11974,1395878400,2147483647,false,830,24558,-1,-1,-1,-1,-1
11976,1395878400,2147483647,false,557,-1,-1,-1,-1,-1,-1
11978,1395878400,2147483647,false,557,-1,-1,-1,-1,-1,-1
11980,1395878400,2147483647,false,656,-1,-1,-1,-1,-1,-1
11982,1395878400,2147483647,false,656,-1,-1,-1,-1,-1,-1
11984,1395878400,2147483647,false,656,-1,-1,-1,-1,-1,-1
11986,1395878400,2147483647,false,656,-1,-1,-1,-1,-1,-1
11988,1395878400,2147483647,false,656,-1,-1,-1,-1,-1,-1
11990,1395878400,2147483647,false,0,-1,-1,-1,-1,-1,-1
11992,1395878400,2147483647,false,0,-1,-1,-1,-1,-1,-1
11994,1395878400,2147483647,false,0,-1,-1,-1,-1,-1,-1
11995,1396483200,2147483647,false,0,-1,-1,-1,-1,-1,-1
11996,1418860800,2147483647,false,0,-1,-1,-1,-1,-1,-1
11997,1397088000,2147483647,false,15,-1,-1,-1,-1,-1,-1
11998,1397088000,2147483647,false,1,39596,-1,-1,-1,-1,-1
12000,1397088000,2147483647,false,1,39596,-1,-1,-1,-1,-1
12002,1397088000,2147483647,false,0,28445,-1,-1,-1,-1,-1
12004,1397088000,2147483647,false,0,-1,-1,-1,-1,-1,-1
12006,1397088000,2147483647,false,150,-1,-1,-1,-1,-1,-1
12007,1397088000,2147483647,false,0,-1,-1,-1,-1,-1,-1
12009,1398297600,2147483647,false,720,-1,-1,-1,-1,-1,-1
12010,1398297600,2147483647,false,720,-1,-1,-1,-1,-1,-1
12011,1398297600,2147483647,false,0,-1,-1,-1,-1,-1,-1
12012,1398297600,2147483647,false,0,-1,-1,-1,-1,-1,-1
12013,1398297600,2147483647,false,2,-1,-1,-1,-1,-1,-1
12014,1398297600,2147483647,false,0,59908,-1,-1,59913,-1,-1
12015,1398297600,2147483647,false,0,-1,-1,-1,-1,-1,-1
12016,1398297600,2147483647,false,0,-1,-1,-1,-1,-1,-1
12017,1398902400,2147483647,true,0,-1,-1,-1,-1,-1,-1
12018,1398902400,2147483647,false,0,20858,-1,-1,-1,-1,-1
12019,1400112000,2147483647,false,1408,-1,-1,-1,-1,-1,-1
12020,1400112000,2147483647,false,1409,-1,-1,-1,-1,-1,-1
12021,1402531200,2147483647,false,51,-1,-1,-1,-1,-1,-1
12022,1083715200,2147483647,false,51,-1,-1,-1,-1,-1,-1
12023,1402531200,2147483647,false,51,-1,-1,-1,-1,-1,-1
12024,1083715200,2147483647,false,51,-1,-1,-1,-1,-1,-1
12025,1402531200,2147483647,false,51,-1,-1,-1,-1,-1,-1
12026,1083715200,2147483647,false,51,-1,-1,-1,-1,-1,-1
12027,1402531200,2147483647,false,51,-1,-1,-1,-1,-1,-1
12028,1083715200,2147483647,false,51,-1,-1,-1,-1,-1,-1
12029,1402531200,2147483647,false,51,-1,-1,-1,-1,-1,-1
12030,1083715200,2147483647,false,51,-1,-1,-1,-1,-1,-1
12031,1402531200,2147483647,false,51,-1,-1,-1,-1,-1,-1
12032,1083715200,2147483647,false,51,-1,-1,-1,-1,-1,-1
12033,1402531200,2147483647,false,51,-1,-1,-1,-1,-1,-1
12034,1083715200,2147483647,false,51,-1,-1,-1,-1,-1,-1
12035,1402531200,2147483647,false,51,-1,-1,-1,-1,-1,-1
12036,1083715200,2147483647,false,51,-1,-1,-1,-1,-1,-1
12037,1402531200,2147483647,false,51,-1,-1,-1,-1,-1,-1
12038,1083715200,2147483647,false,51,-1,-1,-1,-1,-1,-1
12039,1402531200,2147483647,false,51,-1,-1,-1,-1,-1,-1
12040,1083715200,2147483647,false,51,-1,-1,-1,-1,-1,-1
12041,1402531200,2147483647,false,51,-1,-1,-1,-1,-1,-1
12042,1083715200,2147483647,false,51,-1,-1,-1,-1,-1,-1
12043,1402531200,2147483647,false,51,-1,-1,-1,-1,-1,-1
12044,1083715200,2147483647,false,51,-1,-1,-1,-1,-1,-1
12045,1402531200,2147483647,false,51,-1,-1,-1,-1,-1,-1
12046,1083715200,2147483647,false,51,-1,-1,-1,-1,-1,-1
12047,1402531200,2147483647,false,51,-1,-1,-1,-1,-1,-1
12048,1083715200,2147483647,false,51,-1,-1,-1,-1,-1,-1
12049,1402531200,2147483647,false,51,-1,-1,-1,-1,-1,-1
12050,1083715200,2147483647,false,51,-1,-1,-1,-1,-1,-1
12051,1402531200,2147483647,false,51,-1,-1,-1,-1,-1,-1
12052,1083715200,2147483647,false,51,-1,-1,-1,-1,-1,-1
12053,1402531200,2147483647,false,51,-1,-1,-1,-1,-1,-1
12054,1083715200,2147483647,false,51,-1,-1,-1,-1,-1,-1
12055,1402531200,2147483647,false,51,-1,-1,-1,-1,-1,-1
12056,1083715200,2147483647,false,52,-1,-1,-1,-1,-1,-1
12057,1402531200,2147483647,false,51,-1,-1,-1,-1,-1,-1
12058,1083715200,2147483647,false,52,-1,-1,-1,-1,-1,-1
12059,1402531200,2147483647,false,51,-1,-1,-1,-1,-1,-1
12060,1083715200,2147483647,false,52,-1,-1,-1,-1,-1,-1
12061,1402531200,2147483647,false,51,-1,-1,-1,-1,-1,-1
12062,1083715200,2147483647,false,52,-1,-1,-1,-1,-1,-1
12063,1402531200,2147483647,false,51,-1,-1,-1,-1,-1,-1
12064,1083715200,2147483647,false,52,-1,-1,-1,-1,-1,-1
12065,1402531200,2147483647,false,51,-1,-1,-1,-1,-1,-1
12066,1083715200,2147483647,false,52,-1,-1,-1,-1,-1,-1
12067,1402531200,2147483647,false,51,-1,-1,-1,-1,-1,-1
12068,1083715200,2147483647,false,52,-1,-1,-1,-1,-1,-1
12069,1402531200,2147483647,false,51,-1,-1,-1,-1,-1,-1
12070,1083715200,2147483647,false,52,-1,-1,-1,-1,-1,-1
12071,1402531200,2147483647,false,51,-1,-1,-1,-1,-1,-1
12072,1083715200,2147483647,false,52,-1,-1,-1,-1,-1,-1
12073,1402531200,2147483647,false,750,-1,-1,-1,-1,-1,-1
12074,1402531200,2147483647,false,750,-1,-1,-1,-1,-1,-1
12075,1402531200,2147483647,false,750,-1,-1,-1,-1,-1,-1
12076,1402531200,2147483647,false,750,-1,-1,-1,-1,-1,-1
12077,1402531200,2147483647,false,750,-1,-1,-1,-1,-1,-1
12078,1402531200,2147483647,false,750,-1,-1,-1,-1,-1,-1
12079,1402531200,2147483647,false,750,-1,-1,-1,-1,-1,-1
12080,1402531200,2147483647,false,750,-1,-1,-1,-1,-1,-1
12081,1402531200,2147483647,false,750,-1,-1,-1,-1,-1,-1
12082,1402531200,2147483647,false,750,-1,-1,-1,-1,-1,-1
12083,1402531200,2147483647,false,750,-1,-1,-1,-1,-1,-1
12084,1402531200,2147483647,false,750,-1,-1,-1,-1,-1,-1
12085,1402531200,2147483647,false,750,-1,-1,-1,-1,-1,-1
12086,1402531200,2147483647,false,750,-1,-1,-1,-1,-1,-1
12087,1402531200,2147483647,false,750,-1,-1,-1,-1,-1,-1
12088,1402531200,2147483647,false,750,-1,-1,-1,-1,-1,-1
12089,1402531200,2147483647,false,750,-1,-1,-1,-1,-1,-1
12090,1402531200,2147483647,false,750,-1,-1,-1,-1,-1,-1
12091,1402531200,2147483647,false,750,-1,-1,-1,-1,-1,-1
12092,1402531200,2147483647,false,750,-1,-1,-1,-1,-1,-1
12093,1402531200,2147483647,false,750,-1,-1,-1,-1,-1,-1
12094,1402531200,2147483647,false,750,-1,-1,-1,-1,-1,-1
12095,1402531200,2147483647,false,750,-1,-1,-1,-1,-1,-1
12096,1402531200,2147483647,false,750,-1,-1,-1,-1,-1,-1
12097,1402531200,2147483647,false,750,-1,-1,-1,-1,-1,-1
12098,1402531200,2147483647,false,750,-1,-1,-1,-1,-1,-1
12099,1402531200,2147483647,false,750,-1,-1,-1,-1,-1,-1
12100,1402531200,2147483647,false,750,-1,-1,-1,-1,-1,-1
12101,1402531200,2147483647,false,750,-1,-1,-1,-1,-1,-1
12102,1402531200,2147483647,false,750,-1,-1,-1,-1,-1,-1
12103,1402531200,2147483647,false,750,-1,-1,-1,-1,-1,-1
12104,1402531200,2147483647,false,750,-1,-1,-1,-1,-1,-1
12105,1402531200,2147483647,false,750,-1,-1,-1,-1,-1,-1
12106,1402531200,2147483647,false,750,-1,-1,-1,-1,-1,-1
12107,1402531200,2147483647,false,750,-1,-1,-1,-1,-1,-1
12108,1402531200,2147483647,false,750,-1,-1,-1,-1,-1,-1
12109,1402531200,2147483647,false,750,-1,-1,-1,-1,-1,-1
12110,1402531200,2147483647,false,750,-1,-1,-1,-1,-1,-1
12111,1402531200,2147483647,false,750,-1,-1,-1,-1,-1,-1
12112,1402531200,2147483647,false,750,-1,-1,-1,-1,-1,-1
12113,0,2147483647,false,736,-1,-1,-1,-1,-1,-1
12114,0,2147483647,false,736,-1,-1,-1,-1,-1,-1
12115,0,2147483647,false,736,-1,-1,-1,-1,-1,-1
12116,0,2147483647,false,736,-1,-1,-1,-1,-1,-1
12117,0,2147483647,false,736,-1,-1,-1,-1,-1,-1
12118,0,2147483647,false,736,-1,-1,-1,-1,-1,-1
12119,0,2147483647,false,736,-1,-1,-1,-1,-1,-1
12120,0,2147483647,false,736,-1,-1,-1,-1,-1,-1
12121,0,2147483647,false,736,-1,-1,-1,-1,-1,-1
12122,0,2147483647,false,736,-1,-1,-1,-1,-1,-1
12123,0,2147483647,false,736,-1,-1,-1,-1,-1,-1
12124,0,2147483647,false,736,-1,-1,-1,-1,-1,-1
12125,0,2147483647,false,736,-1,-1,-1,-1,-1,-1
12126,0,2147483647,false,736,-1,-1,-1,-1,-1,-1
12127,1402531200,2147483647,false,736,-1,-1,-1,-1,-1,-1
12128,1402531200,2147483647,false,0,-1,-1,-1,-1,-1,-1
12129,1402531200,2147483647,false,750,-1,-1,-1,-1,-1,-1
12130,1402531200,2147483647,false,750,-1,-1,-1,-1,-1,-1
12131,1402531200,2147483647,false,750,-1,-1,-1,-1,-1,-1
12132,1402531200,2147483647,false,750,-1,-1,-1,-1,-1,-1
12133,1402531200,2147483647,false,750,-1,-1,-1,-1,-1,-1
12134,1402531200,2147483647,false,750,-1,-1,-1,-1,-1,-1
12135,1402531200,2147483647,false,750,-1,-1,-1,-1,-1,-1
12136,1402531200,2147483647,false,750,-1,-1,-1,-1,-1,-1
12137,1402531200,2147483647,false,750,-1,-1,-1,-1,-1,-1
12138,1402531200,2147483647,false,750,-1,-1,-1,-1,-1,-1
12139,1402531200,2147483647,false,750,-1,-1,-1,-1,-1,-1
12140,1402531200,2147483647,false,750,-1,-1,-1,-1,-1,-1
12141,1402531200,2147483647,false,750,-1,-1,-1,-1,-1,-1
12142,1402531200,2147483647,false,750,-1,-1,-1,-1,-1,-1
12143,1402531200,2147483647,false,750,-1,-1,-1,-1,-1,-1
12144,1402531200,2147483647,false,750,-1,-1,-1,-1,-1,-1
12145,1402531200,2147483647,false,750,-1,-1,-1,-1,-1,-1
12146,1402531200,2147483647,false,750,-1,-1,-1,-1,-1,-1
12147,1402531200,2147483647,false,750,-1,-1,-1,-1,-1,-1
12148,1402531200,2147483647,false,750,-1,-1,-1,-1,-1,-1
12149,1402531200,2147483647,false,750,-1,-1,-1,-1,-1,-1
12150,1402531200,2147483647,false,750,-1,-1,-1,-1,-1,-1
12151,1402531200,2147483647,false,750,-1,-1,-1,-1,-1,-1
12152,1402531200,2147483647,false,750,-1,-1,-1,-1,-1,-1
12153,1402531200,2147483647,false,750,-1,-1,-1,-1,-1,-1
12154,1402531200,2147483647,false,750,-1,-1,-1,-1,-1,-1
12155,1402531200,2147483647,false,750,-1,-1,-1,-1,-1,-1
12156,1402531200,2147483647,false,750,-1,-1,-1,-1,-1,-1
12157,1402531200,2147483647,false,750,-1,-1,-1,-1,-1,-1
12158,1402531200,2147483647,false,750,-1,-1,-1,-1,-1,-1
12159,1402531200,2147483647,false,750,-1,-1,-1,-1,-1,-1
12160,1402531200,2147483647,false,750,-1,-1,-1,-1,-1,-1
12161,1402531200,2147483647,false,750,-1,-1,-1,-1,-1,-1
12162,1402531200,2147483647,false,46,-1,-1,-1,-1,-1,-1
12163,1083715200,2147483647,false,46,-1,-1,-1,-1,-1,-1
12164,1402531200,2147483647,false,46,-1,-1,-1,-1,-1,-1
12165,1083715200,2147483647,false,46,-1,-1,-1,-1,-1,-1
12166,1402531200,2147483647,false,46,-1,-1,-1,-1,-1,-1
12167,1402531200,2147483647,false,46,-1,-1,-1,-1,-1,-1
12168,1402531200,2147483647,false,46,-1,-1,-1,-1,-1,-1
12169,1402531200,2147483647,false,46,-1,-1,-1,-1,-1,-1
12170,1402531200,2147483647,false,46,-1,-1,-1,-1,-1,-1
12171,1083715200,2147483647,false,46,-1,-1,-1,-1,-1,-1
12172,1402531200,2147483647,false,46,-1,-1,-1,-1,-1,-1
12173,1402531200,2147483647,false,46,-1,-1,-1,-1,-1,-1
12174,1402531200,2147483647,false,46,-1,-1,-1,-1,-1,-1
12175,1402531200,2147483647,false,46,-1,-1,-1,-1,-1,-1
12176,1402531200,2147483647,false,46,-1,-1,-1,-1,-1,-1
12177,1402531200,2147483647,false,46,-1,-1,-1,-1,-1,-1
12178,1402531200,2147483647,false,46,-1,-1,-1,-1,-1,-1
12179,1402531200,2147483647,false,46,-1,-1,-1,-1,-1,-1
12180,1083715200,2147483647,false,46,-1,-1,-1,-1,-1,-1
12181,1402531200,2147483647,false,46,-1,-1,-1,-1,-1,-1
12182,1402531200,2147483647,false,46,-1,-1,-1,-1,-1,-1
12183,1402531200,2147483647,false,46,-1,-1,-1,-1,-1,-1
12184,1402531200,2147483647,false,46,-1,-1,-1,-1,-1,-1
12185,1402531200,2147483647,false,46,-1,-1,-1,-1,-1,-1
12186,1402531200,2147483647,false,46,-1,-1,-1,-1,-1,-1
12187,1402531200,2147483647,false,46,-1,-1,-1,-1,-1,-1
12188,1402531200,2147483647,false,46,-1,-1,-1,-1,-1,-1
12189,1402531200,2147483647,false,46,-1,-1,-1,-1,-1,-1
12190,1402531200,2147483647,false,46,-1,-1,-1,-1,-1,-1
12191,1402531200,2147483647,false,46,-1,-1,-1,-1,-1,-1
12192,1402531200,2147483647,false,46,-1,-1,-1,-1,-1,-1
12193,1402531200,2147483647,false,7,28536,-1,-1,28600,-1,-1
12195,1402531200,2147483647,false,8,28500,-1,-1,28571,-1,-1
12197,1402531200,2147483647,false,615,28490,-1,-1,-1,-1,-1
12199,1402531200,2147483647,false,1,-1,-1,-1,-1,-1,-1
12201,1402531200,2147483647,false,10,-1,-1,-1,-1,-1,-1
12203,1402531200,2147483647,false,2,-1,230,-1,-1,-1,-1
12205,1402531200,2147483647,false,7,3379,-1,-1,-1,-1,-1
12207,1402531200,2147483647,false,8,-1,-1,-1,-1,-1,-1
12209,1402531200,2147483647,false,8,4206,-1,-1,-1,-1,-1
12211,1402531200,2147483647,false,2,-1,-1,-1,-1,-1,-1
12213,1402531200,2147483647,false,18,486,-1,-1,-1,-1,-1
12215,1402531200,2147483647,false,7,3379,-1,-1,-1,-1,-1
12217,1402531200,2147483647,false,8,-1,-1,-1,-1,-1,-1
12219,1402531200,2147483647,false,8,4206,-1,-1,-1,-1,-1
12221,1402531200,2147483647,false,2,-1,-1,-1,-1,-1,-1
12223,1402531200,2147483647,false,18,486,-1,-1,-1,-1,-1
12225,1402531200,2147483647,false,7,3379,-1,-1,-1,-1,-1
12227,1402531200,2147483647,false,8,-1,-1,-1,-1,-1,-1
12229,1402531200,2147483647,false,8,4206,-1,-1,-1,-1,-1
12231,1402531200,2147483647,false,2,-1,-1,-1,-1,-1,-1
12233,1402531200,2147483647,false,18,486,-1,-1,-1,-1,-1
12235,1402531200,2147483647,false,7,3379,-1,-1,-1,-1,-1
12237,1402531200,2147483647,false,8,-1,-1,-1,-1,-1,-1
12239,1402531200,2147483647,false,8,4206,-1,-1,-1,-1,-1
12241,1402531200,2147483647,false,2,-1,-1,-1,-1,-1,-1
12243,1402531200,2147483647,false,18,486,-1,-1,-1,-1,-1
12245,1402531200,2147483647,false,0,54280,-1,-1,332,-1,-1
12247,1402531200,2147483647,false,2416,-1,-1,-1,-1,-1,-1
12249,1402531200,2147483647,false,0,18558,-1,-1,-1,-1,-1
12251,1402531200,2147483647,false,0,18556,-1,-1,28553,-1,-1
12253,1402531200,2147483647,false,7,28542,-1,-1,-1,-1,-1
12255,1402531200,2147483647,false,8,-1,-1,-1,-1,-1,-1
12257,1402531200,2147483647,false,10,-1,-1,-1,-1,-1,-1
12259,1402531200,2147483647,false,2,-1,230,-1,-1,-1,-1
12261,1402531200,2147483647,false,615,28484,-1,-1,-1,-1,-1
12263,1402531200,2147483647,false,1,-1,-1,-1,-1,-1,-1
12265,1402531200,2147483647,false,7,28533,-1,-1,-1,-1,-1
12267,1402531200,2147483647,false,8,-1,-1,-1,-1,-1,-1
12269,1402531200,2147483647,false,10,-1,-1,-1,-1,-1,-1
12271,1402531200,2147483647,false,2,-1,230,-1,-1,-1,-1
12273,1402531200,2147483647,false,615,28489,-1,-1,-1,-1,-1
12275,1402531200,2147483647,false,1,-1,-1,-1,-1,-1,-1
12277,1402531200,2147483647,false,7,3379,-1,-1,-1,-1,-1
12279,1402531200,2147483647,false,8,-1,-1,-1,-1,-1,-1
12281,1402531200,2147483647,false,18,486,-1,-1,-1,-1,-1
12283,1402531200,2147483647,false,2,-1,-1,-1,-1,-1,-1
12285,1402531200,2147483647,false,8,4206,-1,-1,-1,-1,-1
12287,1402531200,2147483647,false,7,3379,-1,-1,-1,-1,-1
12289,1402531200,2147483647,false,8,-1,-1,-1,-1,-1,-1
12291,1402531200,2147483647,false,18,486,-1,-1,-1,-1,-1
12293,1402531200,2147483647,false,2,-1,-1,-1,-1,-1,-1
12295,1402531200,2147483647,false,8,4206,-1,-1,-1,-1,-1
12297,1402531200,2147483647,false,67,-1,-1,-1,-1,-1,-1
12299,1402531200,2147483647,false,0,-1,-1,-1,-1,-1,-1
12301,1402531200,2147483647,false,0,-1,-1,-1,-1,-1,-1
12303,1402531200,2147483647,false,0,-1,-1,-1,-1,-1,-1
12305,1402531200,2147483647,false,0,-1,-1,-1,-1,-1,-1
12307,1402531200,2147483647,false,0,-1,-1,-1,-1,-1,-1
12309,1402531200,2147483647,false,0,-1,-1,-1,-1,-1,-1
12311,1402531200,2147483647,false,0,-1,-1,-1,-1,-1,-1
12313,1402531200,2147483647,false,0,-1,-1,-1,-1,-1,-1
12315,1402531200,2147483647,false,0,20158,-1,-1,-1,-1,-1
12317,1402531200,2147483647,false,0,20140,-1,-1,-1,-1,-1
12319,1402531200,2147483647,false,0,-1,-1,-1,-1,-1,-1
12321,1402531200,2147483647,false,0,-1,-1,-1,-1,-1,-1
12323,1402531200,2147483647,false,0,-1,-1,-1,-1,-1,-1
12325,1402531200,2147483647,false,0,-1,-1,-1,-1,-1,-1
12327,1402531200,2147483647,false,7,11345,-1,-1,-1,-1,-1
12329,1402531200,2147483647,false,8,11411,-1,-1,11355,-1,-1
12331,1402531200,2147483647,false,7,11345,-1,-1,-1,-1,-1
12333,1402531200,2147483647,false,8,11411,-1,-1,11355,-1,-1
12335,1402531200,2147483647,false,0,-1,-1,-1,-1,-1,-1
12337,1402531200,2147483647,false,0,-1,-1,-1,-1,-1,-1
12339,1402531200,2147483647,false,0,20159,-1,-1,-1,-1,-1
12341,1402531200,2147483647,false,0,20141,-1,-1,-1,-1,-1
12343,1402531200,2147483647,false,0,20159,-1,-1,-1,-1,-1
12345,1402531200,2147483647,false,0,20141,-1,-1,-1,-1,-1
12347,1402531200,2147483647,false,0,20158,-1,-1,-1,-1,-1
12349,1402531200,2147483647,false,0,20140,-1,-1,-1,-1,-1
12351,1402531200,2147483647,false,0,-1,-1,-1,-1,-1,-1
12353,1402531200,2147483647,false,0,-1,-1,-1,-1,-1,-1
12355,1402531200,2147483647,false,0,-1,-1,-1,-1,-1,-1
12357,1402531200,2147483647,false,21,-1,-1,-1,-1,-1,-1
12359,1402531200,2147483647,false,0,28514,-1,-1,-1,-1,-1
12361,1402531200,2147483647,false,0,20135,-1,-1,-1,-1,-1
12363,1402531200,2147483647,false,0,28508,-1,-1,-1,-1,-1
12365,1402531200,2147483647,false,0,28508,-1,-1,-1,-1,-1
12367,1402531200,2147483647,false,0,28508,-1,-1,-1,-1,-1
12369,1402531200,2147483647,false,0,28508,-1,-1,-1,-1,-1
12371,1402531200,2147483647,false,0,54267,-1,-1,-1,-1,-1
12373,1402531200,2147483647,false,92,28626,-1,-1,-1,-1,-1
12375,1402531200,2147483647,false,39,-1,-1,-1,-1,-1,-1
12377,1402531200,2147483647,false,39,-1,-1,-1,-1,-1,-1
12379,1402531200,2147483647,false,39,-1,-1,-1,-1,-1,-1
12381,1402531200,2147483647,false,7,11345,-1,-1,-1,-1,-1
12383,1402531200,2147483647,false,8,11411,-1,-1,11355,-1,-1
12385,1402531200,2147483647,false,7,11345,-1,-1,-1,-1,-1
12387,1402531200,2147483647,false,8,11411,-1,-1,11355,-1,-1
12389,1402531200,2147483647,false,21,-1,-1,-1,-1,-1,-1
12391,1402531200,2147483647,false,17,-1,-1,-1,-1,-1,-1
12393,1402531200,2147483647,false,0,-1,-1,-1,-1,-1,-1
12395,1402531200,2147483647,false,0,-1,-1,-1,-1,-1,-1
12397,1402531200,2147483647,false,0,-1,-1,-1,-1,-1,-1
12399,1402531200,2147483647,false,0,-1,-1,-1,-1,-1,-1
12402,1402531200,2147483647,false,1138,-1,-1,-1,-1,-1,-1
12403,1402531200,2147483647,false,1138,-1,-1,-1,-1,-1,-1
12404,1402531200,2147483647,false,1138,-1,-1,-1,-1,-1,-1
12405,1402531200,2147483647,false,1138,-1,-1,-1,-1,-1,-1
12406,1402531200,2147483647,false,1138,-1,-1,-1,-1,-1,-1
12407,1402531200,2147483647,false,1138,-1,-1,-1,-1,-1,-1
12408,1402531200,2147483647,false,1138,-1,-1,-1,-1,-1,-1
12409,1402531200,2147483647,false,1138,-1,-1,-1,-1,-1,-1
12410,1402531200,2147483647,false,1138,-1,-1,-1,-1,-1,-1
12411,1402531200,2147483647,false,1138,-1,-1,-1,-1,-1,-1
12412,1402531200,2147483647,false,0,-1,-1,-1,-1,-1,-1
12414,1402531200,2147483647,false,7,-1,-1,-1,28614,-1,-1
12415,1402531200,2147483647,false,8,-1,-1,-1,-1,-1,-1
12416,1402531200,2147483647,false,8,6029,-1,-1,-1,-1,-1
12417,1402531200,2147483647,false,2,19861,-1,-1,-1,-1,-1
12418,1402531200,2147483647,false,18,-1,-1,-1,-1,-1,-1
12419,1402531200,2147483647,false,10,-1,-1,-1,-1,-1,-1
12420,1402531200,2147483647,false,10,-1,-1,-1,-1,-1,-1
12421,1402531200,2147483647,false,10,-1,-1,-1,10693,-1,-1
12422,1402531200,2147483647,false,1,-1,-1,-1,-1,-1,-1
12424,1402531200,2147483647,false,64,28622,-1,-1,-1,-1,-1
12426,1402531200,2147483647,false,61,28618,-1,-1,-1,-1,-1
12428,1402531200,2147483647,false,0,54279,-1,-1,54255,-1,-1
12430,1402531200,2147483647,false,0,54278,-1,-1,-1,-1,-1
12432,1402531200,2147483647,false,0,-1,-1,-1,-1,-1,-1
12434,1402531200,2147483647,false,0,-1,-1,-1,-1,-1,-1
12436,1402531200,2147483647,false,0,-1,-1,-1,-1,-1,-1
12437,1402531200,2147483647,false,615,-1,-1,-1,-1,-1,-1
12439,1402531200,2147483647,false,92,-1,-1,-1,-1,-1,-1
12441,1402531200,2147483647,false,0,28546,-1,-1,28609,-1,-1
12443,1402531200,2147483647,false,0,-1,-1,-1,-1,-1,-1
12445,1402531200,2147483647,false,0,10982,-1,-1,-1,-1,-1
12447,1402531200,2147483647,false,0,10982,-1,-1,-1,-1,-1
12449,1402531200,2147483647,false,0,-1,10984,-1,-1,-1,-1
12451,1402531200,2147483647,false,0,-1,10984,-1,-1,-1,-1
12453,1402531200,2147483647,false,0,-1,-1,-1,-1,-1,-1
12455,1402531200,2147483647,false,0,-1,-1,-1,-1,-1,-1
12457,1402531200,2147483647,false,10,-1,-1,-1,-1,-1,-1
12458,1402531200,2147483647,false,10,-1,-1,-1,-1,-1,-1
12459,1402531200,2147483647,false,10,-1,-1,-1,10693,-1,-1
12460,1402531200,2147483647,false,7,3379,-1,-1,-1,-1,-1
12462,1402531200,2147483647,false,8,-1,-1,-1,-1,-1,-1
12464,1402531200,2147483647,false,8,4206,-1,-1,-1,-1,-1
12466,1402531200,2147483647,false,2,-1,-1,-1,-1,-1,-1
12468,1402531200,2147483647,false,18,486,-1,-1,-1,-1,-1
12470,1402531200,2147483647,false,7,3379,-1,-1,-1,-1,-1
12472,1402531200,2147483647,false,8,-1,-1,-1,-1,-1,-1
12474,1402531200,2147483647,false,8,4206,-1,-1,-1,-1,-1
12476,1402531200,2147483647,false,2,-1,-1,-1,-1,-1,-1
12478,1402531200,2147483647,false,18,486,-1,-1,-1,-1,-1
12480,1402531200,2147483647,false,7,3379,-1,-1,-1,-1,-1
12482,1402531200,2147483647,false,8,-1,-1,-1,-1,-1,-1
12484,1402531200,2147483647,false,8,4206,-1,-1,-1,-1,-1
12486,1402531200,2147483647,false,2,-1,-1,-1,-1,-1,-1
12488,1402531200,2147483647,false,18,486,-1,-1,-1,-1,-1
12490,1402531200,2147483647,false,16,20129,-1,-1,-1,-1,-1
12492,1402531200,2147483647,false,7,28543,-1,-1,-1,-1,-1
12494,1402531200,2147483647,false,8,-1,-1,-1,-1,-1,-1
12496,1402531200,2147483647,false,2,-1,230,-1,-1,-1,-1
12498,1402531200,2147483647,false,16,20129,-1,-1,-1,-1,-1
12500,1402531200,2147483647,false,7,28539,-1,-1,-1,-1,-1
12502,1402531200,2147483647,false,8,-1,-1,-1,-1,-1,-1
12504,1402531200,2147483647,false,2,-1,230,-1,-1,-1,-1
12506,1402531200,2147483647,false,16,20129,-1,-1,-1,-1,-1
12508,1402531200,2147483647,false,7,28530,-1,-1,-1,-1,-1
12510,1402531200,2147483647,false,8,-1,-1,-1,-1,-1,-1
12512,1402531200,2147483647,false,2,-1,230,-1,-1,-1,-1
12514,1402531200,2147483647,false,0,-1,-1,-1,-1,-1,-1
12516,1402531200,2147483647,false,0,-1,-1,-1,-1,-1,-1
12518,1402531200,2147483647,false,0,28508,-1,-1,-1,-1,-1
12520,1402531200,2147483647,false,0,28508,-1,-1,-1,-1,-1
12522,1402531200,2147483647,false,0,28508,-1,-1,-1,-1,-1
12524,1402531200,2147483647,false,0,28508,-1,-1,-1,-1,-1
12526,1402531200,2147483647,false,0,-1,-1,-1,-1,-1,-1
12528,1402531200,2147483647,false,0,-1,-1,-1,-1,-1,-1
12530,1402531200,2147483647,false,0,-1,-1,-1,-1,-1,-1
12532,1402531200,2147483647,false,0,-1,-1,-1,-1,-1,-1
12534,1402531200,2147483647,false,0,-1,-1,-1,-1,-1,-1
12536,1402531200,2147483647,false,0,-1,-1,-1,-1,-1,-1
12538,1402531200,2147483647,false,0,-1,-1,-1,-1,-1,-1
12540,1402531200,2147483647,false,0,-1,-1,-1,-1,-1,-1
12542,1402531200,2147483647,false,47,-1,-1,-1,-1,-1,-1
12543,1083715200,2147483647,false,47,-1,-1,-1,-1,-1,-1
12544,1402531200,2147483647,false,47,-1,-1,-1,-1,-1,-1
12545,1083715200,2147483647,false,47,-1,-1,-1,-1,-1,-1
12546,1402531200,2147483647,false,47,-1,-1,-1,-1,-1,-1
12547,1083715200,2147483647,false,47,-1,-1,-1,-1,-1,-1
12548,1402531200,2147483647,false,47,-1,-1,-1,-1,-1,-1
12549,1083715200,2147483647,false,47,-1,-1,-1,-1,-1,-1
12550,1402531200,2147483647,false,47,-1,-1,-1,-1,-1,-1
12551,1083715200,2147483647,false,47,-1,-1,-1,-1,-1,-1
12552,1402531200,2147483647,false,47,-1,-1,-1,-1,-1,-1
12553,1083715200,2147483647,false,47,-1,-1,-1,-1,-1,-1
12554,1402531200,2147483647,false,47,-1,-1,-1,-1,-1,-1
12555,1083715200,2147483647,false,47,-1,-1,-1,-1,-1,-1
12556,1402531200,2147483647,false,47,-1,-1,-1,-1,-1,-1
12557,1083715200,2147483647,false,47,-1,-1,-1,-1,-1,-1
12558,1402531200,2147483647,false,47,-1,-1,-1,-1,-1,-1
12559,1083715200,2147483647,false,47,-1,-1,-1,-1,-1,-1
12560,1402531200,2147483647,false,47,-1,-1,-1,-1,-1,-1
12561,1083715200,2147483647,false,47,-1,-1,-1,-1,-1,-1
12562,1402531200,2147483647,false,47,-1,-1,-1,-1,-1,-1
12563,1083715200,2147483647,false,47,-1,-1,-1,-1,-1,-1
12564,1402531200,2147483647,false,47,-1,-1,-1,-1,-1,-1
12565,1083715200,2147483647,false,47,-1,-1,-1,-1,-1,-1
12566,1402531200,2147483647,false,47,-1,-1,-1,-1,-1,-1
12567,1140393600,2147483647,false,48,-1,-1,-1,-1,-1,-1
12568,1402531200,2147483647,false,47,-1,-1,-1,-1,-1,-1
12569,1140393600,2147483647,false,48,-1,-1,-1,-1,-1,-1
12570,1402531200,2147483647,false,47,-1,-1,-1,-1,-1,-1
12571,1140393600,2147483647,false,48,-1,-1,-1,-1,-1,-1
12572,1402531200,2147483647,false,47,-1,-1,-1,-1,-1,-1
12573,1140393600,2147483647,false,48,-1,-1,-1,-1,-1,-1
12574,1402531200,2147483647,false,47,-1,-1,-1,-1,-1,-1
12575,1140393600,2147483647,false,48,-1,-1,-1,-1,-1,-1
12576,1402531200,2147483647,false,47,-1,-1,-1,-1,-1,-1
12577,1140393600,2147483647,false,48,-1,-1,-1,-1,-1,-1
12578,1402531200,2147483647,false,47,-1,-1,-1,-1,-1,-1
12579,1083715200,2147483647,false,50,-1,-1,-1,-1,-1,-1
12580,1083715200,2147483647,false,47,-1,-1,-1,-1,-1,-1
12581,1402531200,2147483647,false,47,-1,-1,-1,-1,-1,-1
12582,1098748800,2147483647,false,50,-1,-1,-1,-1,-1,-1
12583,1083715200,2147483647,false,47,-1,-1,-1,-1,-1,-1
12584,1402531200,2147483647,false,47,-1,-1,-1,-1,-1,-1
12585,1098748800,2147483647,false,50,-1,-1,-1,-1,-1,-1
12586,1083715200,2147483647,false,47,-1,-1,-1,-1,-1,-1
12587,1402531200,2147483647,false,47,-1,-1,-1,-1,-1,-1
12588,1083715200,2147483647,false,50,-1,-1,-1,-1,-1,-1
12589,1083715200,2147483647,false,47,-1,-1,-1,-1,-1,-1
12590,1402531200,2147483647,false,47,-1,-1,-1,-1,-1,-1
12591,1083715200,2147483647,false,47,-1,-1,-1,-1,-1,-1
12592,1402531200,1410393600,false,15,-1,-1,-1,-1,-1,-1
12594,1402531200,1410393600,false,15,-1,-1,-1,-1,-1,-1
12596,1403740800,2147483647,false,7,28810,-1,-1,-1,-1,-1
12598,1403740800,2147483647,false,0,-1,-1,-1,-1,-1,-1
12600,1403740800,2147483647,false,0,-1,-1,-1,-1,-1,-1
12601,1403740800,2147483647,false,0,-1,-1,-1,-1,-1,-1
12603,1403740800,2147483647,false,0,-1,-1,-1,-1,-1,-1
12605,1403740800,2147483647,false,0,-1,-1,-1,-1,-1,-1
12607,1404345600,2147483647,false,0,-1,-1,-1,-1,-1,-1
12608,1404345600,2147483647,true,0,-1,-1,-1,-1,-1,-1
12609,1404345600,2147483647,false,0,-1,-1,-1,-1,-1,-1
12610,1404345600,2147483647,true,0,-1,-1,-1,-1,-1,-1
12611,1404345600,2147483647,false,0,-1,-1,-1,-1,-1,-1
12612,1404345600,2147483647,true,0,-1,-1,-1,-1,-1,-1
12613,1404345600,2147483647,false,759,-1,-1,-1,-1,-1,-1
12614,1404345600,2147483647,false,759,-1,-1,-1,-1,-1,-1
12615,1404345600,2147483647,false,759,-1,-1,-1,-1,-1,-1
12616,1404345600,2147483647,false,759,-1,-1,-1,-1,-1,-1
12617,1404345600,2147483647,false,759,-1,-1,-1,-1,-1,-1
12618,1404345600,2147483647,false,759,-1,-1,-1,-1,-1,-1
12619,1404345600,2147483647,false,759,-1,-1,-1,-1,-1,-1
12620,1404345600,2147483647,false,759,-1,-1,-1,-1,-1,-1
12621,1404345600,2147483647,false,759,-1,-1,-1,-1,-1,-1
12622,1404345600,2147483647,false,759,-1,-1,-1,-1,-1,-1
12623,1404345600,2147483647,false,759,-1,-1,-1,-1,-1,-1
12624,1404345600,2147483647,false,759,-1,-1,-1,-1,-1,-1
12625,1404345600,2147483647,false,69,-1,-1,-1,-1,-1,-1
12627,1404345600,2147483647,false,69,-1,-1,-1,-1,-1,-1
12629,1404345600,2147483647,false,69,-1,-1,-1,-1,-1,-1
12631,1404345600,2147483647,false,69,-1,-1,-1,-1,-1,-1
12633,1404345600,2147483647,false,69,-1,-1,-1,-1,-1,-1
12635,1404345600,2147483647,false,69,-1,-1,-1,-1,-1,-1
12637,1404345600,2147483647,false,2,-1,-1,-1,-1,-1,-1
12638,1404345600,2147483647,false,2,-1,-1,-1,-1,-1,-1
12639,1404345600,2147483647,false,2,-1,-1,-1,-1,-1,-1
12640,1404345600,2147483647,false,0,-1,-1,-1,-1,-1,-1
12641,1404345600,2147483647,false,720,-1,-1,-1,-1,-1,-1
12642,1405555200,2147483647,false,1138,-1,-1,-1,-1,-1,-1
12643,1405555200,2147483647,false,0,-1,-1,-1,-1,-1,-1
12644,1405555200,2147483647,false,0,-1,-1,-1,-1,-1,-1
12645,1405555200,2147483647,false,0,-1,-1,-1,-1,-1,-1
12646,1405555200,2147483647,false,0,-1,-1,-1,-1,-1,-1
12647,1405555200,2147483647,false,0,-1,-1,-1,-1,-1,-1
12648,1538006400,2147483647,false,0,-1,-1,-1,-1,-1,-1
12649,1405555200,2147483647,false,0,-1,-1,-1,-1,-1,-1
12650,1405555200,2147483647,false,0,-1,-1,-1,-1,-1,-1
12651,1405555200,2147483647,false,0,-1,-1,-1,-1,-1,-1
12652,1405555200,2147483647,false,0,-1,-1,-1,-1,-1,-1
12653,1405555200,2147483647,false,0,-1,-1,-1,-1,-1,-1
12654,1405555200,2147483647,false,0,-1,-1,-1,-1,-1,-1
12655,1405555200,2147483647,false,0,-1,-1,-1,-1,-1,-1
12656,1405555200,1409011200,false,0,-1,-1,-1,-1,-1,-1
12657,1405555200,1409011200,false,0,-1,-1,-1,-1,-1,-1
12658,1406160000,2147483647,true,1,-1,-1,-1,-1,-1,-1
12659,1406160000,2147483647,false,760,-1,-1,-1,-1,-1,-1
12660,1406160000,2147483647,false,760,249,-1,-1,-1,-1,-1
12661,1406160000,2147483647,false,760,250,-1,-1,-1,-1,-1
12662,1406160000,2147483647,false,760,251,-1,-1,-1,-1,-1
12663,1406160000,2147483647,false,760,247,-1,-1,-1,-1,-1
12664,1406160000,2147483647,false,760,246,-1,-1,-1,-1,-1
12665,1406160000,2147483647,false,760,248,-1,-1,-1,-1,-1
12666,1406160000,2147483647,false,760,253,-1,-1,-1,-1,-1
12667,1406160000,2147483647,false,760,252,-1,-1,-1,-1,-1
12668,1406160000,2147483647,false,760,28329,-1,-1,-1,-1,-1
12669,1406160000,2147483647,false,760,28331,-1,-1,-1,-1,-1
12670,1406160000,2147483647,false,760,28330,-1,-1,-1,-1,-1
12671,1406160000,2147483647,false,760,28328,-1,-1,-1,-1,-1
12672,1406160000,2147483647,false,760,28327,-1,-1,-1,-1,-1
12673,1406160000,2147483647,false,760,28333,-1,-1,-1,-1,-1
12674,1406160000,2147483647,false,760,28332,-1,-1,-1,-1,-1
12675,1406160000,2147483647,false,760,-1,-1,-1,-1,-1,-1
12676,1406160000,2147483647,false,760,249,-1,-1,-1,-1,-1
12677,1406160000,2147483647,false,760,250,-1,-1,-1,-1,-1
12678,1406160000,2147483647,false,760,251,-1,-1,-1,-1,-1
12679,1406160000,2147483647,false,760,247,-1,-1,-1,-1,-1
12680,1406160000,2147483647,false,760,246,-1,-1,-1,-1,-1
12681,1406160000,2147483647,false,760,248,-1,-1,-1,-1,-1
12682,1406160000,2147483647,false,760,253,-1,-1,-1,-1,-1
12683,1406160000,2147483647,false,760,252,-1,-1,-1,-1,-1
12684,1406160000,2147483647,false,760,28329,-1,-1,-1,-1,-1
12685,1406160000,2147483647,false,760,28331,-1,-1,-1,-1,-1
12686,1406160000,2147483647,false,760,28330,-1,-1,-1,-1,-1
12687,1406160000,2147483647,false,760,28328,-1,-1,-1,-1,-1
12688,1406160000,2147483647,false,760,28327,-1,-1,-1,-1,-1
12689,1406160000,2147483647,false,760,28333,-1,-1,-1,-1,-1
12690,1406160000,2147483647,false,760,28332,-1,-1,-1,-1,-1
12691,1406160000,2147483647,false,0,-1,-1,-1,-1,-1,-1
12692,1406160000,2147483647,false,0,-1,-1,-1,-1,-1,-1
12693,1406160000,1484179200,false,0,-1,-1,-1,-1,-1,-1
12694,1406160000,1484179200,false,0,-1,-1,-1,-1,-1,-1
12695,1407974400,2147483647,false,69,-1,-1,-1,-1,-1,-1
12697,1407974400,2147483647,false,69,-1,-1,-1,-1,-1,-1
12699,1407974400,2147483647,false,69,-1,-1,-1,-1,-1,-1
12701,1407974400,2147483647,false,69,-1,-1,-1,-1,-1,-1
12703,1407974400,2147483647,false,0,-1,-1,-1,-1,-1,-1
12704,0,2147483647,false,206,-1,-1,-1,-1,-1,-1
12705,0,2147483647,false,206,-1,-1,-1,-1,-1,-1
12706,0,2147483647,false,206,-1,-1,-1,-1,-1,-1
12707,0,2147483647,false,206,-1,-1,-1,-1,-1,-1
12708,0,2147483647,false,206,-1,-1,-1,-1,-1,-1
12709,0,2147483647,false,206,-1,-1,-1,-1,-1,-1
12710,0,2147483647,false,206,-1,-1,-1,-1,-1,-1
12711,0,2147483647,false,206,-1,-1,-1,-1,-1,-1
12712,0,2147483647,false,206,-1,-1,-1,-1,-1,-1
12713,0,2147483647,false,206,-1,-1,-1,-1,-1,-1
12714,0,2147483647,false,206,-1,-1,-1,-1,-1,-1
12715,0,2147483647,false,206,-1,-1,-1,-1,-1,-1
12716,0,2147483647,false,206,-1,-1,-1,-1,-1,-1
12717,0,2147483647,false,206,-1,-1,-1,-1,-1,-1
12718,0,2147483647,false,206,-1,-1,-1,-1,-1,-1
12719,0,2147483647,false,206,-1,-1,-1,-1,-1,-1
12720,0,2147483647,false,206,-1,-1,-1,-1,-1,-1
12721,0,2147483647,false,206,-1,-1,-1,-1,-1,-1
12722,0,2147483647,false,206,-1,-1,-1,-1,-1,-1
12723,0,2147483647,false,206,-1,-1,-1,-1,-1,-1
12724,0,2147483647,false,206,-1,-1,-1,-1,-1,-1
12725,0,2147483647,false,483,-1,-1,-1,-1,-1,-1
12726,0,2147483647,false,483,-1,-1,-1,-1,-1,-1
12727,1410393600,2147483647,false,188,-1,-1,-1,-1,-1,-1
12728,1410998400,2147483647,false,720,-1,-1,-1,-1,-1,-1
12730,1410998400,2147483647,false,720,-1,-1,-1,-1,-1,-1
12732,1410998400,2147483647,false,720,-1,-1,-1,-1,-1,-1
12734,1410998400,2147483647,false,720,-1,-1,-1,-1,-1,-1
12736,1410998400,2147483647,false,720,-1,-1,-1,-1,-1,-1
12738,1410998400,2147483647,false,720,-1,-1,-1,-1,-1,-1
12740,1410998400,2147483647,false,720,-1,-1,-1,-1,-1,-1
12742,1410998400,2147483647,false,720,-1,-1,-1,-1,-1,-1
12744,1410998400,2147483647,false,720,-1,-1,-1,-1,-1,-1
12746,1571270400,2147483647,false,1404,-1,-1,-1,-1,-1,-1
12748,1571270400,1610496000,false,1404,-1,-1,-1,-1,-1,-1
12749,1571270400,1610496000,false,1404,-1,-1,-1,-1,-1,-1
12750,1571270400,1610496000,false,1404,-1,-1,-1,-1,-1,-1
12751,1571270400,2147483647,false,1404,-1,-1,-1,-1,-1,-1
12752,1571270400,1610496000,false,1404,-1,-1,-1,-1,-1,-1
12753,1571270400,1610496000,false,1404,-1,-1,-1,-1,-1,-1
12754,1571270400,1610496000,false,1404,-1,-1,-1,-1,-1,-1
12755,1571270400,1610496000,false,1404,-1,-1,-1,-1,-1,-1
12756,1571270400,1610496000,false,1404,-1,-1,-1,-1,-1,-1
12757,1410998400,2147483647,false,0,-1,-1,-1,-1,-1,-1
12759,1410998400,2147483647,false,0,-1,-1,-1,-1,-1,-1
12761,1410998400,2147483647,false,0,-1,-1,-1,-1,-1,-1
12763,1410998400,2147483647,false,0,-1,-1,-1,-1,-1,-1
12765,1410998400,2147483647,false,64,-1,-1,-1,-1,-1,-1
12766,1410998400,2147483647,false,64,-1,-1,-1,-1,-1,-1
12767,1410998400,2147483647,false,64,-1,-1,-1,-1,-1,-1
12768,1410998400,2147483647,false,64,-1,-1,-1,-1,-1,-1
12769,1410998400,2147483647,false,0,-1,-1,-1,-1,-1,-1
12771,1410998400,2147483647,false,0,-1,-1,-1,-1,-1,-1
12773,1410998400,2147483647,false,150,56341,-1,-1,-1,-1,-1
12774,1410998400,2147483647,false,150,56342,-1,-1,-1,-1,-1
12775,1410998400,2147483647,false,482,-1,-1,-1,-1,-1,-1
12776,1410998400,2147483647,false,482,-1,-1,-1,-1,-1,-1
12777,1410998400,2147483647,false,482,-1,-1,-1,-1,-1,-1
12778,1410998400,2147483647,false,482,-1,-1,-1,-1,-1,-1
12779,1410998400,2147483647,false,482,-1,-1,-1,-1,-1,-1
12780,1410998400,2147483647,false,482,-1,-1,-1,-1,-1,-1
12781,1410998400,2147483647,false,482,-1,-1,-1,-1,-1,-1
12782,1410998400,2147483647,false,482,-1,-1,-1,-1,-1,-1
12783,1410998400,2147483647,false,0,-1,-1,-1,-1,-1,-1
12785,1410998400,2147483647,false,656,-1,-1,-1,-1,-1,-1
12786,1410998400,2147483647,false,0,-1,-1,-1,-1,-1,-1
12788,1410998400,2147483647,false,64,-1,-1,-1,-1,-1,-1
12789,1411603200,2147483647,false,0,-1,-1,-1,-1,-1,-1
12791,1411603200,2147483647,false,149,-1,-1,-1,-1,-1,-1
12792,1412208000,2147483647,false,174,-1,-1,-1,-1,-1,-1
12793,1412208000,2147483647,false,174,-1,-1,-1,-1,-1,-1
12794,1412208000,2147483647,false,174,-1,-1,-1,-1,-1,-1
12795,1412812800,2147483647,false,1,-1,-1,-1,-1,-1,-1
12796,1412812800,2147483647,false,1,-1,-1,-1,-1,-1,-1
12797,1412812800,2147483647,false,67,-1,-1,-1,-1,-1,-1
12798,1412812800,2147483647,false,0,-1,-1,-1,-1,-1,-1
12800,1412812800,2147483647,false,0,-1,-1,-1,-1,-1,-1
12802,1412812800,2147483647,false,0,-1,-1,-1,-1,-1,-1
12804,1412812800,2147483647,false,0,-1,-1,-1,-1,-1,-1
12806,1412812800,2147483647,false,18,8963,-1,-1,-1,-1,-1
12807,1412812800,2147483647,false,18,8960,-1,-1,-1,-1,-1
12808,1412812800,2147483647,false,61,-1,-1,-1,-1,-1,-1
12809,1412812800,2147483647,false,61,-1,-1,-1,-1,-1,-1
12810,1413158400,2147483647,false,2,-1,-1,-1,-1,-1,-1
12811,1413158400,2147483647,false,7,-1,558,-1,11033,-1,-1
12812,1413158400,2147483647,false,8,-1,-1,-1,11026,-1,-1
12813,1413158400,2147483647,false,2,-1,-1,-1,54250,-1,-1
12814,1413158400,2147483647,false,7,2662,2342,-1,11030,-1,-1
12815,1413158400,2147483647,false,8,530,-1,-1,11025,-1,-1
12816,1413417600,2147483647,false,0,-1,-1,-1,-1,-1,-1
12817,1413417600,2147483647,false,18,11048,-1,-1,-1,-1,-1
12819,1413417600,2147483647,false,253,-1,-1,-1,-1,-1,-1
12821,1413417600,2147483647,false,18,11046,-1,-1,-1,-1,-1
12823,1413417600,2147483647,false,253,-1,-1,-1,-1,-1,-1
12825,1413417600,2147483647,false,18,11050,-1,-1,-1,-1,-1
12827,1413417600,2147483647,false,253,-1,-1,-1,-1,-1,-1
12829,1413417600,2147483647,false,18,11049,-1,-1,-1,-1,-1
12831,1413417600,2147483647,false,18,-1,-1,-1,-1,-1,-1
12833,1413417600,2147483647,false,0,-1,-1,-1,-1,-1,-1
12835,1414022400,2147483647,false,15,-1,-1,-1,-1,-1,-1
12836,1414022400,1415232000,false,15,-1,-1,-1,-1,-1,-1
12837,1414022400,1415232000,false,15,-1,-1,-1,-1,-1,-1
12838,1414022400,1415232000,false,15,-1,-1,-1,-1,-1,-1
12839,1414022400,1415232000,false,15,-1,-1,-1,-1,-1,-1
12840,1414022400,1415232000,false,15,-1,-1,-1,-1,-1,-1
12841,1414022400,1415232000,false,15,-1,-1,-1,-1,-1,-1
12842,1414022400,1415232000,false,15,-1,-1,-1,-1,-1,-1
12843,1414022400,1415232000,false,15,-1,-1,-1,-1,-1,-1
12844,1414022400,1415232000,false,15,-1,-1,-1,-1,-1,-1
12845,1414022400,2147483647,false,0,-1,-1,-1,-1,-1,-1
12846,1414627200,2147483647,false,0,-1,-1,-1,-1,-1,-1
12848,1415232000,2147483647,false,26,-1,-1,-1,-1,-1,-1
12849,1415232000,2147483647,false,0,-1,-1,-1,-1,-1,-1
12851,1415232000,2147483647,false,0,28991,-1,-1,-1,-1,-1
12853,1415232000,2147483647,false,0,28991,-1,-1,-1,-1,-1
12854,1415232000,2147483647,false,0,-1,-1,-1,-1,-1,-1
12855,1415232000,2147483647,false,265,-1,-1,-1,-1,-1,-1
12856,1415232000,2147483647,false,265,-1,-1,-1,-1,-1,-1
12857,1416441600,2147483647,false,720,-1,-1,-1,-1,-1,-1
12859,1416441600,2147483647,false,720,-1,-1,-1,-1,-1,-1
12861,1417046400,1418169600,false,15,-1,-1,-1,-1,-1,-1
12862,0,2147483647,false,15,-1,-1,-1,-1,-1,-1
12863,1418169600,2147483647,false,1590,-1,-1,-1,-1,-1,-1
12865,1418169600,2147483647,false,1590,-1,-1,-1,-1,-1,-1
12867,1418169600,2147483647,false,1590,-1,-1,-1,-1,-1,-1
12869,1418169600,2147483647,false,1590,-1,-1,-1,-1,-1,-1
12871,1418169600,2147483647,false,1590,-1,-1,-1,-1,-1,-1
12873,1418169600,2147483647,false,1590,-1,-1,-1,-1,-1,-1
12875,1418169600,2147483647,false,1590,-1,-1,-1,-1,-1,-1
12877,1418169600,2147483647,false,1590,-1,-1,-1,-1,-1,-1
12879,1418169600,2147483647,false,1590,-1,-1,-1,-1,-1,-1
12881,1418169600,2147483647,false,1590,-1,-1,-1,-1,-1,-1
12883,1418169600,2147483647,false,1590,-1,-1,-1,-1,-1,-1
12885,1418860800,2147483647,false,0,-1,-1,-1,-1,-1,-1
12887,1418860800,2147483647,false,0,54281,-1,-1,54259,-1,-1
12888,1418860800,2147483647,false,0,28983,-1,-1,29005,29002,-1
12889,1418860800,2147483647,false,0,28979,-1,-1,29001,-1,-1
12890,1418860800,2147483647,false,0,28978,-1,-1,-1,-1,-1
12891,1418860800,2147483647,false,0,-1,-1,-1,29007,-1,-1
12892,1418860800,2147483647,false,0,54282,-1,-1,54258,-1,-1
12893,1418860800,2147483647,false,0,-1,-1,-1,29004,-1,-1
12894,1418860800,2147483647,false,0,-1,-1,-1,29000,-1,-1
12895,1418860800,2147483647,false,0,28977,-1,-1,28999,-1,-1
12896,1418860800,2147483647,false,0,-1,-1,-1,29006,-1,-1
12897,1418860800,1420675200,false,15,-1,-1,-1,-1,-1,-1
12898,1418860800,1420675200,false,15,-1,-1,-1,-1,-1,-1
12899,1420675200,2147483647,false,1,-1,-1,-1,-1,-1,-1
12900,1420675200,2147483647,false,1,-1,-1,-1,-1,-1,-1
12902,1420675200,2147483647,false,1,-1,-1,-1,-1,-1,-1
12904,1420675200,2147483647,false,1,-1,-1,-1,-1,-1,-1
12905,1420675200,2147483647,false,69,-1,-1,-1,-1,-1,-1
12907,1420675200,2147483647,false,69,-1,-1,-1,-1,-1,-1
12909,1420675200,2147483647,false,69,-1,-1,-1,-1,-1,-1
12911,1420675200,2147483647,false,69,-1,-1,-1,-1,-1,-1
12913,1420675200,2147483647,false,69,-1,-1,-1,-1,-1,-1
12915,1420675200,2147483647,false,69,-1,-1,-1,-1,-1,-1
12917,1420675200,2147483647,false,69,-1,-1,-1,-1,-1,-1
12919,1420675200,2147483647,false,69,-1,-1,-1,-1,-1,-1
12921,1420675200,2147483647,false,0,-1,-1,-1,-1,-1,-1
12922,1420675200,2147483647,false,0,-1,-1,-1,-1,-1,-1
12924,1420675200,2147483647,false,24,-1,-1,-1,-1,-1,-1
12926,1420675200,2147483647,false,24,-1,-1,-1,-1,-1,-1
12927,1420675200,2147483647,false,0,-1,-1,-1,-1,-1,-1
12929,1420675200,2147483647,false,2,54261,-1,-1,54243,-1,-1
12931,1420675200,2147483647,false,2,54269,-1,-1,-1,-1,-1
12932,1420675200,2147483647,false,0,-1,-1,-1,-1,-1,-1
12934,1420675200,2147483647,false,0,-1,-1,-1,-1,-1,-1
12935,1420675200,2147483647,false,0,-1,-1,-1,-1,-1,-1
12936,1420675200,2147483647,false,0,-1,-1,-1,-1,-1,-1
12938,1420675200,2147483647,false,1138,-1,-1,-1,-1,-1,-1
12939,1421280000,2147483647,false,0,-1,-1,-1,-1,-1,-1
12940,1421280000,2147483647,false,0,-1,-1,-1,-1,-1,-1
12954,1423094400,2147483647,false,494,10420,-1,-1,-1,-1,-1
12955,1424304000,2147483647,false,15,-1,-1,-1,-1,-1,-1
12956,1424304000,2147483647,false,0,10426,-1,-1,-1,-1,-1
12957,1424304000,2147483647,false,0,-1,-1,-1,-1,-1,-1
12958,1424304000,2147483647,false,0,10423,-1,-1,-1,-1,-1
12959,1424304000,2147483647,false,0,19944,-1,-1,19952,-1,-1
12960,1424908800,2147483647,false,1590,-1,-1,-1,-1,-1,-1
12962,1424908800,2147483647,false,1590,-1,-1,-1,-1,-1,-1
12964,1424908800,2147483647,false,1590,-1,-1,-1,-1,-1,-1
12966,1424908800,2147483647,false,1590,-1,-1,-1,-1,-1,-1
12968,1424908800,2147483647,false,1590,-1,-1,-1,-1,-1,-1
12970,1424908800,2147483647,false,1590,-1,-1,-1,-1,-1,-1
12972,1424908800,2147483647,false,1590,-1,-1,-1,-1,-1,-1
12974,1424908800,2147483647,false,1590,-1,-1,-1,-1,-1,-1
12976,1424908800,2147483647,false,1590,-1,-1,-1,-1,-1,-1
12978,1424908800,2147483647,false,1590,-1,-1,-1,-1,-1,-1
12980,1424908800,2147483647,false,1590,-1,-1,-1,-1,-1,-1
12982,1424908800,2147483647,false,1590,-1,-1,-1,-1,-1,-1
12984,1424908800,2147483647,false,1590,-1,-1,-1,-1,-1,-1
12986,1424908800,2147483647,false,1590,-1,-1,-1,-1,-1,-1
12988,1424908800,2147483647,false,1590,-1,-1,-1,-1,-1,-1
12990,1424908800,2147483647,false,1590,-1,-1,-1,-1,-1,-1
12992,1424908800,2147483647,false,1590,-1,-1,-1,-1,-1,-1
12994,1424908800,2147483647,false,1590,-1,-1,-1,-1,-1,-1
12996,1424908800,2147483647,false,1590,-1,-1,-1,-1,-1,-1
12998,1424908800,2147483647,false,1590,-1,-1,-1,-1,-1,-1
13000,1424908800,2147483647,false,1590,-1,-1,-1,-1,-1,-1
13002,1424908800,2147483647,false,1590,-1,-1,-1,-1,-1,-1
13004,1424908800,2147483647,false,1590,-1,-1,-1,-1,-1,-1
13006,1424908800,2147483647,false,1590,-1,-1,-1,-1,-1,-1
13008,1424908800,2147483647,false,1590,-1,-1,-1,-1,-1,-1
13010,1424908800,2147483647,false,1590,-1,-1,-1,-1,-1,-1
13012,1424908800,2147483647,false,1590,-1,-1,-1,-1,-1,-1
13014,1424908800,2147483647,false,1590,-1,-1,-1,-1,-1,-1
13016,1424908800,2147483647,false,1590,-1,-1,-1,-1,-1,-1
13018,1424908800,2147483647,false,1590,-1,-1,-1,-1,-1,-1
13020,1424908800,2147483647,false,1590,-1,-1,-1,-1,-1,-1
13022,1424908800,2147483647,false,1590,-1,-1,-1,-1,-1,-1
13024,1424908800,2147483647,false,1590,-1,-1,-1,-1,-1,-1
13026,1424908800,2147483647,false,1590,-1,-1,-1,-1,-1,-1
13028,1424908800,2147483647,false,1590,-1,-1,-1,-1,-1,-1
13030,1424908800,2147483647,false,1590,-1,-1,-1,-1,-1,-1
13032,1424908800,2147483647,false,1590,-1,-1,-1,-1,-1,-1
13034,1424908800,2147483647,false,1590,-1,-1,-1,-1,-1,-1
13036,1424908800,2147483647,false,1590,-1,-1,-1,-1,-1,-1
13038,1424908800,2147483647,false,1590,-1,-1,-1,-1,-1,-1
13040,1424908800,2147483647,false,1590,-1,-1,-1,-1,-1,-1
13042,1424908800,2147483647,false,1590,-1,-1,-1,-1,-1,-1
13044,1424908800,2147483647,false,1590,-1,-1,-1,-1,-1,-1
13046,1424908800,2147483647,false,1590,-1,-1,-1,-1,-1,-1
13048,1424908800,2147483647,false,1590,-1,-1,-1,-1,-1,-1
13050,1424908800,2147483647,false,1590,-1,-1,-1,-1,-1,-1
13052,1424908800,2147483647,false,1590,-1,-1,-1,-1,-1,-1
13054,1424908800,2147483647,false,1590,-1,-1,-1,-1,-1,-1
13056,1424908800,2147483647,false,1590,-1,-1,-1,-1,-1,-1
13058,1424908800,2147483647,false,1590,-1,-1,-1,-1,-1,-1
13060,1424908800,2147483647,false,1590,-1,-1,-1,-1,-1,-1
13062,1424908800,2147483647,false,1590,-1,-1,-1,-1,-1,-1
13064,1424908800,2147483647,false,1590,-1,-1,-1,-1,-1,-1
13066,1424908800,2147483647,false,1590,-1,-1,-1,-1,-1,-1
13068,1425513600,2147483647,false,27,18946,-1,-1,-1,-1,-1
13069,1425513600,2147483647,false,27,31230,-1,-1,-1,-1,-1
13070,1425513600,2147483647,false,0,18967,-1,-1,-1,-1,-1
13071,1425513600,2147483647,false,0,-1,-1,-1,-1,-1,-1
13072,1425513600,2147483647,false,7,-1,29165,-1,-1,-1,-1
13073,1425513600,2147483647,false,8,29164,-1,-1,29167,-1,-1
13074,1426377600,2147483647,false,0,-1,-1,-1,-1,-1,-1
13075,1426377600,2147483647,false,0,-1,-1,-1,-1,-1,-1
13076,1426377600,2147483647,false,0,-1,-1,-1,-1,-1,-1
13077,1426377600,2147483647,false,0,-1,-1,-1,-1,-1,-1
13078,1426377600,2147483647,false,0,-1,-1,-1,-1,-1,-1
13079,1425513600,2147483647,true,148,31663,-1,-1,-1,-1,-1
13080,1425513600,1564012800,false,15,-1,-1,-1,-1,-1,-1
13081,1425513600,1564012800,false,15,-1,-1,-1,-1,-1,-1
13082,1425513600,1564012800,false,15,-1,-1,-1,-1,-1,-1
13083,1425513600,1564012800,false,15,-1,-1,-1,-1,-1,-1
13084,1425513600,1564012800,false,15,-1,-1,-1,-1,-1,-1
13085,1425513600,1564012800,false,15,-1,-1,-1,-1,-1,-1
13086,1425513600,1564012800,false,15,-1,-1,-1,-1,-1,-1
13087,1425513600,1564012800,false,15,-1,-1,-1,-1,-1,-1
13088,1425513600,1564012800,false,15,-1,-1,-1,-1,-1,-1
13089,1425513600,1564012800,false,15,-1,-1,-1,-1,-1,-1
13090,1425513600,1564012800,false,15,-1,-1,-1,-1,-1,-1
13091,1425513600,1564012800,false,15,-1,-1,-1,-1,-1,-1
13092,1425513600,1564012800,false,15,-1,-1,-1,-1,-1,-1
13093,1425513600,1564012800,false,15,-1,-1,-1,-1,-1,-1
13094,1425513600,1564012800,false,15,-1,-1,-1,-1,-1,-1
13095,1425513600,1564012800,false,15,-1,-1,-1,-1,-1,-1
13096,1425513600,1564012800,false,15,-1,-1,-1,-1,-1,-1
13097,1425513600,1564012800,false,15,-1,-1,-1,-1,-1,-1
13098,1425513600,1564012800,false,15,-1,-1,-1,-1,-1,-1
13099,1425513600,1564012800,false,15,-1,-1,-1,-1,-1,-1
13100,1425513600,1564012800,false,15,-1,-1,-1,-1,-1,-1
13101,1425513600,1564012800,false,15,-1,-1,-1,-1,-1,-1
13102,1425513600,2147483647,false,0,-1,-1,-1,-1,-1,-1
13103,1425513600,2147483647,false,16,28206,-1,-1,29056,-1,-1
13104,1425513600,2147483647,false,7,28317,-1,-1,-1,29063,-1
13105,1425513600,2147483647,false,7,29010,-1,-1,29069,-1,-1
13106,1425513600,2147483647,false,7,-1,-1,-1,29068,-1,-1
13107,1425513600,2147483647,false,7,-1,-1,-1,29066,29062,-1
13108,1425513600,2147483647,false,25,-1,-1,-1,-1,-1,-1
13109,1425513600,2147483647,false,25,-1,-1,-1,-1,-1,-1
13110,1425513600,2147483647,false,25,-1,-1,-1,-1,-1,-1
13111,1425513600,2147483647,false,25,-1,-1,-1,-1,-1,-1
13112,1425513600,2147483647,false,8,-1,-1,-1,-1,-1,-1
13113,1425513600,2147483647,false,8,-1,-1,-1,29058,-1,-1
13114,1425513600,2147483647,false,8,-1,-1,-1,29059,-1,-1
13115,1425513600,2147483647,false,8,-1,-1,-1,29057,-1,-1
13116,1425513600,2147483647,false,0,-1,-1,-1,-1,-1,-1
13117,1425513600,2147483647,false,18,29090,-1,-1,-1,-1,-1
13118,1425513600,2147483647,false,18,29084,-1,-1,-1,-1,-1
13119,1425513600,2147483647,false,18,29074,-1,-1,-1,-1,-1
13120,1425513600,2147483647,false,18,29086,-1,-1,-1,-1,-1
13121,1425513600,2147483647,false,27,28202,-1,-1,-1,-1,-1
13122,1425513600,2147483647,false,27,28199,-1,-1,-1,-1,-1
13123,1425513600,2147483647,false,27,28200,-1,-1,-1,-1,-1
13124,1425513600,2147483647,false,27,28201,-1,-1,-1,-1,-1
13125,1425513600,2147483647,false,706,-1,-1,-1,-1,-1,-1
13126,1425513600,2147483647,false,706,-1,-1,-1,-1,-1,-1
13127,1425513600,2147483647,false,706,-1,-1,-1,-1,-1,-1
13128,1425513600,2147483647,false,706,-1,-1,-1,-1,-1,-1
13129,1425513600,2147483647,false,17,29013,-1,-1,-1,-1,-1
13130,1425513600,2147483647,false,17,-1,-1,-1,-1,-1,-1
13131,1425513600,2147483647,false,17,-1,-1,-1,-1,-1,-1
13132,1425513600,2147483647,false,17,29012,-1,-1,-1,-1,-1
13133,1425513600,2147483647,false,855,-1,-1,-1,29045,-1,-1
13134,1425513600,2147483647,false,855,28198,-1,-1,29046,-1,-1
13135,1425513600,2147483647,false,855,28196,-1,-1,-1,-1,-1
13136,1425513600,2147483647,false,855,28195,-1,-1,-1,-1,-1
13137,1425513600,2147483647,false,2,-1,-1,-1,-1,-1,-1
13138,1425513600,2147483647,false,2,54270,-1,-1,-1,-1,-1
13139,1425513600,2147483647,false,2,54268,-1,-1,267,-1,-1
13140,1425513600,2147483647,false,2,54263,-1,-1,54252,-1,-1
13141,1425513600,2147483647,false,92,-1,-1,-1,39615,-1,-1
13142,1425513600,2147483647,false,92,-1,-1,-1,-1,-1,-1
13143,1425513600,2147483647,false,92,29083,-1,-1,-1,-1,-1
13144,1425513600,2147483647,false,92,-1,-1,-1,-1,-1,-1
13145,1425513600,2147483647,true,87,-1,-1,-1,-1,-1,-1
13146,1425513600,2147483647,true,87,-1,-1,-1,-1,-1,-1
13147,1425513600,2147483647,true,87,-1,-1,-1,-1,-1,-1
13148,1425513600,2147483647,true,87,-1,-1,-1,-1,-1,-1
13149,1426723200,2147483647,false,1590,-1,-1,-1,-1,-1,-1
13151,1426723200,2147483647,false,1590,-1,-1,-1,-1,-1,-1
13153,1426723200,2147483647,false,1590,-1,-1,-1,-1,-1,-1
13155,1426723200,2147483647,false,1590,-1,-1,-1,-1,-1,-1
13157,1426723200,2147483647,false,1590,-1,-1,-1,-1,-1,-1
13159,1426723200,2147483647,false,1590,-1,-1,-1,-1,-1,-1
13161,1426723200,2147483647,false,1590,-1,-1,-1,-1,-1,-1
13163,1426723200,2147483647,false,1590,-1,-1,-1,-1,-1,-1
13165,1426723200,2147483647,false,1590,-1,-1,-1,-1,-1,-1
13167,1426723200,2147483647,false,1590,-1,-1,-1,-1,-1,-1
13169,1426723200,2147483647,false,1590,-1,-1,-1,-1,-1,-1
13171,1426723200,2147483647,false,1590,-1,-1,-1,-1,-1,-1
13173,1426723200,2147483647,false,1590,-1,-1,-1,-1,-1,-1
13175,1426723200,2147483647,false,1590,-1,-1,-1,-1,-1,-1
13177,1426723200,2147483647,false,0,-1,-1,-1,-1,-1,-1
13178,1426723200,2147483647,false,0,-1,-1,-1,-1,-1,-1
13179,1426723200,2147483647,false,0,-1,-1,-1,-1,-1,-1
13180,1426723200,2147483647,false,0,-1,-1,-1,-1,-1,-1
13181,1426723200,2147483647,false,0,-1,-1,-1,-1,-1,-1
13182,1427673600,2147483647,false,0,-1,-1,-1,-1,-1,-1
13183,1427673600,1428537600,false,15,-1,-1,-1,-1,-1,-1
13184,1427673600,1428537600,false,15,-1,-1,-1,-1,-1,-1
13185,1427673600,1428537600,false,15,-1,-1,-1,-1,-1,-1
13186,1427673600,1428537600,false,15,-1,-1,-1,-1,-1,-1
13187,1427846400,1428537600,false,15,-1,-1,-1,-1,-1,-1
13188,1427846400,2147483647,false,0,29191,-1,-1,-1,-1,-1
13190,1427673600,2147483647,false,0,-1,-1,-1,-1,-1,-1
13192,1427673600,2147483647,false,0,-1,-1,-1,-1,-1,-1
13193,1429142400,2147483647,false,720,-1,-1,-1,-1,-1,-1
13195,1429142400,2147483647,false,0,-1,-1,-1,-1,-1,-1
13196,1430352000,2147483647,false,2,54277,-1,-1,-1,-1,-1
13197,1430352000,2147483647,false,2,54273,-1,-1,54254,-1,-1
13198,1430352000,2147483647,false,2,54271,-1,-1,-1,-1,-1
13199,1430352000,2147483647,false,2,54274,-1,-1,-1,-1,-1
13200,1430352000,2147483647,false,869,-1,-1,-1,-1,-1,-1
13201,1430352000,2147483647,false,869,-1,-1,-1,-1,-1,-1
13202,1432166400,2147483647,false,0,-1,-1,-1,-1,-1,-1
13203,1434585600,2147483647,false,0,-1,-1,-1,-1,-1,-1
13204,1435190400,2147483647,false,0,-1,-1,-1,-1,-1,-1
13205,1435795200,2147483647,false,15,-1,-1,-1,-1,-1,-1
13215,1437609600,2147483647,false,0,-1,-1,-1,-1,-1,-1
13216,1437609600,2147483647,false,0,-1,-1,-1,-1,-1,-1
13217,1437609600,2147483647,false,0,-1,-1,-1,-1,-1,-1
13218,1437609600,2147483647,false,0,-1,-1,-1,-1,-1,-1
13221,1438214400,2147483647,false,27,29317,-1,-1,-1,-1,-1
13222,1438214400,2147483647,false,27,29316,-1,-1,30841,-1,-1
13223,1438214400,2147483647,false,0,18967,-1,-1,-1,-1,-1
13225,1438819200,2147483647,false,0,-1,-1,-1,-1,-1,-1
13226,1439424000,2147483647,false,1407,-1,-1,-1,-1,-1,-1
13227,1440633600,2147483647,false,0,-1,-1,-1,-1,-1,-1
13229,1440633600,2147483647,false,0,-1,-1,-1,-1,-1,-1
13231,1440633600,2147483647,false,0,-1,-1,-1,-1,-1,-1
13233,1440633600,2147483647,false,0,-1,-1,-1,-1,-1,-1
13235,1440633600,2147483647,false,10,-1,-1,-1,29254,-1,-1
13237,1440633600,2147483647,false,17,-1,-1,-1,-1,-1,-1
13239,1440633600,2147483647,false,17,-1,-1,-1,-1,-1,-1
13241,1440633600,2147483647,false,35,-1,-1,-1,-1,-1,-1
13242,1440633600,2147483647,false,35,-1,-1,-1,-1,-1,-1
13243,1440633600,2147483647,false,67,-1,-1,-1,-1,-1,-1
13244,1440633600,2147483647,false,67,-1,-1,-1,-1,-1,-1
13245,1440633600,2147483647,false,0,-1,-1,-1,-1,-1,-1
13247,1440633600,2147483647,false,0,-1,-1,-1,-1,-1,-1
13248,1440633600,2147483647,false,0,-1,-1,-1,-1,-1,-1
13249,1440633600,2147483647,false,1138,-1,-1,-1,-1,-1,-1
13250,1441238400,2147483647,false,720,-1,-1,-1,-1,-1,-1
13252,1441238400,2147483647,false,720,-1,-1,-1,-1,-1,-1
13254,1441238400,2147483647,false,720,-1,-1,-1,-1,-1,-1
13256,1441238400,2147483647,false,0,-1,-1,-1,-1,-1,-1
13258,1442448000,2147483647,false,0,-1,-1,-1,-1,-1,-1
13259,1442448000,2147483647,false,0,29118,29116,-1,-1,-1,-1
13260,1442448000,2147483647,false,0,-1,-1,-1,-1,-1,-1
13261,1442448000,2147483647,false,0,-1,-1,-1,-1,-1,-1
13262,1443657600,2147483647,false,0,-1,-1,-1,-1,-1,-1
13263,1443657600,2147483647,false,26,-1,-1,-1,-1,-1,-1
13265,1443657600,2147483647,false,25,-1,-1,-1,-1,-1,-1
13267,1443657600,2147483647,false,25,-1,-1,-1,-1,-1,-1
13269,1443657600,2147483647,false,25,-1,-1,-1,-1,-1,-1
13271,1443657600,2147483647,false,25,-1,-1,-1,-1,-1,-1
13273,1443657600,2147483647,false,0,-1,-1,-1,-1,-1,-1
13274,1443657600,2147483647,false,26,-1,-1,-1,-1,-1,-1
13275,1443657600,2147483647,false,26,-1,-1,-1,-1,-1,-1
13276,1443657600,2147483647,false,26,-1,-1,-1,-1,-1,-1
13277,1443657600,2147483647,false,0,-1,-1,-1,-1,-1,-1
13279,1443657600,2147483647,false,0,-1,-1,-1,-1,-1,-1
13280,1444867200,2147483647,false,27,-1,-1,-1,-1,-1,-1
13281,1444867200,2147483647,false,0,29614,-1,-1,-1,-1,-1
13283,1446076800,2147483647,false,0,-1,-1,-1,29649,-1,-1
13284,1446076800,2147483647,false,0,-1,-1,-1,29654,-1,-1
13285,1446076800,2147483647,false,0,-1,-1,-1,29652,-1,-1
13286,1446076800,2147483647,false,0,-1,-1,-1,-1,-1,-1
13287,1446076800,2147483647,false,0,-1,-1,-1,-1,-1,-1
13288,1446076800,2147483647,false,0,29645,-1,-1,-1,-1,-1
13302,1446076800,2147483647,false,883,-1,-1,-1,-1,-1,-1
13303,1446076800,2147483647,false,883,-1,-1,-1,-1,-1,-1
13304,1446076800,2147483647,false,883,-1,-1,-1,-1,-1,-1
13305,1446076800,2147483647,false,883,-1,-1,-1,-1,-1,-1
13306,1446076800,2147483647,false,883,-1,-1,-1,-1,-1,-1
13307,1446076800,2147483647,false,0,-1,-1,-1,-1,-1,-1
13317,1446076800,2147483647,false,7,-1,-1,-1,-1,-1,-1
13318,1446076800,2147483647,false,8,-1,-1,-1,-1,-1,-1
13319,1446076800,2147483647,false,0,-1,-1,-1,-1,-1,-1
13320,1446681600,2147483647,false,2132,-1,-1,-1,-1,-1,-1
13321,1446681600,2147483647,false,1042,-1,-1,-1,-1,-1,-1
13322,1446681600,2147483647,false,1783,-1,-1,-1,-1,-1,-1
13323,1446681600,2147483647,false,2133,-1,-1,-1,-1,-1,-1
13324,1446681600,2147483647,false,2133,-1,-1,-1,-1,-1,-1
13325,1446681600,2147483647,false,2133,-1,-1,-1,-1,-1,-1
13326,1446681600,2147483647,false,2133,-1,-1,-1,-1,-1,-1
13327,1447286400,2147483647,false,0,-1,-1,-1,-1,-1,-1
13328,1447286400,2147483647,false,42,29764,-1,-1,-1,-1,-1
13329,1447891200,2147483647,false,27,32820,-1,-1,-1,-1,-1
13330,1447891200,2147483647,false,0,32808,-1,-1,-1,-1,-1
13331,1447891200,2147483647,false,27,-1,-1,-1,-1,-1,-1
13332,1447891200,2147483647,false,0,29614,-1,-1,-1,-1,-1
13333,1447891200,2147483647,false,27,-1,-1,-1,-1,-1,-1
13334,1447891200,2147483647,false,0,29614,-1,-1,-1,-1,-1
13335,1447891200,2147483647,false,27,-1,-1,-1,-1,-1,-1
13336,1447891200,2147483647,false,0,29614,-1,-1,-1,-1,-1
13337,1447891200,2147483647,false,27,-1,-1,-1,-1,-1,-1
13338,1447891200,2147483647,false,0,29614,-1,-1,-1,-1,-1
13339,1448496000,2147483647,false,0,-1,-1,-1,-1,-1,-1
13340,1449100800,2147483647,false,27,18918,-1,-1,18968,-1,-1
13341,1449100800,2147483647,false,27,18918,-1,-1,18968,-1,-1
13342,1449100800,2147483647,false,27,-1,-1,-1,-1,-1,-1
13343,1450137600,2147483647,false,0,-1,-1,-1,-1,-1,-1
13344,1450137600,2147483647,false,0,-1,-1,-1,-1,-1,-1
13345,1450137600,1452124800,false,15,-1,-1,-1,-1,-1,-1
13346,1450137600,1452124800,false,15,-1,-1,-1,-1,-1,-1
13347,1450137600,1452124800,false,15,-1,-1,-1,-1,-1,-1
13348,1450137600,1452124800,false,15,-1,-1,-1,-1,-1,-1
13349,1450137600,1452124800,false,15,-1,-1,-1,-1,-1,-1
13350,1450137600,1452124800,false,15,-1,-1,-1,-1,-1,-1
13351,1450137600,1452124800,false,15,-1,-1,-1,-1,-1,-1
13352,1450137600,1452124800,false,15,-1,-1,-1,-1,-1,-1
13353,1452124800,2147483647,false,147,7368,-1,-1,-1,-1,-1
13354,1452124800,2147483647,false,151,-1,-1,-1,-1,-1,-1
13355,1452124800,2147483647,false,22,-1,-1,-1,-1,-1,-1
13356,1452124800,2147483647,false,91,-1,-1,-1,-1,-1,-1
13357,1452124800,2147483647,false,16,29699,-1,-1,-1,-1,-1
13358,1452124800,2147483647,false,17,29781,-1,-1,29814,-1,-1
13359,1452124800,2147483647,false,2,29692,-1,-1,29785,-1,-1
13360,1452124800,2147483647,false,8,-1,-1,-1,-1,-1,-1
13361,1452124800,2147483647,false,7,29772,-1,-1,-1,-1,-1
13362,1452124800,2147483647,false,16,29702,-1,-1,29792,-1,-1
13363,1452124800,2147483647,false,17,-1,-1,-1,29816,-1,-1
13364,1452124800,2147483647,false,2,29693,-1,-1,29786,-1,-1
13365,1452124800,2147483647,false,8,-1,-1,-1,-1,-1,-1
13366,1452124800,2147483647,false,7,-1,-1,-1,29808,-1,-1
13367,1452124800,2147483647,false,16,29700,-1,-1,29789,-1,-1
13368,1452124800,2147483647,false,17,-1,-1,-1,29812,-1,-1
13369,1452124800,2147483647,false,2,-1,-1,-1,29787,-1,-1
13370,1452124800,2147483647,false,8,-1,-1,-1,29797,-1,-1
13371,1452124800,2147483647,false,7,-1,-1,-1,29811,-1,-1
13372,1452124800,2147483647,false,16,29701,-1,-1,29793,-1,-1
13373,1452124800,2147483647,false,17,-1,-1,-1,29813,-1,-1
13374,1452124800,2147483647,false,2,-1,-1,-1,29784,-1,-1
13375,1452124800,2147483647,false,8,-1,-1,-1,29795,-1,-1
13376,1452124800,2147483647,false,7,-1,-1,-1,29807,-1,-1
13377,1452124800,2147483647,false,16,29698,-1,-1,29790,-1,-1
13378,1452124800,2147483647,false,17,-1,-1,-1,29815,-1,-1
13379,1452124800,2147483647,false,2,-1,-1,-1,29788,-1,-1
13380,1452124800,2147483647,false,8,-1,-1,-1,29794,-1,-1
13381,1452124800,2147483647,false,7,-1,-1,-1,29806,-1,-1
13382,1452124800,1704844800,false,15,-1,-1,-1,-1,-1,-1
13383,1452124800,2147483647,false,0,-1,-1,-1,-1,-1,-1
13385,1452124800,2147483647,false,10,9604,-1,-1,-1,-1,-1
13387,1452124800,2147483647,false,10,29773,-1,-1,-1,-1,-1
13389,1452124800,2147483647,false,10,29707,-1,-1,-1,-1,-1
13391,1452124800,2147483647,false,0,-1,-1,-1,-1,-1,-1
13392,1452124800,2147483647,false,0,-1,-1,-1,-1,-1,-1
13393,1452124800,2147483647,false,0,-1,-1,-1,-1,-1,-1
13394,1452124800,2147483647,false,0,-1,-1,-1,-1,-1,-1
13395,1452124800,2147483647,false,0,-1,-1,-1,-1,-1,-1
13396,1452124800,2147483647,false,0,-1,-1,-1,-1,-1,-1
13397,1452124800,2147483647,false,0,-1,-1,-1,-1,-1,-1
13398,1452124800,2147483647,false,0,-1,-1,-1,-1,-1,-1
13399,1452124800,2147483647,false,0,-1,-1,-1,-1,-1,-1
13400,1452124800,2147483647,false,0,-1,-1,-1,-1,-1,-1
13401,1452124800,2147483647,false,0,-1,-1,-1,-1,-1,-1
13402,1452124800,2147483647,false,0,-1,-1,-1,-1,-1,-1
13403,1452124800,2147483647,false,888,-1,-1,-1,-1,-1,-1
13404,1452124800,2147483647,false,0,-1,-1,-1,-1,-1,-1
13405,1452124800,2147483647,false,0,-1,-1,-1,-1,-1,-1
13406,1452124800,2147483647,false,0,-1,-1,-1,-1,-1,-1
13407,1452124800,2147483647,false,0,-1,-1,-1,-1,-1,-1
13408,1452124800,2147483647,false,0,-1,-1,-1,-1,-1,-1
13409,1452124800,2147483647,false,888,-1,-1,-1,-1,-1,-1
13410,1452124800,2147483647,false,0,-1,-1,-1,-1,-1,-1
13411,1452124800,2147483647,false,0,-1,-1,-1,-1,-1,-1
13412,1452124800,2147483647,false,888,-1,-1,-1,-1,-1,-1
13413,1452124800,2147483647,false,888,-1,-1,-1,-1,-1,-1
13414,1452124800,2147483647,false,888,-1,-1,-1,-1,-1,-1
13415,1452124800,2147483647,false,0,-1,-1,-1,-1,-1,-1
13416,1452124800,2147483647,false,0,-1,-1,-1,-1,-1,-1
13417,1452124800,2147483647,false,0,-1,-1,-1,-1,-1,-1
13418,1452124800,2147483647,false,888,-1,-1,-1,-1,-1,-1
13419,1452124800,2147483647,false,15,-1,-1,-1,-1,-1,-1
13420,1452124800,2147483647,false,0,-1,-1,-1,-1,-1,-1
13421,1452124800,2147483647,false,0,-1,-1,-1,-1,-1,-1
13423,1452124800,2147483647,false,889,-1,-1,-1,-1,-1,-1
13424,1452124800,2147483647,false,889,-1,-1,-1,-1,-1,-1
13425,1452124800,2147483647,false,889,-1,-1,-1,-1,-1,-1
13426,1452124800,2147483647,false,890,-1,-1,-1,-1,-1,-1
13427,1452124800,2147483647,false,890,-1,-1,-1,-1,-1,-1
13428,1452124800,2147483647,false,890,-1,-1,-1,-1,-1,-1
13429,1452124800,1704844800,false,0,-1,-1,-1,-1,-1,-1
13430,1452124800,2147483647,false,0,-1,-1,-1,-1,-1,-1
13431,1452124800,2147483647,false,0,-1,-1,-1,-1,-1,-1
13432,1452124800,2147483647,false,720,-1,-1,-1,-1,-1,-1
13434,1452124800,2147483647,false,891,-1,-1,-1,-1,-1,-1
13435,1452124800,2147483647,false,891,-1,-1,-1,-1,-1,-1
13436,1452124800,2147483647,false,891,-1,-1,-1,-1,-1,-1
13437,1452124800,2147483647,false,891,-1,-1,-1,-1,-1,-1
13438,1452124800,2147483647,false,891,-1,-1,-1,-1,-1,-1
13439,1452124800,2147483647,false,57,-1,-1,-1,-1,-1,-1
13441,1452124800,2147483647,false,58,-1,-1,-1,-1,-1,-1
13443,1452124800,2147483647,false,116,-1,-1,-1,-1,-1,-1
13445,1452124800,2147483647,false,0,-1,-1,-1,-1,-1,-1
13446,1452124800,2147483647,false,0,-1,-1,-1,-1,-1,-1
13447,1452124800,2147483647,false,892,-1,-1,-1,-1,-1,-1
13448,1452124800,2147483647,false,892,-1,-1,-1,-1,-1,-1
13450,1452124800,2147483647,false,892,-1,-1,-1,-1,-1,-1
13451,1452124800,2147483647,false,892,-1,-1,-1,-1,-1,-1
13453,1452124800,2147483647,false,892,-1,-1,-1,-1,-1,-1
13454,1452124800,2147483647,false,892,-1,-1,-1,-1,-1,-1
13456,1452124800,2147483647,false,892,-1,-1,-1,-1,-1,-1
13457,1452124800,2147483647,false,892,-1,-1,-1,-1,-1,-1
13459,1452124800,2147483647,false,892,-1,-1,-1,-1,-1,-1
13460,1452124800,2147483647,false,892,-1,-1,-1,-1,-1,-1
13462,1452124800,2147483647,false,892,-1,-1,-1,-1,-1,-1
13463,1452124800,2147483647,false,892,-1,-1,-1,-1,-1,-1
13465,1452124800,2147483647,false,892,-1,-1,-1,-1,-1,-1
13466,1452124800,2147483647,false,892,-1,-1,-1,-1,-1,-1
13468,1452124800,2147483647,false,892,-1,-1,-1,-1,-1,-1
13469,1452124800,2147483647,false,892,-1,-1,-1,-1,-1,-1
13471,1452124800,2147483647,false,892,-1,-1,-1,-1,-1,-1
13472,1452124800,2147483647,false,892,-1,-1,-1,-1,-1,-1
13474,1452124800,2147483647,false,892,-1,-1,-1,-1,-1,-1
13475,1452124800,2147483647,false,892,-1,-1,-1,-1,-1,-1
13477,1452124800,2147483647,false,892,-1,-1,-1,-1,-1,-1
13478,1452124800,2147483647,false,892,-1,-1,-1,-1,-1,-1
13480,1452124800,2147483647,false,892,-1,-1,-1,-1,-1,-1
13481,1452124800,2147483647,false,892,-1,-1,-1,-1,-1,-1
13483,1452124800,2147483647,false,892,-1,-1,-1,-1,-1,-1
13484,1452124800,2147483647,false,892,-1,-1,-1,-1,-1,-1
13486,1452124800,2147483647,false,892,-1,-1,-1,-1,-1,-1
13487,1452124800,2147483647,false,892,-1,-1,-1,-1,-1,-1
13489,1452124800,2147483647,false,892,-1,-1,-1,-1,-1,-1
13490,1452124800,2147483647,false,892,-1,-1,-1,-1,-1,-1
13492,1452124800,2147483647,false,892,-1,-1,-1,-1,-1,-1
13493,1452124800,2147483647,false,892,-1,-1,-1,-1,-1,-1
13495,1452124800,2147483647,false,892,-1,-1,-1,-1,-1,-1
13496,1452124800,2147483647,false,892,-1,-1,-1,-1,-1,-1
13498,1452124800,2147483647,false,892,-1,-1,-1,-1,-1,-1
13499,1452124800,2147483647,false,892,-1,-1,-1,-1,-1,-1
13501,1452124800,2147483647,false,892,-1,-1,-1,-1,-1,-1
13502,1452124800,2147483647,false,892,-1,-1,-1,-1,-1,-1
13504,1452124800,2147483647,false,892,-1,-1,-1,-1,-1,-1
13505,1452124800,2147483647,false,892,-1,-1,-1,-1,-1,-1
13507,1452124800,2147483647,false,892,-1,-1,-1,-1,-1,-1
13508,1452124800,2147483647,false,892,-1,-1,-1,-1,-1,-1
13510,1452124800,2147483647,false,892,-1,-1,-1,-1,-1,-1
13511,1452124800,2147483647,false,892,-1,-1,-1,-1,-1,-1
13513,1452124800,2147483647,false,0,-1,-1,-1,-1,-1,-1
13514,1452124800,1704844800,false,893,-1,-1,-1,-1,-1,-1
13515,1452124800,1704844800,false,893,-1,-1,-1,-1,-1,-1
13516,1452124800,1704844800,false,893,-1,-1,-1,-1,-1,-1
13517,1452124800,1704844800,false,893,-1,-1,-1,-1,-1,-1
13518,1452124800,1704844800,false,893,-1,-1,-1,-1,-1,-1
13519,1452124800,1704844800,false,893,-1,-1,-1,-1,-1,-1
13520,1452124800,1704844800,false,893,-1,-1,-1,-1,-1,-1
13521,1452124800,1704844800,false,893,-1,-1,-1,-1,-1,-1
13522,1452124800,1704844800,false,893,-1,-1,-1,-1,-1,-1
13523,1452124800,1704844800,false,893,-1,-1,-1,-1,-1,-1
13524,1452124800,2147483647,false,894,-1,-1,-1,-1,-1,-1
13525,1452124800,2147483647,false,894,-1,-1,-1,-1,-1,-1
13526,1452124800,2147483647,false,894,-1,-1,-1,-1,-1,-1
13527,1452124800,2147483647,false,894,-1,-1,-1,-1,-1,-1
13528,1452124800,2147483647,false,894,-1,-1,-1,-1,-1,-1
13529,1452124800,2147483647,false,894,-1,-1,-1,-1,-1,-1
13530,1452124800,2147483647,false,894,-1,-1,-1,-1,-1,-1
13531,1452124800,2147483647,false,894,-1,-1,-1,-1,-1,-1
13532,1452124800,2147483647,false,894,-1,-1,-1,-1,-1,-1
13533,1452124800,2147483647,false,894,-1,-1,-1,-1,-1,-1
13534,1452124800,2147483647,false,894,-1,-1,-1,-1,-1,-1
13535,1452124800,2147483647,false,894,-1,-1,-1,-1,-1,-1
13536,1452124800,2147483647,false,894,-1,-1,-1,-1,-1,-1
13537,1452124800,2147483647,false,894,-1,-1,-1,-1,-1,-1
13538,1452124800,1704844800,false,15,-1,-1,-1,-1,-1,-1
13539,1452124800,1704844800,false,15,-1,-1,-1,-1,-1,-1
13540,1452124800,1704844800,false,15,-1,-1,-1,-1,-1,-1
13541,1452124800,1704844800,false,15,-1,-1,-1,-1,-1,-1
13542,1452124800,1704844800,false,15,-1,-1,-1,-1,-1,-1
13543,1452124800,1704844800,false,15,-1,-1,-1,-1,-1,-1
13544,1452124800,1704844800,false,15,-1,-1,-1,-1,-1,-1
13545,1452124800,1704844800,false,15,-1,-1,-1,-1,-1,-1
13546,1452124800,1704844800,false,15,-1,-1,-1,-1,-1,-1
13547,1452124800,1704844800,false,15,-1,-1,-1,-1,-1,-1
13548,1452124800,1704844800,false,15,-1,-1,-1,-1,-1,-1
13549,1452124800,1704844800,false,15,-1,-1,-1,-1,-1,-1
13550,1452124800,1704844800,false,15,-1,-1,-1,-1,-1,-1
13551,1452124800,1704844800,false,15,-1,-1,-1,-1,-1,-1
13552,1452124800,1704844800,false,15,-1,-1,-1,-1,-1,-1
13553,1452124800,1704844800,false,15,-1,-1,-1,-1,-1,-1
13554,1452124800,1704844800,false,15,-1,-1,-1,-1,-1,-1
13555,1452124800,1704844800,false,15,-1,-1,-1,-1,-1,-1
13556,1452124800,1704844800,false,15,-1,-1,-1,-1,-1,-1
13557,1452124800,1704844800,false,15,-1,-1,-1,-1,-1,-1
13558,1452124800,1704844800,false,15,-1,-1,-1,-1,-1,-1
13559,1452124800,1704844800,false,15,-1,-1,-1,-1,-1,-1
13560,1452124800,1704844800,false,15,-1,-1,-1,-1,-1,-1
13561,1452124800,1704844800,false,15,-1,-1,-1,-1,-1,-1
13562,1452124800,1704844800,false,15,-1,-1,-1,-1,-1,-1
13563,1452124800,1704844800,false,15,-1,-1,-1,-1,-1,-1
13564,0,2147483647,false,15,-1,-1,-1,-1,-1,-1
13565,1452124800,1704844800,false,15,-1,-1,-1,-1,-1,-1
13566,1452124800,1704844800,false,15,-1,-1,-1,-1,-1,-1
13567,1452124800,1704844800,false,15,-1,-1,-1,-1,-1,-1
13568,1452124800,1704844800,false,15,-1,-1,-1,-1,-1,-1
13569,1452124800,1704844800,false,15,-1,-1,-1,-1,-1,-1
13570,1452124800,2147483647,false,0,494,-1,-1,-1,-1,-1
13571,1452124800,2147483647,false,0,-1,-1,-1,-1,-1,-1
13572,1452124800,2147483647,false,0,-1,-1,-1,-1,-1,-1
13573,1452124800,2147483647,false,0,-1,-1,-1,-1,-1,-1
13575,1452124800,2147483647,false,91,-1,-1,-1,-1,-1,-1
13576,1453334400,2147483647,false,26,-1,-1,-1,-1,-1,-1
13579,1454544000,2147483647,false,1429,31004,-1,-1,-1,-1,-1
13580,1454544000,2147483647,false,1429,31004,-1,-1,-1,-1,-1
13581,1454544000,2147483647,false,1429,31005,-1,-1,-1,-1,-1
13582,1454544000,2147483647,false,1429,31005,-1,-1,-1,-1,-1
13583,1454544000,2147483647,false,1429,31009,-1,-1,-1,-1,-1
13584,1454544000,2147483647,false,1429,31009,-1,-1,-1,-1,-1
13585,1454544000,2147483647,false,1429,31007,-1,-1,-1,-1,-1
13586,1454544000,2147483647,false,1429,31007,-1,-1,-1,-1,-1
13587,1454544000,2147483647,false,1429,31006,-1,-1,-1,-1,-1
13588,1454544000,2147483647,false,1429,31006,-1,-1,-1,-1,-1
13589,1454544000,2147483647,false,1429,31010,-1,-1,-1,-1,-1
13590,1454544000,2147483647,false,1429,31010,-1,-1,-1,-1,-1
13591,1454544000,2147483647,false,1429,31004,-1,-1,-1,-1,-1
13592,1454544000,2147483647,false,1429,31004,-1,-1,-1,-1,-1
13593,1454544000,2147483647,false,1429,31005,-1,-1,-1,-1,-1
13594,1454544000,2147483647,false,1429,31005,-1,-1,-1,-1,-1
13595,1454544000,2147483647,false,1429,31009,-1,-1,-1,-1,-1
13596,1454544000,2147483647,false,1429,31009,-1,-1,-1,-1,-1
13597,1454544000,2147483647,false,1429,31007,-1,-1,-1,-1,-1
13598,1454544000,2147483647,false,1429,31007,-1,-1,-1,-1,-1
13599,1454544000,2147483647,false,1429,31006,-1,-1,-1,-1,-1
13600,1454544000,2147483647,false,1429,31006,-1,-1,-1,-1,-1
13601,1454544000,2147483647,false,1429,31010,-1,-1,-1,-1,-1
13602,1454544000,2147483647,false,1429,31010,-1,-1,-1,-1,-1
13603,1454544000,2147483647,false,1429,31004,-1,-1,-1,-1,-1
13604,1454544000,2147483647,false,1429,31004,-1,-1,-1,-1,-1
13605,1454544000,2147483647,false,1429,31005,-1,-1,-1,-1,-1
13606,1454544000,2147483647,false,1429,31005,-1,-1,-1,-1,-1
13607,1454544000,2147483647,false,1429,31009,-1,-1,-1,-1,-1
13608,1454544000,2147483647,false,1429,31009,-1,-1,-1,-1,-1
13609,1454544000,2147483647,false,1429,31007,-1,-1,-1,-1,-1
13610,1454544000,2147483647,false,1429,31007,-1,-1,-1,-1,-1
13611,1454544000,2147483647,false,1429,31006,-1,-1,-1,-1,-1
13612,1454544000,2147483647,false,1429,31006,-1,-1,-1,-1,-1
13613,1454544000,2147483647,false,1429,31010,-1,-1,-1,-1,-1
13614,1454544000,2147483647,false,1429,31010,-1,-1,-1,-1,-1
13615,1454544000,2147483647,false,1429,31004,-1,-1,-1,-1,-1
13616,1454544000,2147483647,false,1429,31004,-1,-1,-1,-1,-1
13617,1454544000,2147483647,false,1429,31005,-1,-1,-1,-1,-1
13618,1454544000,2147483647,false,1429,31005,-1,-1,-1,-1,-1
13619,1454544000,2147483647,false,1429,31009,-1,-1,-1,-1,-1
13620,1454544000,2147483647,false,1429,31009,-1,-1,-1,-1,-1
13621,1454544000,2147483647,false,1429,31007,-1,-1,-1,-1,-1
13622,1454544000,2147483647,false,1429,31007,-1,-1,-1,-1,-1
13623,1454544000,2147483647,false,1429,31006,-1,-1,-1,-1,-1
13624,1454544000,2147483647,false,1429,31006,-1,-1,-1,-1,-1
13625,1454544000,2147483647,false,1429,31010,-1,-1,-1,-1,-1
13626,1454544000,2147483647,false,1429,31010,-1,-1,-1,-1,-1
13627,1454544000,2147483647,false,1429,31004,-1,-1,-1,-1,-1
13628,1454544000,2147483647,false,1429,31004,-1,-1,-1,-1,-1
13629,1454544000,2147483647,false,1429,31005,-1,-1,-1,-1,-1
13630,1454544000,2147483647,false,1429,31005,-1,-1,-1,-1,-1
13631,1454544000,2147483647,false,1429,31009,-1,-1,-1,-1,-1
13632,1454544000,2147483647,false,1429,31009,-1,-1,-1,-1,-1
13633,1454544000,2147483647,false,1429,31007,-1,-1,-1,-1,-1
13634,1454544000,2147483647,false,1429,31007,-1,-1,-1,-1,-1
13635,1454544000,2147483647,false,1429,31006,-1,-1,-1,-1,-1
13636,1454544000,2147483647,false,1429,31006,-1,-1,-1,-1,-1
13637,1454544000,2147483647,false,1429,31010,-1,-1,-1,-1,-1
13638,1454544000,2147483647,false,1429,31010,-1,-1,-1,-1,-1
13639,1454544000,2147483647,false,1411,-1,-1,-1,-1,-1,-1
13640,1454544000,2147483647,false,0,-1,-1,-1,31031,-1,-1
13641,1454544000,2147483647,false,0,31026,-1,-1,31031,-1,-1
13642,1454544000,2147483647,false,0,-1,-1,-1,31034,31033,-1
13643,1454544000,2147483647,false,0,31029,31028,-1,-1,-1,-1
13644,1454544000,2147483647,false,0,-1,-1,-1,31035,-1,-1
13645,1454544000,2147483647,false,0,31030,-1,-1,-1,-1,-1
13646,1454544000,2147483647,false,0,-1,-1,-1,31032,-1,-1
13647,1454544000,2147483647,false,0,31027,-1,-1,31032,-1,-1
13648,1454544000,2147483647,false,0,-1,-1,-1,-1,-1,-1
13649,1454544000,2147483647,false,0,-1,-1,-1,-1,-1,-1
13650,1454544000,2147483647,false,0,-1,-1,-1,-1,-1,-1
13651,1454544000,2147483647,false,0,-1,-1,-1,-1,-1,-1
13652,1483574400,2147483647,false,65,-1,-1,-1,-1,-1,-1
13653,1455753600,2147483647,false,2165,-1,-1,-1,-1,-1,-1
13654,1455753600,2147483647,false,174,-1,-1,-1,-1,-1,-1
13655,1455753600,2147483647,false,0,-1,-1,-1,-1,-1,-1
13656,1455753600,1456963200,false,15,-1,-1,-1,-1,-1,-1
13657,1456358400,2147483647,false,0,-1,-1,-1,-1,-1,-1
13658,1458172800,2147483647,false,0,-1,-1,-1,-1,-1,-1
13660,1458172800,2147483647,false,0,-1,-1,-1,-1,-1,-1
13663,1458172800,2147483647,false,7,-1,-1,-1,-1,-1,-1
13664,1458172800,2147483647,false,8,-1,-1,-1,-1,-1,-1
13665,1458172800,2147483647,false,0,-1,-1,-1,-1,-1,-1
13666,1458777600,2147483647,false,0,-1,-1,-1,-1,-1,-1
13667,1458777600,2147483647,false,1429,31004,-1,-1,-1,-1,-1
13668,1458777600,2147483647,false,1429,31004,-1,-1,-1,-1,-1
13669,1458777600,2147483647,false,1429,31005,-1,-1,-1,-1,-1
13670,1458777600,2147483647,false,1429,31005,-1,-1,-1,-1,-1
13671,1458777600,2147483647,false,1429,31009,-1,-1,-1,-1,-1
13672,1458777600,2147483647,false,1429,31009,-1,-1,-1,-1,-1
13673,1458777600,2147483647,false,1429,31007,-1,-1,-1,-1,-1
13674,1458777600,2147483647,false,1429,31007,-1,-1,-1,-1,-1
13675,1458777600,2147483647,false,1429,31006,-1,-1,-1,-1,-1
13676,1458777600,2147483647,false,1429,31006,-1,-1,-1,-1,-1
13677,1458777600,2147483647,false,1429,31010,-1,-1,-1,-1,-1
13678,1458777600,2147483647,false,1429,31010,-1,-1,-1,-1,-1
13679,1459468800,2147483647,false,27,31198,-1,-1,-1,-1,-1
13680,1459468800,1459987200,false,15,-1,-1,-1,-1,-1,-1
13681,1459468800,2147483647,false,0,-1,-1,-1,-1,-1,-1
16176,0,2147483647,false,15,-1,-1,-1,-1,-1,-1
16492,0,2147483647,false,15,-1,-1,-1,-1,-1,-1
16494,0,2147483647,false,15,-1,-1,-1,-1,-1,-1
16495,0,2147483647,false,15,-1,-1,-1,-1,-1,-1
16684,1527120000,1560384000,false,0,-1,-1,-1,-1,-1,-1
16888,0,2147483647,false,15,-1,-1,-1,-1,-1,-1
16889,0,2147483647,false,15,-1,-1,-1,-1,-1,-1
16890,0,2147483647,false,15,-1,-1,-1,-1,-1,-1
16891,0,2147483647,false,15,-1,-1,-1,-1,-1,-1
16892,0,2147483647,false,15,-1,-1,-1,-1,-1,-1
16893,0,2147483647,false,15,-1,-1,-1,-1,-1,-1
17152,0,2147483647,false,15,-1,-1,-1,-1,-1,-1
18459,0,2147483647,false,15,-1,-1,-1,-1,-1,-1
18467,0,2147483647,false,15,-1,-1,-1,-1,-1,-1
18555,0,2147483647,false,15,-1,-1,-1,-1,-1,-1
18556,0,2147483647,false,15,-1,-1,-1,-1,-1,-1
18557,0,2147483647,false,15,-1,-1,-1,-1,-1,-1
18558,0,2147483647,false,15,-1,-1,-1,-1,-1,-1
18559,0,2147483647,false,15,-1,-1,-1,-1,-1,-1
18560,0,2147483647,false,15,-1,-1,-1,-1,-1,-1
18561,0,2147483647,false,15,-1,-1,-1,-1,-1,-1
18562,0,2147483647,false,15,-1,-1,-1,-1,-1,-1
18563,0,2147483647,false,15,-1,-1,-1,-1,-1,-1
18564,0,2147483647,false,15,-1,-1,-1,-1,-1,-1
18565,0,2147483647,false,15,-1,-1,-1,-1,-1,-1
18566,0,2147483647,false,15,-1,-1,-1,-1,-1,-1
18567,0,2147483647,false,15,-1,-1,-1,-1,-1,-1
18568,0,2147483647,false,15,-1,-1,-1,-1,-1,-1
18569,0,2147483647,false,15,-1,-1,-1,-1,-1,-1
18570,0,2147483647,false,15,-1,-1,-1,-1,-1,-1
18571,0,2147483647,false,15,-1,-1,-1,-1,-1,-1
18572,0,2147483647,false,15,-1,-1,-1,-1,-1,-1
18573,0,2147483647,false,15,-1,-1,-1,-1,-1,-1
18574,0,2147483647,false,15,-1,-1,-1,-1,-1,-1
18575,0,2147483647,false,15,-1,-1,-1,-1,-1,-1
18576,0,2147483647,false,15,-1,-1,-1,-1,-1,-1
18577,0,2147483647,false,15,-1,-1,-1,-1,-1,-1
18578,0,2147483647,false,15,-1,-1,-1,-1,-1,-1
18579,0,2147483647,false,15,-1,-1,-1,-1,-1,-1
18580,0,2147483647,false,15,-1,-1,-1,-1,-1,-1
18581,0,2147483647,false,15,-1,-1,-1,-1,-1,-1
18582,0,2147483647,false,15,-1,-1,-1,-1,-1,-1
18583,0,2147483647,false,15,-1,-1,-1,-1,-1,-1
18584,0,2147483647,false,15,-1,-1,-1,-1,-1,-1
18585,0,2147483647,false,15,-1,-1,-1,-1,-1,-1
19473,1461196800,2147483647,false,0,-1,-1,-1,-1,-1,-1
19476,1462492800,2147483647,false,27,28203,-1,-1,-1,-1,-1
19478,1462492800,2147483647,false,567,-1,-1,-1,-1,-1,-1
19481,1462492800,2147483647,false,567,-1,-1,-1,-1,-1,-1
19484,1462492800,2147483647,false,601,-1,-1,-1,-1,-1,-1
19486,1462492800,2147483647,false,601,-1,-1,-1,-1,-1,-1
19488,1462492800,2147483647,false,601,-1,-1,-1,-1,-1,-1
19490,1462492800,2147483647,false,601,-1,-1,-1,-1,-1,-1
19492,0,2147483647,false,0,24558,-1,-1,-1,-1,-1
19493,1462492800,2147483647,false,0,516,-1,-1,-1,-1,-1
19496,1462492800,2147483647,false,0,-1,-1,-1,-1,-1,-1
19501,1462492800,2147483647,false,0,-1,-1,-1,-1,-1,-1
19505,1462492800,2147483647,true,738,-1,-1,-1,-1,-1,-1
19507,1462492800,2147483647,true,738,-1,-1,-1,-1,-1,-1
19509,1462492800,2147483647,true,738,-1,-1,-1,-1,-1,-1
19511,1462492800,2147483647,true,738,-1,-1,-1,-1,-1,-1
19513,1462492800,2147483647,true,0,-1,-1,-1,-1,-1,-1
19515,1462492800,2147483647,true,0,-1,-1,-1,-1,-1,-1
19517,1462492800,2147483647,true,0,-1,-1,-1,-1,-1,-1
19519,1462492800,2147483647,true,0,-1,-1,-1,-1,-1,-1
19521,1462492800,2147483647,true,0,-1,-1,-1,-1,-1,-1
19523,1462492800,2147483647,true,0,-1,-1,-1,-1,-1,-1
19525,1462492800,2147483647,true,95,-1,-1,-1,-1,-1,-1
19527,1462492800,2147483647,true,879,-1,-1,-1,-1,-1,-1
19528,1462492800,2147483647,true,879,-1,-1,-1,-1,-1,-1
19529,1462492800,2147483647,false,0,-1,-1,-1,-1,-1,-1
19532,1462492800,2147483647,false,0,31231,-1,-1,-1,-1,-1
19535,1462492800,2147483647,false,0,-1,-1,-1,-1,-1,-1
19538,1462492800,2147483647,false,0,-1,-1,-1,-1,-1,-1
19541,1462492800,2147483647,false,0,31227,-1,-1,-1,-1,-1
19544,1462492800,2147483647,false,0,31231,-1,-1,-1,-1,-1
19547,1462492800,2147483647,false,0,-1,-1,-1,-1,-1,-1
19550,1462492800,2147483647,false,0,-1,-1,-1,-1,-1,-1
19553,1462492800,2147483647,false,0,31227,-1,-1,-1,-1,-1
19556,1462492800,2147483647,true,0,-1,-1,-1,-1,-1,-1
19558,1462492800,2147483647,true,880,-1,-1,-1,-1,-1,-1
19559,1462492800,2147483647,true,0,-1,-1,-1,-1,-1,-1
19560,1462492800,2147483647,true,0,516,-1,-1,-1,-1,-1
19562,1462492800,2147483647,true,0,516,-1,-1,-1,-1,-1
19564,1462492800,2147483647,true,0,-1,-1,-1,-1,-1,-1
19566,1462492800,2147483647,true,0,-1,-1,-1,-1,-1,-1
19567,1462492800,2147483647,true,0,-1,-1,-1,-1,-1,-1
19568,1462492800,2147483647,true,0,-1,-1,-1,-1,-1,-1
19569,1462492800,2147483647,true,0,-1,-1,-1,-1,-1,-1
19570,1462492800,2147483647,false,0,-1,-1,-1,-1,-1,-1
19572,1462492800,2147483647,false,0,-1,-1,-1,-1,-1,-1
19574,1462492800,2147483647,false,0,-1,-1,-1,-1,-1,-1
19576,1462492800,2147483647,false,0,-1,-1,-1,-1,-1,-1
19578,1462492800,2147483647,false,0,-1,-1,-1,-1,-1,-1
19580,1462492800,2147483647,false,0,-1,-1,-1,-1,-1,-1
19582,1462492800,2147483647,false,0,-1,-1,-1,-1,-1,-1
19584,1462492800,2147483647,false,0,-1,-1,-1,-1,-1,-1
19586,1462492800,2147483647,false,0,-1,-1,-1,-1,-1,-1
19589,1462492800,2147483647,false,0,-1,-1,-1,-1,-1,-1
19592,1462492800,2147483647,false,0,-1,-1,-1,-1,-1,-1
19595,1462492800,2147483647,false,0,-1,-1,-1,-1,-1,-1
19598,1462492800,2147483647,false,0,-1,-1,-1,-1,-1,-1
19601,1462492800,2147483647,false,0,-1,-1,-1,-1,-1,-1
19604,1462492800,2147483647,false,0,-1,-1,-1,-1,-1,-1
19607,1462492800,2147483647,false,0,-1,-1,-1,-1,-1,-1
19610,1462492800,2147483647,false,0,-1,-1,-1,-1,-1,-1
19613,1619568000,2147483647,false,482,-1,-1,-1,-1,-1,-1
19615,1463011200,2147483647,false,482,-1,-1,-1,-1,-1,-1
19617,1463011200,2147483647,false,482,-1,-1,-1,-1,-1,-1
19619,1463011200,2147483647,false,482,-1,-1,-1,-1,-1,-1
19621,1463011200,2147483647,false,482,-1,-1,-1,-1,-1,-1
19623,1463011200,2147483647,false,482,-1,-1,-1,-1,-1,-1
19625,1463011200,2147483647,false,482,-1,-1,-1,-1,-1,-1
19627,1463011200,2147483647,false,482,-1,-1,-1,-1,-1,-1
19629,1463011200,2147483647,false,482,-1,-1,-1,-1,-1,-1
19631,1463011200,2147483647,false,482,-1,-1,-1,-1,-1,-1
19634,1463616000,2147483647,false,0,-1,-1,-1,-1,-1,-1
19636,1463616000,2147483647,false,0,-1,-1,-1,-1,-1,-1
19637,1463616000,2147483647,false,894,-1,-1,-1,-1,-1,-1
19639,1464220800,2147483647,false,2,42676,-1,-1,-1,-1,-1
19641,1464220800,2147483647,false,2,42676,-1,-1,-1,-1,-1
19643,1464220800,2147483647,false,2,42681,-1,-1,-1,-1,-1
19645,1464220800,2147483647,false,2,42681,-1,-1,-1,-1,-1
19647,1464220800,2147483647,false,2,42674,-1,-1,-1,-1,-1
19649,1464220800,2147483647,false,2,42674,-1,-1,-1,-1,-1
19651,1464220800,2147483647,false,726,-1,-1,-1,-1,-1,-1
19653,1464220800,2147483647,false,0,-1,-1,-1,-1,-1,-1
19656,1464220800,2147483647,false,0,-1,-1,-1,-1,-1,-1
19659,1464220800,2147483647,false,129,-1,-1,-1,-1,-1,-1
19662,1464220800,2147483647,false,129,-1,-1,-1,-1,-1,-1
19665,1464220800,2147483647,false,0,-1,-1,-1,-1,-1,-1
19668,1464825600,2147483647,false,0,-1,-1,-1,-1,-1,-1
19669,1464825600,2147483647,false,22,-1,-1,-1,-1,-1,-1
19672,1464825600,2147483647,false,2050,-1,-1,-1,-1,-1,-1
19675,1465430400,2147483647,false,21,-1,-1,-1,-1,-1,-1
19677,1465430400,2147483647,false,0,-1,-1,-1,-1,-1,-1
19679,1465430400,2147483647,false,954,-1,-1,-1,-1,-1,-1
19681,1465430400,2147483647,false,954,-1,-1,-1,-1,-1,-1
19683,1465430400,2147483647,false,954,-1,-1,-1,-1,-1,-1
19685,1465430400,2147483647,false,0,-1,-1,-1,-1,-1,-1
19687,1466035200,2147483647,false,2,31625,-1,-1,-1,-1,-1
19689,1466035200,2147483647,false,7,31630,-1,-1,-1,-1,-1
19691,1466035200,2147483647,false,0,-1,-1,-1,-1,-1,-1
19693,1466035200,2147483647,false,8,31628,-1,-1,-1,-1,-1
19695,1466035200,2147483647,false,17,-1,-1,-1,-1,-1,-1
19697,1466035200,2147483647,false,27,-1,-1,-1,-1,-1,-1
19699,1466035200,2147483647,false,0,31646,-1,-1,-1,-1,-1
19701,1466035200,2147483647,false,0,-1,-1,-1,-1,-1,-1
19704,1467244800,2147483647,false,720,-1,-1,-1,-1,-1,-1
19707,1467244800,2147483647,false,557,-1,-1,-1,-1,-1,-1
19710,1467244800,2147483647,false,0,-1,-1,-1,-1,-1,-1
19712,1467763200,2147483647,false,0,-1,-1,-1,-1,-1,-1
19714,1467763200,2147483647,false,0,-1,-1,-1,-1,-1,-1
19716,1467763200,2147483647,false,0,-1,-1,-1,-1,-1,-1
19718,1467763200,2147483647,false,0,-1,-1,-1,-1,-1,-1
19720,1467763200,2147483647,false,0,-1,-1,-1,-1,-1,-1
19722,1467763200,2147483647,false,494,-1,-1,-1,-1,-1,-1
19724,1467763200,2147483647,false,0,-1,-1,-1,-1,-1,-1
19727,1467763200,2147483647,false,0,-1,-1,-1,-1,-1,-1
19730,1467763200,2147483647,false,0,-1,-1,-1,-1,-1,-1
19732,1467763200,2147483647,false,702,-1,-1,-1,-1,-1,-1
19734,1467763200,2147483647,false,51,-1,-1,-1,-1,-1,-1
19735,1083715200,2147483647,false,52,-1,-1,-1,-1,-1,-1
19736,1467763200,2147483647,false,51,-1,-1,-1,-1,-1,-1
19737,1083715200,2147483647,false,52,-1,-1,-1,-1,-1,-1
19738,1467763200,2147483647,false,51,-1,-1,-1,-1,-1,-1
19739,1083715200,2147483647,false,52,-1,-1,-1,-1,-1,-1
19740,1467763200,2147483647,false,51,-1,-1,-1,-1,-1,-1
19741,1083715200,2147483647,false,52,-1,-1,-1,-1,-1,-1
19742,1467763200,2147483647,false,51,-1,-1,-1,-1,-1,-1
19743,1083715200,2147483647,false,52,-1,-1,-1,-1,-1,-1
19744,1467763200,2147483647,false,51,-1,-1,-1,-1,-1,-1
19745,1083715200,2147483647,false,52,-1,-1,-1,-1,-1,-1
19746,1467763200,2147483647,false,51,-1,-1,-1,-1,-1,-1
19747,1083715200,2147483647,false,52,-1,-1,-1,-1,-1,-1
19748,1467763200,2147483647,false,51,-1,-1,-1,-1,-1,-1
19749,1083715200,2147483647,false,52,-1,-1,-1,-1,-1,-1
19750,1467763200,2147483647,false,51,-1,-1,-1,-1,-1,-1
19751,1083715200,2147483647,false,52,-1,-1,-1,-1,-1,-1
19752,1467763200,2147483647,false,51,-1,-1,-1,-1,-1,-1
19753,1083715200,2147483647,false,52,-1,-1,-1,-1,-1,-1
19754,1467763200,2147483647,false,51,-1,-1,-1,-1,-1,-1
19755,1083715200,2147483647,false,52,-1,-1,-1,-1,-1,-1
19756,1467763200,2147483647,false,51,-1,-1,-1,-1,-1,-1
19757,1083715200,2147483647,false,52,-1,-1,-1,-1,-1,-1
19758,1467763200,2147483647,false,51,-1,-1,-1,-1,-1,-1
19759,1083715200,2147483647,false,52,-1,-1,-1,-1,-1,-1
19760,1467763200,2147483647,false,51,-1,-1,-1,-1,-1,-1
19761,1083715200,2147483647,false,180,-1,-1,-1,-1,-1,-1
19762,1467763200,2147483647,false,51,-1,-1,-1,-1,-1,-1
19763,1083715200,2147483647,false,52,-1,-1,-1,-1,-1,-1
19764,1467763200,2147483647,false,51,-1,-1,-1,-1,-1,-1
19765,1083715200,2147483647,false,52,-1,-1,-1,-1,-1,-1
19766,1467763200,2147483647,false,51,-1,-1,-1,-1,-1,-1
19767,1083715200,2147483647,false,52,-1,-1,-1,-1,-1,-1
19768,1467763200,2147483647,false,51,-1,-1,-1,-1,-1,-1
19769,1083715200,2147483647,false,52,-1,-1,-1,-1,-1,-1
19770,1467763200,2147483647,false,51,-1,-1,-1,-1,-1,-1
19771,1083715200,2147483647,false,52,-1,-1,-1,-1,-1,-1
19772,1467763200,2147483647,false,51,-1,-1,-1,-1,-1,-1
19773,1083715200,2147483647,false,52,-1,-1,-1,-1,-1,-1
19774,1467763200,2147483647,false,51,-1,-1,-1,-1,-1,-1
19775,1083715200,2147483647,false,51,-1,-1,-1,-1,-1,-1
19776,1467763200,2147483647,false,51,-1,-1,-1,-1,-1,-1
19777,1083715200,2147483647,false,51,-1,-1,-1,-1,-1,-1
19778,1467763200,2147483647,false,51,-1,-1,-1,-1,-1,-1
19779,1083715200,2147483647,false,51,-1,-1,-1,-1,-1,-1
19780,1467763200,2147483647,false,51,-1,-1,-1,-1,-1,-1
19781,1083715200,2147483647,false,51,-1,-1,-1,-1,-1,-1
19782,1467763200,2147483647,false,750,-1,-1,-1,-1,-1,-1
19783,1467763200,2147483647,false,750,-1,-1,-1,-1,-1,-1
19784,1467763200,2147483647,false,750,-1,-1,-1,-1,-1,-1
19785,1467763200,2147483647,false,750,-1,-1,-1,-1,-1,-1
19786,1467763200,2147483647,false,750,-1,-1,-1,-1,-1,-1
19787,1467763200,2147483647,false,750,-1,-1,-1,-1,-1,-1
19788,1467763200,2147483647,false,750,-1,-1,-1,-1,-1,-1
19789,1467763200,2147483647,false,750,-1,-1,-1,-1,-1,-1
19790,1467763200,2147483647,false,750,-1,-1,-1,-1,-1,-1
19791,1467763200,2147483647,false,750,-1,-1,-1,-1,-1,-1
19792,1467763200,2147483647,false,750,-1,-1,-1,-1,-1,-1
19793,1467763200,2147483647,false,750,-1,-1,-1,-1,-1,-1
19794,1467763200,2147483647,false,750,-1,-1,-1,-1,-1,-1
19795,1467763200,2147483647,false,750,-1,-1,-1,-1,-1,-1
19796,1467763200,2147483647,false,750,-1,-1,-1,-1,-1,-1
19797,1467763200,2147483647,false,750,-1,-1,-1,-1,-1,-1
19798,1467763200,2147483647,false,750,-1,-1,-1,-1,-1,-1
19799,1467763200,2147483647,false,750,-1,-1,-1,-1,-1,-1
19800,1467763200,2147483647,false,750,-1,-1,-1,-1,-1,-1
19801,1467763200,2147483647,false,750,-1,-1,-1,-1,-1,-1
19802,1467763200,2147483647,false,750,-1,-1,-1,-1,-1,-1
19803,1467763200,2147483647,false,750,-1,-1,-1,-1,-1,-1
19804,1467763200,2147483647,false,750,-1,-1,-1,-1,-1,-1
19805,1467763200,2147483647,false,750,-1,-1,-1,-1,-1,-1
19806,1467763200,2147483647,false,750,-1,-1,-1,-1,-1,-1
19807,1467763200,2147483647,false,750,-1,-1,-1,-1,-1,-1
19808,1467763200,2147483647,false,750,-1,-1,-1,-1,-1,-1
19809,1467763200,2147483647,false,750,-1,-1,-1,-1,-1,-1
19810,1467763200,2147483647,false,750,-1,-1,-1,-1,-1,-1
19811,1467763200,2147483647,false,750,-1,-1,-1,-1,-1,-1
19812,1467763200,2147483647,false,180,-1,-1,-1,-1,-1,-1
19813,1467763200,2147483647,false,750,-1,-1,-1,-1,-1,-1
19814,1467763200,2147483647,false,46,-1,-1,-1,-1,-1,-1
19815,1083715200,2147483647,false,46,-1,-1,-1,-1,-1,-1
19816,1467763200,2147483647,false,46,-1,-1,-1,-1,-1,-1
19817,1467763200,2147483647,false,46,-1,-1,-1,-1,-1,-1
19818,1467763200,2147483647,false,46,-1,-1,-1,-1,-1,-1
19819,1467763200,2147483647,false,46,-1,-1,-1,-1,-1,-1
19820,1467763200,2147483647,false,46,-1,-1,-1,-1,-1,-1
19821,1467763200,2147483647,false,46,-1,-1,-1,-1,-1,-1
19822,1467763200,2147483647,false,46,-1,-1,-1,-1,-1,-1
19823,1467763200,2147483647,false,46,-1,-1,-1,-1,-1,-1
19824,1467763200,2147483647,false,46,-1,-1,-1,-1,-1,-1
19825,1467763200,2147483647,false,46,-1,-1,-1,-1,-1,-1
19826,1467763200,2147483647,false,46,-1,-1,-1,-1,-1,-1
19827,1083715200,2147483647,false,46,-1,-1,-1,-1,-1,-1
19828,1467763200,2147483647,false,46,-1,-1,-1,-1,-1,-1
19829,1467763200,2147483647,false,46,-1,-1,-1,-1,-1,-1
19830,1467763200,2147483647,false,46,-1,-1,-1,-1,-1,-1
19831,1467763200,2147483647,false,46,-1,-1,-1,-1,-1,-1
19832,1083715200,2147483647,false,46,-1,-1,-1,-1,-1,-1
19833,1467763200,2147483647,false,46,-1,-1,-1,-1,-1,-1
19834,1083715200,2147483647,false,46,-1,-1,-1,-1,-1,-1
19835,1467763200,2147483647,false,0,-1,-1,-1,-1,-1,-1
19836,1467763200,2147483647,false,0,-1,-1,-1,-1,-1,-1
19837,1467763200,2147483647,false,957,-1,-1,-1,-1,-1,-1
19838,1467763200,2147483647,false,957,-1,-1,-1,-1,-1,-1
19839,1467763200,2147483647,false,957,-1,-1,-1,-1,-1,-1
19840,1467763200,2147483647,false,47,-1,-1,-1,-1,-1,-1
19841,1083715200,2147483647,false,47,-1,-1,-1,-1,-1,-1
19842,1467763200,2147483647,false,47,-1,-1,-1,-1,-1,-1
19843,1083715200,2147483647,false,47,-1,-1,-1,-1,-1,-1
19844,1467763200,2147483647,false,47,-1,-1,-1,-1,-1,-1
19845,1083715200,2147483647,false,47,-1,-1,-1,-1,-1,-1
19846,1467763200,2147483647,false,47,-1,-1,-1,-1,-1,-1
19847,1140393600,2147483647,false,48,-1,-1,-1,-1,-1,-1
19848,1467763200,2147483647,false,47,-1,-1,-1,-1,-1,-1
19849,1083715200,2147483647,false,47,-1,-1,-1,-1,-1,-1
19850,1467763200,2147483647,false,47,-1,-1,-1,-1,-1,-1
19851,1083715200,2147483647,false,47,-1,-1,-1,-1,-1,-1
19852,1467763200,2147483647,false,47,-1,-1,-1,-1,-1,-1
19853,1467763200,2147483647,false,47,-1,-1,-1,-1,-1,-1
19854,1467763200,2147483647,false,47,-1,-1,-1,-1,-1,-1
19855,1140393600,2147483647,false,48,-1,-1,-1,-1,-1,-1
19856,1467763200,2147483647,false,47,-1,-1,-1,-1,-1,-1
19857,1467763200,2147483647,false,47,-1,-1,-1,-1,-1,-1
19858,1467763200,2147483647,false,47,-1,-1,-1,-1,-1,-1
19859,1140393600,2147483647,false,48,-1,-1,-1,-1,-1,-1
19860,1467763200,2147483647,false,47,-1,-1,-1,-1,-1,-1
19861,1083715200,2147483647,false,47,-1,-1,-1,-1,-1,-1
19862,1467763200,2147483647,false,47,-1,-1,-1,-1,-1,-1
19863,1083715200,2147483647,false,47,-1,-1,-1,-1,-1,-1
19864,1467763200,2147483647,false,47,-1,-1,-1,-1,-1,-1
19865,1083715200,2147483647,false,47,-1,-1,-1,-1,-1,-1
19866,1467763200,2147483647,false,47,-1,-1,-1,-1,-1,-1
19867,1083715200,2147483647,false,47,-1,-1,-1,-1,-1,-1
19868,1467763200,2147483647,false,47,-1,-1,-1,-1,-1,-1
19869,1083715200,2147483647,false,47,-1,-1,-1,-1,-1,-1
19870,1467763200,2147483647,false,47,-1,-1,-1,-1,-1,-1
19871,1083715200,2147483647,false,47,-1,-1,-1,-1,-1,-1
19872,1467763200,2147483647,false,47,-1,-1,-1,-1,-1,-1
19873,1083715200,2147483647,false,47,-1,-1,-1,-1,-1,-1
19874,1467763200,2147483647,false,47,-1,-1,-1,-1,-1,-1
19875,1083715200,2147483647,false,47,-1,-1,-1,-1,-1,-1
19876,1467763200,2147483647,false,47,-1,-1,-1,-1,-1,-1
19877,1083715200,2147483647,false,47,-1,-1,-1,-1,-1,-1
19878,1467763200,2147483647,false,47,-1,-1,-1,-1,-1,-1
19879,1083715200,2147483647,false,47,-1,-1,-1,-1,-1,-1
19880,1467763200,2147483647,false,47,-1,-1,-1,-1,-1,-1
19881,1083715200,2147483647,false,47,-1,-1,-1,-1,-1,-1
19882,1467763200,2147483647,false,47,-1,-1,-1,-1,-1,-1
19883,0,2147483647,false,48,-1,-1,-1,-1,-1,-1
19884,1467763200,2147483647,false,47,-1,-1,-1,-1,-1,-1
19885,1140393600,2147483647,false,48,-1,-1,-1,-1,-1,-1
19886,1467763200,2147483647,false,47,-1,-1,-1,-1,-1,-1
19887,1098748800,2147483647,false,50,-1,-1,-1,-1,-1,-1
19888,1467763200,2147483647,false,47,-1,-1,-1,-1,-1,-1
19889,0,2147483647,false,48,-1,-1,-1,-1,-1,-1
19890,1467763200,2147483647,false,47,-1,-1,-1,-1,-1,-1
19891,1083715200,2147483647,false,50,-1,-1,-1,-1,-1,-1
19892,1467763200,2147483647,false,47,-1,-1,-1,-1,-1,-1
19893,1140393600,2147483647,false,48,-1,-1,-1,-1,-1,-1
19894,1467763200,2147483647,false,47,-1,-1,-1,-1,-1,-1
19895,1098748800,2147483647,false,50,-1,-1,-1,-1,-1,-1
19896,1467763200,2147483647,false,47,-1,-1,-1,-1,-1,-1
19897,1098748800,2147483647,false,50,-1,-1,-1,-1,-1,-1
19898,1467763200,2147483647,false,47,-1,-1,-1,-1,-1,-1
19899,1140393600,2147483647,false,48,-1,-1,-1,-1,-1,-1
19900,1467763200,2147483647,false,47,-1,-1,-1,-1,-1,-1
19901,0,2147483647,false,48,-1,-1,-1,-1,-1,-1
19902,1467763200,2147483647,false,47,-1,-1,-1,-1,-1,-1
19903,1098748800,2147483647,false,50,-1,-1,-1,-1,-1,-1
19904,1467763200,2147483647,false,47,-1,-1,-1,-1,-1,-1
19905,0,2147483647,false,48,-1,-1,-1,-1,-1,-1
19906,1467763200,2147483647,false,47,-1,-1,-1,-1,-1,-1
19907,1140393600,2147483647,false,48,-1,-1,-1,-1,-1,-1
19908,1467763200,2147483647,false,47,-1,-1,-1,-1,-1,-1
19909,0,2147483647,false,48,-1,-1,-1,-1,-1,-1
19910,1467763200,2147483647,false,47,-1,-1,-1,-1,-1,-1
19911,1083715200,2147483647,false,50,-1,-1,-1,-1,-1,-1
19912,1467763200,2147483647,false,26,-1,-1,-1,-1,-1,-1
19915,1467763200,2147483647,false,0,31745,-1,-1,31832,-1,-1
19918,1467763200,2147483647,false,26,-1,-1,-1,-1,-1,-1
19921,1467763200,2147483647,false,17,-1,-1,-1,-1,-1,-1
19924,1467763200,2147483647,false,17,-1,-1,-1,-1,-1,-1
19927,1467763200,2147483647,false,17,-1,-1,-1,-1,-1,-1
19930,1467763200,2147483647,false,17,-1,-1,-1,-1,-1,-1
19933,1467763200,2147483647,false,17,-1,-1,-1,-1,-1,-1
19936,1467763200,2147483647,false,17,-1,-1,-1,-1,-1,-1
19939,1467763200,2147483647,false,1650,-1,-1,-1,-1,-1,-1
19941,1467763200,2147483647,false,26,-1,-1,-1,-1,-1,-1
19943,1467763200,2147483647,false,0,-1,-1,-1,-1,-1,-1
19946,1467763200,2147483647,false,0,-1,-1,-1,-1,-1,-1
19949,1467763200,2147483647,false,0,-1,-1,-1,-1,-1,-1
19952,1467763200,2147483647,false,0,-1,-1,-1,-1,-1,-1
19955,1467763200,2147483647,false,0,-1,-1,-1,-1,-1,-1
19958,1467763200,2147483647,false,0,-1,31801,-1,31873,-1,-1
19961,1467763200,2147483647,false,0,31780,-1,-1,-1,-1,-1
19964,1467763200,2147483647,false,0,-1,-1,-1,-1,-1,-1
19967,1467763200,2147483647,false,0,31821,-1,-1,-1,-1,-1
19970,1467763200,2147483647,false,0,-1,-1,-1,31839,-1,-1
19973,1467763200,2147483647,false,0,31812,-1,-1,31872,-1,-1
19976,1467763200,2147483647,false,0,31775,-1,-1,-1,-1,-1
19979,1467763200,2147483647,false,0,-1,-1,-1,31857,-1,-1
19982,1467763200,2147483647,false,0,-1,-1,-1,-1,-1,-1
19985,1467763200,2147483647,false,0,-1,-1,-1,-1,-1,-1
19988,1467763200,2147483647,false,2,31790,-1,-1,-1,-1,-1
19991,1467763200,2147483647,false,0,31743,-1,-1,-1,-1,-1
19994,1467763200,2147483647,false,16,-1,-1,-1,-1,-1,-1
19997,1467763200,2147483647,false,0,31777,-1,-1,-1,-1,-1
20000,1467763200,2147483647,false,21,-1,-1,-1,-1,-1,-1
20002,1467763200,2147483647,false,0,-1,-1,-1,-1,-1,-1
20005,1467763200,2147483647,false,656,-1,-1,-1,-1,-1,-1
20008,1467763200,2147483647,false,0,-1,-1,-1,-1,-1,-1
20011,1467763200,2147483647,false,35,-1,-1,-1,-1,-1,-1
20014,1467763200,2147483647,false,67,-1,-1,-1,-1,-1,-1
20017,1467763200,2147483647,false,656,-1,-1,-1,-1,-1,-1
20020,1467763200,2147483647,false,0,-1,-1,-1,-1,-1,-1
20023,1467763200,2147483647,false,0,31749,-1,-1,-1,-1,-1
20026,1467763200,2147483647,false,0,31746,-1,-1,-1,-1,-1
20029,1467763200,2147483647,false,0,-1,-1,-1,-1,-1,-1
20032,1467763200,2147483647,false,0,31744,-1,-1,-1,-1,-1
20035,1467763200,2147483647,false,2,31756,-1,-1,-1,-1,-1
20038,1467763200,2147483647,false,0,-1,-1,-1,31875,-1,-1
20041,1467763200,2147483647,false,0,31776,-1,-1,-1,-1,-1
20044,1467763200,2147483647,false,0,-1,-1,-1,31860,-1,-1
20047,1467763200,2147483647,false,0,-1,-1,-1,-1,-1,-1
20050,1467763200,2147483647,false,27,31769,-1,-1,-1,-1,-1
20053,1467763200,2147483647,false,0,-1,-1,-1,-1,-1,-1
20056,1467763200,2147483647,false,0,-1,-1,-1,-1,-1,-1
20059,1467763200,2147483647,false,0,31759,-1,-1,-1,-1,-1
20062,1467763200,2147483647,false,0,-1,-1,-1,-1,-1,-1
20065,1467763200,2147483647,false,0,-1,-1,-1,-1,-1,-1
20068,1467763200,2147483647,false,0,-1,-1,-1,-1,-1,-1
20071,1467763200,2147483647,false,0,-1,-1,-1,-1,-1,-1
20074,1467763200,2147483647,false,0,-1,-1,-1,-1,-1,-1
20077,1467763200,2147483647,false,0,-1,-1,-1,-1,-1,-1
20080,1467763200,2147483647,false,0,-1,-1,-1,-1,-1,-1
20083,1467763200,2147483647,false,0,-1,-1,-1,-1,-1,-1
20086,1467763200,2147483647,false,0,-1,-1,-1,-1,-1,-1
20089,1467763200,2147483647,false,0,-1,-1,-1,-1,-1,-1
20092,1467763200,2147483647,false,0,-1,-1,-1,31881,-1,-1
20095,1467763200,2147483647,false,0,31747,-1,-1,-1,-1,-1
20098,1467763200,2147483647,false,0,31811,31798,-1,-1,-1,-1
20101,1467763200,2147483647,false,0,31779,-1,-1,-1,-1,-1
20104,1467763200,2147483647,false,0,31789,-1,-1,-1,-1,-1
20107,1467763200,2147483647,false,0,31820,-1,-1,-1,-1,-1
20110,1467763200,2147483647,false,0,31753,-1,-1,-1,-1,-1
20113,1467763200,2147483647,false,0,31751,-1,-1,31826,-1,-1
20116,1467763200,2147483647,false,0,31751,-1,-1,31826,-1,-1
20119,1467763200,2147483647,false,0,31751,-1,-1,31826,-1,-1
20122,1467763200,2147483647,false,0,31751,-1,-1,31826,-1,-1
20125,1467763200,2147483647,false,0,31751,-1,-1,31826,-1,-1
20128,1467763200,2147483647,false,10,31752,-1,-1,31836,-1,-1
20131,1467763200,2147483647,false,10,-1,-1,-1,-1,-1,-1
20134,1467763200,2147483647,false,10,-1,-1,-1,-1,-1,-1
20137,1467763200,2147483647,false,10,-1,-1,-1,-1,-1,-1
20140,1467763200,2147483647,false,10,-1,-1,-1,-1,-1,-1
20143,1467763200,2147483647,false,0,-1,-1,-1,-1,-1,-1
20146,1467763200,2147483647,false,2,219,-1,-1,-1,-1,-1
20149,1467763200,2147483647,false,7,-1,-1,-1,464,-1,-1
20152,1467763200,2147483647,false,18,-1,-1,-1,-1,-1,-1
20155,1467763200,2147483647,false,61,-1,-1,-1,-1,-1,-1
20158,1467763200,2147483647,false,36,-1,-1,-1,-1,-1,-1
20161,1467763200,2147483647,false,36,-1,-1,-1,-1,-1,-1
20164,1467763200,2147483647,false,55,-1,-1,-1,-1,-1,-1
20166,1467763200,2147483647,false,18,-1,-1,-1,-1,-1,-1
20169,1467763200,2147483647,false,7,3379,-1,-1,-1,-1,-1
20172,1467763200,2147483647,false,8,-1,-1,-1,-1,-1,-1
20175,1467763200,2147483647,false,8,4206,-1,-1,-1,-1,-1
20178,1467763200,2147483647,false,2,-1,-1,-1,-1,-1,-1
20181,1467763200,2147483647,false,18,486,-1,-1,-1,-1,-1
20184,1467763200,2147483647,false,7,3379,-1,-1,-1,-1,-1
20187,1467763200,2147483647,false,8,-1,-1,-1,-1,-1,-1
20190,1467763200,2147483647,false,8,4206,-1,-1,-1,-1,-1
20193,1467763200,2147483647,false,2,-1,-1,-1,-1,-1,-1
20196,1467763200,2147483647,false,18,486,-1,-1,-1,-1,-1
20199,1467763200,2147483647,false,0,-1,10984,-1,-1,-1,-1
20202,1467763200,2147483647,false,0,10982,-1,-1,-1,-1,-1
20205,1467763200,2147483647,false,0,199,-1,-1,-1,-1,-1
20208,1467763200,2147483647,false,0,305,-1,-1,-1,-1,-1
20211,1467763200,2147483647,false,560,-1,-1,-1,-1,-1,-1
20214,1467763200,2147483647,false,560,-1,-1,-1,-1,-1,-1
20217,1467763200,2147483647,false,560,-1,-1,-1,-1,-1,-1
20220,1467763200,2147483647,false,0,-1,-1,-1,-1,-1,-1
20223,1467763200,2147483647,false,0,-1,-1,-1,-1,-1,-1
20226,1467763200,2147483647,false,0,-1,-1,-1,-1,-1,-1
20229,1467763200,2147483647,false,0,-1,-1,-1,-1,-1,-1
20232,1467763200,2147483647,false,0,-1,-1,-1,-1,-1,-1
20235,1467763200,2147483647,false,0,-1,-1,-1,-1,-1,-1
20238,1467763200,2147483647,false,0,-1,-1,-1,-1,-1,-1
20240,1467763200,2147483647,false,0,-1,31804,-1,-1,-1,-1
20243,1467763200,2147483647,false,55,-1,-1,-1,-1,-1,-1
20246,1467763200,2147483647,false,0,28514,-1,-1,-1,-1,-1
20249,1467763200,2147483647,false,55,-1,-1,-1,-1,-1,-1
20251,1467763200,2147483647,false,92,-1,-1,-1,-1,-1,-1
20254,1467763200,2147483647,false,92,-1,-1,-1,-1,-1,-1
20257,1467763200,2147483647,false,92,-1,-1,-1,-1,-1,-1
20260,1467763200,2147483647,false,92,-1,-1,-1,-1,-1,-1
20263,1467763200,2147483647,false,92,-1,-1,-1,-1,-1,-1
20266,1467763200,2147483647,false,0,-1,-1,-1,-1,-1,-1
20269,1467763200,2147483647,false,0,-1,-1,-1,-1,-1,-1
20272,1467763200,2147483647,false,18,31911,-1,-1,-1,-1,-1
20275,1467763200,2147483647,false,958,-1,-1,-1,-1,-1,-1
20278,1467763200,2147483647,false,958,-1,-1,-1,-1,-1,-1
20280,1467763200,2147483647,false,959,-1,-1,-1,-1,-1,-1
20281,1467763200,2147483647,false,959,-1,-1,-1,-1,-1,-1
20282,1467763200,2147483647,false,959,-1,-1,-1,-1,-1,-1
20355,1467763200,2147483647,false,959,-1,-1,-1,-1,-1,-1
20358,1467763200,2147483647,false,0,-1,-1,-1,-1,-1,-1
20360,1467763200,2147483647,false,0,-1,-1,-1,-1,-1,-1
20362,1467763200,2147483647,false,0,-1,-1,-1,-1,-1,-1
20364,1467763200,2147483647,false,0,-1,-1,-1,-1,-1,-1
20366,1467763200,2147483647,false,0,-1,-1,-1,-1,-1,-1
20368,1467763200,2147483647,false,61,31893,-1,-1,-1,-1,-1
20370,1467763200,2147483647,false,61,31895,-1,-1,-1,-1,-1
20372,1467763200,2147483647,false,61,-1,-1,-1,-1,-1,-1
20374,1467763200,2147483647,false,61,31886,-1,-1,-1,-1,-1
20376,1467763200,2147483647,false,1590,-1,-1,-1,-1,-1,-1
20379,1467763200,2147483647,false,1590,-1,-1,-1,-1,-1,-1
20382,1467763200,2147483647,false,1590,-1,-1,-1,-1,-1,-1
20385,1467763200,2147483647,false,1590,-1,-1,-1,-1,-1,-1
20388,0,2147483647,false,62,-1,-1,-1,-1,-1,-1
20389,1470268800,2147483647,false,701,-1,-1,-1,-1,-1,-1
20390,1470268800,2147483647,false,58,-1,-1,-1,-1,-1,-1
20393,1470268800,1567036800,false,69,-1,-1,-1,-1,-1,-1
20394,1470268800,1567036800,false,69,-1,-1,-1,-1,-1,-1
20395,1470268800,1567036800,false,69,-1,-1,-1,-1,-1,-1
20396,1470268800,1567036800,false,69,-1,-1,-1,-1,-1,-1
20397,1470268800,1567036800,false,66,31575,-1,-1,-1,-1,-1
20401,0,2147483647,false,64,-1,-1,-1,-1,-1,-1
20402,0,2147483647,false,21,-1,-1,-1,-1,-1,-1
20403,0,2147483647,false,64,-1,-1,-1,-1,-1,-1
20405,1470268800,2147483647,false,150,5409,-1,-1,-1,-1,-1
20406,1660089600,2147483647,false,21,-1,-1,-1,-1,-1,-1
20407,1470268800,2147483647,false,25,-1,-1,-1,-1,-1,-1
20408,1470268800,2147483647,false,64,-1,-1,-1,-1,-1,-1
20415,0,2147483647,false,7,306,-1,-1,-1,-1,-1
20416,0,2147483647,false,8,-1,-1,-1,-1,-1,-1
20417,0,2147483647,false,7,314,-1,-1,-1,-1,-1
20418,0,2147483647,false,8,-1,-1,-1,423,-1,-1
20421,0,2147483647,false,7,306,-1,-1,-1,-1,-1
20422,1470268800,2147483647,false,8,-1,-1,-1,-1,-1,-1
20423,1470268800,2147483647,false,7,314,-1,-1,-1,-1,-1
20424,1660089600,2147483647,false,8,-1,-1,-1,423,-1,-1
20425,1470268800,2147483647,false,10,-1,5028,-1,-1,-1,-1
20426,1470268800,2147483647,false,10,-1,-1,-1,-1,-1,-1
20428,0,2147483647,false,7,3820,-1,-1,3821,-1,-1
20429,0,2147483647,false,8,-1,-1,-1,-1,-1,-1
20430,1470268800,1567036800,false,482,-1,-1,-1,-1,-1,-1
20431,1660089600,2147483647,false,1,-1,-1,-1,-1,-1,-1
20433,1469059200,2147483647,false,0,24033,-1,-1,-1,-1,-1
20436,1469059200,2147483647,false,0,-1,-1,-1,24048,-1,-1
20439,1469059200,2147483647,false,0,24034,-1,-1,24046,-1,-1
20442,1469059200,2147483647,false,0,-1,-1,-1,-1,-1,-1
20445,1469059200,2147483647,false,27,-1,-1,-1,-1,-1,-1
20447,1469059200,2147483647,false,27,-1,-1,-1,-1,-1,-1
20449,1469059200,2147483647,false,494,-1,-1,-1,-1,-1,-1
20451,1469059200,2147483647,false,494,-1,-1,-1,-1,-1,-1
20453,1469059200,2147483647,false,494,-1,-1,-1,-1,-1,-1
20455,1469059200,2147483647,false,494,-1,-1,-1,-1,-1,-1
20457,1469059200,2147483647,false,494,-1,-1,-1,-1,-1,-1
20459,1469059200,2147483647,false,494,-1,-1,-1,-1,-1,-1
20461,1469059200,2147483647,false,494,-1,-1,-1,-1,-1,-1
20463,1469059200,2147483647,false,494,-1,-1,-1,-1,-1,-1
20465,1469059200,2147483647,false,7,-1,-1,-1,-1,-1,-1
20467,1469059200,2147483647,false,7,-1,-1,-1,-1,-1,-1
20469,1469059200,2147483647,false,0,-1,-1,-1,-1,-1,-1
20471,1469059200,2147483647,false,8,-1,-1,-1,-1,-1,-1
20473,1469059200,2147483647,false,1,-1,-1,-1,-1,-1,-1
20475,1469059200,2147483647,false,0,-1,-1,-1,-1,-1,-1
20477,1469059200,2147483647,false,2,-1,-1,-1,-1,-1,-1
20479,1469059200,2147483647,false,2,-1,-1,-1,-1,-1,-1
20481,1469059200,2147483647,false,2,-1,-1,-1,-1,-1,-1
20483,1469059200,2147483647,false,21,-1,-1,-1,-1,-1,-1
20485,1469059200,2147483647,false,7,-1,-1,-1,-1,-1,-1
20487,1469059200,2147483647,false,7,-1,-1,-1,-1,-1,-1
20489,1469059200,2147483647,false,2,-1,-1,-1,-1,-1,-1
20491,1469059200,2147483647,false,18,-1,-1,-1,-1,-1,-1
20493,1469059200,2147483647,false,7,-1,-1,-1,-1,-1,-1
20495,1469059200,2147483647,false,7,-1,-1,-1,-1,-1,-1
20497,1469059200,2147483647,false,8,-1,-1,-1,-1,-1,-1
20499,1469059200,2147483647,false,2,-1,-1,-1,-1,-1,-1
20501,1469059200,2147483647,false,7,-1,-1,-1,-1,-1,-1
20503,1469059200,2147483647,false,8,-1,-1,-1,-1,-1,-1
20505,1469059200,2147483647,false,7,-1,-1,-1,-1,-1,-1
20507,1469059200,2147483647,false,2,-1,-1,-1,-1,-1,-1
20509,1469059200,2147483647,false,2,-1,-1,-1,-1,-1,-1
20511,1469059200,2147483647,false,2,-1,-1,-1,-1,-1,-1
20513,1469059200,2147483647,false,7,-1,-1,-1,-1,-1,-1
20515,1469059200,2147483647,false,8,-1,-1,-1,-1,-1,-1
20517,1469059200,2147483647,false,10,-1,-1,-1,-1,-1,-1
20520,1469059200,2147483647,false,10,-1,-1,-1,-1,-1,-1
20523,1470268800,1567036800,false,0,-1,-1,-1,-1,-1,-1
20524,1470268800,1567036800,false,0,-1,-1,-1,-1,-1,-1
20525,1470268800,1567036800,false,0,-1,-1,-1,-1,-1,-1
20526,1470268800,2147483647,false,0,-1,-1,-1,-1,-1,-1
20527,1470268800,1567036800,false,0,-1,-1,-1,-1,-1,-1
20537,1469059200,2147483647,false,2,-1,-1,-1,-1,-1,-1
20539,1469059200,2147483647,false,2,-1,-1,-1,-1,-1,-1
20541,1469059200,2147483647,false,2,-1,-1,-1,-1,-1,-1
20543,1469664000,2147483647,false,0,-1,-1,-1,-1,-1,-1
20544,1469664000,2147483647,false,0,-1,-1,-1,-1,-1,-1
20545,1469664000,2147483647,false,0,-1,-1,-1,-1,-1,-1
20546,1469664000,2147483647,false,0,-1,-1,-1,-1,-1,-1
20547,0,2147483647,false,58,-1,-1,-1,-1,-1,-1
20548,1470268800,1567036800,false,69,-1,-1,-1,-1,-1,-1
20549,1470268800,1567036800,false,69,-1,-1,-1,-1,-1,-1
20550,1470268800,1567036800,false,69,-1,-1,-1,-1,-1,-1
20551,1470268800,1567036800,false,69,-1,-1,-1,-1,-1,-1
20552,0,2147483647,false,35,-1,-1,-1,-1,-1,-1
20553,0,2147483647,false,1,-1,-1,-1,-1,-1,-1
20554,0,2147483647,false,25,-1,-1,-1,-1,-1,-1
20555,0,2147483647,false,61,-1,-1,-1,-1,-1,-1
20556,0,2147483647,false,1,-1,-1,-1,-1,-1,-1
20557,1470268800,2147483647,false,26,-1,-1,-1,-1,-1,-1
20558,0,2147483647,false,64,-1,-1,-1,-1,-1,-1
20559,0,2147483647,false,61,-1,-1,-1,-1,-1,-1
20560,0,2147483647,false,1,-1,-1,-1,39616,-1,-1
20561,0,2147483647,false,2,-1,-1,-1,-1,-1,-1
20562,0,2147483647,false,10,-1,-1,-1,-1,-1,-1
20563,0,2147483647,false,2,-1,-1,-1,-1,-1,-1
20564,0,2147483647,false,7,3379,-1,-1,-1,-1,-1
20565,0,2147483647,false,8,-1,-1,-1,-1,-1,-1
20566,0,2147483647,false,7,314,-1,-1,-1,-1,-1
20567,0,2147483647,false,8,-1,-1,-1,423,-1,-1
20568,0,2147483647,false,2,-1,-1,-1,-1,-1,-1
20571,0,2147483647,false,2,215,-1,4219,-1,55866,-1
20572,0,2147483647,false,2,215,-1,4219,-1,55865,-1
20573,0,2147483647,false,2,215,4223,4219,-1,55864,-1
20574,0,2147483647,false,10,-1,-1,-1,-1,-1,-1
20575,0,2147483647,false,10,-1,-1,-1,10693,-1,-1
20576,1660089600,1774396800,false,7,20160,-1,-1,-1,-1,-1
20577,1660089600,1774396800,false,8,-1,-1,-1,-1,-1,-1
20578,1470268800,2147483647,false,0,3704,-1,-1,-1,-1,-1
20579,0,2147483647,false,10,-1,-1,-1,-1,-1,-1
20580,0,2147483647,false,17,-1,-1,-1,-1,-1,-1
20581,1660089600,2147483647,false,16,-1,-1,-1,-1,-1,-1
20582,1469664000,2147483647,false,16,-1,-1,-1,-1,-1,-1
20583,0,2147483647,false,16,-1,-1,-1,-1,-1,-1
20585,1469664000,2147483647,false,0,-1,-1,-1,-1,-1,-1
20586,1470268800,2147483647,false,0,-1,-1,-1,-1,-1,-1
20587,1470268800,2147483647,false,0,10131,-1,-1,-1,-1,-1
20590,1470268800,2147483647,false,55,-1,-1,-1,-1,-1,-1
20593,1470268800,2147483647,false,61,-1,-1,-1,-1,-1,-1
20594,1470873600,2147483647,false,0,-1,-1,-1,-1,-1,-1
20595,1470873600,2147483647,false,10,54275,-1,-1,-1,-1,-1
20598,1470873600,2147483647,false,7,-1,26619,-1,-1,-1,-1
20599,1470873600,2147483647,false,8,-1,-1,-1,-1,-1,-1
20600,0,2147483647,false,62,-1,-1,-1,-1,-1,-1
20607,1471478400,1567036800,false,0,-1,-1,-1,-1,-1,-1
20608,1471478400,2147483647,false,0,-1,-1,-1,-1,-1,-1
20609,1472083200,2147483647,false,0,-1,-1,-1,-1,-1,-1
20611,1472083200,2147483647,false,0,-1,-1,-1,-1,-1,-1
20613,1472083200,2147483647,false,0,-1,-1,-1,-1,-1,-1
20615,1472083200,2147483647,false,0,-1,-1,-1,-1,-1,-1
20617,0,2147483647,false,206,-1,-1,-1,-1,-1,-1
20618,0,2147483647,false,206,-1,-1,-1,-1,-1,-1
20619,0,2147483647,false,206,-1,-1,-1,-1,-1,-1
20620,0,2147483647,false,206,-1,-1,-1,-1,-1,-1
20621,0,2147483647,false,206,-1,-1,-1,-1,-1,-1
20622,0,2147483647,false,206,-1,-1,-1,-1,-1,-1
20623,0,2147483647,false,206,-1,-1,-1,-1,-1,-1
20624,0,2147483647,false,206,-1,-1,-1,-1,-1,-1
20625,0,2147483647,false,206,-1,-1,-1,-1,-1,-1
20626,0,2147483647,false,206,-1,-1,-1,-1,-1,-1
20627,0,2147483647,false,206,-1,-1,-1,-1,-1,-1
20628,0,2147483647,false,206,-1,-1,-1,-1,-1,-1
20629,0,2147483647,false,206,-1,-1,-1,-1,-1,-1
20630,0,2147483647,false,206,-1,-1,-1,-1,-1,-1
20631,0,2147483647,false,206,-1,-1,-1,-1,-1,-1
20632,0,2147483647,false,206,-1,-1,-1,-1,-1,-1
20633,0,2147483647,false,206,-1,-1,-1,-1,-1,-1
20634,0,2147483647,false,206,-1,-1,-1,-1,-1,-1
20635,0,2147483647,false,206,-1,-1,-1,-1,-1,-1
20636,0,2147483647,false,206,-1,-1,-1,-1,-1,-1
20637,0,2147483647,false,206,-1,-1,-1,-1,-1,-1
20638,0,2147483647,false,206,-1,-1,-1,-1,-1,-1
20639,0,2147483647,false,206,-1,-1,-1,-1,-1,-1
20640,0,2147483647,false,206,-1,-1,-1,-1,-1,-1
20641,0,2147483647,false,206,-1,-1,-1,-1,-1,-1
20642,0,2147483647,false,206,-1,-1,-1,-1,-1,-1
20643,0,2147483647,false,206,-1,-1,-1,-1,-1,-1
20644,0,2147483647,false,206,-1,-1,-1,-1,-1,-1
20645,0,2147483647,false,206,-1,-1,-1,-1,-1,-1
20646,0,2147483647,false,206,-1,-1,-1,-1,-1,-1
20647,0,2147483647,false,206,-1,-1,-1,-1,-1,-1
20648,0,2147483647,false,206,-1,-1,-1,-1,-1,-1
20649,0,2147483647,false,206,-1,-1,-1,-1,-1,-1
20650,0,2147483647,false,206,-1,-1,-1,-1,-1,-1
20651,0,2147483647,false,206,-1,-1,-1,-1,-1,-1
20652,0,2147483647,false,206,-1,-1,-1,-1,-1,-1
20653,0,2147483647,false,483,-1,-1,-1,-1,-1,-1
20654,0,2147483647,false,483,-1,-1,-1,-1,-1,-1
20655,1472083200,2147483647,false,0,-1,-1,-1,-1,-1,-1
20657,1472083200,2147483647,false,0,-1,-1,-1,-1,-1,-1
20659,1472688000,2147483647,false,1428,-1,-1,-1,-1,-1,-1
20661,1472688000,2147483647,false,1413,-1,-1,-1,-1,-1,-1
20663,1472688000,2147483647,false,2134,-1,-1,-1,-1,-1,-1
20665,1472688000,2147483647,false,973,-1,-1,-1,-1,-1,-1
20667,1472688000,2147483647,false,973,-1,-1,-1,-1,-1,-1
20669,1472688000,2147483647,false,973,-1,-1,-1,-1,-1,-1
20671,1472688000,2147483647,false,973,-1,-1,-1,-1,-1,-1
20673,1472688000,2147483647,false,973,-1,-1,-1,-1,-1,-1
20675,1472688000,2147483647,false,973,-1,-1,-1,-1,-1,-1
20677,1472688000,2147483647,false,973,-1,-1,-1,-1,-1,-1
20679,1472688000,2147483647,false,973,-1,-1,-1,-1,-1,-1
20681,1472688000,2147483647,false,973,-1,-1,-1,-1,-1,-1
20683,1472688000,2147483647,false,973,-1,-1,-1,-1,-1,-1
20685,1472688000,2147483647,false,973,-1,-1,-1,-1,-1,-1
20687,1472688000,2147483647,false,973,-1,-1,-1,-1,-1,-1
20689,1472688000,2147483647,false,973,-1,-1,-1,-1,-1,-1
20691,1472688000,2147483647,false,973,-1,-1,-1,-1,-1,-1
20693,1473292800,2147483647,false,0,-1,-1,-1,-1,-1,-1
20695,1473292800,2147483647,false,0,4048,-1,-1,-1,-1,-1
20696,1473292800,2147483647,false,0,4048,-1,-1,-1,-1,-1
20697,1473292800,2147483647,false,0,-1,-1,-1,-1,-1,-1
20698,1473292800,2147483647,false,0,-1,-1,-1,-1,-1,-1
20699,1473292800,2147483647,false,69,-1,-1,-1,-1,-1,-1
20700,1473292800,2147483647,false,69,-1,-1,-1,-1,-1,-1
20701,1473292800,2147483647,false,69,-1,-1,-1,-1,-1,-1
20702,1473292800,2147483647,false,69,-1,-1,-1,-1,-1,-1
20703,1473292800,2147483647,false,0,-1,-1,-1,-1,-1,-1
20704,1473292800,2147483647,false,0,-1,-1,-1,-1,-1,-1
20706,1473292800,2147483647,false,0,-1,-1,-1,-1,-1,-1
20708,1473292800,2147483647,false,0,32211,-1,-1,-1,-1,-1
20710,1473292800,2147483647,false,0,-1,-1,-1,-1,-1,-1
20712,1473292800,2147483647,false,0,32212,-1,-1,-1,-1,-1
20714,1473292800,2147483647,false,977,-1,-1,-1,-1,-1,-1
20716,1473292800,2147483647,false,977,-1,-1,-1,-1,-1,-1
20718,1473292800,2147483647,false,759,-1,-1,-1,-1,-1,-1
20720,1473292800,2147483647,false,2053,-1,-1,-1,-1,-1,-1
20722,1473292800,2147483647,true,0,-1,-1,-1,-1,-1,-1
20724,1473897600,2147483647,false,0,-1,-1,-1,-1,-1,-1
20727,1473897600,2147483647,false,35,-1,-1,-1,-1,-1,-1
20730,1473897600,2147483647,false,1,-1,-1,-1,-1,-1,-1
20733,1473897600,2147483647,false,1,-1,-1,-1,-1,-1,-1
20736,1473897600,2147483647,false,1,32302,-1,-1,-1,-1,-1
20739,1473897600,2147483647,false,1,32302,-1,-1,-1,-1,-1
20742,1474502400,2147483647,false,720,-1,-1,-1,-1,-1,-1
20745,0,2147483647,false,206,-1,-1,-1,-1,-1,-1
20746,0,2147483647,false,206,-1,-1,-1,-1,-1,-1
20747,1475107200,2147483647,false,0,-1,-1,-1,-1,-1,-1
20749,1475107200,2147483647,false,0,-1,-1,-1,-1,-1,-1
20752,1475107200,2147483647,false,0,-1,-1,-1,-1,-1,-1
20754,1475712000,2147483647,false,0,-1,-1,-1,-1,-1,-1
20756,1475712000,2147483647,false,26,-1,-1,-1,-1,-1,-1
20760,1476316800,2147483647,false,27,-1,-1,-1,-1,-1,-1
20764,1476316800,2147483647,false,0,29614,-1,-1,-1,-1,-1
20766,1476921600,1479340800,false,985,-1,-1,-1,-1,-1,-1
20767,1476921600,1479340800,false,985,-1,-1,-1,-1,-1,-1
20768,1476921600,1479340800,false,985,-1,-1,-1,-1,-1,-1
20769,1476921600,1479340800,false,985,-1,-1,-1,-1,-1,-1
20770,1476921600,1479340800,false,0,-1,-1,-1,-1,-1,-1
20771,1476921600,1479340800,false,0,-1,-1,-1,-1,-1,-1
20772,1476921600,1479340800,false,0,-1,-1,-1,-1,-1,-1
20773,1476921600,2147483647,false,0,-1,-1,-1,-1,-1,-1
20775,1476921600,2147483647,false,0,-1,-1,-1,-1,-1,-1
20777,1476921600,2147483647,false,0,-1,-1,-1,32329,-1,-1
20779,1476921600,2147483647,false,25,-1,-1,-1,-1,-1,-1
20781,1476921600,1479340800,false,25,-1,-1,-1,-1,-1,-1
20782,1476921600,1479340800,false,15,-1,-1,-1,-1,-1,-1
20784,1478131200,2147483647,false,65,-1,-1,-1,-1,-1,-1
20785,0,2147483647,false,26,-1,-1,-1,-1,-1,-1
20786,1478131200,2147483647,false,656,-1,-1,-1,-1,-1,-1
20787,1478131200,2147483647,false,656,-1,-1,-1,-1,-1,-1
20788,1478131200,2147483647,false,656,-1,-1,-1,-1,-1,-1
20789,1478131200,2147483647,false,656,-1,-1,-1,-1,-1,-1
20790,1478131200,2147483647,false,656,-1,-1,-1,-1,-1,-1
20791,1478131200,2147483647,false,0,-1,-1,-1,-1,-1,-1
20792,1478736000,2147483647,false,2,-1,-1,-1,-1,-1,-1
20794,1478736000,2147483647,false,7,-1,-1,-1,-1,-1,-1
20796,1478736000,2147483647,false,8,-1,-1,-1,32363,-1,-1
20798,1479340800,2147483647,false,0,-1,-1,-1,-1,-1,-1
20799,1483574400,2147483647,false,0,-1,-1,-1,-1,-1,-1
20800,1483574400,2147483647,false,0,-1,-1,-1,-1,-1,-1
20801,1483574400,2147483647,false,0,-1,-1,-1,-1,-1,-1
20802,1559174400,2147483647,false,1318,28330,19262,-1,-1,-1,-1
20832,1481673600,2147483647,false,0,-1,-1,-1,-1,-1,-1
20834,1481673600,2147483647,false,0,32379,-1,-1,-1,-1,-1
20836,1481673600,2147483647,false,55,-1,-1,-1,-1,-1,-1
20838,1481673600,2147483647,false,2,-1,-1,-1,-1,-1,-1
20840,1481673600,2147483647,false,7,32626,-1,-1,-1,-1,-1
20842,1481673600,2147483647,false,8,-1,-1,-1,-1,-1,-1
20844,1481673600,2147483647,false,8,32625,-1,-1,-1,-1,-1
20846,1481673600,2147483647,false,18,32633,-1,-1,-1,-1,-1
20849,1483574400,2147483647,false,24,-1,-1,-1,-1,-1,-1
20851,1483574400,2147483647,false,0,-1,-1,-1,-1,-1,-1
20853,1483574400,2147483647,false,0,-1,-1,-1,-1,-1,-1
20854,1483574400,2147483647,false,0,-1,-1,-1,-1,-1,-1
20855,1483574400,2147483647,false,1007,-1,-1,-1,-1,-1,-1
20856,1483574400,2147483647,false,1008,-1,-1,-1,-1,-1,-1
20857,1483574400,2147483647,false,1007,-1,-1,-1,-1,-1,-1
20858,1483574400,2147483647,false,1008,-1,-1,-1,-1,-1,-1
20859,1483574400,2147483647,false,1007,-1,-1,-1,-1,-1,-1
20860,1483574400,2147483647,false,1008,-1,-1,-1,-1,-1,-1
20861,1483574400,2147483647,false,1007,-1,-1,-1,-1,-1,-1
20862,1483574400,2147483647,false,1008,-1,-1,-1,-1,-1,-1
20863,1483574400,2147483647,false,1007,-1,-1,-1,-1,-1,-1
20864,1483574400,2147483647,false,1008,-1,-1,-1,-1,-1,-1
20865,1483574400,2147483647,false,1007,-1,-1,-1,-1,-1,-1
20866,1483574400,2147483647,false,1008,-1,-1,-1,-1,-1,-1
20867,1483574400,2147483647,false,1007,-1,-1,-1,-1,-1,-1
20868,1483574400,2147483647,false,1008,-1,-1,-1,-1,-1,-1
20869,1483574400,2147483647,false,0,-1,-1,-1,-1,-1,-1
20870,1483574400,2147483647,false,1007,-1,-1,-1,-1,-1,-1
20871,1483574400,2147483647,false,1008,-1,-1,-1,-1,-1,-1
20872,1483574400,2147483647,false,1007,-1,-1,-1,-1,-1,-1
20873,1483574400,2147483647,false,1008,-1,-1,-1,-1,-1,-1
20874,1483574400,2147483647,false,1007,-1,-1,-1,-1,-1,-1
20875,1483574400,2147483647,false,1008,-1,-1,-1,-1,-1,-1
20876,1483574400,2147483647,false,1007,-1,-1,-1,-1,-1,-1
20877,1483574400,2147483647,false,1008,-1,-1,-1,-1,-1,-1
20878,1483574400,2147483647,false,1007,-1,-1,-1,-1,-1,-1
20879,1483574400,2147483647,false,1008,-1,-1,-1,-1,-1,-1
20880,1483574400,2147483647,false,1007,-1,-1,-1,-1,-1,-1
20881,1483574400,2147483647,false,1008,-1,-1,-1,-1,-1,-1
20882,1483574400,2147483647,false,1007,-1,-1,-1,-1,-1,-1
20883,1483574400,2147483647,false,1008,-1,-1,-1,-1,-1,-1
20884,1483574400,2147483647,false,0,-1,-1,-1,-1,-1,-1
20885,1483574400,2147483647,false,0,-1,-1,-1,-1,-1,-1
20886,1483574400,2147483647,false,1034,-1,-1,-1,-1,-1,-1
20888,1483574400,2147483647,false,1034,-1,-1,-1,-1,-1,-1
20890,1483574400,2147483647,false,1034,-1,-1,-1,-1,-1,-1
20892,1483574400,2147483647,false,0,-1,-1,-1,-1,-1,-1
20893,1483574400,2147483647,false,1034,-1,-1,-1,-1,-1,-1
20895,1483574400,2147483647,false,1034,-1,-1,-1,-1,-1,-1
20897,1483574400,2147483647,false,1034,-1,-1,-1,-1,-1,-1
20899,1483574400,2147483647,false,1034,-1,-1,-1,-1,-1,-1
20901,1483574400,2147483647,false,1009,-1,-1,-1,-1,-1,-1
20902,1483574400,2147483647,false,1010,-1,-1,-1,-1,-1,-1
20903,1483574400,2147483647,false,1011,-1,-1,-1,-1,-1,-1
20904,1483574400,2147483647,false,1009,-1,-1,-1,-1,-1,-1
20905,1483574400,2147483647,false,1010,-1,-1,-1,-1,-1,-1
20906,1483574400,2147483647,false,1011,-1,-1,-1,-1,-1,-1
20907,1483574400,2147483647,false,1009,-1,-1,-1,-1,-1,-1
20908,1483574400,2147483647,false,1010,-1,-1,-1,-1,-1,-1
20909,1483574400,2147483647,false,1011,-1,-1,-1,-1,-1,-1
20910,1483574400,2147483647,false,1012,-1,-1,-1,-1,-1,-1
20911,1483574400,2147483647,false,1012,-1,-1,-1,-1,-1,-1
20912,1483574400,2147483647,false,1012,-1,-1,-1,-1,-1,-1
20913,1483574400,2147483647,false,1013,-1,-1,-1,-1,-1,-1
20914,1483574400,2147483647,false,1013,-1,-1,-1,-1,-1,-1
20915,1483574400,2147483647,false,1013,-1,-1,-1,-1,-1,-1
20916,1483574400,2147483647,false,1013,-1,-1,-1,-1,-1,-1
20917,1483574400,2147483647,false,1013,-1,-1,-1,-1,-1,-1
20918,1483574400,2147483647,false,1013,-1,-1,-1,-1,-1,-1
20919,1483574400,2147483647,false,1013,-1,-1,-1,-1,-1,-1
20920,1483574400,2147483647,false,1013,-1,-1,-1,-1,-1,-1
20921,1483574400,2147483647,false,1013,-1,-1,-1,-1,-1,-1
20922,1483574400,2147483647,false,1013,-1,-1,-1,-1,-1,-1
20923,1483574400,2147483647,false,1013,-1,-1,-1,-1,-1,-1
20924,1483574400,2147483647,false,1013,-1,-1,-1,-1,-1,-1
20925,1483574400,2147483647,false,1013,-1,-1,-1,-1,-1,-1
20926,1483574400,2147483647,false,1013,-1,-1,-1,-1,-1,-1
20927,1483574400,2147483647,false,1013,-1,-1,-1,-1,-1,-1
20928,1483574400,2147483647,false,1013,-1,-1,-1,-1,-1,-1
20929,1483574400,2147483647,false,1013,-1,-1,-1,-1,-1,-1
20930,1483574400,2147483647,false,1013,-1,-1,-1,-1,-1,-1
20931,1483574400,2147483647,false,1013,-1,-1,-1,-1,-1,-1
20932,1483574400,2147483647,false,1013,-1,-1,-1,-1,-1,-1
20933,1483574400,2147483647,false,1013,-1,-1,-1,-1,-1,-1
20934,1483574400,2147483647,false,1013,-1,-1,-1,-1,-1,-1
20935,1483574400,2147483647,false,1013,-1,-1,-1,-1,-1,-1
20936,1483574400,2147483647,false,1013,-1,-1,-1,-1,-1,-1
20937,1483574400,2147483647,false,1013,-1,-1,-1,-1,-1,-1
20938,1483574400,2147483647,false,1013,-1,-1,-1,-1,-1,-1
20939,1483574400,2147483647,false,1013,-1,-1,-1,-1,-1,-1
20940,1483574400,2147483647,false,1013,-1,-1,-1,-1,-1,-1
20941,1483574400,2147483647,false,1013,-1,-1,-1,-1,-1,-1
20942,1483574400,2147483647,false,1013,-1,-1,-1,-1,-1,-1
20943,1483574400,2147483647,false,1013,-1,-1,-1,-1,-1,-1
20944,1483574400,2147483647,false,1013,-1,-1,-1,-1,-1,-1
20945,1483574400,2147483647,false,1013,-1,-1,-1,-1,-1,-1
20946,1483574400,2147483647,false,1013,-1,-1,-1,-1,-1,-1
20947,1483574400,2147483647,false,1013,-1,-1,-1,-1,-1,-1
20948,1483574400,2147483647,false,1013,-1,-1,-1,-1,-1,-1
20949,1483574400,2147483647,false,1013,-1,-1,-1,-1,-1,-1
20950,1483574400,2147483647,false,1013,-1,-1,-1,-1,-1,-1
20951,1483574400,2147483647,false,1013,-1,-1,-1,-1,-1,-1
20952,1483574400,2147483647,false,1013,-1,-1,-1,-1,-1,-1
20953,1483574400,2147483647,false,1013,-1,-1,-1,-1,-1,-1
20954,1483574400,2147483647,false,1013,-1,-1,-1,-1,-1,-1
20955,1483574400,2147483647,false,1013,-1,-1,-1,-1,-1,-1
20956,1483574400,2147483647,false,1013,-1,-1,-1,-1,-1,-1
20957,1483574400,2147483647,false,1013,-1,-1,-1,-1,-1,-1
20958,1483574400,2147483647,false,1013,-1,-1,-1,-1,-1,-1
20959,1483574400,2147483647,false,1013,-1,-1,-1,-1,-1,-1
20960,1483574400,2147483647,false,1013,-1,-1,-1,-1,-1,-1
20961,1483574400,2147483647,false,1013,-1,-1,-1,-1,-1,-1
20962,1483574400,2147483647,false,1013,-1,-1,-1,-1,-1,-1
20963,1483574400,2147483647,false,1013,-1,-1,-1,-1,-1,-1
20964,1483574400,2147483647,false,1013,-1,-1,-1,-1,-1,-1
20965,1483574400,2147483647,false,1013,-1,-1,-1,-1,-1,-1
20966,1483574400,2147483647,false,1013,-1,-1,-1,-1,-1,-1
20967,1483574400,2147483647,false,1013,-1,-1,-1,-1,-1,-1
20968,1483574400,2147483647,false,1013,-1,-1,-1,-1,-1,-1
20969,1483574400,2147483647,false,1013,-1,-1,-1,-1,-1,-1
20970,1483574400,2147483647,false,1013,-1,-1,-1,-1,-1,-1
20971,1483574400,2147483647,false,1013,-1,-1,-1,-1,-1,-1
20972,1483574400,2147483647,false,1013,-1,-1,-1,-1,-1,-1
20973,1483574400,2147483647,false,1013,-1,-1,-1,-1,-1,-1
20974,1483574400,2147483647,false,1013,-1,-1,-1,-1,-1,-1
20975,1483574400,2147483647,false,1013,-1,-1,-1,-1,-1,-1
20976,1483574400,2147483647,false,1013,-1,-1,-1,-1,-1,-1
20977,1483574400,2147483647,false,1013,-1,-1,-1,-1,-1,-1
20978,1483574400,2147483647,false,1013,-1,-1,-1,-1,-1,-1
20979,1483574400,2147483647,false,1013,-1,-1,-1,-1,-1,-1
20980,1483574400,2147483647,false,1013,-1,-1,-1,-1,-1,-1
20981,1483574400,2147483647,false,1013,-1,-1,-1,-1,-1,-1
20982,1483574400,2147483647,false,1013,-1,-1,-1,-1,-1,-1
20983,1483574400,2147483647,false,1013,-1,-1,-1,-1,-1,-1
20984,1483574400,2147483647,false,1013,-1,-1,-1,-1,-1,-1
20985,1483574400,2147483647,false,1013,-1,-1,-1,-1,-1,-1
20986,1483574400,2147483647,false,1013,-1,-1,-1,-1,-1,-1
20987,1483574400,2147483647,false,1013,-1,-1,-1,-1,-1,-1
20988,1483574400,2147483647,false,1013,-1,-1,-1,-1,-1,-1
20989,1483574400,2147483647,false,1013,-1,-1,-1,-1,-1,-1
20990,1483574400,2147483647,false,1013,-1,-1,-1,-1,-1,-1
20991,1483574400,2147483647,false,1013,-1,-1,-1,-1,-1,-1
20992,1483574400,2147483647,false,1013,-1,-1,-1,-1,-1,-1
20993,1483574400,2147483647,false,1013,-1,-1,-1,-1,-1,-1
20994,1483574400,2147483647,false,1013,-1,-1,-1,-1,-1,-1
20995,1483574400,2147483647,false,1013,-1,-1,-1,-1,-1,-1
20996,1483574400,2147483647,false,1013,-1,-1,-1,-1,-1,-1
20997,1483574400,2147483647,false,64,-1,-1,-1,-1,-1,-1
21000,1483574400,2147483647,false,18,-1,-1,-1,-1,-1,-1
21003,1483574400,2147483647,false,26,-1,-1,-1,-1,-1,-1
21006,1483574400,2147483647,false,1,-1,-1,-1,-1,-1,-1
21009,1483574400,2147483647,false,25,-1,-1,-1,-1,-1,-1
21012,1483574400,2147483647,false,37,-1,-1,-1,-1,-1,-1
21015,1483574400,2147483647,false,1014,32671,-1,-1,-1,-1,-1
21018,1483574400,2147483647,false,10,32655,-1,-1,-1,-1,-1
21021,1483574400,2147483647,false,10,-1,32658,-1,-1,32665,-1
21024,1483574400,2147483647,false,10,-1,-1,-1,-1,-1,-1
21027,1483574400,2147483647,false,0,-1,-1,-1,-1,-1,-1
21028,1483574400,2147483647,false,25,-1,-1,-1,-1,-1,-1
21031,1483574400,2147483647,false,25,-1,-1,-1,-1,-1,-1
21033,1483574400,2147483647,false,25,-1,-1,-1,-1,-1,-1
21034,1483574400,2147483647,false,0,-1,-1,-1,-1,-1,-1
21036,1484179200,2147483647,false,0,-1,-1,-1,-1,-1,-1
21043,1484179200,2147483647,false,0,-1,-1,-1,-1,-1,-1
21046,1484179200,2147483647,false,0,-1,-1,-1,-1,-1,-1
21047,1484179200,2147483647,false,0,-1,-1,-1,-1,-1,-1
21049,1484784000,2147483647,false,1590,-1,-1,-1,-1,-1,-1
21052,1485388800,2147483647,true,1035,-1,-1,-1,-1,-1,-1
21053,1485388800,2147483647,true,1035,-1,-1,-1,-1,-1,-1
21054,1485388800,2147483647,true,1035,-1,-1,-1,-1,-1,-1
21055,1485388800,2147483647,true,1035,-1,-1,-1,-1,-1,-1
21056,1485388800,2147483647,true,0,-1,-1,-1,-1,-1,-1
21057,1485388800,2147483647,true,0,-1,-1,-1,-1,-1,-1
21058,1485388800,2147483647,true,0,-1,-1,-1,-1,-1,-1
21059,1485388800,2147483647,true,25,-1,-1,-1,-1,-1,-1
21060,1485388800,2147483647,true,15,-1,-1,-1,-1,-1,-1
21061,1485388800,2147483647,false,1429,31004,-1,-1,-1,-1,-1
21063,1485388800,2147483647,false,1429,31004,-1,-1,-1,-1,-1
21064,1485388800,2147483647,false,1429,31005,-1,-1,-1,-1,-1
21066,1485388800,2147483647,false,1429,31005,-1,-1,-1,-1,-1
21067,1485388800,2147483647,false,1429,31009,-1,-1,-1,-1,-1
21069,1485388800,2147483647,false,1429,31009,-1,-1,-1,-1,-1
21070,1485388800,2147483647,false,1429,31007,-1,-1,-1,-1,-1
21072,1485388800,2147483647,false,1429,31007,-1,-1,-1,-1,-1
21073,1485388800,2147483647,false,1429,31006,-1,-1,-1,-1,-1
21075,1485388800,2147483647,false,1429,31006,-1,-1,-1,-1,-1
21076,1485388800,2147483647,false,1429,31010,-1,-1,-1,-1,-1
21078,1485388800,2147483647,false,1429,31010,-1,-1,-1,-1,-1
21079,1485388800,2147483647,false,0,-1,-1,-1,-1,-1,-1
21081,1485993600,2147483647,false,656,-1,-1,-1,-1,-1,-1
21084,1485993600,2147483647,false,656,-1,-1,-1,-1,-1,-1
21087,1485993600,2147483647,false,656,-1,-1,-1,-1,-1,-1
21090,1485993600,2147483647,false,0,-1,-1,-1,-1,-1,-1
21093,1485993600,2147483647,false,0,-1,-1,-1,-1,-1,-1
21096,1485993600,2147483647,false,0,-1,-1,-1,-1,-1,-1
21099,1485993600,2147483647,false,0,-1,-1,-1,-1,-1,-1
21102,1485993600,2147483647,false,0,-1,-1,-1,-1,-1,-1
21105,1485993600,2147483647,false,0,-1,-1,-1,-1,-1,-1
21108,1485993600,2147483647,false,0,-1,-1,-1,-1,-1,-1
21111,1485993600,2147483647,false,987,-1,-1,-1,-1,-1,-1
21114,1485993600,2147483647,false,988,-1,-1,-1,-1,-1,-1
21117,1485993600,2147483647,false,0,24558,-1,-1,-1,-1,-1
21120,1485993600,2147483647,false,0,24558,-1,-1,-1,-1,-1
21123,1485993600,2147483647,false,0,24558,-1,-1,-1,-1,-1
21126,1485993600,2147483647,false,656,-1,-1,-1,-1,-1,-1
21129,1485993600,2147483647,false,989,-1,-1,-1,-1,-1,-1
21132,1485993600,2147483647,false,989,-1,-1,-1,-1,-1,-1
21134,1485993600,2147483647,false,989,-1,-1,-1,-1,-1,-1
21136,1485993600,2147483647,false,989,-1,-1,-1,-1,-1,-1
21138,1485993600,2147483647,false,989,-1,-1,-1,-1,-1,-1
21140,1485993600,2147483647,false,656,-1,-1,-1,-1,-1,-1
21143,1485993600,2147483647,false,0,-1,-1,-1,-1,-1,-1
21146,1485993600,2147483647,false,1040,-1,-1,-1,-1,-1,-1
21149,1485993600,2147483647,false,1040,-1,-1,-1,-1,-1,-1
21151,1485993600,2147483647,false,1040,-1,-1,-1,-1,-1,-1
21153,1485993600,2147483647,false,1040,-1,-1,-1,-1,-1,-1
21155,1485993600,2147483647,false,1040,-1,-1,-1,-1,-1,-1
21157,1485993600,2147483647,false,0,-1,-1,-1,-1,-1,-1
21160,1485993600,2147483647,false,0,-1,-1,-1,-1,-1,-1
21163,1485993600,2147483647,false,987,-1,-1,-1,-1,-1,-1
21166,1485993600,2147483647,false,1041,-1,-1,-1,-1,-1,-1
21169,1485993600,2147483647,false,1041,-1,-1,-1,-1,-1,-1
21171,1485993600,2147483647,false,1041,-1,-1,-1,-1,-1,-1
21173,1485993600,2147483647,false,1041,-1,-1,-1,-1,-1,-1
21175,1485993600,2147483647,false,1041,-1,-1,-1,-1,-1,-1
21177,1485993600,2147483647,false,0,24558,-1,-1,-1,-1,-1
21180,1485993600,2147483647,false,0,24558,-1,-1,-1,-1,-1
21183,1485993600,2147483647,false,0,24558,-1,-1,-1,-1,-1
21186,1485993600,2147483647,false,15,32809,-1,-1,-1,-1,-1
21187,1486598400,2147483647,false,1042,-1,-1,-1,-1,-1,-1
21188,1486598400,2147483647,false,1042,-1,-1,-1,-1,-1,-1
21189,1486598400,2147483647,false,1042,-1,-1,-1,-1,-1,-1
21190,1486598400,2147483647,false,1042,-1,-1,-1,-1,-1,-1
21191,1486598400,2147483647,false,1042,-1,-1,-1,-1,-1,-1
21192,1486598400,2147483647,false,1042,-1,-1,-1,-1,-1,-1
21193,1486598400,2147483647,false,1042,-1,-1,-1,-1,-1,-1
21194,1486598400,2147483647,false,1042,-1,-1,-1,-1,-1,-1
21195,1486598400,2147483647,false,1042,-1,-1,-1,-1,-1,-1
21196,1486598400,2147483647,false,1042,-1,-1,-1,-1,-1,-1
21197,1486598400,2147483647,false,1042,-1,-1,-1,-1,-1,-1
21198,1486598400,2147483647,false,1,-1,-1,-1,-1,-1,-1
21200,1486598400,2147483647,false,1,-1,-1,-1,-1,-1,-1
21202,1486598400,2147483647,false,0,-1,-1,-1,-1,-1,-1
21205,1486598400,2147483647,false,26,-1,-1,-1,-1,-1,-1
21206,0,2147483647,false,25,-1,-1,-1,-1,-1,-1
21207,0,2147483647,false,24,-1,-1,-1,-1,-1,-1
21208,1487203200,1489622400,false,0,-1,-1,-1,-1,-1,-1
21209,1487203200,2147483647,false,55,-1,-1,-1,-1,-1,-1
21211,1487203200,2147483647,false,0,-1,-1,-1,-1,-1,-1
21213,0,2147483647,false,206,-1,-1,-1,-1,-1,-1
21214,1491436800,2147483647,false,0,6695,-1,-1,-1,-1,-1
21216,1491436800,1493251200,false,15,-1,-1,-1,-1,-1,-1
21217,1491436800,1493251200,false,15,-1,-1,-1,-1,-1,-1
21218,1491436800,1493251200,false,15,-1,-1,-1,-1,-1,-1
21219,1491436800,1493251200,false,15,-1,-1,-1,-1,-1,-1
21220,1491436800,1493251200,false,15,-1,-1,-1,-1,-1,-1
21221,1491436800,1493251200,false,15,-1,-1,-1,-1,-1,-1
21222,1491436800,1493251200,false,15,-1,-1,-1,-1,-1,-1
21223,1491436800,1493251200,false,15,-1,-1,-1,-1,-1,-1
21224,1491436800,1493251200,false,15,-1,-1,-1,-1,-1,-1
21225,1491436800,1493251200,false,15,-1,-1,-1,-1,-1,-1
21226,1491436800,1493251200,false,15,-1,-1,-1,-1,-1,-1
21227,1491436800,1493251200,false,15,-1,-1,-1,-1,-1,-1
21228,1491436800,1493251200,false,15,-1,-1,-1,-1,-1,-1
21229,1491436800,1493251200,false,15,-1,-1,-1,-1,-1,-1
21230,1491436800,1493251200,false,15,-1,-1,-1,-1,-1,-1
21231,1491436800,1493251200,false,15,-1,-1,-1,-1,-1,-1
21232,1491436800,1493251200,false,15,-1,-1,-1,-1,-1,-1
21233,1491436800,1493251200,false,15,-1,-1,-1,-1,-1,-1
21234,1491436800,1493251200,false,15,-1,-1,-1,-1,-1,-1
21235,1491436800,1493251200,false,15,-1,-1,-1,-1,-1,-1
21236,1491436800,1493251200,false,15,-1,-1,-1,-1,-1,-1
21237,1491436800,1493251200,false,15,-1,-1,-1,-1,-1,-1
21238,1491436800,1493251200,false,15,-1,-1,-1,-1,-1,-1
21239,1491436800,1493251200,false,15,-1,-1,-1,-1,-1,-1
21240,1491436800,1493251200,false,15,-1,-1,-1,-1,-1,-1
21241,1491436800,1493251200,false,15,-1,-1,-1,-1,-1,-1
21242,1491436800,1493251200,false,15,-1,-1,-1,-1,-1,-1
21243,1491436800,1493251200,false,15,-1,-1,-1,-1,-1,-1
21244,1491436800,1493251200,false,15,-1,-1,-1,-1,-1,-1
21245,1491436800,1493251200,false,15,-1,-1,-1,-1,-1,-1
21246,1491436800,1493251200,false,15,-1,-1,-1,-1,-1,-1
21247,1491436800,1493251200,false,15,-1,-1,-1,-1,-1,-1
21248,1491436800,1493251200,false,15,-1,-1,-1,-1,-1,-1
21249,1491436800,1493251200,false,15,-1,-1,-1,-1,-1,-1
21250,1491436800,1493251200,false,15,-1,-1,-1,-1,-1,-1
21251,1491436800,1493251200,false,15,-1,-1,-1,-1,-1,-1
21252,1491436800,1493251200,false,15,-1,-1,-1,-1,-1,-1
21253,1492041600,2147483647,false,15,32967,-1,-1,32968,-1,-1
21254,1492041600,2147483647,false,15,32967,-1,-1,32968,-1,-1
21255,1492041600,2147483647,false,1,32970,-1,-1,-1,-1,-1
21257,1492041600,2147483647,false,0,-1,-1,-1,-1,-1,-1
21259,1492646400,2147483647,true,0,-1,-1,-1,-1,-1,-1
21260,1492646400,2147483647,true,0,-1,-1,-1,-1,-1,-1
21261,1492646400,2147483647,true,0,9652,-1,-1,-1,-1,-1
21262,1492646400,2147483647,true,87,-1,-1,-1,-1,-1,-1
21263,1492646400,2147483647,true,0,-1,-1,-1,-1,-1,-1
21264,1493856000,2147483647,false,2,42673,-1,-1,-1,-1,-1
21266,1493856000,2147483647,false,2,42673,-1,-1,-1,-1,-1
21268,1493856000,2147483647,false,719,-1,-1,-1,-1,-1,-1
21270,1493856000,2147483647,false,1048,516,-1,-1,-1,-1,-1
21273,1493856000,2147483647,false,0,-1,-1,-1,-1,-1,-1
21275,1493856000,2147483647,false,0,-1,-1,-1,-1,-1,-1
21276,1495065600,2147483647,false,1,15942,-1,-1,-1,-1,-1
21279,1496275200,2147483647,false,1590,-1,-1,-1,-1,-1,-1
21282,1496275200,2147483647,false,0,33101,-1,-1,-1,-1,-1
21284,1496275200,2147483647,false,15,33105,-1,-1,-1,-1,-1
21285,1496275200,2147483647,false,27,-1,-1,-1,-1,-1,-1
21287,1496275200,2147483647,false,27,-1,-1,-1,-1,-1,-1
21289,1496275200,2147483647,false,27,-1,-1,-1,-1,-1,-1
21291,1496275200,2147483647,false,0,-1,-1,-1,-1,-1,-1
21293,1496275200,2147483647,false,0,-1,-1,-1,-1,-1,-1
21295,1496275200,2147483647,false,27,-1,-1,-1,-1,-1,-1
21297,1496275200,2147483647,false,15,33104,-1,-1,-1,-1,-1
21298,1496275200,2147483647,false,1130,-1,-1,-1,-1,-1,-1
21301,1496275200,2147483647,false,7,-1,-1,-1,-1,-1,-1
21304,1496275200,2147483647,false,8,-1,-1,-1,-1,-1,-1
21307,1496275200,2147483647,false,0,-1,-1,-1,-1,-1,-1
21308,1496880000,1498089600,false,15,-1,-1,-1,-1,-1,-1
21309,1496880000,1498089600,false,15,-1,-1,-1,-1,-1,-1
21310,1496880000,1498089600,false,15,-1,-1,-1,-1,-1,-1
21311,1496880000,1498089600,false,15,-1,-1,-1,-1,-1,-1
21312,1496880000,1498089600,false,15,-1,-1,-1,-1,-1,-1
21313,1496880000,1498089600,false,15,-1,-1,-1,-1,-1,-1
21314,1496880000,2147483647,false,1771,-1,-1,-1,-1,-1,-1
21316,1498089600,2147483647,false,63,-1,-1,-1,-1,-1,-1
21318,1498089600,2147483647,false,601,-1,-1,-1,-1,-1,-1
21320,1498089600,2147483647,false,601,-1,-1,-1,-1,-1,-1
21322,1498089600,2147483647,false,601,-1,-1,-1,-1,-1,-1
21324,1498089600,2147483647,false,601,-1,-1,-1,-1,-1,-1
21326,1498089600,2147483647,false,62,-1,-1,-1,-1,-1,-1
21328,1498089600,2147483647,false,62,-1,-1,-1,-1,-1,-1
21330,1498089600,2147483647,false,62,-1,-1,-1,-1,-1,-1
21332,1498089600,2147483647,false,62,-1,-1,-1,-1,-1,-1
21334,1498089600,2147483647,false,62,-1,-1,-1,-1,-1,-1
21336,1498089600,2147483647,false,62,-1,-1,-1,-1,-1,-1
21338,1498089600,2147483647,false,530,-1,-1,-1,-1,-1,-1
21340,1498089600,2147483647,false,1042,-1,-1,-1,-1,-1,-1
21341,1498089600,2147483647,false,91,-1,-1,-1,-1,-1,-1
21343,1498089600,2147483647,false,0,-1,-1,-1,-1,-1,-1
21345,1498089600,2147483647,false,0,-1,-1,-1,-1,-1,-1
21347,1498089600,2147483647,false,91,33155,-1,-1,-1,-1,-1
21350,1498089600,2147483647,false,968,-1,-1,-1,-1,-1,-1
21352,1498089600,2147483647,false,0,-1,-1,-1,-1,-1,-1
21354,1498694400,2147483647,false,55,-1,-1,-1,-1,-1,-1
21356,1499299200,2147483647,false,0,-1,-1,-1,-1,-1,-1
21358,1499904000,2147483647,false,1042,-1,-1,-1,-1,-1,-1
21359,1499904000,2147483647,false,1042,-1,-1,-1,-1,-1,-1
21360,1499904000,2147483647,false,1042,-1,-1,-1,-1,-1,-1
21387,1499904000,2147483647,false,1139,-1,-1,-1,-1,-1,-1
21389,1499904000,2147483647,false,1139,-1,-1,-1,-1,-1,-1
21392,1500508800,2147483647,false,0,-1,-1,-1,-1,-1,-1
21394,1502323200,2147483647,true,58,-1,-1,-1,-1,-1,-1
21396,1502323200,2147483647,false,760,-1,33196,-1,-1,-1,-1
21397,1502323200,2147483647,false,760,249,33196,-1,-1,-1,-1
21398,1502323200,2147483647,false,760,250,33196,-1,-1,-1,-1
21399,1502323200,2147483647,false,760,251,33196,-1,-1,-1,-1
21400,1502323200,2147483647,false,760,247,33196,-1,-1,-1,-1
21401,1502323200,2147483647,false,760,246,33196,-1,-1,-1,-1
21402,1502323200,2147483647,false,760,248,33196,-1,-1,-1,-1
21403,1502323200,2147483647,false,760,253,33196,-1,-1,-1,-1
21404,1502323200,2147483647,false,760,252,33196,-1,-1,-1,-1
21405,1502323200,2147483647,false,760,28329,33196,-1,-1,-1,-1
21406,1502323200,2147483647,false,760,28331,33196,-1,-1,-1,-1
21407,1502323200,2147483647,false,760,28330,33196,-1,-1,-1,-1
21408,1502323200,2147483647,false,760,28328,33196,-1,-1,-1,-1
21409,1502323200,2147483647,false,760,28327,33196,-1,-1,-1,-1
21410,1502323200,2147483647,false,760,28333,33196,-1,-1,-1,-1
21411,1502323200,2147483647,false,760,28332,33196,-1,-1,-1,-1
21412,1502323200,2147483647,false,760,-1,33197,-1,-1,-1,-1
21413,1502323200,2147483647,false,760,249,33197,-1,-1,-1,-1
21414,1502323200,2147483647,false,760,250,33197,-1,-1,-1,-1
21415,1502323200,2147483647,false,760,251,33197,-1,-1,-1,-1
21416,1502323200,2147483647,false,760,247,33197,-1,-1,-1,-1
21417,1502323200,2147483647,false,760,246,33197,-1,-1,-1,-1
21418,1502323200,2147483647,false,760,248,33197,-1,-1,-1,-1
21419,1502323200,2147483647,false,760,253,33197,-1,-1,-1,-1
21420,1502323200,2147483647,false,760,252,33197,-1,-1,-1,-1
21421,1502323200,2147483647,false,760,28329,33197,-1,-1,-1,-1
21422,1502323200,2147483647,false,760,28331,33197,-1,-1,-1,-1
21423,1502323200,2147483647,false,760,28330,33197,-1,-1,-1,-1
21424,1502323200,2147483647,false,760,28328,33197,-1,-1,-1,-1
21425,1502323200,2147483647,false,760,28327,33197,-1,-1,-1,-1
21426,1502323200,2147483647,false,760,28333,33197,-1,-1,-1,-1
21427,1502323200,2147483647,false,760,28332,33197,-1,-1,-1,-1
21428,1503532800,2147483647,false,560,-1,-1,-1,-1,-1,-1
21429,1503532800,2147483647,false,560,-1,-1,-1,-1,-1,-1
21430,1503532800,2147483647,false,560,-1,-1,-1,-1,-1,-1
21431,1503532800,2147483647,false,560,-1,-1,-1,-1,-1,-1
21432,1503532800,2147483647,false,560,-1,-1,-1,-1,-1,-1
21433,1503532800,2147483647,false,0,-1,-1,-1,-1,-1,-1
21434,1503532800,2147483647,false,560,-1,33196,-1,-1,-1,-1
21435,1503532800,2147483647,false,560,-1,33196,-1,-1,-1,-1
21436,1503532800,2147483647,false,560,-1,33196,-1,-1,-1,-1
21437,1503532800,2147483647,false,560,-1,33196,-1,-1,-1,-1
21438,1503532800,2147483647,false,560,-1,33196,-1,-1,-1,-1
21439,1504137600,2147483647,false,0,-1,-1,-1,-1,-1,-1
21445,0,2147483647,false,15,-1,-1,-1,-1,-1,-1
21446,0,2147483647,false,15,-1,-1,-1,-1,-1,-1
21469,1504742400,2147483647,false,80,-1,-1,-1,-1,-1,-1
21471,1504742400,2147483647,false,80,-1,-1,-1,-1,-1,-1
21473,1504742400,2147483647,false,0,-1,-1,-1,-1,-1,-1
21475,1504742400,2147483647,false,0,-1,-1,-1,-1,-1,-1
21477,1504742400,2147483647,false,141,-1,-1,-1,-1,-1,-1
21480,1504742400,2147483647,false,141,-1,-1,-1,-1,-1,-1
21483,1504742400,2147483647,false,0,-1,-1,-1,-1,-1,-1
21486,1504742400,2147483647,false,1311,-1,-1,-1,-1,-1,-1
21488,1504742400,2147483647,false,1311,-1,-1,-1,-1,-1,-1
21490,1504742400,2147483647,false,2443,-1,-1,-1,-1,-1,-1
21504,1504742400,2147483647,false,0,-1,-1,-1,-1,-1,-1
21509,1504742400,2147483647,false,0,-1,-1,-1,-1,-1,-1
21512,1504742400,2147483647,false,1141,-1,-1,-1,-1,-1,-1
21515,1504742400,2147483647,false,1141,-1,-1,-1,-1,-1,-1
21518,1504742400,2147483647,false,1141,-1,-1,-1,-1,-1,-1
21521,1504742400,2147483647,false,1141,-1,-1,-1,-1,-1,-1
21524,1732665600,2147483647,false,750,-1,-1,-1,-1,-1,-1
21525,1504742400,2147483647,false,750,-1,-1,-1,-1,-1,-1
21526,1504742400,2147483647,false,47,-1,-1,-1,-1,-1,-1
21527,1504742400,2147483647,false,47,-1,-1,-1,-1,-1,-1
21528,1504742400,2147483647,true,0,-1,-1,-1,-1,-1,-1
21529,1504742400,2147483647,true,0,-1,-1,-1,-1,-1,-1
21530,1504742400,2147483647,true,0,-1,-1,-1,-1,-1,-1
21531,1504742400,2147483647,true,0,-1,-1,-1,-1,-1,-1
21532,1504742400,2147483647,false,1142,-1,-1,-1,-1,-1,-1
21533,1504742400,2147483647,false,1142,-1,-1,-1,-1,-1,-1
21534,1504742400,2147483647,false,1142,-1,-1,-1,-1,-1,-1
21535,1504742400,2147483647,false,1142,-1,-1,-1,-1,-1,-1
21536,1504742400,2147483647,false,1142,-1,-1,-1,-1,-1,-1
21537,1504742400,2147483647,false,1142,-1,-1,-1,-1,-1,-1
21538,1504742400,2147483647,false,1142,-1,-1,-1,-1,-1,-1
21539,1504742400,2147483647,false,1143,-1,-1,-1,-1,-1,-1
21540,1504742400,2147483647,false,1143,-1,-1,-1,-1,-1,-1
21541,1504742400,2147483647,false,0,-1,-1,-1,-1,-1,-1
21543,1504742400,2147483647,false,0,-1,-1,-1,-1,-1,-1
21545,1504742400,2147483647,false,0,-1,-1,-1,-1,-1,-1
21547,1504742400,2147483647,false,1144,-1,-1,-1,-1,-1,-1
21549,1504742400,2147483647,false,1144,-1,-1,-1,-1,-1,-1
21551,1504742400,2147483647,false,1144,-1,-1,-1,-1,-1,-1
21553,1504742400,2147483647,false,1144,-1,-1,-1,-1,-1,-1
21555,1504742400,2147483647,false,0,-1,-1,-1,-1,-1,-1
21562,1504742400,2147483647,false,1145,-1,-1,-1,-1,-1,-1
21564,1504742400,2147483647,false,1145,-1,-1,-1,-1,-1,-1
21566,1504742400,2147483647,false,1145,-1,-1,-1,-1,-1,-1
21568,1504742400,2147483647,false,1145,-1,-1,-1,-1,-1,-1
21570,1504742400,2147483647,false,1146,-1,-1,-1,-1,-1,-1
21572,1504742400,2147483647,false,1146,-1,-1,-1,-1,-1,-1
21574,1504742400,2147483647,false,1146,-1,-1,-1,-1,-1,-1
21576,1504742400,2147483647,false,1146,-1,-1,-1,-1,-1,-1
21578,1504742400,2147483647,false,1146,-1,-1,-1,-1,-1,-1
21580,1504742400,2147483647,false,1147,-1,-1,-1,-1,-1,-1
21582,1504742400,2147483647,false,1147,-1,-1,-1,-1,-1,-1
21584,1504742400,2147483647,false,1147,-1,-1,-1,-1,-1,-1
21586,1504742400,2147483647,false,1147,-1,-1,-1,-1,-1,-1
21588,1504742400,2147483647,false,1147,-1,-1,-1,-1,-1,-1
21590,1504742400,2147483647,false,1148,-1,-1,-1,-1,-1,-1
21592,1504742400,2147483647,false,1148,-1,-1,-1,-1,-1,-1
21594,1504742400,2147483647,false,1148,-1,-1,-1,-1,-1,-1
21596,1504742400,2147483647,false,1148,-1,-1,-1,-1,-1,-1
21598,1504742400,2147483647,false,1148,-1,-1,-1,-1,-1,-1
21600,1504742400,2147483647,false,1149,-1,-1,-1,-1,-1,-1
21602,1504742400,2147483647,false,1149,-1,-1,-1,-1,-1,-1
21604,1504742400,2147483647,false,1149,-1,-1,-1,-1,-1,-1
21606,1504742400,2147483647,false,1149,-1,-1,-1,-1,-1,-1
21608,1504742400,2147483647,false,1149,-1,-1,-1,-1,-1,-1
21610,1504742400,2147483647,false,1150,-1,-1,-1,-1,-1,-1
21612,1504742400,2147483647,false,1150,-1,-1,-1,-1,-1,-1
21614,1504742400,2147483647,false,1150,-1,-1,-1,-1,-1,-1
21616,1504742400,2147483647,false,1150,-1,-1,-1,-1,-1,-1
21618,1504742400,2147483647,false,1150,-1,-1,-1,-1,-1,-1
21620,1504742400,2147483647,false,1150,-1,-1,-1,-1,-1,-1
21622,1504742400,2147483647,false,0,-1,-1,-1,-1,-1,-1
21624,1504742400,2147483647,false,0,-1,-1,-1,-1,-1,-1
21626,1504742400,2147483647,false,0,-1,-1,-1,-1,-1,-1
21629,1504742400,2147483647,false,0,-1,-1,-1,-1,-1,-1
21631,1504742400,2147483647,false,0,-1,-1,-1,-1,-1,-1
21633,1504742400,2147483647,false,18,-1,-1,-1,-1,-1,-1
21634,1504742400,2147483647,false,18,-1,-1,-1,-1,-1,-1
21637,1504742400,2147483647,false,0,-1,-1,-1,-1,-1,-1
21640,1504742400,2147483647,false,87,-1,-1,-1,-1,-1,-1
21641,1504742400,2147483647,false,87,-1,-1,-1,-1,-1,-1
21642,1504742400,2147483647,false,87,-1,-1,-1,-1,-1,-1
21643,1504742400,2147483647,false,17,-1,-1,-1,-1,-1,-1
21646,1504742400,2147483647,false,21,-1,-1,-1,-1,-1,-1
21649,1504742400,2147483647,false,36,-1,-1,-1,-1,-1,-1
21652,1504742400,2147483647,false,0,-1,-1,-1,-1,-1,-1
21655,1504742400,2147483647,false,0,-1,-1,-1,-1,-1,-1
21656,1504742400,2147483647,false,0,-1,-1,-1,-1,-1,-1
21662,1504742400,2147483647,true,0,-1,-1,-1,-1,-1,-1
21664,1504742400,2147483647,false,0,-1,-1,-1,-1,-1,-1
21666,1504742400,2147483647,false,0,-1,-1,-1,-1,-1,-1
21668,1504742400,2147483647,false,0,-1,-1,-1,-1,-1,-1
21670,1504742400,2147483647,false,0,-1,-1,-1,-1,-1,-1
21672,1504742400,2147483647,false,0,-1,-1,-1,-1,-1,-1
21674,1504742400,2147483647,false,0,-1,-1,-1,-1,-1,-1
21676,1504742400,2147483647,false,0,-1,-1,-1,-1,-1,-1
21678,1504742400,2147483647,false,0,-1,-1,-1,-1,-1,-1
21680,1504742400,2147483647,false,0,-1,-1,-1,-1,-1,-1
21682,1504742400,2147483647,false,0,-1,-1,-1,-1,-1,-1
21684,1504742400,2147483647,false,0,-1,-1,-1,-1,-1,-1
21687,1504742400,2147483647,false,129,-1,-1,-1,-1,-1,-1
21690,1504742400,2147483647,false,129,-1,-1,-1,-1,-1,-1
21693,1505347200,2147483647,false,0,-1,-1,-1,-1,-1,-1
21695,1505952000,2147483647,false,18,-1,-1,-1,-1,-1,-1
21697,1506556800,2147483647,false,0,-1,-1,-1,-1,-1,-1
21698,1507161600,2147483647,false,720,-1,-1,-1,-1,-1,-1
21701,1507161600,2147483647,false,720,-1,-1,-1,-1,-1,-1
21704,1507161600,2147483647,false,720,-1,-1,-1,-1,-1,-1
21707,1507161600,2147483647,false,720,-1,-1,-1,-1,-1,-1
21710,1508371200,1510185600,true,15,-1,-1,-1,-1,-1,-1
21711,1508371200,1510185600,false,15,-1,-1,-1,-1,-1,-1
21712,1508371200,1510185600,false,15,-1,-1,-1,-1,-1,-1
21713,1508371200,1510185600,false,15,-1,-1,-1,-1,-1,-1
21714,1508371200,1510185600,false,15,-1,-1,-1,-1,-1,-1
21715,1508371200,1510185600,false,15,-1,-1,-1,-1,-1,-1
21716,1508371200,1510185600,false,15,-1,-1,-1,-1,-1,-1
21717,1508371200,1510185600,false,15,-1,-1,-1,-1,-1,-1
21718,1508371200,1510185600,true,15,-1,-1,-1,-1,-1,-1
21719,1508371200,1510185600,false,15,-1,-1,-1,-1,-1,-1
21720,1508371200,2147483647,false,0,34039,-1,-1,34040,-1,-1
21722,1508371200,1510185600,false,15,-1,13335,-1,-1,-1,-1
21723,1508371200,1510185600,false,15,-1,-1,-1,-1,-1,-1
21724,1508976000,2147483647,false,0,-1,-1,-1,-1,-1,-1
21726,1508976000,2147483647,false,0,-1,-1,-1,-1,-1,-1
21728,1508976000,2147483647,false,1176,-1,-1,-1,-1,-1,-1
21730,1508976000,2147483647,false,0,-1,-1,-1,-1,-1,-1
21733,1508976000,2147483647,false,17,-1,-1,-1,-1,-1,-1
21736,1508976000,2147483647,false,16,-1,-1,-1,-1,-1,-1
21739,1508976000,2147483647,false,0,-1,-1,-1,-1,-1,-1
21742,1508976000,2147483647,false,26,-1,-1,-1,-1,-1,-1
21745,1508976000,2147483647,false,0,-1,-1,-1,-1,-1,-1
21748,1508976000,2147483647,false,0,-1,-1,-1,-1,-1,-1
21750,1508976000,2147483647,false,0,-1,-1,-1,-1,-1,-1
21752,1508976000,2147483647,false,0,-1,-1,-1,-1,-1,-1
21754,1509494400,2147483647,false,24,-1,-1,-1,-1,-1,-1
21756,1510185600,2147483647,true,894,-1,-1,-1,-1,-1,-1
21758,1510185600,2147483647,true,0,-1,-1,-1,-1,-1,-1
21759,1510185600,1704844800,true,0,-1,-1,-1,-1,-1,-1
21760,1510185600,2147483647,true,0,34256,-1,-1,-1,-1,-1
21762,1510185600,2147483647,true,1179,-1,-1,-1,-1,-1,-1
21764,1510185600,2147483647,true,1179,-1,-1,-1,-1,-1,-1
21766,1524096000,2147483647,true,1179,-1,-1,-1,-1,-1,-1
21768,1547078400,2147483647,true,1179,-1,-1,-1,-1,-1,-1
21770,1547078400,2147483647,true,1179,-1,-1,-1,-1,-1,-1
21772,1510185600,2147483647,false,1179,-1,-1,-1,-1,-1,-1
21774,1510185600,2147483647,true,0,-1,-1,-1,-1,-1,-1
21775,1510185600,1704844800,true,0,-1,-1,-1,-1,-1,-1
21776,1511395200,2147483647,false,27,-1,-1,-1,-1,-1,-1
21778,1511395200,2147483647,false,0,29614,-1,-1,-1,-1,-1
21780,1511395200,2147483647,false,27,-1,-1,-1,-1,-1,-1
21782,1511395200,2147483647,false,0,29614,-1,-1,-1,-1,-1
21784,1511395200,2147483647,false,27,-1,-1,-1,-1,-1,-1
21786,1511395200,2147483647,false,0,29614,-1,-1,-1,-1,-1
21788,0,2147483647,false,206,-1,-1,-1,-1,-1,-1
21791,1511395200,2147483647,false,0,-1,-1,-1,-1,-1,-1
21793,1511395200,2147483647,false,0,-1,-1,-1,-1,-1,-1
21795,1511395200,2147483647,false,0,-1,-1,-1,-1,-1,-1
21797,1518048000,2147483647,true,1184,-1,-1,-1,-1,-1,-1
21798,1518048000,2147483647,true,1184,-1,-1,-1,-1,-1,-1
21799,1518048000,2147483647,true,1184,-1,-1,-1,-1,-1,-1
21800,1511395200,2147483647,true,0,-1,-1,-1,-1,-1,-1
21802,1511395200,2147483647,false,1138,-1,-1,-1,-1,-1,-1
21804,1511395200,2147483647,false,0,-1,-1,-1,-1,-1,-1
21807,1511395200,2147483647,false,1185,-1,-1,-1,-1,-1,-1
21810,1511395200,2147483647,false,1185,-1,-1,-1,-1,-1,-1
21813,1511395200,2147483647,false,1185,-1,-1,-1,-1,-1,-1
21816,1511395200,2147483647,false,1186,24558,-1,-1,-1,-1,-1
21817,1511395200,2147483647,false,1186,24558,-1,-1,-1,-1,-1
21820,1511395200,2147483647,false,0,-1,-1,-1,-1,-1,-1
21837,1512604800,2147483647,true,0,-1,-1,-1,-1,-1,-1
21838,1512604800,2147483647,false,2,34268,-1,-1,-1,-1,-1
21841,1512950400,1515024000,false,15,-1,-1,-1,-1,-1,-1
21842,1512950400,1515024000,false,15,-1,-1,-1,-1,-1,-1
21843,1512950400,1515024000,false,15,-1,-1,-1,-1,-1,-1
21844,1512950400,1515024000,false,15,-1,-1,-1,-1,-1,-1
21845,1512950400,1515024000,false,15,-1,-1,-1,-1,-1,-1
21846,1512950400,1515024000,false,15,-1,-1,-1,-1,-1,-1
21847,1512950400,2147483647,false,0,34422,-1,-1,-1,-1,-1
21849,1512950400,2147483647,false,7,34428,-1,-1,-1,-1,-1
21851,1512950400,2147483647,false,8,-1,-1,-1,-1,-1,-1
21853,1512950400,2147483647,false,0,-1,-1,-1,-1,-1,-1
21855,1512950400,2147483647,false,0,-1,-1,-1,-1,-1,-1
21857,1512950400,2147483647,false,0,-1,-1,-1,-1,-1,-1
21859,1512950400,2147483647,false,0,-1,-1,-1,-1,-1,-1
21861,1512950400,1515024000,false,15,-1,-1,-1,-1,-1,-1
21862,1512950400,1515024000,false,15,-1,-1,-1,-1,-1,-1
21863,1512950400,1515024000,false,15,-1,-1,-1,-1,-1,-1
21864,1512950400,1515024000,false,15,-1,-1,-1,-1,-1,-1
21865,1512950400,1515024000,false,15,-1,-1,-1,-1,-1,-1
21866,1512950400,1515024000,false,15,-1,-1,-1,-1,-1,-1
21867,1512950400,1515024000,false,15,-1,-1,-1,-1,-1,-1
21868,1512950400,1515024000,false,15,-1,-1,-1,-1,-1,-1
21869,1512950400,1515024000,false,15,-1,-1,-1,-1,-1,-1
21870,1512950400,1515024000,false,15,-1,-1,-1,-1,-1,-1
21871,1512950400,1515024000,false,15,-1,-1,-1,-1,-1,-1
21872,1512950400,1515024000,false,15,-1,-1,-1,-1,-1,-1
21873,1512950400,1515024000,false,15,-1,-1,-1,-1,-1,-1
21874,1512950400,1515024000,false,15,-1,-1,-1,-1,-1,-1
21875,1512950400,1515024000,false,15,-1,-1,-1,-1,-1,-1
21880,1515024000,2147483647,false,149,-1,-1,-1,-1,-1,-1
21882,1515024000,2147483647,false,1590,-1,-1,-1,-1,-1,-1
21885,1515024000,2147483647,false,1590,-1,-1,-1,-1,-1,-1
21888,1515024000,2147483647,false,2,42680,-1,-1,-1,-1,-1
21890,1515024000,2147483647,false,2,42680,-1,-1,-1,-1,-1
21892,1515024000,2147483647,false,7,-1,-1,-1,-1,-1,-1
21895,1515024000,2147483647,false,18,34649,-1,-1,-1,-1,-1
21898,1515024000,2147483647,false,27,34629,-1,-1,-1,-1,-1
21900,1515024000,2147483647,false,0,34625,-1,-1,-1,-1,-1
21902,1515024000,2147483647,false,37,-1,-1,-1,-1,-1,-1
21905,1515024000,2147483647,false,63,-1,-1,-1,-1,-1,-1
21907,1515024000,2147483647,false,481,-1,-1,-1,-1,-1,-1
21909,1515024000,2147483647,false,0,-1,-1,-1,-1,-1,-1
21911,0,2147483647,false,206,-1,-1,-1,-1,-1,-1
21912,0,2147483647,false,206,-1,-1,-1,-1,-1,-1
21913,0,2147483647,false,206,-1,-1,-1,-1,-1,-1
21914,1515024000,2147483647,false,27,-1,-1,-1,-1,-1,-1
21916,1515024000,2147483647,false,27,-1,-1,-1,-1,-1,-1
21918,1515024000,2147483647,false,0,16844,-1,-1,-1,-1,-1
21921,1515024000,2147483647,false,0,-1,-1,-1,-1,-1,-1
21924,1515024000,2147483647,false,63,-1,-1,-1,-1,-1,-1
21926,1515024000,2147483647,false,63,-1,-1,-1,-1,-1,-1
21928,1515024000,2147483647,false,63,-1,-1,-1,-1,-1,-1
21930,1515024000,2147483647,false,531,-1,-1,-1,-1,-1,-1
21932,1515024000,2147483647,false,63,-1,-1,-1,-1,-1,-1
21934,1515024000,2147483647,false,63,-1,-1,-1,-1,-1,-1
21936,1515024000,2147483647,false,63,-1,-1,-1,-1,-1,-1
21938,1515024000,2147483647,false,63,-1,-1,-1,-1,-1,-1
21940,1515024000,2147483647,false,63,-1,-1,-1,-1,-1,-1
21942,1515024000,2147483647,false,63,-1,-1,-1,-1,-1,-1
21944,1515024000,2147483647,false,63,-1,-1,-1,-1,-1,-1
21946,1515024000,2147483647,false,63,-1,-1,-1,-1,-1,-1
21948,1515024000,2147483647,false,63,-1,-1,-1,-1,-1,-1
21950,1515024000,2147483647,false,63,-1,-1,-1,-1,-1,-1
21952,1515024000,2147483647,false,0,16851,-1,-1,-1,-1,-1
21955,1515024000,2147483647,false,63,-1,-1,-1,-1,-1,-1
21957,1515024000,2147483647,false,63,-1,-1,-1,-1,-1,-1
21959,1515024000,2147483647,false,63,-1,-1,-1,-1,-1,-1
21961,1515024000,2147483647,false,63,-1,-1,-1,-1,-1,-1
21963,1515024000,2147483647,false,63,-1,-1,-1,-1,-1,-1
21965,1515024000,2147483647,false,63,-1,-1,-1,-1,-1,-1
21967,1515024000,2147483647,false,63,-1,-1,-1,-1,-1,-1
21969,1515024000,2147483647,false,63,-1,-1,-1,-1,-1,-1
21971,1515024000,2147483647,false,63,-1,-1,-1,-1,-1,-1
21973,1515024000,2147483647,false,63,-1,-1,-1,-1,-1,-1
21975,1515024000,2147483647,false,0,-1,-1,-1,-1,-1,-1
21978,1515024000,2147483647,false,69,-1,-1,-1,-1,-1,-1
21981,1515024000,2147483647,false,69,-1,-1,-1,-1,-1,-1
21984,1515024000,2147483647,false,69,-1,-1,-1,-1,-1,-1
21987,1515024000,2147483647,false,69,-1,-1,-1,-1,-1,-1
21990,1515024000,2147483647,false,973,-1,-1,-1,-1,-1,-1
21992,1515024000,2147483647,false,0,-1,-1,-1,-1,-1,-1
21994,1515024000,2147483647,false,69,-1,-1,-1,-1,-1,-1
21997,1515024000,2147483647,false,69,-1,-1,-1,-1,-1,-1
22000,1515024000,2147483647,false,750,-1,-1,-1,-1,-1,-1
22001,1515024000,2147483647,false,46,-1,-1,-1,-1,-1,-1
22002,1515024000,2147483647,false,18,-1,-1,-1,-1,-1,-1
22003,1515024000,2147483647,false,18,-1,-1,-1,-1,-1,-1
22006,1515024000,2147483647,false,0,-1,-1,-1,-1,-1,-1
22009,1515024000,2147483647,true,1197,-1,-1,-1,-1,-1,-1
22010,1515024000,2147483647,true,1197,-1,-1,-1,-1,-1,-1
22011,1515024000,2147483647,true,1197,-1,-1,-1,-1,-1,-1
22012,1515024000,2147483647,true,1197,-1,-1,-1,-1,-1,-1
22013,1515024000,2147483647,true,1197,-1,-1,-1,-1,-1,-1
22014,1515024000,2147483647,true,1197,-1,-1,-1,-1,-1,-1
22015,1515024000,2147483647,true,1197,-1,-1,-1,-1,-1,-1
22016,1515024000,2147483647,true,1197,-1,-1,-1,-1,-1,-1
22017,1515024000,2147483647,true,1197,-1,-1,-1,-1,-1,-1
22018,1515024000,2147483647,true,1197,-1,-1,-1,-1,-1,-1
22019,1515024000,2147483647,true,1197,-1,-1,-1,-1,-1,-1
22020,1515024000,2147483647,true,1197,-1,-1,-1,-1,-1,-1
22021,1515024000,2147483647,true,1197,-1,-1,-1,-1,-1,-1
22022,1515024000,2147483647,true,1197,-1,-1,-1,-1,-1,-1
22023,1515024000,2147483647,true,1197,-1,-1,-1,-1,-1,-1
22024,1515024000,2147483647,true,1197,-1,-1,-1,-1,-1,-1
22025,1515024000,2147483647,true,1197,-1,-1,-1,-1,-1,-1
22026,1515024000,2147483647,true,1197,-1,-1,-1,-1,-1,-1
22027,1515024000,2147483647,true,1197,-1,-1,-1,-1,-1,-1
22028,1515024000,2147483647,true,1197,-1,-1,-1,-1,-1,-1
22029,1515024000,2147483647,true,1197,-1,-1,-1,-1,-1,-1
22030,1515024000,2147483647,true,1197,-1,-1,-1,-1,-1,-1
22031,1515024000,2147483647,true,1197,-1,-1,-1,-1,-1,-1
22032,1515024000,2147483647,true,1197,-1,-1,-1,-1,-1,-1
22033,1515024000,2147483647,true,0,-1,-1,-1,-1,-1,-1
22035,1515024000,2147483647,true,0,-1,-1,-1,-1,-1,-1
22037,1515024000,2147483647,true,0,-1,-1,-1,-1,-1,-1
22039,1515024000,2147483647,false,1198,-1,-1,-1,-1,-1,-1
22041,1515024000,2147483647,false,1198,-1,-1,-1,-1,-1,-1
22043,1515024000,2147483647,false,1198,-1,-1,-1,-1,-1,-1
22045,1515024000,2147483647,false,1198,-1,-1,-1,-1,-1,-1
22047,1515024000,2147483647,false,1198,-1,-1,-1,-1,-1,-1
22049,1515024000,2147483647,false,1198,-1,-1,-1,-1,-1,-1
22051,1515024000,2147483647,true,0,-1,-1,-1,-1,-1,-1
22053,1515024000,2147483647,true,1538,-1,-1,-1,-1,-1,-1
22055,1515024000,2147483647,true,1538,-1,-1,-1,-1,-1,-1
22057,1515024000,2147483647,true,1538,-1,-1,-1,-1,-1,-1
22059,1515024000,2147483647,true,1538,-1,-1,-1,-1,-1,-1
22061,1515024000,2147483647,true,1538,-1,-1,-1,-1,-1,-1
22063,1515024000,2147483647,true,1538,-1,-1,-1,-1,-1,-1
22065,1515024000,2147483647,true,1539,-1,-1,-1,-1,-1,-1
22067,1515024000,2147483647,true,1539,-1,-1,-1,-1,-1,-1
22069,1515024000,2147483647,true,1539,-1,-1,-1,-1,-1,-1
22071,1515024000,2147483647,true,1539,-1,-1,-1,-1,-1,-1
22073,1515024000,2147483647,true,1539,-1,-1,-1,-1,-1,-1
22075,1515024000,2147483647,true,1539,-1,-1,-1,-1,-1,-1
22077,1515024000,2147483647,true,1539,-1,-1,-1,-1,-1,-1
22079,1515024000,2147483647,true,0,-1,-1,-1,-1,-1,-1
22081,1515024000,2147483647,true,0,-1,-1,-1,-1,-1,-1
22083,1515024000,2147483647,true,1199,-1,-1,-1,-1,-1,-1
22084,1515024000,2147483647,true,1199,-1,-1,-1,-1,-1,-1
22085,1515024000,2147483647,true,1199,-1,-1,-1,-1,-1,-1
22086,1515024000,2147483647,true,1199,-1,-1,-1,-1,-1,-1
22087,1515024000,2147483647,true,0,-1,-1,-1,-1,-1,-1
22088,1515024000,2147483647,true,1200,-1,-1,-1,-1,-1,-1
22089,1515024000,2147483647,true,1200,-1,-1,-1,-1,-1,-1
22090,1515024000,2147483647,true,1200,-1,-1,-1,-1,-1,-1
22091,1515024000,2147483647,true,1200,-1,-1,-1,-1,-1,-1
22092,1515024000,2147483647,true,0,-1,-1,-1,-1,-1,-1
22093,1515024000,2147483647,true,0,-1,-1,-1,-1,-1,-1
22094,1515024000,2147483647,true,0,-1,-1,-1,-1,-1,-1
22095,1515024000,2147483647,true,0,-1,-1,-1,-1,-1,-1
22096,1515024000,2147483647,true,0,-1,-1,-1,-1,-1,-1
22097,1515024000,2147483647,false,0,-1,-1,-1,-1,-1,-1
22100,1515024000,2147483647,false,0,-1,-1,-1,-1,-1,-1
22103,1515024000,2147483647,false,0,-1,-1,-1,-1,-1,-1
22106,1515024000,2147483647,false,0,-1,-1,-1,-1,-1,-1
22109,1515024000,2147483647,false,27,-1,-1,-1,-1,-1,-1
22111,1515024000,2147483647,false,0,-1,-1,-1,-1,-1,-1
22114,1515024000,2147483647,false,27,-1,-1,-1,-1,-1,-1
22116,1515024000,2147483647,false,70,-1,-1,-1,-1,-1,-1
22118,1515024000,2147483647,false,0,-1,-1,-1,-1,-1,-1
22121,1515024000,2147483647,false,1611,-1,-1,-1,-1,-1,-1
22124,1515024000,2147483647,false,6,-1,-1,-1,-1,-1,-1
22127,1515628800,2147483647,false,18,34447,-1,-1,-1,-1,-1
22129,1515628800,2147483647,false,18,34467,-1,-1,-1,-1,-1
22131,1515628800,2147483647,false,18,34479,-1,-1,-1,-1,-1
22133,1515628800,2147483647,false,18,34478,-1,-1,-1,-1,-1
22135,1515628800,2147483647,false,18,34468,-1,-1,-1,-1,-1
22137,1515628800,2147483647,false,18,34449,-1,-1,34471,-1,-1
22139,1515628800,2147483647,false,18,34465,-1,-1,-1,-1,-1
22141,1515628800,2147483647,false,18,34456,-1,-1,-1,-1,-1
22143,1515628800,2147483647,false,18,34464,-1,-1,-1,-1,-1
22145,1515628800,2147483647,false,18,34455,-1,-1,-1,-1,-1
22147,1515628800,2147483647,false,18,34450,-1,-1,-1,-1,-1
22149,1515628800,2147483647,false,18,34477,-1,-1,-1,-1,-1
22151,1515628800,2147483647,false,18,34452,-1,-1,-1,-1,-1
22153,1515628800,2147483647,false,18,34448,-1,-1,-1,-1,-1
22155,1515628800,2147483647,false,18,34454,-1,-1,-1,-1,-1
22157,1515628800,2147483647,false,18,34459,-1,-1,-1,-1,-1
22159,1515628800,2147483647,false,2,-1,-1,-1,-1,-1,-1
22161,1515628800,2147483647,false,2,-1,-1,-1,-1,-1,-1
22163,1515628800,2147483647,false,2,-1,-1,-1,-1,-1,-1
22165,1515628800,2147483647,false,2,-1,-1,-1,-1,-1,-1
22167,1515628800,2147483647,false,2,-1,-1,-1,-1,-1,-1
22169,1515628800,2147483647,false,2,-1,-1,-1,-1,-1,-1
22171,1515628800,2147483647,false,2,-1,-1,-1,-1,-1,-1
22173,1515628800,2147483647,false,2,-1,-1,-1,-1,-1,-1
22175,1515628800,2147483647,false,2,-1,-1,-1,-1,-1,-1
22177,1515628800,2147483647,false,2,-1,-1,-1,-1,-1,-1
22179,1515628800,2147483647,false,2,-1,-1,-1,-1,-1,-1
22181,1515628800,2147483647,false,2,-1,-1,-1,-1,-1,-1
22183,1515628800,2147483647,false,2,-1,-1,-1,-1,-1,-1
22185,1515628800,2147483647,false,2,-1,-1,-1,-1,-1,-1
22187,1515628800,2147483647,false,2,-1,-1,-1,-1,-1,-1
22189,1515628800,2147483647,false,2,-1,-1,-1,-1,-1,-1
22191,1516233600,2147483647,false,15,-1,-1,-1,-1,-1,-1
22192,1516233600,2147483647,false,1141,-1,-1,-1,-1,-1,-1
22195,1516233600,2147483647,false,1141,-1,-1,-1,-1,-1,-1
22198,1516233600,2147483647,false,1141,-1,-1,-1,-1,-1,-1
22201,1516233600,2147483647,false,1141,-1,-1,-1,-1,-1,-1
22204,1516233600,2147483647,false,1141,-1,-1,-1,-1,-1,-1
22207,1516233600,2147483647,false,0,-1,-1,-1,-1,-1,-1
22208,1516838400,2147483647,false,149,-1,-1,-1,-1,-1,-1
22209,1516838400,2147483647,false,69,-1,-1,-1,-1,-1,-1
22212,1516838400,2147483647,false,69,-1,-1,-1,-1,-1,-1
22215,1516838400,2147483647,false,69,-1,-1,-1,-1,-1,-1
22218,1516838400,2147483647,false,69,-1,-1,-1,-1,-1,-1
22221,1516838400,2147483647,false,69,-1,-1,-1,-1,-1,-1
22224,1516838400,2147483647,false,69,-1,-1,-1,-1,-1,-1
22227,1516838400,2147483647,false,62,-1,-1,-1,-1,-1,-1
22228,1516838400,2147483647,false,62,-1,-1,-1,-1,-1,-1
22229,1516838400,2147483647,false,62,-1,-1,-1,-1,-1,-1
22230,1516838400,2147483647,false,62,-1,-1,-1,-1,-1,-1
22231,1516838400,2147483647,false,0,-1,-1,-1,-1,-1,-1
22234,1516838400,2147483647,false,17,-1,-1,-1,-1,-1,-1
22236,1516838400,2147483647,false,0,-1,-1,-1,-1,-1,-1
22239,1516838400,2147483647,false,0,-1,-1,-1,-1,-1,-1
22242,1516838400,2147483647,false,7,-1,-1,-1,-1,-1,-1
22244,1516838400,2147483647,false,18,34649,-1,-1,-1,-1,-1
22246,1516838400,2147483647,false,0,-1,-1,-1,-1,-1,-1
22249,1516838400,2147483647,false,0,-1,-1,-1,-1,-1,-1
22251,1517443200,2147483647,false,18,-1,-1,-1,-1,-1,-1
22254,1517443200,2147483647,false,18,-1,-1,-1,-1,-1,-1
22257,1517443200,2147483647,false,18,-1,-1,-1,-1,-1,-1
22260,1517443200,2147483647,false,18,-1,-1,-1,-1,-1,-1
22263,1517443200,2147483647,false,18,-1,-1,-1,-1,-1,-1
22266,1517443200,2147483647,false,18,-1,-1,-1,-1,-1,-1
22269,1517443200,2147483647,false,18,-1,-1,-1,-1,-1,-1
22272,1517443200,2147483647,false,18,-1,-1,-1,-1,-1,-1
22275,1517443200,2147483647,false,18,-1,-1,-1,-1,-1,-1
22278,1517443200,2147483647,false,18,-1,-1,-1,-1,-1,-1
22281,1517443200,2147483647,false,18,-1,-1,-1,-1,-1,-1
22284,1517443200,2147483647,false,18,-1,-1,-1,-1,-1,-1
22287,1517443200,2147483647,false,0,-1,-1,-1,-1,-1,-1
22288,1518048000,2147483647,false,1,28230,-1,-1,-1,-1,-1
22290,1518048000,2147483647,false,1,28230,-1,-1,-1,-1,-1
22292,1518048000,2147483647,false,1,-1,-1,-1,-1,-1,-1
22294,1518048000,2147483647,false,1,-1,-1,-1,-1,-1,-1
22296,1518048000,2147483647,false,1,-1,-1,-1,-1,-1,-1
22299,1518048000,2147483647,false,1185,-1,-1,-1,-1,-1,-1
22302,1518048000,2147483647,false,1185,-1,-1,-1,-1,-1,-1
22305,1518048000,2147483647,false,1185,-1,-1,-1,-1,-1,-1
22308,1559174400,2147483647,false,1318,28329,19262,-1,-1,-1,-1
22309,1559174400,2147483647,false,1318,248,19262,-1,-1,-1,-1
22310,1559174400,2147483647,false,1318,247,19262,-1,-1,-1,-1
22311,1559174400,2147483647,false,1318,250,19262,-1,-1,-1,-1
22312,1559174400,2147483647,false,1318,28333,19259,-1,-1,-1,-1
22313,1559174400,2147483647,false,1318,28328,19259,-1,-1,-1,-1
22314,1559174400,2147483647,false,1318,28331,19259,-1,-1,-1,-1
22315,1559174400,2147483647,false,1318,252,19259,-1,-1,-1,-1
22316,1519257600,2147483647,false,55,-1,-1,-1,-1,-1,-1
22318,1519257600,2147483647,false,0,-1,-1,-1,-1,-1,-1
22319,1519257600,2147483647,false,0,-1,-1,-1,-1,-1,-1
22320,1519862400,2147483647,false,0,-1,-1,-1,-1,-1,-1
22321,1519862400,2147483647,false,15,-1,-1,-1,-1,-1,-1
22322,1528329600,2147483647,false,494,-1,-1,-1,-1,-1,-1
22323,1528329600,2147483647,false,1,-1,-1,-1,-1,-1,-1
22324,1528329600,2147483647,false,25,-1,-1,-1,-1,-1,-1
22325,1528329600,2147483647,false,1193,-1,-1,-1,-1,-1,-1
22326,1528329600,2147483647,false,2,35349,-1,-1,-1,-1,-1
22327,1528329600,2147483647,false,7,-1,-1,-1,-1,-1,-1
22328,1528329600,2147483647,false,8,-1,-1,-1,-1,-1,-1
22330,1521244800,2147483647,false,21,-1,-1,-1,-1,-1,-1
22331,1521244800,2147483647,false,21,-1,-1,-1,-1,-1,-1
22333,1521244800,2147483647,false,106,-1,-1,-1,-1,-1,-1
22335,1521244800,2147483647,false,1,-1,-1,-1,-1,-1,-1
22337,1559174400,2147483647,false,1318,248,19259,-1,-1,-1,-1
22338,1559174400,2147483647,false,1318,247,19259,-1,-1,-1,-1
22339,1559174400,2147483647,false,1318,249,19259,-1,-1,-1,-1
22340,1559174400,2147483647,false,1318,28327,19261,-1,-1,-1,-1
22341,1559174400,2147483647,false,1318,28330,19261,-1,-1,-1,-1
22342,1559174400,2147483647,false,1318,28329,19261,-1,-1,-1,-1
22343,1559174400,2147483647,false,1318,253,19261,-1,-1,-1,-1
22344,1559174400,2147483647,false,1318,247,19261,-1,-1,-1,-1
22345,1559174400,2147483647,false,1318,250,19261,-1,-1,-1,-1
22346,1559174400,2147483647,false,1318,28332,19260,-1,-1,-1,-1
22347,1559174400,2147483647,false,1318,28327,19260,-1,-1,-1,-1
22348,1559174400,2147483647,false,1318,28330,19260,-1,-1,-1,-1
22349,1559174400,2147483647,false,1318,28329,19260,-1,-1,-1,-1
22351,1522281600,2147483647,false,7,-1,-1,-1,-1,-1,-1
22353,1522281600,2147483647,false,8,-1,-1,-1,-1,-1,-1
22355,1522281600,2147483647,false,1194,-1,-1,-1,-1,-1,-1
22358,1522281600,2147483647,false,1194,-1,-1,-1,-1,-1,-1
22361,1522281600,2147483647,false,1194,-1,-1,-1,-1,-1,-1
22364,1523491200,2147483647,false,0,-1,-1,-1,-1,-1,-1
22365,1524096000,1704844800,true,0,-1,-1,-1,-1,-1,-1
22367,1524096000,1704844800,true,0,-1,-1,-1,-1,-1,-1
22368,1525305600,2147483647,false,1,-1,-1,-1,-1,-1,-1
22370,1525305600,2147483647,false,1,-1,-1,-1,-1,-1,-1
22372,1525305600,2147483647,false,0,-1,-1,-1,-1,-1,-1
22374,1525305600,2147483647,false,0,-1,-1,-1,-1,-1,-1
22376,1526515200,2147483647,false,0,-1,-1,-1,-1,-1,-1
22378,1526515200,2147483647,false,0,-1,-1,-1,-1,-1,-1
22380,1526515200,2147483647,false,0,-1,-1,-1,-1,-1,-1
22382,1526515200,2147483647,false,0,-1,-1,-1,-1,-1,-1
22384,1526515200,2147483647,false,0,-1,-1,-1,-1,-1,-1
22386,1526515200,2147483647,false,0,-1,-1,-1,-1,-1,-1
22388,1526515200,2147483647,false,0,-1,-1,-1,-1,-1,-1
22390,1526515200,2147483647,false,0,-1,-1,-1,-1,-1,-1
22392,1526515200,2147483647,false,0,-1,-1,-1,-1,-1,-1
22394,1526515200,2147483647,false,0,-1,-1,-1,-1,-1,-1
22396,1526515200,2147483647,false,0,-1,-1,-1,-1,-1,-1
22398,1527120000,2147483647,true,1,-1,-1,-1,-1,-1,-1
22400,1527120000,2147483647,true,0,-1,-1,-1,-1,-1,-1
22402,1527120000,2147483647,true,0,-1,-1,-1,-1,-1,-1
22403,1527120000,2147483647,true,0,-1,-1,-1,-1,-1,-1
22404,1527120000,2147483647,true,0,-1,-1,-1,-1,-1,-1
22405,1527120000,2147483647,true,0,-1,-1,-1,-1,-1,-1
22406,1527120000,2147483647,true,0,-1,-1,-1,-1,-1,-1
22407,1527120000,2147483647,true,0,-1,-1,-1,-1,-1,-1
22408,1527120000,2147483647,true,0,-1,-1,-1,-1,-1,-1
22409,1527120000,2147483647,true,0,-1,-1,-1,-1,-1,-1
22410,1527120000,2147483647,true,0,-1,-1,-1,-1,-1,-1
22411,1527120000,2147483647,true,0,-1,-1,-1,-1,-1,-1
22413,1527120000,2147483647,true,0,-1,-1,-1,-1,-1,-1
22414,1527120000,1762300800,true,0,-1,-1,-1,-1,-1,-1
22415,1527120000,2147483647,true,0,-1,-1,-1,-1,-1,-1
22416,1527120000,2147483647,false,0,-1,-1,-1,-1,-1,-1
22418,1527120000,2147483647,false,0,-1,-1,-1,-1,-1,-1
22420,1527120000,2147483647,false,0,-1,-1,-1,-1,-1,-1
22422,1591228800,2147483647,false,0,-1,-1,-1,-1,-1,-1
22424,1527120000,2147483647,false,0,-1,-1,-1,-1,-1,-1
22426,1527120000,2147483647,false,0,-1,-1,-1,-1,-1,-1
22428,1527120000,2147483647,false,0,-1,-1,-1,-1,-1,-1
22430,1527120000,2147483647,false,0,-1,-1,-1,-1,-1,-1
22433,1527120000,2147483647,true,21,-1,-1,-1,-1,-1,-1
22435,1527120000,2147483647,true,21,-1,-1,-1,-1,-1,-1
22437,1527724800,2147483647,false,15,-1,-1,-1,-1,-1,-1
22438,1528329600,2147483647,false,1590,-1,-1,-1,-1,-1,-1
22441,1528329600,2147483647,false,494,-1,-1,-1,-1,-1,-1
22443,1528329600,2147483647,false,69,-1,-1,-1,-1,-1,-1
22446,1528329600,2147483647,false,69,-1,-1,-1,-1,-1,-1
22449,1528329600,2147483647,false,69,-1,-1,-1,-1,-1,-1
22452,1528329600,2147483647,false,69,-1,-1,-1,-1,-1,-1
22455,1528329600,2147483647,false,69,-1,-1,-1,-1,-1,-1
22458,1528329600,2147483647,false,69,-1,-1,-1,-1,-1,-1
22461,1528329600,2147483647,false,69,-1,-1,-1,-1,-1,-1
22464,1528329600,2147483647,false,69,-1,-1,-1,-1,-1,-1
22467,1528329600,2147483647,false,69,-1,-1,-1,-1,-1,-1
22470,1528329600,2147483647,false,69,-1,-1,-1,-1,-1,-1
22473,1528329600,2147483647,false,0,-1,-1,-1,-1,-1,-1
22475,1528329600,2147483647,false,0,-1,-1,-1,-1,-1,-1
22477,1528329600,2147483647,false,0,-1,-1,-1,-1,-1,-1
22481,1528329600,2147483647,false,1,-1,-1,-1,-1,-1,-1
22486,1528329600,2147483647,false,1193,-1,-1,-1,-1,-1,-1
22494,1528329600,2147483647,false,1231,-1,-1,-1,-1,-1,-1
22496,1528329600,2147483647,false,1231,-1,-1,-1,-1,-1,-1
22498,1528329600,2147483647,false,1231,-1,-1,-1,-1,-1,-1
22500,1528329600,2147483647,false,1231,-1,-1,-1,-1,-1,-1
22502,1528329600,2147483647,false,1231,-1,-1,-1,-1,-1,-1
22504,1528329600,2147483647,false,1232,-1,-1,-1,-1,-1,-1
22506,1528329600,2147483647,false,1232,-1,-1,-1,-1,-1,-1
22508,1528329600,2147483647,false,1232,-1,-1,-1,-1,-1,-1
22510,1528329600,2147483647,false,1232,-1,-1,-1,-1,-1,-1
22512,1528329600,2147483647,false,1232,-1,-1,-1,-1,-1,-1
22514,1528329600,2147483647,false,1232,-1,-1,-1,-1,-1,-1
22516,1528329600,2147483647,false,1,-1,-1,-1,-1,-1,-1
22517,1528329600,2147483647,false,0,-1,-1,-1,-1,-1,-1
22519,1528934400,2147483647,false,0,-1,-1,-1,-1,-1,-1
22520,1528934400,2147483647,false,0,-1,-1,-1,-1,-1,-1
22521,1531353600,2147483647,false,1249,-1,-1,-1,-1,-1,-1
22522,1531353600,2147483647,false,1249,-1,-1,-1,-1,-1,-1
22523,1531353600,2147483647,false,1249,-1,-1,-1,-1,-1,-1
22524,1531353600,2147483647,false,1249,-1,-1,-1,-1,-1,-1
22525,1531353600,2147483647,false,1249,-1,-1,-1,-1,-1,-1
22526,1531353600,2147483647,false,1249,-1,-1,-1,-1,-1,-1
22527,1531353600,2147483647,false,1249,-1,-1,-1,-1,-1,-1
22528,1531353600,2147483647,false,1249,-1,-1,-1,-1,-1,-1
22529,1531353600,2147483647,false,1249,-1,-1,-1,-1,-1,-1
22530,1531353600,2147483647,false,1249,-1,-1,-1,-1,-1,-1
22531,1531353600,2147483647,false,1249,-1,-1,-1,-1,-1,-1
22532,1531353600,2147483647,false,1249,-1,-1,-1,-1,-1,-1
22533,1531353600,2147483647,false,1249,-1,-1,-1,-1,-1,-1
22534,1531353600,2147483647,false,1249,-1,-1,-1,-1,-1,-1
22535,1531353600,2147483647,false,1249,-1,-1,-1,-1,-1,-1
22536,1531353600,2147483647,false,1249,-1,-1,-1,-1,-1,-1
22537,1531353600,2147483647,false,1249,-1,-1,-1,-1,-1,-1
22538,1531353600,2147483647,false,1249,-1,-1,-1,-1,-1,-1
22541,1532563200,2147483647,false,15,-1,-1,-1,-1,-1,-1
22542,1532563200,2147483647,false,39,-1,-1,-1,-1,-1,-1
22545,1532563200,2147483647,false,39,-1,-1,-1,-1,-1,-1
22547,1532563200,2147483647,false,106,-1,-1,-1,-1,-1,-1
22550,1532563200,2147483647,false,106,-1,-1,-1,-1,-1,-1
22552,1532563200,2147483647,false,1,-1,-1,-1,-1,-1,-1
22555,1532563200,2147483647,false,1,-1,-1,-1,-1,-1,-1
22557,1532563200,2147483647,false,0,-1,-1,-1,-1,-1,-1
22586,1533772800,2147483647,false,1103,-1,-1,-1,-1,-1,-1
22588,1536192000,2147483647,true,0,-1,-1,-1,-1,-1,-1
22589,1536192000,2147483647,true,0,-1,-1,-1,-1,-1,-1
22590,1536192000,2147483647,true,0,-1,-1,-1,-1,-1,-1
22591,1536192000,2147483647,true,0,-1,-1,-1,-1,-1,-1
22593,1536192000,2147483647,false,0,-1,-1,-1,-1,-1,-1
22595,1536192000,2147483647,false,0,-1,-1,-1,-1,-1,-1
22597,1536192000,2147483647,false,0,-1,-1,-1,-1,-1,-1
22599,1536192000,2147483647,false,0,-1,-1,-1,-1,-1,-1
22601,1536192000,2147483647,false,0,-1,-1,-1,-1,-1,-1
22603,1536192000,2147483647,false,0,-1,-1,-1,-1,-1,-1
22610,1536192000,2147483647,false,36,-1,-1,-1,-1,-1,-1
22613,1536192000,2147483647,false,21,-1,-1,-1,-1,-1,-1
22616,1536192000,2147483647,false,7,35953,-1,-1,-1,-1,-1
22619,1536192000,2147483647,false,8,-1,-1,-1,35960,-1,-1
22622,1536192000,2147483647,false,26,-1,-1,-1,-1,-1,-1
22625,1536192000,2147483647,false,2,35943,-1,-1,35958,-1,-1
22628,1536192000,2147483647,false,7,35951,-1,-1,-1,-1,-1
22631,1536192000,2147483647,false,8,-1,-1,-1,35961,-1,-1
22634,1536192000,2147483647,false,24,-1,-1,-1,-1,-1,-1
22636,1536192000,2147483647,false,24,-1,-1,-1,-1,-1,-1
22638,1536192000,2147483647,false,2,35945,-1,-1,-1,-1,-1
22641,1536192000,2147483647,false,7,35954,-1,-1,-1,-1,-1
22644,1536192000,2147483647,false,8,-1,-1,-1,-1,-1,-1
22647,1536192000,2147483647,false,1,-1,-1,-1,-1,-1,-1
22650,1536192000,2147483647,false,2,35944,-1,-1,35957,-1,-1
22653,1536192000,2147483647,false,7,35952,-1,-1,-1,-1,-1
22656,1536192000,2147483647,false,8,35949,-1,-1,35962,-1,-1
22660,1538006400,2147483647,false,720,-1,-1,-1,-1,-1,-1
22663,1405555200,2147483647,false,0,-1,-1,-1,-1,-1,-1
22664,1538006400,2147483647,false,15,-1,-1,-1,-1,-1,-1
22665,1538006400,2147483647,false,15,-1,-1,-1,-1,-1,-1
22666,1538006400,2147483647,false,15,-1,-1,-1,-1,-1,-1
22671,1538611200,2147483647,false,481,-1,-1,-1,-1,-1,-1
22673,1538611200,2147483647,false,0,-1,-1,-1,-1,-1,-1
22675,1538611200,2147483647,false,0,-1,-1,-1,-1,-1,-1
22684,1540425600,2147483647,false,55,36034,-1,-1,-1,-1,-1
22689,1540425600,2147483647,false,0,28478,-1,-1,-1,-1,-1
22692,1540425600,2147483647,false,0,-1,-1,-1,-1,-1,-1
22695,1540425600,2147483647,false,0,-1,-1,-1,-1,-1,-1
22698,1540425600,2147483647,false,0,-1,-1,-1,-1,-1,-1
22701,1540425600,2147483647,false,0,-1,-1,-1,-1,-1,-1
22704,0,2147483647,false,483,-1,-1,-1,-1,-1,-1
22705,0,2147483647,false,206,-1,-1,-1,-1,-1,-1
22706,0,2147483647,false,206,-1,-1,-1,-1,-1,-1
22707,0,2147483647,false,206,-1,-1,-1,-1,-1,-1
22708,0,2147483647,false,206,-1,-1,-1,-1,-1,-1
22709,0,2147483647,false,206,-1,-1,-1,-1,-1,-1
22710,1541635200,2147483647,false,0,-1,-1,-1,-1,-1,-1
22711,1544054400,2147483647,false,2150,556,-1,-1,-1,-1,-1
22713,1544659200,2147483647,false,0,-1,-1,-1,-1,-1,-1
22715,1544659200,2147483647,false,0,-1,-1,-1,36099,-1,-1
22717,1544659200,2147483647,false,0,-1,-1,-1,-1,-1,-1
22719,1544659200,2147483647,false,55,-1,-1,-1,-1,-1,-1
22721,1559174400,2147483647,false,1318,253,19260,-1,-1,-1,-1
22722,1559174400,2147483647,false,1318,247,19260,-1,-1,-1,-1
22723,1559174400,2147483647,false,1318,250,19260,-1,-1,-1,-1
22724,1559174400,2147483647,false,1318,28327,19259,-1,-1,-1,-1
22725,1559174400,2147483647,false,1318,28332,19261,-1,-1,-1,-1
22726,1559174400,2147483647,false,1318,28333,19261,-1,-1,-1,-1
22727,1559174400,2147483647,false,1318,28328,19261,-1,-1,-1,-1
22728,1559174400,2147483647,false,1318,251,19261,-1,-1,-1,-1
22729,1559174400,2147483647,false,1318,28328,19260,-1,-1,-1,-1
22730,1559174400,2147483647,false,1318,28331,19260,-1,-1,-1,-1
22731,1547078400,2147483647,false,36,-1,-1,-1,-1,-1,-1
22734,1547078400,2147483647,false,36,-1,-1,-1,-1,-1,-1
22737,1547078400,2147483647,false,36,-1,-1,-1,-1,-1,-1
22740,1547078400,2147483647,false,36,-1,-1,-1,-1,-1,-1
22743,1547078400,2147483647,false,36,-1,-1,-1,-1,-1,-1
22744,1548288000,2147483647,false,0,-1,-1,-1,-1,-1,-1
22746,1547078400,2147483647,false,0,-1,-1,-1,-1,-1,-1
22748,1547078400,2147483647,false,0,-1,-1,-1,-1,-1,-1
22750,1547078400,2147483647,false,0,-1,-1,-1,-1,-1,-1
22752,1547078400,2147483647,false,0,-1,-1,-1,-1,-1,-1
22754,1547078400,2147483647,false,70,-1,-1,-1,-1,-1,-1
22756,1547078400,2147483647,false,70,-1,-1,-1,-1,-1,-1
22758,1547078400,2147483647,false,70,-1,-1,-1,-1,-1,-1
22760,1547078400,1704844800,true,0,-1,-1,-1,-1,-1,-1
22761,1547078400,2147483647,true,0,-1,-1,-1,-1,-1,-1
22762,1547078400,2147483647,true,0,-1,-1,-1,-1,-1,-1
22763,1547078400,2147483647,true,1289,-1,-1,-1,-1,-1,-1
22764,1547078400,2147483647,true,1289,-1,-1,-1,-1,-1,-1
22765,1547078400,2147483647,true,1290,-1,-1,-1,-1,-1,-1
22766,1547078400,2147483647,true,1290,-1,-1,-1,-1,-1,-1
22767,1547078400,2147483647,true,1290,-1,-1,-1,-1,-1,-1
22768,1547078400,2147483647,true,1290,-1,-1,-1,-1,-1,-1
22769,1547078400,2147483647,true,1291,-1,-1,-1,-1,-1,-1
22770,1547078400,2147483647,true,1291,-1,-1,-1,-1,-1,-1
22771,1547078400,2147483647,true,1291,-1,-1,-1,-1,-1,-1
22772,1547078400,2147483647,true,1291,-1,-1,-1,-1,-1,-1
22773,1547078400,2147483647,true,1291,-1,-1,-1,-1,-1,-1
22774,1547078400,2147483647,true,0,-1,-1,-1,-1,-1,-1
22775,1547078400,2147483647,true,0,-1,-1,-1,-1,-1,-1
22777,1547078400,1704844800,true,0,-1,-1,-1,-1,-1,-1
22780,1547078400,2147483647,false,6,-1,-1,-1,-1,-1,-1
22783,1547078400,2147483647,false,6,-1,-1,-1,-1,-1,-1
22786,1547078400,2147483647,false,6,-1,-1,-1,-1,-1,-1
22789,1547078400,2147483647,false,0,-1,-1,-1,-1,-1,-1
22792,1547078400,2147483647,false,129,-1,-1,-1,-1,-1,-1
22795,1547078400,2147483647,false,129,-1,-1,-1,-1,-1,-1
22798,1547078400,2147483647,false,2165,-1,-1,-1,-1,-1,-1
22800,1547078400,2147483647,false,2165,-1,-1,-1,-1,-1,-1
22803,0,2147483647,false,15,-1,-1,-1,-1,-1,-1
22804,1547078400,2147483647,false,24,-1,-1,-1,-1,-1,-1
22806,1547078400,2147483647,false,24,-1,-1,-1,-1,-1,-1
22808,1547078400,2147483647,false,24,-1,-1,-1,-1,-1,-1
22810,1547078400,2147483647,false,24,-1,-1,-1,-1,-1,-1
22812,1547078400,2147483647,false,18,-1,-1,-1,-1,-1,-1
22814,1547078400,2147483647,false,18,-1,-1,-1,-1,-1,-1
22816,1547078400,2147483647,false,0,19852,-1,-1,-1,-1,-1
22817,1547078400,2147483647,false,0,36316,-1,-1,-1,-1,-1
22820,1547078400,2147483647,false,0,-1,-1,-1,-1,-1,-1
22826,1547078400,2147483647,false,0,-1,-1,-1,-1,-1,-1
22829,1547078400,2147483647,false,0,-1,-1,-1,-1,-1,-1
22832,1547078400,2147483647,false,0,-1,-1,-1,-1,-1,-1
22835,1547078400,2147483647,false,0,-1,-1,-1,-1,-1,-1
22838,1547078400,2147483647,false,0,-1,-1,-1,-1,-1,-1
22840,1547078400,2147483647,false,55,-1,-1,-1,-1,-1,-1
22842,1547078400,2147483647,false,0,-1,-1,-1,-1,-1,-1
22844,1547078400,2147483647,false,0,-1,-1,-1,-1,-1,-1
22846,1547078400,2147483647,false,0,-1,-1,-1,-1,-1,-1
22848,1547078400,2147483647,false,80,-1,-1,-1,-1,-1,-1
22850,1547078400,2147483647,false,80,-1,-1,-1,-1,-1,-1
22852,1547078400,2147483647,false,0,-1,-1,-1,-1,-1,-1
22854,1547078400,2147483647,false,0,-1,-1,-1,-1,-1,-1
22856,1547078400,2147483647,false,0,-1,-1,-1,-1,-1,-1
22859,1547078400,2147483647,false,0,-1,-1,-1,-1,-1,-1
22862,1547078400,2147483647,false,80,-1,-1,-1,-1,-1,-1
22864,1547078400,2147483647,false,80,-1,-1,-1,-1,-1,-1
22866,1547078400,2147483647,false,144,-1,-1,-1,-1,-1,-1
22869,1547078400,2147483647,false,1311,-1,-1,-1,-1,-1,-1
22871,1547078400,2147483647,false,1311,-1,-1,-1,-1,-1,-1
22873,1547078400,2147483647,false,2440,-1,-1,-1,-1,-1,-1
22875,1547078400,2147483647,false,2444,-1,-1,-1,-1,-1,-1
22877,1547078400,2147483647,false,1311,-1,-1,-1,-1,-1,-1
22879,1547078400,2147483647,false,140,-1,-1,-1,-1,-1,-1
22881,1547078400,2147483647,false,1312,-1,-1,-1,-1,-1,-1
22883,1547078400,2147483647,false,1312,-1,-1,-1,-1,-1,-1
22885,1547078400,2147483647,false,1312,-1,-1,-1,-1,-1,-1
22887,1547078400,2147483647,false,137,-1,-1,-1,-1,-1,-1
22929,1547078400,2147483647,false,86,-1,-1,-1,-1,-1,-1
22932,1547078400,2147483647,false,0,-1,-1,-1,-1,-1,-1
22935,1547078400,2147483647,false,0,-1,-1,-1,-1,-1,-1
22941,1547078400,2147483647,false,0,-1,-1,-1,-1,-1,-1
22943,1547078400,2147483647,false,0,-1,-1,-1,-1,-1,-1
22945,1547078400,2147483647,false,0,-1,-1,-1,-1,-1,-1
22947,1547078400,2147483647,false,0,-1,-1,-1,-1,-1,-1
22949,1547078400,2147483647,false,482,-1,-1,-1,-1,-1,-1
22951,1547078400,2147483647,false,0,-1,-1,-1,-1,-1,-1
22954,1547078400,2147483647,false,0,-1,-1,-1,-1,-1,-1
22957,1547078400,2147483647,false,0,-1,-1,-1,-1,-1,-1
22960,1547078400,2147483647,false,0,-1,-1,-1,-1,-1,-1
22963,1547078400,2147483647,false,0,-1,-1,-1,-1,-1,-1
22966,1547078400,2147483647,false,0,-1,-1,-1,-1,-1,-1
22969,1547078400,2147483647,false,0,-1,-1,-1,-1,-1,-1
22971,1547078400,2147483647,false,0,-1,-1,-1,-1,-1,-1
22973,1547078400,2147483647,false,0,-1,-1,-1,-1,-1,-1
22975,1547078400,2147483647,false,0,-1,-1,-1,-1,-1,-1
22978,1547078400,2147483647,false,36,-1,-1,-1,-1,-1,-1
22981,1547078400,2147483647,false,16,36325,-1,-1,-1,-1,-1
22983,1547078400,2147483647,false,0,-1,-1,-1,-1,-1,-1
22986,1547078400,2147483647,false,0,-1,-1,-1,-1,-1,-1
22988,1547078400,2147483647,false,0,-1,-1,-1,-1,-1,-1
22991,1547078400,2147483647,false,0,-1,-1,-1,-1,-1,-1
22993,1547078400,2147483647,false,0,-1,-1,-1,-1,-1,-1
22994,1547078400,2147483647,false,1292,36305,-1,-1,-1,-1,-1
22997,1547078400,2147483647,false,1292,-1,-1,-1,-1,-1,-1
22999,1547078400,2147483647,false,0,-1,-1,-1,-1,-1,-1
23002,1547078400,2147483647,false,0,-1,-1,-1,-1,-1,-1
23007,1547078400,2147483647,true,0,-1,-1,-1,-1,-1,-1
23009,1547078400,2147483647,false,1293,-1,-1,-1,-1,-1,-1
23011,1547078400,2147483647,false,1293,-1,-1,-1,-1,-1,-1
23013,1547078400,2147483647,false,1293,-1,-1,-1,-1,-1,-1
23015,1547078400,2147483647,false,1293,-1,-1,-1,-1,-1,-1
23017,1547078400,2147483647,false,1293,-1,-1,-1,-1,-1,-1
23019,1547078400,2147483647,false,1293,-1,-1,-1,-1,-1,-1
23021,1547078400,2147483647,false,1293,-1,-1,-1,-1,-1,-1
23023,1547078400,2147483647,false,1585,-1,-1,-1,-1,-1,-1
23025,1547078400,2147483647,false,1585,-1,-1,-1,-1,-1,-1
23027,1547078400,2147483647,false,1585,-1,-1,-1,-1,-1,-1
23029,1547078400,2147483647,false,1585,-1,-1,-1,-1,-1,-1
23031,1547078400,2147483647,false,1585,-1,-1,-1,-1,-1,-1
23033,1547078400,2147483647,false,1585,-1,-1,-1,-1,-1,-1
23035,1547078400,2147483647,false,1585,-1,-1,-1,-1,-1,-1
23037,1547078400,2147483647,false,0,-1,-1,-1,-1,-1,-1
23045,1547078400,2147483647,false,47,-1,-1,-1,-1,-1,-1
23046,1547078400,2147483647,false,51,-1,-1,-1,-1,-1,-1
23047,1547164800,2147483647,false,10,-1,-1,-1,-1,-1,-1
23050,1547164800,2147483647,false,10,-1,5028,-1,-1,-1,-1
23053,1547164800,2147483647,false,10,-1,-1,-1,-1,-1,-1
23056,1547164800,2147483647,false,10,-1,-1,-1,-1,-1,-1
23059,1547164800,2147483647,false,10,-1,-1,-1,-1,-1,-1
23062,1547683200,2147483647,false,174,-1,-1,-1,-1,-1,-1
23064,1548892800,2147483647,false,0,-1,-1,-1,-1,-1,-1
23067,1549497600,2147483647,true,79,-1,-1,-1,-1,-1,-1
23068,1549497600,2147483647,true,79,-1,-1,-1,-1,-1,-1
23069,1549497600,2147483647,true,79,-1,-1,-1,-1,-1,-1
23070,1549497600,2147483647,true,79,-1,-1,-1,-1,-1,-1
23071,1549497600,2147483647,true,0,-1,-1,-1,-1,-1,-1
23072,1549497600,2147483647,true,87,-1,-1,-1,-1,-1,-1
23073,1549497600,2147483647,false,2,42675,-1,-1,-1,-1,-1
23075,1549497600,2147483647,false,2,42675,-1,-1,-1,-1,-1
23077,1549497600,2147483647,false,481,-1,-1,-1,-1,-1,-1
23079,1549497600,2147483647,false,0,-1,-1,-1,-1,-1,-1
23081,0,2147483647,false,206,-1,-1,-1,-1,-1,-1
23082,1549497600,2147483647,true,87,-1,-1,-1,-1,-1,-1
23083,1549497600,2147483647,false,0,-1,-1,-1,-1,-1,-1
23091,1550707200,2147483647,false,0,-1,-1,-1,-1,-1,-1
23093,1550707200,2147483647,false,17,-1,-1,-1,-1,-1,-1
23095,1550707200,2147483647,false,8,-1,-1,-1,-1,-1,-1
23097,1550707200,2147483647,false,7,-1,-1,-1,-1,-1,-1
23099,1550707200,2147483647,false,27,-1,-1,-1,-1,-1,-1
23101,1550707200,2147483647,false,2,-1,-1,-1,-1,-1,-1
23108,1550707200,2147483647,false,55,-1,-1,-1,-1,-1,-1
23110,1552521600,2147483647,false,1590,-1,-1,-1,-1,-1,-1
23113,1552521600,2147483647,false,1590,-1,-1,-1,-1,-1,-1
23116,1552521600,2147483647,false,1590,-1,-1,-1,-1,-1,-1
23119,1552521600,2147483647,false,1590,-1,-1,-1,-1,-1,-1
23122,1553126400,2147483647,false,0,-1,-1,-1,-1,-1,-1
23124,1554940800,2147483647,false,1590,-1,-1,-1,-1,-1,-1
23127,1554940800,2147483647,false,0,-1,-1,-1,-1,-1,-1
23129,1554940800,2147483647,false,0,-1,-1,-1,-1,-1,-1
23131,1554940800,2147483647,false,51,-1,-1,-1,-1,-1,-1
23132,1083715200,2147483647,false,52,-1,-1,-1,-1,-1,-1
23133,1554940800,2147483647,false,51,-1,-1,-1,-1,-1,-1
23134,1083715200,2147483647,false,52,-1,-1,-1,-1,-1,-1
23135,1554940800,2147483647,false,51,-1,-1,-1,-1,-1,-1
23136,1554940800,2147483647,false,51,-1,-1,-1,-1,-1,-1
23137,1554940800,2147483647,false,51,-1,-1,-1,-1,-1,-1
23138,1554940800,2147483647,false,51,-1,-1,-1,-1,-1,-1
23139,1554940800,2147483647,false,51,-1,-1,-1,-1,-1,-1
23140,1554940800,2147483647,false,51,-1,-1,-1,-1,-1,-1
23141,1554940800,2147483647,false,51,-1,-1,-1,-1,-1,-1
23142,1554940800,2147483647,false,51,-1,-1,-1,-1,-1,-1
23143,1554940800,2147483647,false,51,-1,-1,-1,-1,-1,-1
23144,1554940800,2147483647,false,750,-1,-1,-1,-1,-1,-1
23145,1554940800,2147483647,false,750,-1,-1,-1,-1,-1,-1
23146,1554940800,2147483647,false,750,-1,-1,-1,-1,-1,-1
23147,1554940800,2147483647,false,750,-1,-1,-1,-1,-1,-1
23148,1554940800,2147483647,false,750,-1,-1,-1,-1,-1,-1
23149,1554940800,2147483647,false,46,-1,-1,-1,-1,-1,-1
23150,1554940800,2147483647,false,46,-1,-1,-1,-1,-1,-1
23151,1554940800,2147483647,false,46,-1,-1,-1,-1,-1,-1
23152,1554940800,2147483647,false,46,-1,-1,-1,-1,-1,-1
23153,1554940800,2147483647,false,46,-1,-1,-1,-1,-1,-1
23154,1554940800,2147483647,false,46,-1,-1,-1,-1,-1,-1
23155,1554940800,2147483647,false,46,-1,-1,-1,-1,-1,-1
23156,1554940800,2147483647,false,46,-1,-1,-1,-1,-1,-1
23157,1554940800,2147483647,false,46,-1,-1,-1,-1,-1,-1
23158,1554940800,2147483647,false,46,-1,-1,-1,-1,-1,-1
23159,1554940800,2147483647,false,46,-1,-1,-1,-1,-1,-1
23160,1554940800,2147483647,false,46,-1,-1,-1,-1,-1,-1
23161,1554940800,2147483647,false,46,-1,-1,-1,-1,-1,-1
23162,1554940800,2147483647,false,46,-1,-1,-1,-1,-1,-1
23163,1554940800,2147483647,false,46,-1,-1,-1,-1,-1,-1
23164,1554940800,2147483647,false,46,-1,-1,-1,-1,-1,-1
23165,1554940800,2147483647,false,46,-1,-1,-1,-1,-1,-1
23166,1554940800,2147483647,false,46,-1,-1,-1,-1,-1,-1
23167,1554940800,2147483647,false,47,-1,-1,-1,-1,-1,-1
23168,1554940800,2147483647,false,47,-1,-1,-1,-1,-1,-1
23169,1554940800,2147483647,false,47,-1,-1,-1,-1,-1,-1
23170,1554940800,2147483647,false,47,-1,-1,-1,-1,-1,-1
23171,1083715200,2147483647,false,50,-1,-1,-1,-1,-1,-1
23172,1554940800,2147483647,false,47,-1,-1,-1,-1,-1,-1
23173,1098748800,2147483647,false,50,-1,-1,-1,-1,-1,-1
23174,1554940800,2147483647,false,47,-1,-1,-1,-1,-1,-1
23175,0,2147483647,false,47,-1,-1,-1,-1,-1,-1
23176,1554940800,2147483647,false,47,-1,-1,-1,-1,-1,-1
23177,1554940800,2147483647,false,47,-1,-1,-1,-1,-1,-1
23178,1554940800,2147483647,false,47,-1,-1,-1,-1,-1,-1
23179,1554940800,2147483647,false,47,-1,-1,-1,-1,-1,-1
23180,0,2147483647,false,47,-1,-1,-1,-1,-1,-1
23181,1554940800,2147483647,false,47,-1,-1,-1,-1,-1,-1
23182,1554940800,2147483647,false,1314,-1,-1,-1,-1,-1,-1
23183,1554940800,2147483647,false,1650,-1,-1,-1,-1,-1,-1
23184,1554940800,2147483647,false,0,-1,-1,-1,-1,-1,-1
23185,1554940800,2147483647,false,0,-1,-1,-1,-1,-1,-1
23188,1554940800,2147483647,false,18,-1,-1,-1,-1,-1,-1
23191,1554940800,2147483647,false,18,-1,-1,-1,-1,-1,-1
23194,1554940800,2147483647,false,18,-1,-1,-1,-1,-1,-1
23197,1554940800,2147483647,false,18,-1,-1,-1,-1,-1,-1
23200,1554940800,2147483647,false,18,-1,-1,-1,-1,-1,-1
23203,1554940800,2147483647,false,18,-1,-1,-1,-1,-1,-1
23206,1554940800,2147483647,false,25,-1,-1,-1,-1,-1,-1
23209,1554940800,2147483647,false,7,-1,-1,-1,-1,-1,-1
23212,1554940800,2147483647,false,7,-1,-1,-1,-1,-1,-1
23215,1554940800,2147483647,false,7,-1,-1,-1,-1,-1,-1
23218,1554940800,2147483647,false,7,-1,-1,-1,-1,-1,-1
23221,1554940800,2147483647,false,7,-1,-1,-1,-1,-1,-1
23224,1554940800,2147483647,false,0,-1,-1,-1,-1,-1,-1
23227,1554940800,2147483647,false,0,-1,-1,-1,-1,-1,-1
23230,1554940800,2147483647,false,494,-1,-1,-1,-1,-1,-1
23232,1554940800,2147483647,false,0,-1,-1,-1,-1,-1,-1
23235,1554940800,2147483647,false,26,-1,-1,-1,-1,-1,-1
23237,1554940800,2147483647,false,0,-1,-1,-1,-1,-1,-1
23240,1554940800,2147483647,false,0,-1,-1,-1,-1,-1,-1
23242,1554940800,2147483647,false,8,37027,-1,-1,-1,-1,-1
23245,1554940800,2147483647,false,1314,-1,-1,-1,-1,-1,-1
23246,1554940800,2147483647,false,8,37025,-1,-1,37055,-1,-1
23249,1554940800,2147483647,false,8,-1,-1,-1,-1,-1,-1
23252,1554940800,2147483647,false,0,37013,-1,-1,-1,-1,-1
23255,1554940800,2147483647,false,0,-1,-1,-1,-1,-1,-1
23258,1554940800,2147483647,false,2,-1,230,-1,-1,-1,-1
23261,1554940800,2147483647,false,16,11328,-1,-1,11350,-1,-1
23264,1554940800,2147483647,false,7,11345,-1,-1,-1,-1,-1
23267,1554940800,2147483647,false,8,11411,-1,-1,11355,-1,-1
23270,1554940800,2147483647,false,0,28508,-1,-1,-1,-1,-1
23273,1554940800,2147483647,false,0,28508,-1,-1,-1,-1,-1
23276,1554940800,2147483647,false,67,-1,-1,-1,-1,-1,-1
23279,1554940800,2147483647,false,35,-1,-1,-1,-1,-1,-1
23282,1554940800,2147483647,false,55,-1,-1,-1,-1,-1,-1
23285,1554940800,2147483647,false,0,37038,-1,-1,-1,-1,-1
23288,1554940800,2147483647,false,0,-1,-1,-1,-1,-1,-1
23291,1554940800,2147483647,false,0,-1,-1,-1,-1,-1,-1
23294,1554940800,2147483647,false,0,182,-1,-1,-1,-1,-1
23297,1554940800,2147483647,false,0,-1,-1,-1,-1,-1,-1
23300,1554940800,2147483647,false,0,-1,-1,-1,-1,-1,-1
23303,1554940800,2147483647,false,0,-1,10984,-1,-1,-1,-1
23306,1554940800,2147483647,false,0,10982,-1,-1,-1,-1,-1
23309,1554940800,2147483647,false,0,-1,-1,-1,-1,-1,-1
23312,1554940800,2147483647,false,0,-1,-1,-1,-1,-1,-1
23315,1554940800,2147483647,false,0,26632,-1,-1,-1,-1,-1
23318,1554940800,2147483647,false,0,10982,-1,-1,-1,-1,-1
23321,1554940800,2147483647,false,0,-1,-1,-1,-1,-1,-1
23324,1554940800,2147483647,false,0,-1,-1,-1,-1,-1,-1
23327,1554940800,2147483647,false,0,-1,-1,-1,-1,-1,-1
23330,1554940800,2147483647,false,21,-1,-1,-1,-1,-1,-1
23332,1554940800,2147483647,false,21,-1,-1,-1,-1,-1,-1
23334,1554940800,2147483647,false,21,-1,-1,-1,-1,-1,-1
23336,1554940800,2147483647,false,7,-1,-1,-1,-1,-1,-1
23339,1554940800,2147483647,false,8,-1,-1,-1,37053,-1,-1
23342,1554940800,2147483647,false,1,-1,-1,-1,-1,-1,-1
23345,1554940800,2147483647,false,615,-1,-1,-1,-1,-1,-1
23348,1554940800,2147483647,false,0,-1,-1,-1,-1,-1,-1
23351,1554940800,2147483647,false,27,-1,-1,-1,-1,-1,-1
23354,1554940800,2147483647,false,0,-1,-1,-1,-1,-1,-1
23357,1554940800,2147483647,false,64,-1,-1,-1,-1,-1,-1
23360,1554940800,2147483647,false,26,-1,-1,-1,-1,-1,-1
23363,1554940800,2147483647,false,1,-1,-1,-1,-1,-1,-1
23366,1554940800,2147483647,false,7,-1,-1,-1,-1,-1,-1
23369,1554940800,2147483647,false,7,-1,-1,-1,-1,-1,-1
23372,1554940800,2147483647,false,7,-1,-1,-1,-1,-1,-1
23375,1554940800,2147483647,false,7,-1,-1,-1,-1,-1,-1
23378,1554940800,2147483647,false,7,-1,-1,-1,-1,-1,-1
23381,1554940800,2147483647,false,7,37032,-1,-1,-1,-1,-1
23384,1554940800,2147483647,false,8,37024,-1,-1,37057,-1,-1
23387,1554940800,2147483647,false,1138,-1,-1,-1,-1,-1,-1
23389,1554940800,2147483647,false,17,37041,-1,-1,-1,-1,-1
23392,1554940800,2147483647,false,7,-1,-1,-1,-1,-1,-1
23395,1554940800,2147483647,false,7,-1,-1,-1,-1,-1,-1
23398,1554940800,2147483647,false,7,-1,-1,-1,-1,-1,-1
23401,1554940800,2147483647,false,7,-1,-1,-1,-1,-1,-1
23404,1554940800,2147483647,false,7,-1,-1,-1,-1,-1,-1
23407,1554940800,2147483647,false,0,37012,-1,-1,-1,-1,-1
23410,1554940800,2147483647,false,0,-1,-1,-1,-1,-1,-1
23413,1554940800,2147483647,false,0,-1,-1,-1,-1,-1,-1
23417,1554940800,2147483647,false,959,-1,-1,-1,-1,-1,-1
23442,1554940800,2147483647,false,0,-1,-1,-1,-1,-1,-1
23444,1554940800,2147483647,false,0,37023,-1,-1,-1,-1,-1
23446,1554940800,2147483647,false,55,-1,-1,-1,-1,-1,-1
23448,1554940800,2147483647,false,0,-1,-1,-1,-1,-1,-1
23458,1559174400,2147483647,false,148,31663,-1,-1,-1,-1,-1
23460,1559174400,2147483647,false,1318,249,19260,-1,-1,-1,-1
23461,1559174400,2147483647,false,1318,251,19260,-1,-1,-1,-1
23462,1559174400,2147483647,false,1318,246,19260,-1,-1,-1,-1
23463,1559174400,2147483647,false,1318,248,19260,-1,-1,-1,-1
23464,1559174400,2147483647,false,1318,252,19260,-1,-1,-1,-1
23465,1559174400,2147483647,false,1318,28333,19260,-1,-1,-1,-1
23466,1559174400,2147483647,false,1318,249,19261,-1,-1,-1,-1
23467,1559174400,2147483647,false,1318,246,19261,-1,-1,-1,-1
23468,1559174400,2147483647,false,1318,248,19261,-1,-1,-1,-1
23469,1559174400,2147483647,false,1318,252,19261,-1,-1,-1,-1
23470,1559174400,2147483647,false,1318,28331,19261,-1,-1,-1,-1
23471,1559174400,2147483647,false,1318,250,19259,-1,-1,-1,-1
23472,1559174400,2147483647,false,1318,251,19259,-1,-1,-1,-1
23473,1559174400,2147483647,false,1318,246,19259,-1,-1,-1,-1
23474,1559174400,2147483647,false,1318,253,19259,-1,-1,-1,-1
23475,1559174400,2147483647,false,1318,28329,19259,-1,-1,-1,-1
23476,1559174400,2147483647,false,1318,28330,19259,-1,-1,-1,-1
23477,1559174400,2147483647,false,1318,28332,19259,-1,-1,-1,-1
23478,1559174400,2147483647,false,1318,249,19262,-1,-1,-1,-1
23479,1559174400,2147483647,false,1318,251,19262,-1,-1,-1,-1
23480,1559174400,2147483647,false,1318,246,19262,-1,-1,-1,-1
23481,1559174400,2147483647,false,1318,253,19262,-1,-1,-1,-1
23482,1559174400,2147483647,false,1318,252,19262,-1,-1,-1,-1
23483,1559174400,2147483647,false,1318,28331,19262,-1,-1,-1,-1
23484,1559174400,2147483647,false,1318,28328,19262,-1,-1,-1,-1
23485,1559174400,2147483647,false,1318,28333,19262,-1,-1,-1,-1
23486,1559174400,2147483647,false,1318,28332,19262,-1,-1,-1,-1
23487,1560384000,1610496000,false,1404,-1,-1,-1,-1,-1,-1
23489,1560988800,2147483647,false,0,-1,-1,-1,-1,-1,-1
23490,1560988800,2147483647,false,0,-1,-1,-1,-1,-1,-1
23495,1562198400,2147483647,false,0,-1,-1,-1,-1,-1,-1
23497,1562198400,2147483647,true,0,-1,-1,-1,-1,-1,-1
23499,1562198400,2147483647,false,0,-1,-1,-1,-1,-1,-1
23502,1562198400,2147483647,false,0,-1,-1,-1,-1,-1,-1
23504,1562198400,2147483647,true,0,-1,-1,-1,-1,-1,-1
23506,1562198400,2147483647,true,0,-1,-1,-1,-1,-1,-1
23508,1562198400,2147483647,true,0,-1,-1,-1,-1,-1,-1
23510,1562198400,2147483647,false,0,-1,-1,-1,-1,-1,-1
23512,1562198400,2147483647,false,0,-1,-1,-1,-1,-1,-1
23514,1562198400,2147483647,false,0,-1,-1,-1,-1,-1,-1
23516,1562198400,2147483647,true,87,-1,-1,-1,-1,-1,-1
23517,1562198400,2147483647,false,0,-1,-1,-1,-1,-1,-1
23520,1562198400,2147483647,false,0,-1,-1,-1,-1,-1,-1
23522,1562198400,2147483647,false,0,-1,-1,-1,-1,-1,-1
23525,1562198400,2147483647,false,0,-1,-1,-1,-1,-1,-1
23528,1562198400,2147483647,false,39,-1,-1,-1,-1,-1,-1
23533,1562803200,2147483647,false,58,-1,-1,-1,-1,-1,-1
23543,1562803200,2147483647,false,69,-1,-1,-1,-1,-1,-1
23545,1562803200,2147483647,false,69,-1,-1,-1,-1,-1,-1
23547,1562803200,2147483647,false,69,-1,-1,-1,-1,-1,-1
23549,1562803200,2147483647,false,69,-1,-1,-1,-1,-1,-1
23551,1562803200,2147483647,false,69,-1,-1,-1,-1,-1,-1
23553,1562803200,2147483647,false,69,-1,-1,-1,-1,-1,-1
23555,1562803200,2147483647,false,69,-1,-1,-1,-1,-1,-1
23557,1562803200,2147483647,false,69,-1,-1,-1,-1,-1,-1
23559,1562803200,2147483647,false,69,-1,-1,-1,-1,-1,-1
23561,1562803200,2147483647,false,69,-1,-1,-1,-1,-1,-1
23563,1562803200,2147483647,false,69,-1,-1,-1,-1,-1,-1
23565,1562803200,2147483647,false,69,-1,-1,-1,-1,-1,-1
23567,1562803200,2147483647,false,69,-1,-1,-1,-1,-1,-1
23569,1562803200,2147483647,false,69,-1,-1,-1,-1,-1,-1
23571,1562803200,2147483647,false,69,-1,-1,-1,-1,-1,-1
23573,1562803200,2147483647,false,69,-1,-1,-1,-1,-1,-1
23575,1562803200,2147483647,false,69,-1,-1,-1,-1,-1,-1
23577,1562803200,2147483647,false,69,-1,-1,-1,-1,-1,-1
23579,1562803200,2147483647,false,69,-1,-1,-1,-1,-1,-1
23581,1562803200,2147483647,false,69,-1,-1,-1,-1,-1,-1
23583,1562803200,1565827200,false,69,-1,-1,-1,-1,-1,-1
23585,1562803200,1565827200,false,69,-1,-1,-1,-1,-1,-1
23587,1562803200,1565827200,false,69,-1,-1,-1,-1,-1,-1
23589,1562803200,1565827200,false,69,-1,-1,-1,-1,-1,-1
23591,1562803200,2147483647,false,2,21873,-1,-1,-1,-1,-1
23593,1562803200,2147483647,false,16,-1,-1,-1,-1,-1,-1
23595,1562803200,2147483647,false,0,-1,-1,-1,-1,-1,-1
23597,1562803200,2147483647,false,494,10420,-1,-1,-1,-1,-1
23599,1562803200,2147483647,false,18,11049,-1,-1,-1,-1,-1
23601,1562803200,2147483647,false,37,-1,-1,-1,-1,-1,-1
23603,1562803200,2147483647,false,0,-1,-1,-1,-1,-1,-1
23605,1660089600,2147483647,false,0,-1,-1,-1,-1,-1,-1
23607,1660089600,2147483647,false,0,-1,-1,-1,-1,-1,-1
23609,0,2147483647,false,27,-1,-1,-1,-1,-1,-1
23611,1562803200,2147483647,false,37,19839,-1,-1,-1,-1,-1
23613,1562803200,2147483647,false,1,5232,-1,-1,-1,-1,-1
23615,1562803200,2147483647,false,21,-1,-1,-1,-1,-1,-1
23617,1562803200,2147483647,false,1,-1,-1,-1,-1,-1,-1
23619,1562803200,2147483647,false,24,-1,-1,-1,-1,-1,-1
23620,1562803200,2147483647,false,26,-1,-1,-1,-1,-1,-1
23622,1567036800,2147483647,false,27,-1,-1,-1,-1,-1,-1
23624,1562803200,1774396800,false,0,-1,-1,-1,-1,-1,-1
23626,1562803200,2147483647,false,1,-1,-1,-1,-1,-1,-1
23628,1562803200,1774396800,false,25,-1,-1,-1,-1,-1,-1
23630,1562803200,2147483647,false,567,-1,-1,-1,-1,-1,-1
23632,1562803200,2147483647,false,7,6674,-1,-1,6700,-1,-1
23633,1562803200,2147483647,false,8,6660,-1,-1,6692,-1,-1
23634,1562803200,2147483647,false,8,6662,-1,-1,-1,-1,-1
23635,1562803200,1774396800,false,8,6667,-1,-1,6696,-1,-1
23636,1562803200,1774396800,false,2,-1,-1,-1,-1,-1,-1
23637,1562803200,1774396800,false,2,-1,-1,-1,6689,-1,-1
23638,1562803200,1774396800,false,2,-1,-1,-1,-1,-1,-1
23639,1562803200,2147483647,false,2,6651,-1,-1,-1,-1,-1
23640,1562803200,2147483647,false,0,-1,-1,-1,-1,-1,-1
23642,1562803200,2147483647,false,18,-1,-1,-1,-1,-1,-1
23644,1562803200,1774396800,false,10,-1,-1,-1,29254,-1,-1
23646,1562803200,1774396800,false,8,27625,-1,-1,-1,-1,-1
23648,1562803200,2147483647,false,601,-1,-1,-1,-1,-1,-1
23649,1567036800,2147483647,false,63,-1,-1,-1,-1,-1,-1
23650,1562803200,2147483647,false,149,-1,-1,-1,-1,-1,-1
23652,1563408000,2147483647,false,10,-1,-1,-1,-1,-1,-1
23653,1563408000,2147483647,false,1,-1,-1,-1,-1,-1,-1
23654,1563408000,2147483647,false,0,28445,-1,-1,-1,-1,-1
23655,1564012800,2147483647,false,80,-1,-1,-1,-1,-1,-1
23657,1564012800,2147483647,false,0,-1,-1,-1,-1,-1,-1
23659,1564012800,2147483647,false,0,-1,-1,-1,-1,-1,-1
23661,1564012800,2147483647,false,1311,-1,-1,-1,-1,-1,-1
23667,1564012800,2147483647,false,1590,-1,-1,-1,-1,-1,-1
23670,1564012800,2147483647,false,0,-1,-1,-1,-1,-1,-1
23673,1564012800,2147483647,false,35,-1,-1,-1,-1,-1,-1
23675,1564012800,2147483647,false,35,-1,-1,-1,-1,-1,-1
23677,1564012800,2147483647,false,67,-1,-1,-1,-1,-1,-1
23680,1564012800,2147483647,false,67,-1,-1,-1,-1,-1,-1
23682,1564012800,2147483647,false,67,-1,-1,-1,-1,-1,-1
23685,1564012800,2147483647,false,69,-1,-1,-1,-1,-1,-1
23688,1564012800,2147483647,false,69,-1,-1,-1,-1,-1,-1
23691,1564012800,2147483647,false,69,-1,-1,-1,-1,-1,-1
23694,1564012800,2147483647,false,69,-1,-1,-1,-1,-1,-1
23697,1564012800,2147483647,false,69,-1,-1,-1,-1,-1,-1
23700,1564012800,2147483647,false,69,-1,-1,-1,-1,-1,-1
23703,1564012800,2147483647,false,69,-1,-1,-1,-1,-1,-1
23706,1564012800,2147483647,false,69,-1,-1,-1,-1,-1,-1
23709,1564012800,2147483647,false,69,-1,-1,-1,-1,-1,-1
23712,1564012800,2147483647,false,69,-1,-1,-1,-1,-1,-1
23715,1564012800,2147483647,false,69,-1,-1,-1,-1,-1,-1
23718,1564012800,2147483647,false,69,-1,-1,-1,-1,-1,-1
23721,1564012800,2147483647,false,69,-1,-1,-1,-1,-1,-1
23724,1564012800,2147483647,false,69,-1,-1,-1,-1,-1,-1
23727,1564012800,2147483647,false,69,-1,-1,-1,-1,-1,-1
23730,1564012800,2147483647,false,69,-1,-1,-1,-1,-1,-1
23733,1564012800,2147483647,false,69,-1,-1,-1,-1,-1,-1
23736,1564012800,2147483647,false,69,-1,-1,-1,-1,-1,-1
23739,1564012800,2147483647,false,69,-1,-1,-1,-1,-1,-1
23742,1564012800,2147483647,false,69,-1,-1,-1,-1,-1,-1
23745,1564012800,2147483647,false,69,-1,-1,-1,-1,-1,-1
23748,1564012800,2147483647,false,69,-1,-1,-1,-1,-1,-1
23751,1564012800,2147483647,false,69,-1,-1,-1,-1,-1,-1
23754,1564012800,2147483647,false,69,-1,-1,-1,-1,-1,-1
23757,1564012800,2147483647,false,0,-1,-1,-1,-1,-1,-1
23759,1564012800,2147483647,false,0,-1,-1,-1,-1,-1,-1
23760,1564012800,2147483647,false,0,-1,-1,-1,-1,-1,-1
23762,1564012800,2147483647,false,25,-1,-1,-1,-1,-1,-1
23764,1564012800,2147483647,false,25,-1,-1,-1,-1,-1,-1
23768,1564012800,2147483647,false,702,-1,-1,-1,-1,-1,-1
23770,1564012800,2147483647,false,750,-1,-1,-1,-1,-1,-1
23771,1564012800,2147483647,false,726,-1,-1,-1,-1,-1,-1
23773,1564012800,2147483647,true,0,-1,-1,-1,-1,-1,-1
23775,1564012800,2147483647,true,1329,-1,-1,-1,-1,-1,-1
23776,1564012800,2147483647,true,1329,-1,-1,-1,-1,-1,-1
23777,1564012800,2147483647,true,1329,-1,-1,-1,-1,-1,-1
23778,1564012800,2147483647,true,1329,-1,-1,-1,-1,-1,-1
23779,1564012800,2147483647,true,1329,-1,-1,-1,-1,-1,-1
23780,1564012800,2147483647,true,1329,-1,-1,-1,-1,-1,-1
23781,1564012800,2147483647,true,1329,-1,-1,-1,-1,-1,-1
23782,1564012800,2147483647,true,1329,-1,-1,-1,-1,-1,-1
23783,1564012800,2147483647,true,1329,-1,-1,-1,-1,-1,-1
23784,1564012800,2147483647,true,1329,-1,-1,-1,-1,-1,-1
23785,1564012800,2147483647,true,2,-1,-1,-1,-1,-1,-1
23787,1564012800,2147483647,true,7,313,-1,3330,-1,-1,-1
23789,1564012800,2147483647,true,8,-1,-1,-1,-1,-1,-1
23791,1564012800,2147483647,true,0,-1,-1,-1,-1,-1,-1
23792,1564012800,2147483647,true,1330,-1,-1,-1,-1,-1,-1
23793,1564012800,2147483647,true,1330,-1,-1,-1,-1,-1,-1
23794,1564012800,2147483647,true,1330,-1,-1,-1,-1,-1,-1
23795,1564012800,2147483647,true,1330,-1,-1,-1,-1,-1,-1
23796,1564012800,2147483647,false,1328,-1,-1,-1,-1,-1,-1
23798,1564012800,2147483647,true,0,-1,-1,-1,-1,-1,-1
23800,1564012800,2147483647,true,0,-1,-1,-1,-1,-1,-1
23802,1564012800,2147483647,true,0,-1,-1,-1,-1,-1,-1
23804,1564012800,2147483647,true,0,-1,-1,-1,-1,-1,-1
23806,1564012800,2147483647,true,0,-1,-1,-1,-1,-1,-1
23808,1564012800,2147483647,true,0,-1,-1,-1,-1,-1,-1
23810,1564012800,2147483647,true,0,-1,-1,-1,-1,-1,-1
23812,1564012800,2147483647,true,0,-1,-1,-1,-1,-1,-1
23814,1564012800,2147483647,true,1331,-1,-1,-1,-1,-1,-1
23815,1564012800,2147483647,true,1331,-1,-1,-1,-1,-1,-1
23816,1564012800,2147483647,true,1331,-1,-1,-1,-1,-1,-1
23817,1564012800,2147483647,true,1331,-1,-1,-1,-1,-1,-1
23818,1564012800,2147483647,true,1330,-1,-1,-1,-1,-1,-1
23820,1564012800,2147483647,false,26,-1,-1,-1,-1,-1,-1
23821,1564012800,2147483647,false,35,-1,-1,-1,-1,-1,-1
23822,1564012800,2147483647,false,67,-1,-1,-1,-1,-1,-1
23823,1564012800,2147483647,false,25,-1,-1,-1,-1,-1,-1
23824,1564012800,2147483647,false,1332,-1,-1,-1,-1,-1,-1
23830,1564012800,2147483647,false,1333,-1,-1,-1,-1,-1,-1
23831,1564012800,2147483647,false,1334,-1,-1,-1,-1,-1,-1
23832,1564012800,2147483647,false,1335,-1,-1,-1,-1,-1,-1
23833,1564012800,2147483647,false,1336,-1,-1,-1,-1,-1,-1
23834,1564012800,2147483647,false,1337,-1,-1,-1,-1,-1,-1
23835,1564012800,2147483647,false,1338,-1,-1,-1,-1,-1,-1
23836,1564012800,2147483647,false,0,-1,-1,-1,-1,-1,-1
23837,1564012800,2147483647,false,0,-1,-1,-1,-1,-1,-1
23838,1564012800,2147483647,false,0,-1,-1,-1,-1,-1,-1
23839,1564012800,2147483647,false,0,561,-1,-1,-1,-1,-1
23840,1564012800,2147483647,false,2,38028,-1,-1,38158,-1,-1
23841,1564012800,2147483647,false,2,38023,-1,-1,38157,-1,-1
23842,1564012800,2147483647,false,2,38025,-1,-1,38159,-1,-1
23843,1564012800,2147483647,false,7,38103,-1,-1,-1,-1,-1
23844,1564012800,2147483647,false,7,38099,-1,-1,-1,-1,-1
23845,1564012800,2147483647,false,7,-1,-1,-1,38240,-1,-1
23846,1564012800,2147483647,false,8,38075,-1,-1,38202,-1,-1
23847,1564012800,2147483647,false,8,38077,-1,-1,38205,-1,-1
23848,1564012800,2147483647,false,8,38078,-1,-1,38206,-1,-1
23849,1564012800,2147483647,false,66,-1,-1,-1,-1,-1,-1
23850,1564012800,2147483647,false,66,-1,-1,-1,-1,-1,-1
23851,1564012800,2147483647,false,273,-1,-1,-1,-1,-1,-1
23852,1564012800,2147483647,false,1,-1,-1,-1,-1,-1,-1
23853,1564012800,2147483647,false,1,-1,-1,-1,-1,-1,-1
23854,1564012800,2147483647,false,1,-1,-1,-1,-1,-1,-1
23855,1564012800,2147483647,false,106,-1,-1,-1,-1,-1,-1
23856,1564012800,2147483647,false,106,-1,-1,-1,-1,-1,-1
23857,1564012800,2147483647,false,106,-1,-1,-1,-1,-1,-1
23858,1564012800,2147483647,false,1339,-1,-1,-1,-1,-1,-1
23859,1564012800,2147483647,false,0,38050,-1,-1,-1,-1,-1
23861,1564012800,2147483647,false,26,-1,-1,-1,-1,-1,-1
23862,1564012800,2147483647,false,35,-1,-1,-1,-1,-1,-1
23863,1564012800,2147483647,false,67,-1,-1,-1,-1,-1,-1
23864,1564012800,2147483647,false,25,-1,-1,-1,-1,-1,-1
23865,1564012800,2147483647,false,0,-1,-1,-1,-1,-1,-1
23866,1564012800,2147483647,false,1332,-1,-1,-1,-1,-1,-1
23867,1564012800,2147483647,false,1333,-1,-1,-1,-1,-1,-1
23868,1564012800,2147483647,false,1334,-1,-1,-1,-1,-1,-1
23869,1564012800,2147483647,false,1335,-1,-1,-1,-1,-1,-1
23870,1564012800,2147483647,false,1336,-1,-1,-1,-1,-1,-1
23871,1564012800,2147483647,false,1337,-1,-1,-1,-1,-1,-1
23872,1564012800,2147483647,false,0,-1,-1,-1,-1,-1,-1
23873,1564012800,2147483647,false,0,-1,-1,-1,-1,-1,-1
23874,1564012800,2147483647,false,0,-1,-1,-1,-1,-1,-1
23875,1564012800,2147483647,false,1338,-1,-1,-1,-1,-1,-1
23876,1564012800,2147483647,false,0,-1,-1,-1,-1,-1,-1
23877,1564012800,2147483647,false,0,-1,-1,-1,-1,-1,-1
23878,1564012800,2147483647,false,0,-1,-1,-1,-1,-1,-1
23879,1564012800,2147483647,false,0,561,-1,-1,-1,-1,-1
23880,1564012800,2147483647,false,69,-1,-1,-1,-1,-1,-1
23881,1564012800,2147483647,false,69,-1,-1,-1,-1,-1,-1
23882,1564012800,2147483647,false,69,-1,-1,-1,-1,-1,-1
23883,1564012800,2147483647,false,69,-1,-1,-1,-1,-1,-1
23884,1564012800,2147483647,false,69,-1,-1,-1,-1,-1,-1
23885,1564012800,2147483647,false,69,-1,-1,-1,-1,-1,-1
23886,1564012800,2147483647,false,2,38026,-1,-1,38160,-1,-1
23887,1564012800,2147483647,false,2,38022,-1,-1,38163,-1,-1
23888,1564012800,2147483647,false,2,38024,-1,-1,38161,-1,-1
23889,1564012800,2147483647,false,7,38102,-1,-1,-1,-1,-1
23890,1564012800,2147483647,false,7,38104,-1,-1,-1,-1,-1
23891,1564012800,2147483647,false,7,-1,-1,-1,38236,-1,-1
23892,1564012800,2147483647,false,8,-1,-1,-1,38201,-1,-1
23893,1564012800,2147483647,false,8,-1,-1,-1,38200,-1,-1
23894,1564012800,2147483647,false,8,-1,-1,-1,38204,-1,-1
23895,1564012800,2147483647,false,66,-1,-1,-1,-1,-1,-1
23896,1564012800,2147483647,false,66,-1,-1,-1,-1,-1,-1
23897,1564012800,2147483647,false,273,-1,-1,-1,-1,-1,-1
23898,1564012800,2147483647,false,1,-1,-1,-1,-1,-1,-1
23899,1564012800,2147483647,false,1,-1,-1,-1,-1,-1,-1
23900,1564012800,2147483647,false,1,-1,-1,-1,-1,-1,-1
23901,1564012800,2147483647,false,106,-1,-1,-1,-1,-1,-1
23902,1564012800,2147483647,false,106,-1,-1,-1,-1,-1,-1
23903,1564012800,2147483647,false,106,-1,-1,-1,-1,-1,-1
23904,1564012800,2147483647,false,1339,-1,-1,-1,-1,-1,-1
23905,1564012800,2147483647,false,0,-1,-1,-1,-1,-1,-1
23906,1564012800,2147483647,false,0,-1,-1,-1,-1,-1,-1
23907,1564012800,2147483647,false,0,38276,-1,-1,-1,-1,-1
23908,1564012800,2147483647,false,0,-1,-1,-1,-1,-1,-1
23911,1564012800,2147483647,false,2,-1,-1,-1,-1,-1,-1
23913,1564012800,2147483647,false,2,-1,-1,-1,-1,-1,-1
23915,1564012800,2147483647,false,2,-1,-1,-1,-1,-1,-1
23917,1564012800,2147483647,false,2,-1,-1,-1,-1,-1,-1
23919,1564012800,2147483647,false,2,-1,-1,-1,-1,-1,-1
23921,1564012800,2147483647,false,2,-1,-1,-1,-1,-1,-1
23923,1564012800,2147483647,false,2,-1,-1,-1,-1,-1,-1
23925,1564012800,2147483647,false,2,-1,-1,-1,-1,-1,-1
23927,1564012800,2147483647,false,1340,-1,-1,-1,-1,-1,-1
23929,1564012800,2147483647,false,1340,-1,-1,-1,-1,-1,-1
23931,1564012800,2147483647,false,1340,-1,-1,-1,-1,-1,-1
23933,1564012800,2147483647,false,1340,-1,-1,-1,-1,-1,-1
23935,1564012800,2147483647,false,1340,-1,-1,-1,-1,-1,-1
23937,1564012800,2147483647,false,1340,-1,-1,-1,-1,-1,-1
23939,1564012800,2147483647,false,1340,-1,-1,-1,-1,-1,-1
23941,1564012800,2147483647,false,1340,-1,-1,-1,-1,-1,-1
23943,1564012800,2147483647,false,0,-1,-1,-1,-1,-1,-1
23946,1564012800,2147483647,false,0,-1,-1,-1,-1,-1,-1
23948,1564012800,2147483647,false,0,-1,-1,-1,-1,-1,-1
23951,1564012800,2147483647,false,0,-1,-1,-1,-1,-1,-1
23953,1564012800,2147483647,false,0,-1,-1,-1,-1,-1,-1
23956,1564012800,2147483647,false,0,-1,-1,-1,-1,-1,-1
23959,1564012800,2147483647,false,0,-1,-1,-1,-1,-1,-1
23962,1564012800,2147483647,false,0,-1,-1,-1,-1,-1,-1
23964,1564012800,2147483647,false,0,-1,-1,-1,-1,-1,-1
23971,1564012800,2147483647,false,2,38027,-1,-1,38164,-1,-1
23973,1564012800,2147483647,false,2,38029,-1,-1,38162,-1,-1
23975,1564012800,2147483647,false,7,-1,-1,-1,38237,-1,-1
23977,1564012800,2147483647,false,7,38100,-1,-1,38241,-1,-1
23979,1564012800,2147483647,false,8,-1,-1,-1,38203,-1,-1
23981,1564012800,2147483647,false,8,38082,-1,-1,38207,-1,-1
23983,1564012800,2147483647,true,106,-1,-1,-1,-1,-1,-1
23985,1564012800,2147483647,true,106,-1,-1,-1,-1,-1,-1
23987,1564012800,2147483647,false,273,-1,-1,-1,-1,-1,-1
23989,1564012800,2147483647,false,273,-1,-1,-1,-1,-1,-1
23991,1564012800,2147483647,false,107,-1,-1,-1,-1,-1,-1
23993,1564012800,2147483647,false,107,-1,-1,-1,-1,-1,-1
23995,1564012800,2147483647,false,21,-1,-1,-1,-1,-1,-1
23997,1564012800,2147483647,false,21,-1,-1,-1,-1,-1,-1
24000,1564012800,2147483647,false,0,-1,-1,-1,-1,-1,-1
24003,1564012800,2147483647,false,0,38119,-1,-1,-1,-1,-1
24006,1564012800,2147483647,false,0,38052,-1,-1,-1,-1,-1
24009,1564012800,2147483647,false,0,-1,-1,-1,38234,-1,-1
24012,1564012800,2147483647,false,0,-1,-1,-1,38803,-1,-1
24015,1564012800,2147483647,false,0,-1,-1,-1,38234,-1,-1
24018,1564012800,2147483647,false,0,-1,-1,-1,38803,-1,-1
24021,1564012800,2147483647,false,0,38098,-1,-1,38233,-1,-1
24024,1564012800,2147483647,false,0,-1,-1,-1,38219,-1,-1
24027,1564012800,2147483647,false,0,38098,-1,-1,38233,-1,-1
24030,1564012800,2147483647,false,1341,-1,-1,-1,-1,-1,-1
24031,1564012800,2147483647,false,1341,-1,-1,-1,-1,-1,-1
24032,1564012800,2147483647,false,1341,-1,-1,-1,-1,-1,-1
24033,1564012800,2147483647,false,1341,-1,-1,-1,-1,-1,-1
24034,1564012800,2147483647,false,2,-1,-1,-1,-1,-1,-1
24037,1564012800,2147483647,false,7,-1,-1,-1,-1,-1,-1
24040,1564012800,2147483647,false,8,-1,-1,-1,-1,-1,-1
24043,1564012800,2147483647,false,17,-1,-1,-1,-1,-1,-1
24046,1564012800,2147483647,false,16,-1,-1,-1,-1,-1,-1
24049,1564012800,2147483647,false,1328,-1,-1,-1,-1,-1,-1
24051,1564012800,2147483647,false,1328,-1,-1,-1,-1,-1,-1
24053,1564012800,2147483647,false,1328,-1,-1,-1,-1,-1,-1
24055,1564012800,2147483647,false,1328,-1,-1,-1,-1,-1,-1
24057,1564012800,2147483647,false,1328,-1,-1,-1,-1,-1,-1
24059,1564012800,2147483647,false,1328,-1,-1,-1,-1,-1,-1
24061,1564012800,2147483647,false,1328,-1,-1,-1,-1,-1,-1
24063,1564012800,2147483647,false,1328,-1,-1,-1,-1,-1,-1
24065,1564012800,2147483647,false,1328,-1,-1,-1,-1,-1,-1
24067,1564012800,2147483647,false,1328,-1,-1,-1,-1,-1,-1
24069,1564012800,2147483647,false,1328,-1,-1,-1,-1,-1,-1
24071,1564012800,2147483647,false,1328,-1,-1,-1,-1,-1,-1
24073,1564012800,2147483647,false,1328,-1,-1,-1,-1,-1,-1
24075,1564012800,2147483647,false,1328,-1,-1,-1,-1,-1,-1
24123,1564012800,2147483647,true,106,-1,-1,-1,-1,-1,-1
24125,1564012800,2147483647,false,273,-1,-1,-1,-1,-1,-1
24127,1564012800,2147483647,false,107,-1,-1,-1,-1,-1,-1
24130,1565222400,2147483647,false,0,-1,-1,-1,-1,-1,-1
24131,1565222400,2147483647,false,0,-1,-1,-1,-1,-1,-1
24132,0,2147483647,false,206,-1,-1,-1,-1,-1,-1
24133,1567036800,2147483647,false,27,-1,-1,-1,-1,-1,-1
24134,1567036800,2147483647,false,27,32820,-1,-1,-1,-1,-1
24135,1567036800,2147483647,false,27,34629,-1,-1,-1,-1,-1
24136,1567036800,2147483647,false,494,-1,-1,-1,-1,-1,-1
24137,1567036800,2147483647,false,494,-1,-1,-1,-1,-1,-1
24138,1567036800,2147483647,false,494,-1,-1,-1,-1,-1,-1
24139,1567036800,2147483647,false,494,-1,-1,-1,-1,-1,-1
24140,1567036800,2147483647,false,494,-1,-1,-1,-1,-1,-1
24141,1567036800,2147483647,false,494,-1,-1,-1,-1,-1,-1
24142,1567036800,2147483647,false,494,-1,-1,-1,-1,-1,-1
24143,1567036800,2147483647,false,494,10420,-1,-1,-1,-1,-1
24144,1567036800,2147483647,false,1,-1,-1,-1,-1,-1,-1
24147,1567036800,2147483647,false,2,-1,-1,-1,-1,-1,-1
24149,1567036800,2147483647,false,2,-1,-1,-1,-1,-1,-1
24151,1567036800,2147483647,false,2,-1,-1,-1,-1,-1,-1
24153,1567036800,2147483647,false,2,-1,-1,-1,-1,-1,-1
24155,1567036800,2147483647,false,2,-1,-1,-1,-1,-1,-1
24157,1567036800,2147483647,false,21,-1,-1,-1,-1,-1,-1
24158,1567036800,2147483647,false,7,306,-1,-1,-1,-1,-1
24159,1567036800,2147483647,false,7,-1,-1,-1,-1,-1,-1
24160,1567036800,2147483647,false,2,219,-1,-1,-1,-1,-1
24161,1567036800,2147483647,false,18,486,-1,-1,-1,-1,-1
24162,1567036800,2147483647,false,7,266,-1,-1,-1,-1,-1
24163,1567036800,2147483647,false,7,-1,-1,-1,-1,-1,-1
24164,1567036800,2147483647,false,8,-1,-1,-1,-1,-1,-1
24165,1567036800,2147483647,false,2,-1,-1,-1,-1,-1,-1
24166,1567036800,2147483647,false,7,-1,-1,-1,-1,-1,-1
24167,1567036800,2147483647,false,8,-1,-1,-1,-1,-1,-1
24168,1567036800,2147483647,false,7,-1,-1,-1,-1,-1,-1
24169,1567036800,2147483647,false,2,-1,-1,-1,-1,-1,-1
24170,1567036800,2147483647,false,2,-1,-1,-1,-1,-1,-1
24171,1567036800,2147483647,false,2,-1,-1,-1,-1,-1,-1
24172,1567036800,2147483647,false,2,-1,215,-1,-1,-1,-1
24173,1567036800,2147483647,false,2,-1,215,-1,-1,-1,-1
24174,1567036800,2147483647,false,2,-1,215,-1,-1,-1,-1
24175,1567036800,2147483647,false,7,19258,-1,-1,-1,-1,-1
24176,1567036800,2147483647,false,8,19252,-1,-1,-1,-1,-1
24177,1567036800,2147483647,false,7,-1,-1,-1,-1,14570,-1
24178,1567036800,2147483647,false,7,-1,29165,-1,-1,-1,-1
24179,1567036800,2147483647,false,8,-1,-1,-1,-1,-1,-1
24180,1567036800,2147483647,false,8,29164,-1,-1,29167,-1,-1
24181,1567036800,2147483647,false,1,-1,-1,-1,-1,-1,-1
24182,1567036800,2147483647,false,0,-1,-1,-1,14572,-1,-1
24183,1567036800,2147483647,false,2,230,-1,-1,-1,-1,-1
24184,1567036800,2147483647,false,2,230,-1,-1,-1,-1,-1
24185,1567036800,2147483647,false,2,19820,-1,-1,-1,-1,-1
24186,1567036800,2147483647,false,494,-1,-1,-1,-1,-1,-1
24187,1567036800,2147483647,false,0,-1,-1,-1,-1,-1,-1
24189,1567036800,2147483647,false,0,-1,-1,-1,-1,-1,-1
24190,1567036800,2147483647,false,0,-1,-1,-1,-1,-1,-1
24191,1567036800,2147483647,false,0,-1,-1,-1,-1,-1,-1
24192,1567036800,2147483647,false,2,-1,-1,-1,-1,-1,-1
24194,1567036800,2147483647,false,2,-1,-1,-1,-1,-1,-1
24195,1567036800,2147483647,false,2,-1,-1,-1,-1,-1,-1
24197,1567036800,2147483647,false,2,-1,-1,-1,-1,-1,-1
24198,1567036800,2147483647,false,2,-1,-1,-1,-1,-1,-1
24200,1567036800,2147483647,false,2,-1,-1,-1,-1,-1,-1
24201,1567036800,2147483647,false,2,-1,-1,-1,-1,-1,-1
24203,1567036800,2147483647,false,2,-1,-1,-1,-1,-1,-1
24204,1567036800,2147483647,false,2,-1,-1,-1,-1,-1,-1
24206,1567036800,2147483647,false,2,-1,-1,-1,-1,-1,-1
24207,1567036800,2147483647,false,1397,-1,-1,-1,-1,-1,-1
24209,1567036800,2147483647,false,1397,-1,-1,-1,-1,-1,-1
24211,1567036800,2147483647,false,1397,-1,-1,-1,-1,-1,-1
24213,1567036800,2147483647,false,1397,-1,-1,-1,-1,-1,-1
24215,1567036800,2147483647,false,1397,-1,-1,-1,-1,-1,-1
24217,1567036800,2147483647,false,0,-1,-1,-1,-1,-1,-1
24219,1567036800,2147483647,false,25,-1,-1,-1,-1,-1,-1
24222,1567036800,2147483647,false,27,-1,-1,-1,-1,-1,-1
24223,1567036800,2147483647,false,27,9638,-1,-1,9640,-1,-1
24224,1567036800,2147483647,false,27,-1,-1,-1,-1,-1,-1
24225,1567641600,2147483647,false,26,-1,-1,-1,-1,-1,-1
24227,1567641600,2147483647,false,26,-1,-1,-1,-1,-1,-1
24229,1567641600,2147483647,false,0,-1,-1,-1,-1,-1,-1
24232,1568246400,2147483647,false,27,-1,-1,-1,-1,-1,-1
24233,1568246400,2147483647,false,27,-1,-1,-1,-1,-1,-1
24234,1568246400,2147483647,false,27,-1,-1,-1,-1,-1,-1
24236,1568246400,2147483647,false,0,-1,-1,-1,-1,-1,-1
24238,1568246400,2147483647,false,27,-1,-1,-1,-1,-1,-1
24240,1568246400,2147483647,false,0,-1,-1,-1,-1,-1,-1
24242,1568246400,2147483647,false,27,-1,-1,-1,-1,-1,-1
24244,1568246400,2147483647,false,0,-1,-1,-1,-1,-1,-1
24246,1568246400,2147483647,false,27,-1,-1,-1,-1,-1,-1
24248,1568246400,2147483647,false,0,-1,-1,-1,-1,-1,-1
24249,1568246400,2147483647,false,0,-1,-1,-1,-1,-1,-1
24250,1568246400,2147483647,false,0,-1,-1,-1,-1,-1,-1
24251,1568851200,2147483647,false,482,-1,-1,-1,-1,-1,-1
24253,1569456000,2147483647,false,750,-1,-1,-1,-1,-1,-1
24254,1569456000,2147483647,true,0,-1,-1,-1,-1,-1,-1
24255,1569456000,2147483647,true,0,-1,-1,-1,-1,-1,-1
24256,1569456000,2147483647,true,0,-1,-1,-1,-1,-1,-1
24257,1569456000,2147483647,true,0,-1,-1,-1,-1,-1,-1
24258,1569456000,2147483647,true,0,-1,-1,-1,-1,-1,-1
24259,1569456000,2147483647,true,0,-1,-1,-1,-1,-1,-1
24260,1569456000,2147483647,true,0,-1,-1,-1,-1,-1,-1
24261,1569456000,2147483647,true,0,-1,-1,-1,-1,-1,-1
24262,1569456000,2147483647,true,0,-1,-1,-1,-1,-1,-1
24263,1569456000,2147483647,false,0,-1,-1,-1,-1,-1,-1
24265,1569456000,2147483647,true,0,-1,-1,-1,-1,-1,-1
24266,1569456000,2147483647,true,18,38859,-1,-1,-1,-1,-1
24268,1569456000,2147483647,false,0,-1,-1,-1,-1,-1,-1
24271,1569456000,2147483647,false,2,-1,-1,-1,-1,-1,-1
24277,1571270400,1587600000,false,15,-1,-1,-1,-1,-1,-1
24279,1571270400,1587600000,false,15,-1,-1,-1,-1,-1,-1
24281,1571270400,1587600000,false,15,-1,-1,-1,-1,-1,-1
24283,1571270400,1587600000,false,15,-1,-1,-1,-1,-1,-1
24285,1571270400,1587600000,false,15,-1,-1,-1,-1,-1,-1
24287,1571270400,2147483647,false,0,-1,-1,-1,-1,-1,-1
24288,1571875200,2147483647,false,10,-1,-1,-1,-1,-1,-1
24291,1571875200,2147483647,false,10,38912,-1,-1,-1,-1,-1
24294,1571875200,2147483647,false,10,-1,-1,-1,-1,-1,-1
24297,1571875200,1573084800,false,15,-1,-1,-1,-1,-1,-1
24298,1571875200,1573084800,false,15,-1,-1,-1,-1,-1,-1
24299,1571875200,1573084800,false,15,-1,-1,-1,-1,-1,-1
24300,1571875200,1573084800,false,15,-1,-1,-1,-1,-1,-1
24301,1571875200,1573084800,false,15,38926,-1,-1,-1,-1,-1
24302,1571875200,1573084800,false,15,38927,-1,-1,-1,-1,-1
24303,1571875200,1573084800,false,15,176,-1,-1,-1,-1,-1
24304,1571875200,1573084800,false,15,-1,-1,-1,-1,-1,-1
24305,1571875200,2147483647,false,0,-1,-1,-1,-1,-1,-1
24307,1571875200,2147483647,false,0,38926,-1,-1,-1,-1,-1
24309,1571875200,2147483647,false,0,38927,-1,-1,-1,-1,-1
24311,1571875200,2147483647,false,0,176,-1,-1,-1,-1,-1
24313,1571875200,2147483647,false,0,-1,-1,-1,-1,-1,-1
24315,1571875200,2147483647,false,0,-1,-1,-1,-1,-1,-1
24317,1571875200,2147483647,false,0,38926,-1,-1,-1,-1,-1
24319,1571875200,2147483647,false,0,38927,-1,-1,-1,-1,-1
24321,1571875200,2147483647,false,0,176,-1,-1,-1,-1,-1
24323,1571875200,2147483647,false,0,-1,-1,-1,-1,-1,-1
24325,1571875200,2147483647,false,18,-1,-1,-1,-1,-1,-1
24327,1571875200,2147483647,false,55,-1,-1,-1,-1,-1,-1
24329,1572480000,1587600000,false,0,-1,-1,-1,-1,-1,-1
24331,1572480000,1573084800,false,15,-1,-1,-1,-1,-1,-1
24332,0,2147483647,false,15,-1,-1,-1,-1,-1,-1
24333,1573084800,2147483647,false,1590,-1,-1,-1,-1,-1,-1
24336,1573084800,2147483647,false,482,-1,-1,-1,-1,-1,-1
24338,1573084800,2147483647,false,0,-1,-1,-1,-1,-1,-1
24340,1573084800,2147483647,false,0,-1,-1,-1,-1,-1,-1
24342,1573084800,2147483647,false,0,-1,-1,-1,-1,-1,-1
24344,1573084800,2147483647,false,0,-1,-1,-1,-1,-1,-1
24346,1573084800,2147483647,false,0,-1,-1,-1,-1,-1,-1
24348,1573084800,2147483647,false,0,38933,-1,-1,-1,-1,-1
24361,1603843200,2147483647,false,2175,-1,-1,-1,-1,-1,-1
24362,1573689600,2147483647,false,2175,-1,-1,-1,-1,-1,-1
24363,1573689600,2147483647,false,2175,-1,-1,-1,-1,-1,-1
24364,1573689600,2147483647,false,2175,-1,-1,-1,-1,-1,-1
24365,1573689600,2147483647,false,2175,-1,-1,-1,-1,-1,-1
24366,1573689600,2147483647,false,2175,-1,-1,-1,-1,-1,-1
24367,1573689600,2147483647,false,0,-1,-1,-1,-1,-1,-1
24370,1579132800,2147483647,false,2,42678,-1,-1,-1,-1,-1
24372,1579132800,2147483647,false,55,-1,-1,-1,-1,-1,-1
24374,1579132800,2147483647,false,55,-1,-1,-1,-1,-1,-1
24376,1579132800,2147483647,false,55,-1,-1,-1,-1,-1,-1
24378,1579132800,2147483647,false,18,-1,-1,-1,-1,-1,-1
24380,1579132800,2147483647,false,18,-1,-1,-1,-1,-1,-1
24382,1579132800,2147483647,false,18,-1,-1,-1,-1,-1,-1
24384,1579132800,2147483647,false,18,-1,-1,-1,-1,-1,-1
24387,1579132800,2147483647,false,0,-1,-1,-1,-1,-1,-1
24389,1579132800,2147483647,false,0,38968,-1,-1,-1,-1,-1
24391,1579132800,2147483647,false,0,-1,-1,-1,-1,-1,-1
24393,1579132800,2147483647,false,0,-1,-1,-1,-1,-1,-1
24395,1579132800,2147483647,false,39,-1,-1,-1,-1,-1,-1
24397,1579132800,2147483647,false,0,-1,-1,-1,-1,-1,-1
24399,1579132800,2147483647,false,0,38967,-1,-1,-1,-1,-1
24401,1579132800,2147483647,false,0,-1,-1,-1,-1,-1,-1
24403,1579132800,2147483647,false,0,-1,-1,-1,-1,-1,-1
24405,1579132800,2147483647,false,0,-1,-1,-1,-1,-1,-1
24407,1579132800,2147483647,false,0,38966,-1,-1,-1,-1,-1
24409,1579132800,2147483647,false,0,-1,-1,-1,-1,-1,-1
24411,1579132800,2147483647,false,0,-1,-1,-1,-1,-1,-1
24413,1579132800,2147483647,false,42,-1,-1,-1,-1,-1,-1
24416,1574294400,2147483647,false,149,-1,-1,-1,-1,-1,-1
24417,1580947200,2147483647,false,39,-1,-1,-1,-1,-1,-1
24418,1593043200,2147483647,false,0,-1,-1,-1,-1,-1,-1
24419,1580947200,2147483647,false,2,39049,-1,-1,-1,-1,-1
24420,1580947200,2147483647,false,7,39051,-1,-1,-1,-1,-1
24421,1580947200,2147483647,false,8,-1,-1,-1,-1,-1,-1
24422,1580947200,2147483647,false,1,39056,-1,-1,-1,-1,-1
24423,1580947200,2147483647,false,1,39058,-1,-1,-1,-1,-1
24424,1580947200,2147483647,false,1,39055,-1,-1,-1,-1,-1
24425,1580947200,2147483647,false,1,39061,-1,-1,-1,-1,-1
24426,1575504000,2147483647,false,0,-1,-1,-1,-1,-1,-1
24428,1576022400,2147483647,false,0,32591,-1,-1,-1,-1,-1
24430,1576022400,2147483647,false,0,32589,-1,-1,-1,-1,-1
24431,1576022400,2147483647,false,0,32590,-1,-1,-1,-1,-1
24432,1576022400,1578528000,false,15,-1,-1,-1,-1,-1,-1
24433,1576022400,1578528000,false,15,-1,-1,-1,-1,-1,-1
24434,1576022400,1578528000,false,15,-1,-1,-1,-1,-1,-1
24435,1576022400,1578528000,false,15,-1,-1,-1,-1,-1,-1
24436,1576022400,1578528000,false,15,-1,-1,-1,-1,-1,-1
24437,1576022400,1578528000,false,15,-1,-1,-1,-1,-1,-1
24438,1576022400,1578528000,false,15,32591,-1,-1,-1,-1,-1
24439,1576022400,1578528000,false,15,32589,-1,-1,-1,-1,-1
24440,1576022400,1578528000,false,15,32590,-1,-1,-1,-1,-1
24441,1576022400,1578528000,false,15,-1,-1,-1,-1,-1,-1
24442,1576022400,1578528000,false,15,-1,-1,-1,-1,-1,-1
24443,1576022400,1578528000,false,15,-1,-1,-1,-1,-1,-1
24444,1579132800,2147483647,false,2,42678,-1,-1,-1,-1,-1
24460,1579132800,2147483647,false,0,-1,-1,-1,-1,-1,-1
24463,1579132800,2147483647,false,0,-1,-1,-1,-1,-1,-1
24466,1579132800,2147483647,false,0,-1,-1,-1,-1,-1,-1
24469,1579737600,2147483647,false,1590,-1,-1,-1,-1,-1,-1
24472,1579737600,2147483647,false,1590,-1,-1,-1,-1,-1,-1
24475,1579737600,2147483647,false,1590,-1,-1,-1,-1,-1,-1
24478,1579737600,2147483647,false,1407,-1,-1,-1,-1,-1,-1
24479,0,2147483647,false,206,-1,-1,-1,-1,-1,-1
24480,1579737600,2147483647,false,1408,-1,-1,-1,-1,-1,-1
24481,1579737600,2147483647,false,1409,-1,-1,-1,-1,-1,-1
24482,1579737600,2147483647,false,1411,-1,-1,-1,-1,-1,-1
24483,1580256000,2147483647,false,0,-1,-1,-1,-1,-1,-1
24484,1580256000,2147483647,false,0,-1,-1,-1,-1,-1,-1
24485,1580256000,2147483647,false,0,-1,-1,-1,-1,-1,-1
24486,1580256000,2147483647,false,0,-1,-1,-1,-1,-1,-1
24488,1580947200,2147483647,false,1590,-1,-1,-1,-1,-1,-1
24491,1580947200,2147483647,false,0,-1,-1,-1,-1,-1,-1
24493,1580947200,2147483647,false,47,-1,-1,-1,-1,-1,-1
24494,0,2147483647,false,50,-1,-1,-1,-1,-1,-1
24495,1580947200,2147483647,false,0,-1,-1,-1,-1,-1,-1
24511,1580947200,2147483647,false,1412,-1,-1,-1,-1,-1,-1
24514,1580947200,2147483647,false,1412,-1,-1,-1,-1,-1,-1
24517,1580947200,2147483647,false,1412,-1,-1,-1,-1,-1,-1
24520,1581552000,2147483647,false,1397,-1,-1,-1,-1,-1,-1
24523,1593043200,2147483647,false,0,-1,-1,-1,-1,-1,-1
24524,1593043200,2147483647,false,0,-1,-1,-1,-1,-1,-1
24525,1582156800,2147483647,false,0,-1,-1,-1,-1,-1,-1
24527,1582156800,2147483647,false,0,-1,-1,-1,-1,-1,-1
24528,1582156800,2147483647,false,0,-1,-1,-1,-1,-1,-1
24529,1583366400,2147483647,false,1328,-1,-1,-1,-1,-1,-1
24531,1583971200,2147483647,false,2,-1,-1,-1,-1,-1,-1
24533,1583971200,2147483647,false,2,-1,215,-1,-1,-1,-1
24534,1584576000,2147483647,false,0,-1,-1,-1,-1,-1,-1
24535,1585785600,2147483647,false,0,-1,-1,-1,-1,-1,-1
24537,1585785600,2147483647,false,26,-1,-1,-1,-1,-1,-1
24539,1585785600,2147483647,false,55,-1,-1,-1,-1,-1,-1
24541,1585785600,1586995200,false,15,-1,-1,-1,-1,-1,-1
24542,1585785600,1586995200,false,15,-1,-1,-1,-1,-1,-1
24543,1585785600,1586995200,false,15,-1,-1,-1,-1,-1,-1
24544,1585785600,1586995200,false,15,-1,-1,-1,-1,-1,-1
24545,1585785600,1586995200,false,15,-1,-1,-1,-1,-1,-1
24546,1585785600,1586995200,false,15,-1,-1,-1,-1,-1,-1
24547,1585785600,1586995200,false,15,-1,-1,-1,-1,-1,-1
24549,1585785600,1586995200,false,15,-1,-1,-1,-1,-1,-1
24551,1586304000,2147483647,false,21,-1,-1,-1,-1,-1,-1
24553,0,2147483647,false,15,-1,-1,-1,-1,-1,-1
24554,1586304000,2147483647,false,15,-1,-1,-1,-1,-1,-1
24555,1586995200,2147483647,false,1413,-1,-1,-1,-1,-1,-1
24557,1586995200,2147483647,false,1413,-1,-1,-1,-1,-1,-1
24559,1586995200,2147483647,false,1413,-1,-1,-1,-1,-1,-1
24561,1586995200,2147483647,false,1413,-1,-1,-1,-1,-1,-1
24563,1586995200,2147483647,false,1413,-1,-1,-1,-1,-1,-1
24565,1587600000,1610496000,false,741,-1,-1,-1,-1,-1,-1
24567,1587600000,1610496000,false,741,-1,-1,-1,-1,-1,-1
24569,1587600000,1610496000,false,741,-1,-1,-1,-1,-1,-1
24571,1587600000,1610496000,false,741,-1,-1,-1,-1,-1,-1
24573,1587600000,1610496000,false,741,-1,-1,-1,-1,-1,-1
24575,1587600000,1610496000,false,741,-1,-1,-1,-1,-1,-1
24577,1587600000,1610496000,false,741,-1,-1,-1,-1,-1,-1
24579,1587600000,1610496000,false,741,-1,-1,-1,-1,-1,-1
24581,1587600000,1610496000,false,741,-1,-1,-1,-1,-1,-1
24583,1587600000,1610496000,false,741,-1,-1,-1,-1,-1,-1
24585,1587600000,2147483647,false,1422,-1,-1,-1,-1,-1,-1
24587,1587600000,2147483647,false,1422,-1,-1,-1,-1,-1,-1
24589,1587600000,2147483647,false,58,-1,-1,-1,-1,-1,-1
24592,1587600000,2147483647,false,58,-1,-1,-1,-1,-1,-1
24595,1587600000,2147483647,false,58,-1,-1,-1,-1,-1,-1
24598,1587600000,2147483647,false,69,-1,-1,-1,-1,-1,-1
24601,1587600000,2147483647,false,69,-1,-1,-1,-1,-1,-1
24603,1587600000,2147483647,false,69,-1,-1,-1,-1,-1,-1
24605,1587600000,2147483647,false,69,-1,-1,-1,-1,-1,-1
24607,1587600000,2147483647,false,149,-1,-1,-1,-1,-1,-1
24613,1587600000,2147483647,false,149,-1,-1,-1,-1,-1,-1
24615,1587600000,2147483647,false,149,-1,-1,-1,-1,-1,-1
24617,1587600000,2147483647,false,21,-1,-1,-1,-1,-1,-1
24619,1587600000,2147483647,false,21,-1,-1,-1,-1,-1,-1
24621,1587600000,2147483647,false,149,-1,-1,-1,-1,-1,-1
24623,1588204800,2147483647,false,69,-1,-1,-1,-1,-1,-1
24626,1588204800,2147483647,false,69,-1,-1,-1,-1,-1,-1
24629,1588204800,2147483647,false,69,-1,-1,-1,-1,-1,-1
24632,1588204800,2147483647,false,69,-1,-1,-1,-1,-1,-1
24635,1588204800,2147483647,false,69,-1,-1,-1,-1,-1,-1
24638,1588204800,2147483647,false,69,-1,-1,-1,-1,-1,-1
24641,1588204800,2147483647,false,69,-1,-1,-1,-1,-1,-1
24644,1588204800,2147483647,false,69,-1,-1,-1,-1,-1,-1
24650,1589414400,2147483647,false,0,-1,-1,-1,-1,-1,-1
24652,1589414400,2147483647,false,0,-1,-1,-1,-1,-1,-1
24655,1589414400,2147483647,false,0,-1,-1,-1,-1,-1,-1
24656,1590624000,2147483647,false,0,-1,-1,-1,-1,-1,-1
24658,1590624000,2147483647,false,0,-1,-1,-1,-1,-1,-1
24664,1590624000,2147483647,false,10,39531,-1,-1,-1,-1,-1
24666,1590624000,2147483647,false,10,-1,39534,-1,-1,39581,-1
24668,1590624000,2147483647,false,10,-1,-1,-1,39537,-1,-1
24670,1590624000,2147483647,false,0,-1,-1,-1,-1,-1,-1
24672,1591228800,2147483647,true,0,-1,-1,-1,-1,-1,-1
24673,1591228800,2147483647,true,1426,-1,-1,-1,-1,-1,-1
24674,1591228800,2147483647,true,1426,-1,-1,-1,-1,-1,-1
24675,1591228800,2147483647,true,1426,-1,-1,-1,-1,-1,-1
24676,1591228800,2147483647,true,1427,39743,-1,-1,39767,-1,-1
24678,1591228800,2147483647,true,1427,39751,-1,-1,-1,-1,-1
24680,1591228800,2147483647,true,1427,-1,-1,-1,-1,-1,-1
24682,1591228800,2147483647,true,0,-1,-1,-1,-1,-1,-1
24684,1591228800,2147483647,true,0,-1,-1,-1,-1,-1,-1
24686,1591228800,2147483647,true,0,-1,-1,-1,-1,-1,-1
24688,1591228800,2147483647,true,0,-1,-1,-1,-1,-1,-1
24690,1591228800,2147483647,true,0,-1,-1,-1,-1,-1,-1
24691,1591228800,2147483647,true,22,-1,-1,-1,-1,-1,-1
24693,1591228800,2147483647,true,21,-1,-1,-1,-1,-1,-1
24695,1591228800,2147483647,true,21,-1,-1,-1,-1,-1,-1
24697,1591228800,2147483647,true,21,-1,-1,-1,-1,-1,-1
24699,1591228800,2147483647,true,1,39731,-1,-1,-1,-1,-1
24701,1591228800,2147483647,false,1428,-1,-1,-1,-1,-1,-1
24703,1592438400,2147483647,false,1249,-1,-1,-1,-1,-1,-1
24704,1591228800,2147483647,false,0,-1,-1,-1,-1,-1,-1
24706,1591228800,2147483647,false,91,-1,-1,-1,-1,-1,-1
24709,1591228800,2147483647,false,0,-1,-1,-1,-1,-1,-1
24711,1591228800,2147483647,false,0,-1,-1,-1,-1,-1,-1
24719,1591228800,2147483647,false,0,-1,-1,-1,-1,-1,-1
24721,1591228800,2147483647,false,63,-1,-1,-1,-1,-1,-1
24723,1591228800,2147483647,false,0,-1,-1,-1,-1,-1,-1
24725,1591228800,2147483647,false,0,39764,-1,-1,-1,-1,-1
24727,1591228800,2147483647,false,26,-1,-1,-1,-1,-1,-1
24729,1591228800,2147483647,false,0,-1,-1,-1,-1,-1,-1
24731,1591228800,2147483647,false,656,-1,-1,-1,-1,-1,-1
24733,1591228800,2147483647,false,0,-1,-1,-1,-1,-1,-1
24735,1591228800,2147483647,true,1431,-1,-1,-1,-1,-1,-1
24736,1591228800,2147483647,false,1431,-1,-1,-1,-1,-1,-1
24738,1591228800,2147483647,false,1432,-1,-1,-1,-1,-1,-1
24740,1591228800,2147483647,false,1432,-1,-1,-1,-1,-1,-1
24743,1591228800,2147483647,false,1429,39758,-1,-1,-1,-1,-1
24745,1591228800,2147483647,false,1429,39758,-1,-1,-1,-1,-1
24746,1591228800,2147483647,false,1429,39760,-1,-1,-1,-1,-1
24748,1591228800,2147483647,false,1429,39760,-1,-1,-1,-1,-1
24749,1591228800,2147483647,false,1429,39741,39748,-1,-1,-1,-1
24751,1591228800,2147483647,false,1429,39741,39748,-1,-1,-1,-1
24752,1591228800,2147483647,false,1429,39753,-1,-1,-1,-1,-1
24754,1591228800,2147483647,false,1429,39753,-1,-1,-1,-1,-1
24755,1591228800,2147483647,false,1429,39763,-1,-1,-1,-1,-1
24757,1591228800,2147483647,false,1429,39763,-1,-1,-1,-1,-1
24758,1591228800,2147483647,false,1429,39762,-1,-1,-1,-1,-1
24760,1591228800,2147483647,false,1429,39762,-1,-1,-1,-1,-1
24761,1591228800,2147483647,false,0,-1,-1,-1,-1,-1,-1
24763,1591228800,2147483647,false,1433,-1,-1,-1,-1,-1,-1
24765,1591228800,2147483647,false,1433,-1,-1,-1,-1,-1,-1
24767,1591228800,2147483647,false,1433,-1,-1,-1,-1,-1,-1
24769,1591228800,2147483647,false,1433,-1,-1,-1,-1,-1,-1
24771,1591228800,2147483647,false,1433,-1,-1,-1,-1,-1,-1
24773,1591228800,2147483647,false,750,-1,-1,-1,-1,-1,-1
24774,1591228800,2147483647,false,0,-1,-1,-1,-1,-1,-1
24777,1591228800,2147483647,false,0,-1,-1,-1,-1,-1,-1
24780,1591228800,2147483647,false,0,39765,-1,-1,-1,-1,-1
24782,1591228800,2147483647,false,0,-1,-1,-1,-1,-1,-1
24785,1591228800,2147483647,false,5,-1,-1,-1,-1,-1,-1
24788,1591228800,2147483647,false,1430,-1,-1,-1,-1,-1,-1
24790,1591228800,2147483647,false,0,10131,-1,-1,-1,-1,-1
24792,1591228800,2147483647,false,55,39734,-1,-1,-1,-1,-1
24794,1591228800,2147483647,false,1434,-1,-1,-1,-1,-1,-1
24796,1591228800,2147483647,false,1434,-1,-1,-1,-1,-1,-1
24798,1591228800,2147483647,false,1434,-1,-1,-1,-1,-1,-1
24800,1591228800,2147483647,false,1434,-1,-1,-1,-1,-1,-1
24802,1591228800,2147483647,false,1434,39745,-1,-1,-1,-1,-1
24804,1591228800,2147483647,false,1434,39756,-1,-1,-1,-1,-1
24806,1591228800,2147483647,false,1434,39747,-1,-1,-1,-1,-1
24808,1591228800,2147483647,false,1434,-1,-1,-1,-1,-1,-1
24810,1591228800,2147483647,false,1434,-1,-1,-1,-1,-1,-1
24812,1591228800,2147483647,false,1434,-1,-1,-1,-1,-1,-1
24814,1591228800,2147483647,false,1434,-1,-1,-1,-1,-1,-1
24816,1591228800,2147483647,false,1434,-1,-1,-1,-1,-1,-1
24818,1591228800,2147483647,false,1434,39745,-1,-1,-1,-1,-1
24820,1591228800,2147483647,false,1434,39756,-1,-1,-1,-1,-1
24822,1591228800,2147483647,false,1434,39747,-1,-1,-1,-1,-1
24824,1591228800,2147483647,false,1434,-1,-1,-1,-1,-1,-1
24826,1591228800,2147483647,false,1434,-1,-1,-1,-1,-1,-1
24828,1591228800,2147483647,false,1434,-1,-1,-1,-1,-1,-1
24830,1591228800,2147483647,false,1434,-1,-1,-1,-1,-1,-1
24832,1591228800,2147483647,false,1434,-1,-1,-1,-1,-1,-1
24834,1591228800,2147483647,false,1434,39745,-1,-1,-1,-1,-1
24836,1591228800,2147483647,false,1434,39756,-1,-1,-1,-1,-1
24838,1591228800,2147483647,false,1434,39747,-1,-1,-1,-1,-1
24840,1591228800,2147483647,false,1434,-1,-1,-1,-1,-1,-1
24842,1591228800,2147483647,true,0,-1,-1,-1,-1,-1,-1
24844,1591920000,2147483647,false,1431,-1,-1,-1,-1,-1,-1
24847,1592438400,2147483647,false,2134,-1,-1,-1,-1,-1,-1
24849,1592438400,2147483647,false,2134,-1,-1,-1,-1,-1,-1
24851,1592438400,2147483647,false,720,-1,-1,-1,-1,-1,-1
24853,1592438400,2147483647,false,0,-1,-1,-1,-1,-1,-1
24855,1593648000,2147483647,false,27,40664,-1,-1,-1,-1,-1
24857,1593648000,2147483647,false,0,40663,-1,-1,-1,-1,-1
24859,1593648000,2147483647,false,0,-1,-1,-1,-1,-1,-1
24860,1593648000,2147483647,false,0,-1,-1,-1,-1,-1,-1
24861,1593648000,2147483647,false,0,-1,-1,-1,-1,-1,-1
24862,1594252800,2147483647,false,0,40678,-1,-1,-1,-1,-1
24863,1594252800,2147483647,false,0,-1,-1,-1,-1,-1,-1
24864,1594252800,2147483647,false,0,40674,-1,-1,-1,-1,-1
24865,1594252800,2147483647,false,0,40677,-1,-1,-1,-1,-1
24866,1594252800,2147483647,false,0,40676,-1,-1,-1,-1,-1
24867,1594252800,2147483647,false,0,-1,-1,-1,-1,-1,-1
24872,1598400000,2147483647,false,0,-1,-1,-1,-1,-1,-1
24874,1598400000,2147483647,false,0,21484,-1,-1,-1,-1,-1
24876,1598400000,2147483647,false,0,-1,-1,-1,-1,-1,-1
24878,1598400000,2147483647,false,0,-1,-1,-1,-1,-1,-1
24880,1598400000,2147483647,false,21,-1,-1,-1,-1,-1,-1
24882,1598400000,2147483647,false,0,-1,-1,-1,-1,-1,-1
24884,1598400000,2147483647,false,0,-1,-1,-1,-1,-1,-1
24885,1598400000,2147483647,false,0,-1,-1,-1,-1,-1,-1
24886,0,2147483647,false,1460,-1,-1,-1,-1,-1,-1
24887,0,2147483647,false,1460,-1,-1,-1,-1,-1,-1
24888,0,2147483647,false,1460,-1,-1,-1,-1,-1,-1
24889,0,2147483647,false,1460,-1,-1,-1,-1,-1,-1
24890,0,2147483647,false,1460,-1,-1,-1,-1,-1,-1
24891,0,2147483647,false,1460,-1,-1,-1,-1,-1,-1
24892,0,2147483647,false,1460,-1,-1,-1,-1,-1,-1
24893,0,2147483647,false,1460,-1,-1,-1,-1,-1,-1
24894,0,2147483647,false,1460,-1,-1,-1,-1,-1,-1
24895,0,2147483647,false,1460,-1,-1,-1,-1,-1,-1
24896,0,2147483647,false,1460,-1,-1,-1,-1,-1,-1
24897,0,2147483647,false,1460,-1,-1,-1,-1,-1,-1
24898,0,2147483647,false,1460,-1,-1,-1,-1,-1,-1
24899,0,2147483647,false,1460,-1,-1,-1,-1,-1,-1
24900,0,2147483647,false,1460,-1,-1,-1,-1,-1,-1
24901,0,2147483647,false,1460,-1,-1,-1,-1,-1,-1
24902,0,2147483647,false,1460,-1,-1,-1,-1,-1,-1
24903,0,2147483647,false,1460,-1,-1,-1,-1,-1,-1
24904,0,2147483647,false,1460,-1,-1,-1,-1,-1,-1
24905,0,2147483647,false,1460,-1,-1,-1,-1,-1,-1
24906,0,2147483647,false,1460,-1,-1,-1,-1,-1,-1
24907,0,2147483647,false,1460,-1,-1,-1,-1,-1,-1
24908,0,2147483647,false,1460,-1,-1,-1,-1,-1,-1
24909,0,2147483647,false,1460,-1,-1,-1,-1,-1,-1
24910,0,2147483647,false,1460,-1,-1,-1,-1,-1,-1
24911,0,2147483647,false,1460,-1,-1,-1,-1,-1,-1
24912,0,2147483647,false,1460,-1,-1,-1,-1,-1,-1
24913,0,2147483647,false,1460,-1,-1,-1,-1,-1,-1
24914,0,2147483647,false,1460,-1,-1,-1,-1,-1,-1
24915,0,2147483647,false,1460,-1,-1,-1,-1,-1,-1
24916,0,2147483647,false,1460,-1,-1,-1,-1,-1,-1
24917,0,2147483647,false,1460,-1,-1,-1,-1,-1,-1
24918,0,2147483647,false,1460,-1,-1,-1,-1,-1,-1
24919,0,2147483647,false,1460,-1,-1,-1,-1,-1,-1
24920,0,2147483647,false,1460,-1,-1,-1,-1,-1,-1
24921,0,2147483647,false,1460,-1,-1,-1,-1,-1,-1
24922,0,2147483647,false,1460,-1,-1,-1,-1,-1,-1
24923,0,2147483647,false,1460,-1,-1,-1,-1,-1,-1
24924,0,2147483647,false,1460,-1,-1,-1,-1,-1,-1
24925,0,2147483647,false,1460,-1,-1,-1,-1,-1,-1
24926,0,2147483647,false,1460,-1,-1,-1,-1,-1,-1
24927,0,2147483647,false,1460,-1,-1,-1,-1,-1,-1
24928,0,2147483647,false,1460,-1,-1,-1,-1,-1,-1
24929,0,2147483647,false,1460,-1,-1,-1,-1,-1,-1
24930,0,2147483647,false,1460,-1,-1,-1,-1,-1,-1
24931,0,2147483647,false,1460,-1,-1,-1,-1,-1,-1
24932,0,2147483647,false,1460,-1,-1,-1,-1,-1,-1
24933,0,2147483647,false,1460,-1,-1,-1,-1,-1,-1
24934,0,2147483647,false,1460,-1,-1,-1,-1,-1,-1
24935,0,2147483647,false,1460,-1,-1,-1,-1,-1,-1
24936,0,2147483647,false,1460,-1,-1,-1,-1,-1,-1
24937,0,2147483647,false,1460,-1,-1,-1,-1,-1,-1
24938,1598400000,2147483647,true,0,-1,-1,-1,-1,-1,-1
24939,1598400000,2147483647,true,0,-1,-1,-1,-1,-1,-1
24940,1598400000,2147483647,true,0,-1,-1,-1,-1,-1,-1
24941,1599696000,2147483647,false,0,-1,-1,-1,-1,-1,-1
24942,1599696000,2147483647,true,0,-1,-1,-1,-1,-1,-1
24944,1599696000,2147483647,true,0,-1,-1,-1,-1,-1,-1
24946,1600819200,2147483647,false,0,-1,-1,-1,-1,-1,-1
24949,1601424000,2147483647,false,0,-1,-1,-1,-1,-1,-1
24951,1601424000,2147483647,false,0,-1,-1,-1,-1,-1,-1
24953,1601424000,2147483647,false,0,-1,-1,-1,-1,-1,-1
24955,1601424000,2147483647,false,0,-1,-1,-1,-1,-1,-1
24957,1601424000,2147483647,false,0,-1,-1,-1,-1,-1,-1
24959,1601424000,2147483647,false,0,-1,-1,-1,-1,-1,-1
24961,1601424000,2147483647,false,0,-1,-1,-1,-1,-1,-1
24963,1601424000,2147483647,false,0,-1,-1,-1,-1,-1,-1
24971,1603238400,2147483647,false,0,-1,-1,-1,-1,-1,-1
24973,1603238400,2147483647,false,0,-1,-1,-1,-1,-1,-1
24975,1603238400,2147483647,false,0,16021,-1,-1,-1,-1,-1
24977,1603238400,2147483647,false,0,-1,-1,-1,-1,-1,-1
24979,0,2147483647,false,206,-1,-1,-1,-1,-1,-1
24980,1603238400,2147483647,false,59,-1,-1,-1,-1,-1,-1
24981,1603238400,2147483647,false,59,-1,-1,-1,-1,-1,-1
24982,1603238400,2147483647,false,59,-1,-1,-1,-1,-1,-1
24983,1603238400,2147483647,false,59,-1,-1,-1,-1,-1,-1
24984,1603238400,2147483647,false,59,-1,-1,-1,-1,-1,-1
24985,1603238400,2147483647,false,59,-1,-1,-1,-1,-1,-1
24986,1603238400,2147483647,false,59,-1,-1,-1,-1,-1,-1
24987,1603238400,2147483647,false,59,-1,-1,-1,-1,-1,-1
24988,1603238400,2147483647,false,59,-1,-1,-1,-1,-1,-1
24989,1603238400,1605052800,false,0,-1,-1,-1,-1,-1,-1
24990,1603238400,1605052800,false,0,-1,-1,-1,-1,-1,-1
24991,1603238400,1605052800,false,0,-1,-1,-1,-1,-1,-1
24992,1603238400,1605052800,false,0,-1,-1,-1,-1,-1,-1
24993,1603238400,1605052800,false,0,-1,-1,-1,-1,-1,-1
24994,1603238400,2147483647,false,0,-1,-1,-1,-1,-1,-1
24996,1603238400,2147483647,false,0,-1,-1,-1,-1,-1,-1
25001,1609891200,2147483647,false,0,40911,-1,-1,40934,-1,-1
25004,1609891200,2147483647,false,0,-1,-1,-1,40946,-1,-1
25007,1609891200,2147483647,false,0,-1,-1,-1,-1,-1,-1
25010,1609891200,2147483647,false,0,-1,-1,-1,-1,-1,-1
25013,1609891200,2147483647,false,39,-1,-1,-1,-1,-1,-1
25016,1609891200,2147483647,false,0,40910,-1,-1,40933,-1,-1
25019,1609891200,2147483647,false,0,40924,-1,-1,40944,-1,-1
25022,1609891200,2147483647,false,0,40917,-1,-1,40940,-1,-1
25025,1609891200,2147483647,false,0,-1,-1,-1,-1,-1,-1
25028,1609891200,2147483647,false,0,40912,-1,-1,40932,-1,-1
25031,1609891200,2147483647,false,0,-1,-1,-1,40945,-1,-1
25034,1609891200,2147483647,false,0,40919,-1,-1,40939,-1,-1
25037,1609891200,2147483647,false,0,-1,-1,-1,40948,-1,-1
25042,1609891200,2147483647,false,55,-1,-1,-1,-1,-1,-1
25044,1609891200,2147483647,false,55,-1,-1,-1,-1,-1,-1
25046,1609891200,2147483647,false,55,-1,-1,-1,-1,-1,-1
25048,1609891200,2147483647,false,18,-1,-1,-1,-1,-1,-1
25050,1609891200,2147483647,false,18,-1,-1,-1,-1,-1,-1
25052,1609891200,2147483647,false,18,-1,-1,-1,-1,-1,-1
25054,1609891200,2147483647,false,18,-1,-1,-1,-1,-1,-1
25056,1609891200,2147483647,false,42,-1,-1,-1,-1,-1,-1
25059,1609891200,2147483647,false,25,-1,-1,-1,-1,-1,-1
25063,1609891200,2147483647,false,67,-1,-1,-1,-1,-1,-1
25066,1609891200,2147483647,false,35,-1,-1,-1,-1,-1,-1
25069,1609891200,2147483647,false,1429,40909,-1,-1,-1,-1,-1
25071,1609891200,2147483647,false,1429,40909,-1,-1,-1,-1,-1
25072,1609891200,2147483647,false,1429,-1,-1,-1,-1,-1,-1
25074,1609891200,2147483647,false,1429,-1,-1,-1,-1,-1,-1
25075,1609891200,2147483647,false,1429,40922,40921,-1,-1,-1,-1
25077,1609891200,2147483647,false,1429,40922,40921,-1,-1,-1,-1
25078,1609891200,2147483647,false,1429,-1,-1,-1,40938,-1,-1
25080,1609891200,2147483647,false,1429,-1,-1,-1,40938,-1,-1
25081,1609891200,2147483647,false,1429,-1,-1,-1,-1,-1,-1
25083,1609891200,2147483647,false,1429,-1,-1,-1,-1,-1,-1
25084,1609891200,2147483647,false,1429,-1,-1,-1,40947,-1,-1
25086,1609891200,2147483647,false,1429,-1,-1,-1,40947,-1,-1
25087,1609891200,2147483647,false,0,-1,-1,-1,-1,-1,-1
25090,1609891200,2147483647,false,0,-1,-1,-1,-1,-1,-1
25093,1609891200,2147483647,false,0,-1,-1,-1,-1,-1,-1
25096,1609891200,2147483647,false,0,-1,-1,-1,-1,-1,-1
25099,1609891200,2147483647,false,0,-1,-1,-1,-1,-1,-1
25102,1603843200,2147483647,false,0,-1,-1,-1,-1,-1,-1
25104,1603843200,2147483647,false,0,-1,-1,-1,-1,-1,-1
25106,1603843200,2147483647,false,1468,-1,-1,-1,-1,-1,-1
25108,1603843200,2147483647,false,1468,-1,-1,-1,-1,-1,-1
25110,1732665600,2147483647,false,35,-1,-1,-1,-1,-1,-1
25112,1732665600,2147483647,false,67,-1,-1,-1,-1,-1,-1
25114,1732665600,2147483647,false,25,-1,-1,-1,-1,-1,-1
25117,1603843200,2147483647,false,15,-1,-1,-1,-1,-1,-1
25129,1605657600,2147483647,false,0,-1,215,-1,-1,-1,-1
25131,1605657600,2147483647,false,0,26630,-1,-1,-1,-1,-1
25133,1605657600,2147483647,false,0,-1,-1,-1,13623,-1,-1
25135,1605657600,2147483647,false,0,-1,-1,-1,-1,-1,-1
25137,1605657600,2147483647,false,0,-1,-1,-1,-1,-1,-1
25139,1605657600,2147483647,false,0,-1,-1,-1,-1,-1,-1
25145,1606262400,2147483647,true,0,-1,-1,-1,-1,-1,-1
25146,1606262400,2147483647,true,0,-1,-1,-1,-1,-1,-1
25147,1606262400,2147483647,true,0,-1,-1,-1,-1,-1,-1
25152,1606262400,2147483647,true,0,-1,-1,-1,-1,-1,-1
25154,0,2147483647,false,206,-1,-1,-1,-1,-1,-1
25155,1606867200,2147483647,false,17,-1,-1,-1,-1,-1,-1
25157,1606867200,2147483647,false,2,-1,-1,-1,-1,-1,-1
25159,1606867200,2147483647,false,69,-1,-1,-1,-1,-1,-1
25160,1606867200,2147483647,false,69,-1,-1,-1,-1,-1,-1
25161,1606867200,2147483647,false,69,-1,-1,-1,-1,-1,-1
25162,1606867200,2147483647,false,69,-1,-1,-1,-1,-1,-1
25163,1606867200,2147483647,false,17,-1,-1,-1,-1,-1,-1
25165,1606867200,2147483647,false,2,-1,-1,-1,-1,-1,-1
25167,1606867200,2147483647,false,17,-1,-1,-1,-1,-1,-1
25169,1606867200,2147483647,false,2,-1,-1,-1,-1,-1,-1
25171,1606867200,2147483647,false,17,-1,-1,-1,-1,-1,-1
25173,1606867200,2147483647,false,17,-1,-1,-1,-1,-1,-1
25174,1606867200,2147483647,false,2,-1,-1,-1,-1,-1,-1
25176,1606867200,2147483647,false,2,-1,-1,-1,-1,-1,-1
25177,1609891200,2147483647,false,2,42677,-1,-1,-1,-1,-1
25179,1609891200,2147483647,false,2,42676,-1,-1,-1,-1,-1
25181,1609891200,2147483647,false,2,42681,-1,-1,-1,-1,-1
25183,1609891200,2147483647,false,2,42674,-1,-1,-1,-1,-1
25185,1609891200,2147483647,false,2,42673,-1,-1,-1,-1,-1
25187,1609891200,2147483647,false,2,42680,-1,-1,-1,-1,-1
25189,1609891200,2147483647,false,2,42675,-1,-1,-1,-1,-1
25191,1609891200,2147483647,false,2,42678,-1,-1,-1,-1,-1
25193,1609891200,2147483647,false,0,-1,-1,-1,-1,-1,-1
25195,1609891200,2147483647,false,541,-1,-1,-1,-1,-1,-1
25196,1609891200,2147483647,false,0,-1,-1,-1,-1,-1,-1
25197,1609891200,2147483647,false,0,-1,-1,-1,-1,-1,-1
25199,1609891200,2147483647,false,0,-1,-1,-1,-1,-1,-1
25201,1609891200,2147483647,false,0,-1,-1,-1,-1,-1,-1
25202,1609891200,2147483647,false,0,-1,-1,-1,-1,-1,-1
25203,1609891200,2147483647,false,542,-1,-1,-1,-1,-1,-1
25204,1609891200,2147483647,false,542,-1,-1,-1,-1,-1,-1
25205,1609891200,2147483647,false,542,-1,-1,-1,-1,-1,-1
25206,1609891200,2147483647,false,542,-1,-1,-1,-1,-1,-1
25207,1609891200,2147483647,false,541,-1,-1,-1,-1,-1,-1
25208,1609891200,2147483647,false,541,-1,-1,-1,-1,-1,-1
25209,1609891200,2147483647,false,1476,-1,-1,-1,-1,-1,-1
25210,1609891200,2147483647,false,1476,-1,-1,-1,-1,-1,-1
25211,1609891200,2147483647,false,0,-1,-1,-1,-1,-1,-1
25212,1609891200,2147483647,false,1477,-1,33197,-1,-1,-1,-1
25213,1609891200,2147483647,false,1477,249,33197,-1,-1,-1,-1
25214,1609891200,2147483647,false,1477,250,33197,-1,-1,-1,-1
25215,1609891200,2147483647,false,1477,251,33197,-1,-1,-1,-1
25216,1609891200,2147483647,false,1477,247,33197,-1,-1,-1,-1
25217,1609891200,2147483647,false,1477,246,33197,-1,-1,-1,-1
25218,1609891200,2147483647,false,1477,248,33197,-1,-1,-1,-1
25219,1609891200,2147483647,false,1477,253,33197,-1,-1,-1,-1
25220,1609891200,2147483647,false,1477,252,33197,-1,-1,-1,-1
25221,1609891200,2147483647,false,1477,28329,33197,-1,-1,-1,-1
25222,1609891200,2147483647,false,1477,28331,33197,-1,-1,-1,-1
25223,1609891200,2147483647,false,1477,28330,33197,-1,-1,-1,-1
25224,1609891200,2147483647,false,1477,28328,33197,-1,-1,-1,-1
25225,1609891200,2147483647,false,1477,28327,33197,-1,-1,-1,-1
25226,1609891200,2147483647,false,1477,28333,33197,-1,-1,-1,-1
25227,1609891200,2147483647,false,1477,28332,33197,-1,-1,-1,-1
25228,1609891200,2147483647,false,1477,-1,33196,-1,-1,-1,-1
25229,1609891200,2147483647,false,1477,249,33196,-1,-1,-1,-1
25230,1609891200,2147483647,false,1477,250,33196,-1,-1,-1,-1
25231,1609891200,2147483647,false,1477,251,33196,-1,-1,-1,-1
25232,1609891200,2147483647,false,1477,247,33196,-1,-1,-1,-1
25233,1609891200,2147483647,false,1477,246,33196,-1,-1,-1,-1
25234,1609891200,2147483647,false,1477,248,33196,-1,-1,-1,-1
25235,1609891200,2147483647,false,1477,253,33196,-1,-1,-1,-1
25236,1609891200,2147483647,false,1477,252,33196,-1,-1,-1,-1
25237,1609891200,2147483647,false,1477,28329,33196,-1,-1,-1,-1
25238,1609891200,2147483647,false,1477,28331,33196,-1,-1,-1,-1
25239,1609891200,2147483647,false,1477,28330,33196,-1,-1,-1,-1
25240,1609891200,2147483647,false,1477,28328,33196,-1,-1,-1,-1
25241,1609891200,2147483647,false,1477,28327,33196,-1,-1,-1,-1
25242,1609891200,2147483647,false,1477,28333,33196,-1,-1,-1,-1
25243,1609891200,2147483647,false,1477,28332,33196,-1,-1,-1,-1
25244,1612310400,2147483647,false,0,-1,-1,-1,-1,-1,-1
25246,1609891200,2147483647,false,0,-1,-1,-1,-1,-1,-1
25248,1609891200,2147483647,false,0,-1,-1,-1,-1,-1,-1
25250,1609891200,2147483647,true,0,-1,-1,-1,-1,-1,-1
25252,1609891200,2147483647,false,0,-1,-1,-1,-1,-1,-1
25254,1609891200,2147483647,false,0,-1,-1,-1,-1,-1,-1
25256,1609891200,2147483647,false,0,-1,-1,-1,-1,-1,-1
25258,1609891200,2147483647,false,0,-1,-1,-1,-1,-1,-1
25260,1609891200,2147483647,false,0,-1,-1,-1,-1,-1,-1
25262,1609891200,2147483647,false,0,-1,-1,-1,-1,-1,-1
25264,1609891200,2147483647,false,0,-1,-1,-1,-1,-1,-1
25266,1609891200,2147483647,false,510,-1,-1,-1,-1,-1,-1
25267,1609891200,2147483647,false,510,-1,-1,-1,-1,-1,-1
25268,1609891200,2147483647,false,510,-1,-1,-1,-1,-1,-1
25269,1609891200,2147483647,false,510,-1,-1,-1,-1,-1,-1
25270,1609891200,2147483647,false,510,-1,-1,-1,-1,-1,-1
25271,1609891200,2147483647,false,510,-1,-1,-1,-1,-1,-1
25272,1609891200,2147483647,false,510,-1,-1,-1,-1,-1,-1
25273,1609891200,2147483647,false,510,-1,-1,-1,-1,-1,-1
25274,1609891200,2147483647,false,510,-1,-1,-1,-1,-1,-1
25275,1609891200,2147483647,false,510,-1,-1,-1,-1,-1,-1
25276,1609891200,2147483647,false,2,-1,-1,-1,-1,-1,-1
25278,1609891200,2147483647,false,0,20858,-1,-1,-1,-1,-1
25280,1607472000,2147483647,false,720,-1,-1,-1,-1,-1,-1
25282,1607472000,2147483647,false,0,-1,-1,-1,-1,-1,-1
25283,1607472000,1609891200,false,0,-1,-1,-1,-1,-1,-1
25284,1607472000,1609891200,false,0,-1,-1,-1,-1,-1,-1
25285,1607472000,1609891200,false,0,-1,-1,-1,-1,-1,-1
25286,1607472000,1609891200,false,0,-1,-1,-1,-1,-1,-1
25287,1607472000,1609891200,false,0,-1,-1,-1,-1,-1,-1
25288,1607472000,1609891200,false,0,-1,-1,-1,-1,-1,-1
25289,1607472000,1609891200,false,0,-1,-1,-1,-1,-1,-1
25290,1607472000,1609891200,false,0,-1,-1,-1,-1,-1,-1
25314,1607472000,2147483647,false,55,-1,-1,-1,-1,-1,-1
25316,1607472000,2147483647,false,0,-1,-1,-1,-1,-1,-1
25319,0,2147483647,false,206,-1,-1,-1,-1,-1,-1
25322,1609891200,2147483647,false,0,-1,215,-1,-1,-1,-1
25324,1609891200,2147483647,false,0,41523,-1,-1,-1,-1,-1
25326,1609891200,2147483647,false,0,-1,-1,-1,41529,-1,-1
25328,1609891200,2147483647,false,0,-1,-1,-1,-1,-1,-1
25330,1609891200,2147483647,false,0,41519,-1,-1,41528,-1,-1
25332,1609891200,2147483647,false,0,-1,-1,-1,-1,-1,-1
25334,1609891200,2147483647,false,0,-1,-1,-1,-1,-1,-1
25336,1609891200,2147483647,false,0,-1,-1,-1,-1,-1,-1
25338,1609891200,2147483647,false,0,-1,-1,-1,-1,-1,-1
25340,1609891200,2147483647,false,0,-1,-1,-1,-1,-1,-1
25342,1609891200,2147483647,false,0,-1,-1,-1,-1,-1,-1
25344,1609891200,2147483647,false,27,-1,-1,-1,-1,-1,-1
25346,1609891200,2147483647,false,27,-1,-1,-1,-1,-1,-1
25348,1609891200,2147483647,false,0,-1,-1,-1,-1,-1,-1
25350,1609891200,2147483647,false,0,-1,-1,-1,-1,-1,-1
25351,0,2147483647,false,206,-1,-1,-1,-1,-1,-1
25352,0,2147483647,false,206,-1,-1,-1,-1,-1,-1
25353,0,2147483647,false,206,-1,-1,-1,-1,-1,-1
25354,0,2147483647,false,206,-1,-1,-1,-1,-1,-1
25355,0,2147483647,false,206,-1,-1,-1,-1,-1,-1
25356,0,2147483647,false,206,-1,-1,-1,-1,-1,-1
25357,0,2147483647,false,206,-1,-1,-1,-1,-1,-1
25358,0,2147483647,false,206,-1,-1,-1,-1,-1,-1
25359,0,2147483647,false,206,-1,-1,-1,-1,-1,-1
25360,0,2147483647,false,206,-1,-1,-1,-1,-1,-1
25361,0,2147483647,false,206,-1,-1,-1,-1,-1,-1
25362,0,2147483647,false,206,-1,-1,-1,-1,-1,-1
25363,0,2147483647,false,206,-1,-1,-1,-1,-1,-1
25364,0,2147483647,false,206,-1,-1,-1,-1,-1,-1
25365,0,2147483647,false,206,-1,-1,-1,-1,-1,-1
25366,0,2147483647,false,483,-1,-1,-1,-1,-1,-1
25367,1609891200,2147483647,false,25,-1,-1,-1,-1,-1,-1
25369,1609891200,2147483647,false,67,-1,-1,-1,-1,-1,-1
25371,1609891200,2147483647,false,35,-1,-1,-1,-1,-1,-1
25373,1609891200,2147483647,false,25,41666,-1,-1,-1,-1,-1
25376,1609891200,2147483647,false,67,41669,-1,-1,-1,-1,-1
25378,1609891200,2147483647,false,35,-1,-1,-1,-1,-1,-1
25380,1609891200,2147483647,false,1590,-1,-1,-1,-1,-1,-1
25383,1609891200,2147483647,false,1590,-1,-1,-1,-1,-1,-1
25386,1609891200,2147483647,false,1590,-1,-1,-1,-1,-1,-1
25389,1611705600,2147483647,false,7,41743,-1,-1,-1,-1,-1
25392,1611705600,2147483647,false,16,41735,-1,-1,-1,-1,-1
25395,1611705600,2147483647,false,17,-1,-1,-1,-1,-1,-1
25398,1611705600,2147483647,false,2,41732,-1,-1,-1,-1,-1
25401,1611705600,2147483647,false,8,41738,-1,-1,-1,-1,-1
25404,1611705600,2147483647,false,7,41742,-1,-1,-1,-1,-1
25407,1611705600,2147483647,false,16,41736,-1,-1,41752,-1,-1
25410,1611705600,2147483647,false,17,-1,-1,-1,-1,-1,-1
25413,1611705600,2147483647,false,2,-1,-1,-1,-1,-1,-1
25416,1611705600,2147483647,false,8,-1,-1,-1,41755,-1,-1
25419,1611705600,2147483647,false,2049,-1,-1,-1,-1,-1,-1
25422,1611705600,2147483647,false,6,-1,-1,-1,-1,-1,-1
25424,1611705600,2147483647,false,1496,-1,-1,-1,-1,-1,-1
25426,1611705600,2147483647,false,1496,-1,-1,-1,-1,-1,-1
25428,1611705600,2147483647,false,1496,-1,-1,-1,-1,-1,-1
25430,1611705600,2147483647,false,1496,-1,-1,-1,-1,-1,-1
25432,1611705600,2147483647,false,1496,-1,-1,-1,-1,-1,-1
25434,1611705600,2147483647,false,0,-1,41744,-1,-1,-1,-1
25436,1611705600,2147483647,false,0,-1,-1,-1,-1,-1,-1
25438,1611705600,2147483647,false,2,-1,-1,-1,-1,-1,-1
25440,1611705600,2147483647,false,0,41747,-1,-1,-1,-1,-1
25442,1611705600,2147483647,false,0,-1,-1,-1,-1,-1,-1
25445,1611705600,2147483647,false,0,-1,-1,-1,-1,-1,-1
25448,1611705600,2147483647,false,0,-1,-1,-1,-1,-1,-1
25451,1611705600,2147483647,false,0,-1,-1,-1,-1,-1,-1
25454,1611705600,2147483647,false,0,-1,-1,-1,-1,-1,-1
25457,1611705600,2147483647,false,0,-1,-1,-1,-1,-1,-1
25459,1611705600,2147483647,false,1497,-1,-1,-1,-1,-1,-1
25461,1611705600,2147483647,false,1497,-1,-1,-1,-1,-1,-1
25463,1611705600,2147483647,false,1497,-1,-1,-1,-1,-1,-1
25465,1611705600,2147483647,false,1497,-1,-1,-1,-1,-1,-1
25467,1611705600,2147483647,false,1497,-1,-1,-1,-1,-1,-1
25469,1611705600,2147483647,false,1498,-1,-1,-1,-1,-1,-1
25470,1611705600,2147483647,false,1498,-1,-1,-1,-1,-1,-1
25471,1611705600,2147483647,false,1498,-1,-1,-1,-1,-1,-1
25472,1611705600,2147483647,false,1498,-1,-1,-1,-1,-1,-1
25473,1611705600,2147483647,false,1498,-1,-1,-1,-1,-1,-1
25474,1611705600,2147483647,false,0,-1,-1,-1,-1,-1,-1
25476,1611705600,2147483647,false,0,-1,-1,-1,-1,-1,-1
25478,1611705600,2147483647,false,0,-1,-1,-1,-1,-1,-1
25481,1611705600,2147483647,false,0,-1,-1,-1,-1,-1,-1
25484,0,2147483647,false,35,6702,-1,-1,-1,-1,-1
25489,0,2147483647,false,1,-1,-1,-1,-1,-1,-1
25490,0,2147483647,false,1,-1,-1,-1,-1,-1,-1
25491,0,2147483647,false,1,-1,-1,-1,-1,-1,-1
25492,0,2147483647,false,1,-1,-1,-1,-1,-1,-1
25493,1611705600,1612310400,false,8,-1,-1,-1,423,-1,-1
25494,1611705600,1612310400,false,16,178,-1,-1,-1,-1,-1
25495,1611705600,1612310400,false,2,38027,-1,-1,38164,-1,-1
25496,1611705600,1612310400,false,7,-1,-1,-1,38237,-1,-1
25497,1611705600,1612310400,false,8,-1,-1,-1,38203,-1,-1
25498,1612310400,2147483647,false,750,-1,-1,-1,-1,-1,-1
25499,1612310400,2147483647,false,750,-1,-1,-1,-1,-1,-1
25500,1613520000,2147483647,false,55,-1,-1,-1,-1,-1,-1
25502,1613520000,2147483647,false,27,3016,-1,-1,-1,-1,-1
25515,1614124800,2147483647,false,7,-1,-1,-1,6698,-1,-1
25516,1614124800,2147483647,false,35,6702,-1,-1,-1,-1,-1
25517,1614124800,2147483647,false,1,39055,-1,-1,-1,-1,-1
25518,1614124800,1774396800,false,10,32655,-1,-1,-1,-1,-1
25519,1614729600,2147483647,false,0,-1,-1,-1,-1,-1,-1
25521,1615939200,2147483647,false,0,-1,-1,-1,-1,-1,-1
25524,1615939200,2147483647,false,0,-1,-1,-1,-1,-1,-1
25527,1615939200,2147483647,false,91,-1,-1,-1,-1,-1,-1
25533,1615939200,2147483647,false,720,-1,-1,-1,-1,-1,-1
25535,1615939200,2147483647,false,720,-1,-1,-1,-1,-1,-1
25537,1615939200,2147483647,false,0,-1,-1,-1,-1,-1,-1
25539,1615939200,2147483647,false,1494,-1,-1,-1,-1,-1,-1
25541,1615939200,2147483647,false,1494,-1,-1,-1,-1,-1,-1
25543,1615939200,2147483647,false,1494,-1,-1,-1,-1,-1,-1
25545,1615939200,2147483647,false,1494,-1,-1,-1,-1,-1,-1
25547,1615939200,2147483647,false,0,-1,-1,-1,-1,-1,-1
25549,1615939200,2147483647,false,2,-1,-1,-1,-1,-1,-1
25551,1615939200,2147483647,false,0,59909,-1,-1,59914,-1,-1
25553,1615939200,2147483647,false,0,-1,-1,-1,-1,-1,-1
25555,1615939200,2147483647,false,0,-1,-1,-1,-1,-1,-1
25557,1615939200,2147483647,false,0,41623,-1,-1,-1,-1,-1
25559,1616544000,2147483647,false,481,-1,-1,-1,-1,-1,-1
25561,1616544000,2147483647,false,0,-1,-1,-1,-1,-1,-1
25563,0,2147483647,false,206,-1,-1,-1,-1,-1,-1
25564,1616544000,2147483647,false,57,-1,-1,-1,-1,-1,-1
25565,1616544000,2147483647,false,58,-1,-1,-1,-1,-1,-1
25566,1616544000,2147483647,false,58,-1,-1,-1,-1,-1,-1
25567,1616544000,2147483647,false,0,-1,-1,-1,-1,-1,-1
25569,1616544000,2147483647,false,0,-1,-1,-1,-1,-1,-1
25571,1616544000,2147483647,false,0,-1,-1,-1,-1,-1,-1
25574,1616544000,2147483647,false,1500,-1,-1,-1,-1,-1,-1
25576,1616544000,2147483647,false,1500,-1,-1,-1,-1,-1,-1
25578,1616544000,2147483647,false,759,-1,-1,-1,-1,-1,-1
25580,1616544000,2147483647,false,0,-1,-1,-1,-1,-1,-1
25582,1616544000,2147483647,false,1501,-1,-1,-1,-1,-1,-1
25584,1616544000,2147483647,false,1501,-1,-1,-1,-1,-1,-1
25585,1616544000,2147483647,false,1502,41629,-1,-1,-1,-1,-1
25587,1616544000,2147483647,false,1502,-1,-1,-1,-1,-1,-1
25588,1616544000,2147483647,false,0,-1,-1,-1,-1,-1,-1
25590,1616544000,2147483647,false,0,-1,-1,-1,-1,-1,-1
25592,1616544000,2147483647,false,0,-1,-1,-1,-1,-1,-1
25594,1616544000,2147483647,false,0,41802,41801,-1,-1,-1,-1
25596,1616544000,2147483647,false,0,-1,-1,-1,-1,-1,-1
25598,1616544000,2147483647,false,0,-1,-1,-1,-1,-1,-1
25600,1616544000,2147483647,false,2132,-1,-1,-1,-1,-1,-1
25602,1616544000,2147483647,false,0,-1,-1,-1,-1,-1,-1
25604,1616544000,2147483647,false,55,41979,-1,-1,-1,-1,-1
25606,1616544000,2147483647,false,0,-1,215,-1,41978,-1,-1
25608,1616544000,1618358400,true,15,-1,-1,-1,-1,-1,-1
25609,1616544000,1618358400,true,15,-1,-1,-1,-1,-1,-1
25610,1616544000,1618358400,true,15,-1,-1,-1,-1,-1,-1
25611,0,2147483647,false,206,-1,-1,-1,-1,-1,-1
25612,1617753600,2147483647,false,0,-1,-1,-1,-1,-1,-1
25613,1617753600,2147483647,false,0,-1,-1,-1,-1,-1,-1
25615,1504742400,2147483647,false,0,-1,-1,-1,-1,-1,-1
25625,1618358400,2147483647,false,26,-1,-1,-1,-1,-1,-1
25631,1618358400,2147483647,true,59,-1,-1,-1,-1,-1,-1
25633,1618358400,2147483647,false,0,491,-1,-1,-1,-1,-1
25635,1618358400,2147483647,false,1523,-1,-1,-1,-1,-1,-1
25637,1618358400,2147483647,false,1523,-1,-1,-1,-1,-1,-1
25639,1618358400,2147483647,false,1523,-1,-1,-1,-1,-1,-1
25641,1618358400,2147483647,false,26,-1,-1,-1,-1,-1,-1
25643,1618358400,2147483647,false,26,-1,-1,-1,-1,-1,-1
25644,1618358400,2147483647,false,26,-1,-1,-1,-1,-1,-1
25646,1618358400,2147483647,false,1524,-1,-1,-1,-1,-1,-1
25647,1618358400,2147483647,false,1525,-1,-1,-1,-1,-1,-1
25648,1618358400,2147483647,false,1524,-1,-1,-1,-1,-1,-1
25649,1618358400,2147483647,false,1525,-1,-1,-1,-1,-1,-1
25650,1618358400,2147483647,false,1524,-1,-1,-1,-1,-1,-1
25651,1618358400,2147483647,false,1525,-1,-1,-1,-1,-1,-1
25652,1618358400,2147483647,false,360,-1,-1,-1,-1,-1,-1
25654,1618358400,2147483647,false,360,-1,-1,-1,-1,-1,-1
25656,1618358400,2147483647,false,360,-1,-1,-1,-1,-1,-1
25658,1618358400,2147483647,false,360,-1,-1,-1,-1,-1,-1
25660,1618358400,2147483647,false,360,-1,-1,-1,-1,-1,-1
25662,1618358400,2147483647,false,360,-1,-1,-1,-1,-1,-1
25664,1618358400,2147483647,false,360,-1,-1,-1,-1,-1,-1
25666,1618358400,2147483647,false,360,-1,-1,-1,-1,-1,-1
25668,1618358400,2147483647,false,360,-1,-1,-1,-1,-1,-1
25670,1618358400,2147483647,false,360,-1,-1,-1,-1,-1,-1
25672,1618358400,2147483647,false,360,-1,-1,-1,-1,-1,-1
25674,1618358400,2147483647,false,360,-1,-1,-1,-1,-1,-1
25676,1618358400,2147483647,false,0,-1,-1,-1,-1,-1,-1
25684,1618358400,2147483647,false,0,-1,-1,-1,-1,-1,-1
25686,1618358400,2147483647,false,1526,-1,-1,-1,-1,-1,-1
25688,1618358400,2147483647,false,1526,-1,-1,-1,-1,-1,-1
25690,1618358400,2147483647,false,1526,-1,-1,-1,-1,-1,-1
25692,1618358400,2147483647,false,1526,-1,-1,-1,-1,-1,-1
25694,1618358400,2147483647,false,1526,-1,-1,-1,-1,-1,-1
25696,1618358400,2147483647,false,1527,-1,-1,-1,-1,-1,-1
25698,1618358400,2147483647,false,1527,-1,-1,-1,-1,-1,-1
25700,1618358400,2147483647,false,1527,-1,-1,-1,-1,-1,-1
25702,1619568000,2147483647,true,0,-1,-1,-1,-1,-1,-1
25704,1619568000,2147483647,true,0,-1,-1,-1,-1,-1,-1
25706,1619568000,2147483647,true,0,-1,-1,-1,-1,-1,-1
25708,1620172800,2147483647,false,40,-1,-1,-1,-1,-1,-1
25710,1620172800,2147483647,false,0,42201,-1,-1,-1,-1,-1
25711,1620172800,2147483647,false,0,43005,-1,-1,-1,-1,-1
25712,1621987200,2147483647,false,1546,-1,-1,-1,-1,-1,-1
25714,1621987200,2147483647,false,1546,-1,-1,-1,-1,-1,-1
25715,1621987200,2147483647,false,1546,-1,-1,-1,-1,-1,-1
25716,1621987200,2147483647,false,1546,-1,-1,-1,-1,-1,-1
25717,1621987200,2147483647,false,1546,-1,-1,-1,-1,-1,-1
25718,1621987200,2147483647,false,1546,-1,-1,-1,-1,-1,-1
25719,1621987200,2147483647,false,1546,-1,-1,-1,-1,-1,-1
25720,1621987200,2147483647,false,1546,-1,-1,-1,-1,-1,-1
25721,1621987200,2147483647,false,42,42207,-1,-1,-1,-1,-1
25723,1621987200,2147483647,false,42,42207,-1,-1,-1,-1,-1
25724,1621987200,2147483647,false,42,42207,-1,-1,-1,-1,-1
25725,1621987200,2147483647,false,42,42207,-1,-1,-1,-1,-1
25726,1621987200,2147483647,false,42,42207,-1,-1,-1,-1,-1
25727,1621987200,2147483647,false,42,42207,-1,-1,-1,-1,-1
25728,1621987200,2147483647,false,42,42207,-1,-1,-1,-1,-1
25729,1621987200,2147483647,false,42,42207,-1,-1,-1,-1,-1
25730,1622678400,2147483647,true,0,-1,-1,-1,-1,-1,-1
25731,1622678400,2147483647,false,1,-1,-1,-1,-1,-1,-1
25733,1622678400,2147483647,false,1,-1,-1,-1,-1,-1,-1
25734,1622678400,2147483647,false,25,42273,-1,-1,-1,-1,-1
25736,1622678400,2147483647,false,1193,42277,-1,-1,-1,-1,-1
25738,1622678400,2147483647,false,1193,-1,-1,-1,-1,-1,-1
25739,1622678400,2147483647,false,1193,-1,-1,-1,-1,-1,-1
25741,1622678400,2147483647,false,1193,-1,-1,-1,-1,-1,-1
25742,1622678400,2147483647,false,0,-1,-1,-1,-1,-1,-1
25744,1622678400,2147483647,false,0,-1,-1,-1,-1,-1,-1
25746,1622678400,2147483647,false,0,-1,-1,-1,-1,-1,-1
25748,1622678400,2147483647,false,0,-1,-1,-1,-1,-1,-1
25749,1622678400,2147483647,false,0,-1,-1,-1,-1,-1,-1
25750,1622678400,2147483647,false,0,-1,-1,-1,-1,-1,-1
25751,1622678400,2147483647,false,0,-1,-1,-1,-1,-1,-1
25752,1622678400,2147483647,false,0,-1,-1,-1,-1,-1,-1
25753,1622678400,2147483647,false,0,-1,-1,-1,-1,-1,-1
25754,1623801600,2147483647,false,1013,-1,-1,-1,-1,-1,-1
25755,1623801600,2147483647,false,1013,-1,-1,-1,-1,-1,-1
25756,1623801600,2147483647,false,1013,-1,-1,-1,-1,-1,-1
25757,1623801600,2147483647,false,1013,-1,-1,-1,-1,-1,-1
25758,1623801600,2147483647,false,1013,-1,-1,-1,-1,-1,-1
25759,1623801600,2147483647,false,1013,-1,-1,-1,-1,-1,-1
25760,1623801600,2147483647,false,1013,-1,-1,-1,-1,-1,-1
25761,1623801600,2147483647,false,1013,-1,-1,-1,-1,-1,-1
25762,1623801600,2147483647,false,1013,-1,-1,-1,-1,-1,-1
25763,1623801600,2147483647,false,1013,-1,-1,-1,-1,-1,-1
25764,1623801600,2147483647,false,1013,-1,-1,-1,-1,-1,-1
25765,1623801600,2147483647,false,1013,-1,-1,-1,-1,-1,-1
25766,1623801600,2147483647,false,1557,-1,-1,-1,-1,-1,-1
25769,1623801600,2147483647,false,1557,-1,-1,-1,-1,-1,-1
25772,1623801600,2147483647,false,1557,-1,-1,-1,-1,-1,-1
25775,1623801600,2147483647,false,1557,-1,-1,-1,-1,-1,-1
25778,1623801600,2147483647,false,1557,-1,-1,-1,-1,-1,-1
25781,1623801600,2147483647,false,0,-1,-1,-1,-1,-1,-1
25783,1623801600,2147483647,false,51,-1,-1,-1,-1,-1,-1
25784,1623801600,2147483647,false,51,-1,-1,-1,-1,-1,-1
25785,1083715200,2147483647,false,52,-1,-1,-1,-1,-1,-1
25786,1623801600,2147483647,false,750,-1,-1,-1,-1,-1,-1
25787,1623801600,2147483647,false,750,-1,-1,-1,-1,-1,-1
25788,1623801600,2147483647,false,46,-1,-1,-1,-1,-1,-1
25789,1623801600,2147483647,false,46,-1,-1,-1,-1,-1,-1
25790,1623801600,2147483647,false,47,-1,-1,-1,-1,-1,-1
25791,1623801600,2147483647,false,47,-1,-1,-1,-1,-1,-1
25792,1624320000,2147483647,false,47,-1,-1,-1,-1,-1,-1
25793,1623801600,2147483647,true,1560,-1,-1,-1,-1,-1,-1
25794,1623801600,2147483647,true,1560,-1,-1,-1,-1,-1,-1
25795,1623801600,2147483647,true,1560,-1,-1,-1,-1,-1,-1
25796,1623801600,2147483647,true,1560,-1,-1,-1,-1,-1,-1
25797,1623801600,2147483647,true,1560,-1,-1,-1,-1,-1,-1
25798,1623801600,2147483647,true,1560,-1,-1,-1,-1,-1,-1
25799,1623801600,2147483647,true,1560,-1,-1,-1,-1,-1,-1
25800,1623801600,2147483647,true,1560,-1,-1,-1,-1,-1,-1
25801,1623801600,2147483647,true,1560,-1,-1,-1,-1,-1,-1
25802,1623801600,2147483647,true,0,-1,-1,-1,-1,-1,-1
25803,1623801600,2147483647,true,0,-1,-1,-1,-1,-1,-1
25804,1623801600,2147483647,true,0,-1,-1,-1,-1,-1,-1
25805,1623801600,2147483647,true,0,-1,-1,-1,-1,-1,-1
25806,1623801600,2147483647,true,0,-1,-1,-1,-1,-1,-1
25807,1623801600,2147483647,true,0,-1,-1,-1,-1,-1,-1
25808,1623801600,2147483647,true,0,-1,-1,-1,-1,-1,-1
25809,1623801600,2147483647,true,0,-1,-1,-1,-1,-1,-1
25810,1623801600,2147483647,true,0,-1,-1,-1,-1,-1,-1
25811,1623801600,2147483647,true,0,-1,-1,-1,-1,-1,-1
25812,1623801600,2147483647,true,0,-1,-1,-1,-1,-1,-1
25813,1623801600,2147483647,true,0,-1,-1,-1,-1,-1,-1
25814,1623801600,2147483647,true,0,-1,-1,-1,-1,-1,-1
25815,1623801600,2147483647,true,0,-1,-1,-1,-1,-1,-1
25816,1623801600,2147483647,true,0,-1,-1,-1,-1,-1,-1
25817,1623801600,2147483647,true,0,-1,-1,-1,-1,-1,-1
25818,1623801600,2147483647,true,0,41984,-1,-1,-1,-1,-1
25820,1623801600,2147483647,true,87,-1,-1,-1,-1,-1,-1
25822,1623801600,2147483647,true,42,-1,-1,-1,-1,-1,-1
25824,1623801600,2147483647,true,0,-1,-1,-1,-1,-1,-1
25826,1623801600,2147483647,false,0,-1,-1,-1,-1,-1,-1
25829,1623801600,2147483647,false,0,-1,-1,-1,-1,-1,-1
25831,1623801600,2147483647,false,0,-1,-1,-1,-1,-1,-1
25833,1624406400,2147483647,false,0,-1,-1,-1,-1,-1,-1
25836,1625011200,2147483647,false,0,-1,-1,-1,-1,-1,-1
25837,1625011200,2147483647,false,0,-1,-1,-1,-1,-1,-1
25838,1625011200,2147483647,false,0,-1,-1,-1,-1,-1,-1
25840,1625011200,2147483647,false,0,-1,-1,-1,-1,-1,-1
25842,1625011200,2147483647,false,0,-1,-1,-1,-1,-1,-1
25843,1625011200,2147483647,false,0,-1,-1,-1,-1,-1,-1
25844,1625011200,2147483647,false,0,-1,-1,-1,-1,-1,-1
25846,1625011200,2147483647,false,0,-1,-1,-1,-1,-1,-1
25849,1625011200,2147483647,false,24,-1,-1,-1,-1,-1,-1
25851,1625011200,2147483647,false,24,-1,-1,-1,-1,-1,-1
25853,1625011200,2147483647,false,969,-1,-1,-1,-1,-1,-1
25855,1625011200,2147483647,false,24,-1,-1,-1,-1,-1,-1
25857,1625011200,2147483647,false,24,-1,-1,-1,-1,-1,-1
25859,1625011200,2147483647,false,0,-1,-1,-1,-1,-1,-1
25862,1625011200,2147483647,false,106,-1,-1,-1,-1,-1,-1
25865,1625011200,2147483647,false,106,-1,-1,-1,-1,-1,-1
25867,1625011200,2147483647,false,106,-1,-1,-1,-1,-1,-1
25869,0,2147483647,false,15,-1,-1,-1,-1,-1,-1
25870,1625011200,2147483647,false,21,-1,-1,-1,-1,-1,-1
25872,1625011200,2147483647,false,21,-1,-1,-1,-1,-1,-1
25874,1625011200,2147483647,false,21,-1,-1,-1,-1,-1,-1
25876,1625011200,2147483647,false,21,-1,-1,-1,-1,-1,-1
25878,1625011200,2147483647,false,21,-1,-1,-1,-1,-1,-1
25880,1625011200,2147483647,false,21,-1,-1,-1,-1,-1,-1
25882,1625011200,2147483647,false,21,-1,-1,-1,-1,-1,-1
25884,1625011200,2147483647,false,106,-1,-1,-1,-1,-1,-1
25886,1625011200,2147483647,false,106,-1,-1,-1,-1,-1,-1
25888,1625011200,2147483647,false,106,-1,-1,-1,-1,-1,-1
25890,1625011200,2147483647,false,106,-1,-1,-1,-1,-1,-1
25892,1625011200,2147483647,false,106,-1,-1,-1,-1,-1,-1
25894,1625011200,2147483647,false,106,-1,-1,-1,-1,-1,-1
25896,1625011200,2147483647,false,106,-1,-1,-1,-1,-1,-1
25898,1626825600,2147483647,false,2,42734,-1,-1,-1,-1,-1
25900,1626825600,2147483647,false,2,42734,-1,-1,-1,-1,-1
25902,1626825600,2147483647,false,2,42734,-1,-1,-1,-1,-1
25904,1626825600,2147483647,false,2,42735,-1,-1,42738,-1,-1
25906,1626825600,2147483647,false,2,42735,-1,-1,42738,-1,-1
25908,1626825600,2147483647,false,2,42735,-1,-1,42738,-1,-1
25910,1626825600,2147483647,false,2,-1,-1,-1,-1,-1,-1
25912,1626825600,2147483647,false,2,-1,-1,-1,-1,-1,-1
25914,1626825600,2147483647,false,2,-1,-1,-1,-1,-1,-1
25916,1626825600,2147483647,false,37,-1,-1,-1,-1,-1,-1
25918,1626825600,2147483647,false,37,-1,-1,-1,-1,-1,-1
25920,1626825600,2147483647,false,87,-1,-1,-1,-1,-1,-1
25921,1626825600,2147483647,false,87,-1,-1,-1,-1,-1,-1
25922,1626825600,2147483647,false,87,-1,-1,-1,-1,-1,-1
25923,1626825600,2147483647,false,87,-1,-1,-1,-1,-1,-1
25924,1626825600,2147483647,false,87,-1,-1,-1,-1,-1,-1
25925,1626825600,2147483647,false,87,-1,-1,-1,-1,-1,-1
25926,1626825600,2147483647,false,1575,-1,-1,-1,-1,-1,-1
25928,1626825600,2147483647,false,1575,-1,-1,-1,-1,-1,-1
25930,1626825600,2147483647,false,1575,-1,-1,-1,-1,-1,-1
25932,1626825600,2147483647,false,1575,-1,-1,-1,-1,-1,-1
25934,1626825600,2147483647,false,1575,-1,-1,-1,-1,-1,-1
25936,1626825600,2147483647,false,1575,-1,-1,-1,-1,-1,-1
25938,1626825600,2147483647,false,0,-1,-1,-1,-1,-1,-1
25941,1626825600,2147483647,false,0,-1,-1,-1,-1,-1,-1
25944,1626825600,2147483647,false,0,-1,-1,-1,-1,-1,-1
25947,1626825600,2147483647,false,0,-1,-1,-1,-1,-1,-1
25950,1626825600,2147483647,false,0,-1,-1,-1,-1,-1,-1
25953,1626825600,2147483647,false,0,-1,-1,-1,-1,-1,-1
25956,1626825600,2147483647,false,0,-1,-1,-1,-1,-1,-1
25958,1626825600,2147483647,false,1576,-1,-1,-1,-1,-1,-1
25959,1626825600,2147483647,false,1577,-1,-1,-1,-1,-1,-1
25960,1626825600,2147483647,false,1576,-1,-1,-1,-1,-1,-1
25961,1626825600,2147483647,false,1577,-1,-1,-1,-1,-1,-1
25963,1627430400,2147483647,true,0,-1,-1,-1,-1,-1,-1
25964,1627430400,2147483647,true,0,-1,-1,-1,-1,-1,-1
25965,1627430400,2147483647,true,0,-1,-1,-1,-1,-1,-1
25966,1627430400,2147483647,true,0,-1,-1,-1,-1,-1,-1
25967,1627430400,2147483647,true,0,-1,-1,-1,-1,-1,-1
25968,1627430400,2147483647,true,0,-1,-1,-1,-1,-1,-1
25975,1661299200,2147483647,false,656,-1,-1,-1,-1,-1,-1
25979,1651017600,2147483647,false,1588,44195,-1,-1,-1,-1,-1
25981,1661299200,2147483647,false,1588,45275,-1,-1,-1,-1,-1
25985,1661299200,2147483647,false,18,-1,-1,-1,-1,-1,-1
25990,1629849600,2147483647,false,1583,-1,-1,-1,-1,-1,-1
25991,1629849600,2147483647,false,1584,-1,-1,-1,-1,-1,-1
25993,1629849600,2147483647,false,1583,-1,-1,-1,-1,-1,-1
25994,1629849600,2147483647,false,1584,-1,-1,-1,-1,-1,-1
25996,1629849600,2147483647,false,1583,-1,-1,-1,-1,-1,-1
25997,1629849600,2147483647,false,1584,-1,-1,-1,-1,-1,-1
25999,1629849600,2147483647,false,1583,-1,-1,-1,-1,-1,-1
26000,1629849600,2147483647,false,1584,-1,-1,-1,-1,-1,-1
26002,1629849600,2147483647,false,1583,-1,-1,-1,-1,-1,-1
26003,1629849600,2147483647,false,1584,-1,-1,-1,-1,-1,-1
26005,1629849600,2147483647,false,1583,-1,-1,-1,-1,-1,-1
26006,1629849600,2147483647,false,1584,-1,-1,-1,-1,-1,-1
26008,1629849600,2147483647,false,1583,-1,-1,-1,-1,-1,-1
26009,1629849600,2147483647,false,1584,-1,-1,-1,-1,-1,-1
26011,1629849600,2147483647,false,2401,-1,-1,-1,-1,-1,-1
26012,1629849600,2147483647,false,2402,-1,-1,-1,-1,-1,-1
26014,1629849600,2147483647,false,1583,-1,-1,-1,-1,-1,-1
26015,1629849600,2147483647,false,1584,-1,-1,-1,-1,-1,-1
26017,1629849600,2147483647,false,2401,-1,-1,-1,-1,-1,-1
26018,1629849600,2147483647,false,2402,-1,-1,-1,-1,-1,-1
26020,1629849600,2147483647,false,1583,-1,-1,-1,-1,-1,-1
26021,1629849600,2147483647,false,1584,-1,-1,-1,-1,-1,-1
26023,1629849600,2147483647,false,1583,-1,-1,-1,-1,-1,-1
26024,1629849600,2147483647,false,1584,-1,-1,-1,-1,-1,-1
26026,1629849600,2147483647,false,1583,-1,-1,-1,-1,-1,-1
26027,1629849600,2147483647,false,1584,-1,-1,-1,-1,-1,-1
26029,1629849600,2147483647,false,1583,-1,-1,-1,-1,-1,-1
26030,1629849600,2147483647,false,1584,-1,-1,-1,-1,-1,-1
26032,1629849600,2147483647,false,1583,-1,-1,-1,-1,-1,-1
26033,1629849600,2147483647,false,1584,-1,-1,-1,-1,-1,-1
26035,1629849600,2147483647,false,1583,-1,-1,-1,-1,-1,-1
26036,1629849600,2147483647,false,1584,-1,-1,-1,-1,-1,-1
26038,1629849600,2147483647,false,1583,-1,-1,-1,-1,-1,-1
26039,1629849600,2147483647,false,1584,-1,-1,-1,-1,-1,-1
26041,1629849600,2147483647,false,1583,-1,-1,-1,-1,-1,-1
26042,1629849600,2147483647,false,1584,-1,-1,-1,-1,-1,-1
26044,1629849600,2147483647,false,2401,-1,-1,-1,-1,-1,-1
26045,1629849600,2147483647,false,2402,-1,-1,-1,-1,-1,-1
26047,1629849600,2147483647,false,1583,-1,-1,-1,-1,-1,-1
26048,1629849600,2147483647,false,1584,-1,-1,-1,-1,-1,-1
26050,1629849600,2147483647,false,2401,-1,-1,-1,-1,-1,-1
26051,1629849600,2147483647,false,2402,-1,-1,-1,-1,-1,-1
26053,1629849600,2147483647,false,2401,-1,-1,-1,-1,-1,-1
26054,1629849600,2147483647,false,2401,-1,-1,-1,-1,-1,-1
26056,1629849600,2147483647,false,1583,-1,-1,-1,-1,-1,-1
26057,1629849600,2147483647,false,1584,-1,-1,-1,-1,-1,-1
26059,1629849600,2147483647,false,1583,-1,-1,-1,-1,-1,-1
26060,1629849600,2147483647,false,1584,-1,-1,-1,-1,-1,-1
26062,1629849600,2147483647,false,1583,-1,-1,-1,-1,-1,-1
26063,1629849600,2147483647,false,1584,-1,-1,-1,-1,-1,-1
26065,1629849600,2147483647,false,1583,-1,-1,-1,-1,-1,-1
26066,1629849600,2147483647,false,1584,-1,-1,-1,-1,-1,-1
26068,1629849600,2147483647,false,1583,-1,-1,-1,-1,-1,-1
26069,1629849600,2147483647,false,1584,-1,-1,-1,-1,-1,-1
26071,1629849600,2147483647,false,1583,-1,-1,-1,-1,-1,-1
26072,1629849600,2147483647,false,1584,-1,-1,-1,-1,-1,-1
26074,1629849600,2147483647,false,1583,-1,-1,-1,-1,-1,-1
26075,1629849600,2147483647,false,1584,-1,-1,-1,-1,-1,-1
26077,1629849600,2147483647,false,1583,-1,-1,-1,-1,-1,-1
26078,1629849600,2147483647,false,1584,-1,-1,-1,-1,-1,-1
26080,1629849600,2147483647,false,1583,-1,-1,-1,-1,-1,-1
26081,1629849600,2147483647,false,1584,-1,-1,-1,-1,-1,-1
26083,1629849600,2147483647,false,1583,-1,-1,-1,-1,-1,-1
26084,1629849600,2147483647,false,1584,-1,-1,-1,-1,-1,-1
26086,1629849600,2147483647,false,1583,-1,-1,-1,-1,-1,-1
26087,1629849600,2147483647,false,1584,-1,-1,-1,-1,-1,-1
26089,1629849600,2147483647,false,1583,-1,-1,-1,-1,-1,-1
26090,1629849600,2147483647,false,1584,-1,-1,-1,-1,-1,-1
26092,1629849600,2147483647,false,1583,-1,-1,-1,-1,-1,-1
26093,1629849600,2147483647,false,1584,-1,-1,-1,-1,-1,-1
26095,1629849600,2147483647,false,2401,-1,-1,-1,-1,-1,-1
26096,1629849600,2147483647,false,2402,-1,-1,-1,-1,-1,-1
26098,1629849600,2147483647,false,2401,-1,-1,-1,-1,-1,-1
26099,1629849600,2147483647,false,2402,-1,-1,-1,-1,-1,-1
26101,1629849600,2147483647,false,1583,-1,-1,-1,-1,-1,-1
26102,1629849600,2147483647,false,1584,-1,-1,-1,-1,-1,-1
26104,1629849600,2147483647,false,1583,-1,-1,-1,-1,-1,-1
26105,1629849600,2147483647,false,1584,-1,-1,-1,-1,-1,-1
26107,1629849600,2147483647,false,2401,-1,-1,-1,-1,-1,-1
26108,1629849600,2147483647,false,2402,-1,-1,-1,-1,-1,-1
26110,1629849600,2147483647,false,1583,-1,-1,-1,-1,-1,-1
26111,1629849600,2147483647,false,1584,-1,-1,-1,-1,-1,-1
26113,1629849600,2147483647,false,1583,-1,-1,-1,-1,-1,-1
26114,1629849600,2147483647,false,1584,-1,-1,-1,-1,-1,-1
26116,1629849600,2147483647,false,1583,-1,-1,-1,-1,-1,-1
26117,1629849600,2147483647,false,1584,-1,-1,-1,-1,-1,-1
26119,1629849600,2147483647,false,1583,-1,-1,-1,-1,-1,-1
26120,1629849600,2147483647,false,1584,-1,-1,-1,-1,-1,-1
26122,1629849600,2147483647,false,1583,-1,-1,-1,-1,-1,-1
26123,1629849600,2147483647,false,1584,-1,-1,-1,-1,-1,-1
26125,1629849600,2147483647,false,1583,-1,-1,-1,-1,-1,-1
26126,1629849600,2147483647,false,1584,-1,-1,-1,-1,-1,-1
26128,1629849600,2147483647,false,1583,-1,-1,-1,-1,-1,-1
26129,1629849600,2147483647,false,1584,-1,-1,-1,-1,-1,-1
26131,1629849600,2147483647,false,1583,-1,-1,-1,-1,-1,-1
26132,1629849600,2147483647,false,1584,-1,-1,-1,-1,-1,-1
26134,1629849600,2147483647,false,1583,-1,-1,-1,-1,-1,-1
26135,1629849600,2147483647,false,1584,-1,-1,-1,-1,-1,-1
26137,1629849600,2147483647,false,1583,-1,-1,-1,-1,-1,-1
26138,1629849600,2147483647,false,1584,-1,-1,-1,-1,-1,-1
26140,1629849600,2147483647,false,2401,-1,-1,-1,-1,-1,-1
26141,1629849600,2147483647,false,2402,-1,-1,-1,-1,-1,-1
26143,1629849600,2147483647,false,1583,-1,-1,-1,-1,-1,-1
26144,1629849600,2147483647,false,1584,-1,-1,-1,-1,-1,-1
26146,1629849600,2147483647,false,1583,-1,-1,-1,-1,-1,-1
26147,1629849600,2147483647,false,1584,-1,-1,-1,-1,-1,-1
26149,1629849600,2147483647,false,58,-1,-1,-1,-1,-1,-1
26150,1629849600,2147483647,false,69,-1,-1,-1,-1,-1,-1
26151,1629849600,2147483647,false,69,-1,-1,-1,-1,-1,-1
26152,1629849600,2147483647,false,69,-1,-1,-1,-1,-1,-1
26153,1629849600,2147483647,false,69,-1,-1,-1,-1,-1,-1
26154,1631145600,2147483647,false,0,-1,-1,-1,-1,-1,-1
26156,1633478400,2147483647,false,2,42930,-1,-1,-1,-1,-1
26158,1633478400,2147483647,false,7,-1,42937,-1,42956,-1,-1
26160,1633478400,2147483647,false,7,-1,42937,-1,42958,-1,-1
26162,1633478400,2147483647,false,7,-1,42937,-1,42960,-1,-1
26164,1633478400,2147483647,false,7,-1,42937,-1,42955,-1,-1
26166,1633478400,2147483647,false,8,-1,-1,-1,42951,-1,-1
26168,1633478400,2147483647,false,0,42932,-1,-1,42949,-1,-1
26170,1633478400,2147483647,false,2,42931,-1,-1,42947,-1,-1
26172,1633478400,2147483647,false,7,-1,42936,-1,42957,42953,-1
26174,1633478400,2147483647,false,7,42940,42936,-1,42959,42953,-1
26176,1633478400,2147483647,false,7,42942,42936,-1,42954,42953,-1
26178,1633478400,2147483647,false,7,42943,42936,-1,42961,42953,-1
26180,1633478400,2147483647,false,8,-1,-1,-1,42950,-1,-1
26182,1633478400,2147483647,false,0,42933,-1,-1,-1,-1,-1
26184,0,2147483647,false,1586,-1,33197,-1,-1,-1,-1
26185,0,2147483647,false,1586,249,33197,-1,-1,-1,-1
26186,0,2147483647,false,1586,250,33197,-1,-1,-1,-1
26187,0,2147483647,false,1586,251,33197,-1,-1,-1,-1
26188,0,2147483647,false,1586,247,33197,-1,-1,-1,-1
26189,0,2147483647,false,1586,246,33197,-1,-1,-1,-1
26190,0,2147483647,false,1586,248,33197,-1,-1,-1,-1
26191,0,2147483647,false,1586,253,33197,-1,-1,-1,-1
26192,0,2147483647,false,1586,252,33197,-1,-1,-1,-1
26193,0,2147483647,false,1586,28329,33197,-1,-1,-1,-1
26194,0,2147483647,false,1586,28331,33197,-1,-1,-1,-1
26195,0,2147483647,false,1586,28330,33197,-1,-1,-1,-1
26196,0,2147483647,false,1586,28328,33197,-1,-1,-1,-1
26197,0,2147483647,false,1586,28327,33197,-1,-1,-1,-1
26198,0,2147483647,false,1586,28333,33197,-1,-1,-1,-1
26199,0,2147483647,false,1586,28332,33197,-1,-1,-1,-1
26200,0,2147483647,false,1586,-1,33196,-1,-1,-1,-1
26201,0,2147483647,false,1586,249,33196,-1,-1,-1,-1
26202,0,2147483647,false,1586,250,33196,-1,-1,-1,-1
26203,0,2147483647,false,1586,251,33196,-1,-1,-1,-1
26204,0,2147483647,false,1586,247,33196,-1,-1,-1,-1
26205,0,2147483647,false,1586,246,33196,-1,-1,-1,-1
26206,0,2147483647,false,1586,248,33196,-1,-1,-1,-1
26207,0,2147483647,false,1586,253,33196,-1,-1,-1,-1
26208,0,2147483647,false,1586,252,33196,-1,-1,-1,-1
26209,0,2147483647,false,1586,28329,33196,-1,-1,-1,-1
26210,0,2147483647,false,1586,28331,33196,-1,-1,-1,-1
26211,0,2147483647,false,1586,28330,33196,-1,-1,-1,-1
26212,0,2147483647,false,1586,28328,33196,-1,-1,-1,-1
26213,0,2147483647,false,1586,28327,33196,-1,-1,-1,-1
26214,0,2147483647,false,1586,28333,33196,-1,-1,-1,-1
26215,0,2147483647,false,1586,28332,33196,-1,-1,-1,-1
26219,1661299200,2147483647,false,25,-1,-1,-1,-1,-1,-1
26221,1639612800,2147483647,false,0,-1,-1,-1,-1,-1,-1
26223,1641340800,2147483647,false,0,43133,-1,-1,-1,-1,-1
26225,1641340800,2147483647,false,0,43120,-1,-1,-1,-1,-1
26227,1641340800,2147483647,false,0,-1,-1,-1,-1,-1,-1
26229,1641340800,2147483647,false,0,43150,-1,-1,-1,-1,-1
26231,1641340800,2147483647,false,0,-1,-1,-1,-1,-1,-1
26233,1641340800,2147483647,false,61,-1,-1,-1,-1,-1,-1
26235,1641340800,2147483647,false,16,43123,-1,-1,-1,-1,-1
26237,1634688000,2147483647,false,0,-1,-1,-1,-1,-1,-1
26239,1634688000,2147483647,false,0,-1,-1,-1,-1,-1,-1
26241,1690329600,2147483647,false,10,-1,-1,-1,-1,-1,-1
26243,1690329600,2147483647,false,10,-1,-1,-1,-1,-1,-1
26245,1690329600,2147483647,false,10,-1,-1,-1,-1,-1,-1
26247,1634688000,2147483647,false,129,-1,-1,-1,-1,-1,-1
26250,1634688000,1635897600,false,0,-1,-1,-1,-1,-1,-1
26252,1634688000,1635897600,false,0,-1,-1,-1,-1,-1,-1
26254,1634688000,2147483647,false,0,42999,-1,-1,-1,-1,-1
26256,1634688000,2147483647,false,0,-1,-1,-1,-1,-1,-1
26258,1634688000,2147483647,false,0,-1,-1,-1,-1,-1,-1
26260,1634688000,2147483647,false,55,-1,-1,-1,-1,-1,-1
26262,1634688000,1635897600,false,0,-1,-1,-1,-1,-1,-1
26264,1634688000,1635897600,false,0,-1,-1,-1,-1,-1,-1
26266,1637712000,2147483647,false,0,-1,-1,-1,-1,-1,-1
26269,0,2147483647,false,206,-1,-1,-1,-1,-1,-1
26270,1639612800,1641340800,false,15,-1,-1,-1,-1,-1,-1
26272,1639612800,1641340800,false,15,-1,-1,-1,-1,-1,-1
26274,1639612800,1641340800,false,15,-1,-1,-1,-1,-1,-1
26276,1639612800,1641340800,false,15,-1,-1,-1,-1,-1,-1
26278,1639612800,1641340800,false,15,-1,-1,-1,-1,-1,-1
26280,1639612800,1641340800,false,15,-1,-1,-1,-1,-1,-1
26282,1639612800,1641340800,false,15,-1,-1,-1,-1,-1,-1
26284,1639612800,1641340800,false,15,-1,-1,-1,-1,-1,-1
26286,1639612800,1641340800,false,15,-1,-1,-1,-1,-1,-1
26288,1639612800,1641340800,false,15,-1,-1,-1,-1,-1,-1
26290,1639612800,1641340800,false,15,-1,-1,-1,-1,-1,-1
26292,1639612800,1641340800,false,15,-1,-1,-1,-1,-1,-1
26294,1639612800,1641340800,false,15,-1,-1,-1,-1,-1,-1
26296,0,2147483647,false,15,-1,-1,-1,-1,-1,-1
26298,1639612800,1641340800,false,15,-1,-1,-1,-1,-1,-1
26300,1639612800,1641340800,false,15,-1,-1,-1,-1,-1,-1
26302,1639612800,1641340800,false,15,-1,-1,-1,-1,-1,-1
26304,1639612800,1641340800,false,15,-1,-1,-1,-1,-1,-1
26306,1639612800,1641340800,false,15,-1,-1,-1,-1,-1,-1
26308,1639612800,2147483647,false,15,-1,-1,-1,-1,-1,-1
26310,1639612800,2147483647,false,0,-1,-1,-1,-1,-1,-1
26312,1639612800,2147483647,false,0,-1,-1,-1,-1,-1,-1
26314,1639612800,2147483647,false,0,-1,-1,-1,-1,-1,-1
26316,1639612800,2147483647,false,0,-1,-1,-1,-1,-1,-1
26318,1639612800,2147483647,false,0,-1,-1,-1,-1,-1,-1
26320,1639612800,2147483647,false,0,-1,-1,-1,-1,-1,-1
26322,1639612800,2147483647,false,0,-1,-1,-1,-1,-1,-1
26324,1639612800,2147483647,false,0,-1,-1,-1,-1,-1,-1
26326,1639612800,1641340800,false,15,-1,-1,-1,-1,-1,-1
26328,1639612800,1641340800,false,15,-1,-1,-1,-1,-1,-1
26330,1639612800,1641340800,false,15,-1,-1,-1,-1,-1,-1
26332,1639612800,1641340800,false,15,-1,-1,-1,-1,-1,-1
26334,1639612800,1641340800,false,15,-1,-1,-1,-1,-1,-1
26336,1639612800,1641340800,false,15,-1,-1,-1,-1,-1,-1
26338,1639612800,1641340800,false,15,-1,-1,-1,-1,-1,-1
26340,1641340800,2147483647,false,69,-1,-1,-1,-1,-1,-1
26342,1641340800,2147483647,false,69,-1,-1,-1,-1,-1,-1
26344,1641340800,2147483647,false,69,-1,-1,-1,-1,-1,-1
26346,1641340800,2147483647,false,69,-1,-1,-1,-1,-1,-1
26348,1641340800,2147483647,false,0,-1,-1,-1,-1,-1,-1
26350,1641340800,2147483647,false,69,-1,-1,-1,-1,-1,-1
26353,1641340800,2147483647,false,69,-1,-1,-1,-1,-1,-1
26356,1639612800,2147483647,true,0,-1,-1,-1,-1,-1,-1
26358,1639612800,2147483647,true,1595,-1,-1,-1,-1,-1,-1
26360,1639612800,2147483647,true,1595,-1,-1,-1,-1,-1,-1
26362,1639612800,2147483647,true,1595,-1,-1,-1,-1,-1,-1
26364,1639612800,2147483647,true,1595,-1,-1,-1,-1,-1,-1
26366,1639612800,2147483647,true,0,-1,-1,-1,-1,-1,-1
26368,1641340800,2147483647,false,0,-1,-1,-1,-1,-1,-1
26370,1641340800,2147483647,false,61,-1,-1,-1,-1,-1,-1
26372,1641340800,2147483647,false,0,-1,-1,-1,-1,-1,-1
26374,1641340800,2147483647,false,37,43172,-1,-1,-1,-1,-1
26376,1641340800,2147483647,false,2,-1,-1,-1,-1,-1,-1
26378,1641340800,2147483647,false,7,-1,-1,-1,-1,-1,-1
26380,1641340800,2147483647,false,8,-1,-1,-1,-1,-1,-1
26382,1641340800,2147483647,false,2,49446,-1,-1,-1,-1,-1
26384,1641340800,2147483647,false,7,-1,-1,-1,-1,-1,-1
26386,1641340800,2147483647,false,8,49448,-1,-1,-1,-1,-1
26388,1641340800,2147483647,false,0,-1,-1,-1,-1,-1,-1
26390,1641340800,2147483647,false,0,-1,-1,-1,-1,-1,-1
26392,1641340800,2147483647,false,0,-1,-1,-1,-1,-1,-1
26394,1641340800,2147483647,false,0,-1,-1,-1,-1,-1,-1
26419,1642550400,2147483647,false,0,-1,-1,-1,-1,-1,-1
26421,1647388800,2147483647,false,0,-1,-1,-1,-1,-1,-1
26424,1647388800,2147483647,false,42,43326,-1,-1,-1,-1,-1
26427,1647388800,2147483647,false,0,-1,-1,-1,-1,-1,-1
26430,1647388800,2147483647,false,0,-1,-1,-1,-1,-1,-1
26433,1647388800,2147483647,false,0,43265,-1,-1,-1,-1,-1
26436,1647388800,2147483647,false,0,-1,-1,-1,-1,-1,-1
26439,1647388800,2147483647,false,0,-1,-1,-1,-1,-1,-1
26442,1647388800,2147483647,false,0,-1,-1,-1,-1,-1,-1
26445,1647388800,2147483647,false,0,43264,-1,-1,-1,-1,-1
26448,1647388800,2147483647,false,0,-1,-1,-1,-1,-1,-1
26451,1647388800,2147483647,false,0,43255,-1,-1,-1,-1,-1
26454,1647388800,2147483647,false,0,43280,-1,-1,43310,-1,-1
26457,1647388800,2147483647,false,0,43263,-1,-1,43295,-1,-1
26460,1647388800,2147483647,false,0,43284,-1,-1,-1,-1,-1
26463,1647388800,2147483647,false,7,43276,-1,-1,-1,43304,-1
26465,1647388800,2147483647,false,8,43260,-1,-1,-1,-1,-1
26467,1647388800,2147483647,false,0,-1,-1,-1,43291,-1,-1
26469,1647388800,2147483647,false,7,-1,43274,-1,-1,-1,-1
26471,1647388800,2147483647,false,8,-1,-1,-1,43292,-1,-1
26473,1647388800,2147483647,false,2,230,-1,-1,-1,-1,-1
26475,1647388800,2147483647,false,2,230,-1,-1,-1,-1,-1
26477,1647388800,2147483647,false,2,43254,-1,-1,43285,-1,-1
26479,1647388800,2147483647,false,0,-1,-1,-1,-1,-1,-1
26482,1647388800,2147483647,false,150,43321,-1,-1,-1,-1,-1
26484,1647388800,2147483647,false,150,43327,-1,-1,-1,-1,-1
26486,1647388800,2147483647,false,37,-1,-1,-1,-1,-1,-1
26488,1647388800,2147483647,false,0,-1,-1,-1,-1,-1,-1
26490,1647388800,2147483647,false,0,-1,-1,-1,-1,-1,-1
26492,1647388800,2147483647,false,0,-1,-1,-1,-1,-1,-1
26494,1647388800,2147483647,false,0,-1,-1,-1,-1,-1,-1
26496,1647388800,2147483647,false,0,-1,-1,-1,-1,-1,-1
26498,1647388800,2147483647,false,0,-1,-1,-1,-1,-1,-1
26500,1647388800,2147483647,false,0,39131,-1,-1,-1,-1,-1
26503,1647388800,2147483647,false,18,-1,-1,-1,-1,-1,-1
26505,1647388800,2147483647,false,18,-1,-1,-1,-1,-1,-1
26507,1647388800,2147483647,false,18,-1,-1,-1,-1,-1,-1
26509,1647388800,2147483647,false,18,-1,-1,-1,-1,-1,-1
26511,1647388800,2147483647,false,55,-1,-1,-1,-1,-1,-1
26513,1647388800,2147483647,false,55,-1,-1,-1,-1,-1,-1
26515,1647388800,2147483647,false,55,-1,-1,-1,-1,-1,-1
26517,1647388800,2147483647,false,39,-1,-1,-1,-1,-1,-1
26520,1647388800,2147483647,false,75,-1,-1,-1,-1,-1,-1
26522,1647388800,2147483647,false,75,-1,-1,-1,-1,-1,-1
26524,1647388800,2147483647,false,75,-1,-1,-1,-1,-1,-1
26526,1647388800,2147483647,false,75,-1,-1,-1,-1,-1,-1
26528,1647388800,2147483647,false,0,-1,-1,-1,-1,-1,-1
26531,1647388800,2147483647,false,10,43266,-1,-1,-1,-1,-1
26533,1647388800,2147483647,false,10,-1,43275,-1,-1,43308,-1
26535,1647388800,2147483647,false,10,43261,-1,-1,-1,-1,-1
26537,1647388800,2147483647,false,10,-1,-1,-1,-1,-1,-1
26539,1647388800,2147483647,false,10,-1,-1,-1,-1,-1,-1
26541,1647388800,2147483647,false,0,-1,-1,-1,-1,-1,-1
26544,1642550400,1647388800,false,0,-1,-1,-1,-1,-1,-1
26545,1642550400,1647388800,false,0,-1,-1,-1,-1,-1,-1
26546,1642550400,1647388800,false,0,-1,-1,-1,-1,-1,-1
26547,1642550400,1647388800,false,0,-1,-1,-1,-1,-1,-1
26548,1642550400,1647388800,false,0,-1,-1,-1,-1,-1,-1
26549,1642550400,1647388800,false,0,-1,-1,-1,-1,-1,-1
26551,1642550400,2147483647,false,0,-1,-1,-1,-1,-1,-1
26554,1647388800,2147483647,false,1590,-1,-1,-1,-1,-1,-1
26557,1647388800,2147483647,false,1590,-1,-1,-1,-1,-1,-1
26560,1647388800,2147483647,false,1590,-1,-1,-1,-1,-1,-1
26566,1644364800,2147483647,false,47,-1,-1,-1,-1,-1,-1
26567,1644364800,2147483647,true,528,-1,-1,-1,-1,-1,-1
26569,1644364800,2147483647,true,0,-1,-1,-1,-1,-1,-1
26571,1644364800,2147483647,true,1592,-1,-1,-1,-1,-1,-1
26572,1644364800,2147483647,true,1592,-1,-1,-1,-1,-1,-1
26573,1644364800,2147483647,true,1592,-1,-1,-1,-1,-1,-1
26574,1644364800,2147483647,true,1592,-1,-1,-1,-1,-1,-1
26575,1644364800,2147483647,true,1592,-1,-1,-1,-1,-1,-1
26576,1644364800,2147483647,true,1592,-1,-1,-1,-1,-1,-1
26577,1644364800,2147483647,true,0,-1,-1,-1,-1,-1,-1
26579,1644364800,2147483647,true,0,-1,-1,-1,-1,-1,-1
26581,1644364800,2147483647,true,69,-1,-1,-1,-1,-1,-1
26583,1644364800,2147483647,true,69,-1,-1,-1,-1,-1,-1
26585,1644364800,2147483647,true,69,-1,-1,-1,-1,-1,-1
26587,1644364800,2147483647,true,69,-1,-1,-1,-1,-1,-1
26589,1644364800,2147483647,true,1601,-1,-1,-1,-1,-1,-1
26590,1644364800,2147483647,true,1601,-1,-1,-1,-1,-1,-1
26591,1644364800,2147483647,true,1601,-1,-1,-1,-1,-1,-1
26592,1644364800,2147483647,true,1601,-1,-1,-1,-1,-1,-1
26593,1644364800,2147483647,true,1601,-1,-1,-1,-1,-1,-1
26594,1644364800,2147483647,true,1602,-1,-1,-1,-1,-1,-1
26595,1644364800,2147483647,true,1602,-1,-1,-1,-1,-1,-1
26596,1644969600,1646784000,false,0,-1,-1,-1,-1,-1,-1
26598,1644969600,1646784000,false,0,-1,-1,-1,-1,-1,-1
26600,1644969600,1646784000,false,0,-1,-1,-1,-1,-1,-1
26602,1644969600,1646784000,false,0,-1,-1,-1,-1,-1,-1
26605,1644969600,1646784000,false,0,-1,-1,-1,-1,-1,-1
26607,1644969600,1646784000,false,0,-1,-1,-1,-1,-1,-1
26609,1644969600,1646784000,false,0,-1,-1,-1,-1,-1,-1
26611,1644969600,1646784000,false,0,-1,-1,-1,-1,-1,-1
26613,1644969600,1646784000,false,0,-1,-1,-1,-1,-1,-1
26615,1644969600,1646784000,false,0,-1,-1,-1,-1,-1,-1
26617,1644969600,1646784000,false,0,-1,-1,-1,-1,-1,-1
26619,1644969600,1646784000,false,0,-1,-1,-1,-1,-1,-1
26621,1644969600,1646784000,false,0,-1,-1,-1,-1,-1,-1
26623,1644969600,1646784000,false,0,-1,-1,-1,-1,-1,-1
26625,1644969600,1646784000,false,0,-1,-1,-1,-1,-1,-1
26627,1644969600,1646784000,false,0,-1,-1,-1,-1,-1,-1
26629,1644969600,1646784000,false,0,-1,-1,-1,-1,-1,-1
26631,1644969600,1646784000,false,0,-1,-1,-1,-1,-1,-1
26633,1644969600,1646784000,false,0,-1,-1,-1,-1,-1,-1
26635,1644969600,1646784000,false,0,-1,-1,-1,-1,-1,-1
26637,1644969600,1646784000,false,0,-1,-1,-1,-1,-1,-1
26639,1644969600,1646784000,false,0,-1,-1,-1,-1,-1,-1
26641,1644969600,1646784000,false,0,-1,-1,-1,-1,-1,-1
26643,1644969600,1646784000,false,0,-1,-1,-1,-1,-1,-1
26645,1644969600,1646784000,false,0,-1,-1,-1,-1,-1,-1
26647,1644969600,1646784000,false,0,-1,-1,-1,-1,-1,-1
26649,1644969600,2147483647,false,0,43856,-1,-1,-1,-1,-1
26651,1645574400,2147483647,false,1608,-1,-1,-1,-1,-1,-1
26652,1645574400,2147483647,false,1608,-1,-1,-1,-1,-1,-1
26653,1645574400,2147483647,false,1608,-1,-1,-1,-1,-1,-1
26654,1645574400,2147483647,false,1608,-1,-1,-1,-1,-1,-1
26655,1645574400,2147483647,false,1608,-1,-1,-1,-1,-1,-1
26656,1646784000,2147483647,false,0,-1,-1,-1,-1,-1,-1
26657,1646784000,2147483647,false,0,-1,-1,-1,-1,-1,-1
26658,1646784000,2147483647,false,0,-1,-1,-1,-1,-1,-1
26659,1646784000,2147483647,false,0,-1,-1,-1,-1,-1,-1
26660,1646784000,2147483647,false,0,-1,-1,-1,-1,-1,-1
26661,1646784000,2147483647,false,0,-1,-1,-1,-1,-1,-1
26662,1646784000,2147483647,false,0,-1,-1,-1,-1,-1,-1
26663,1646784000,2147483647,false,0,-1,-1,-1,-1,-1,-1
26664,1646784000,2147483647,false,0,-1,-1,-1,-1,-1,-1
26665,1646784000,2147483647,false,0,-1,-1,-1,-1,-1,-1
26666,1646784000,2147483647,false,0,-1,-1,-1,-1,-1,-1
26667,1646784000,2147483647,false,0,-1,-1,-1,-1,-1,-1
26668,1646784000,2147483647,false,0,-1,-1,-1,-1,-1,-1
26669,1646784000,2147483647,false,0,-1,-1,-1,-1,-1,-1
26670,1646784000,2147483647,false,0,-1,-1,-1,-1,-1,-1
26671,1646784000,2147483647,false,0,-1,-1,-1,-1,-1,-1
26672,1646784000,2147483647,false,0,-1,-1,-1,-1,-1,-1
26673,1646784000,2147483647,false,0,-1,-1,-1,-1,-1,-1
26674,1657065600,2147483647,false,2,42677,-1,-1,-1,-1,-1
26675,1657065600,2147483647,false,2,42676,-1,-1,-1,-1,-1
26676,1657065600,2147483647,false,2,42681,-1,-1,-1,-1,-1
26677,1657065600,2147483647,false,2,42674,-1,-1,-1,-1,-1
26678,1657065600,2147483647,false,2,42673,-1,-1,-1,-1,-1
26679,1657065600,2147483647,false,2,42680,-1,-1,-1,-1,-1
26680,1657065600,2147483647,false,2,42675,-1,-1,-1,-1,-1
26681,1657065600,2147483647,false,2,42678,-1,-1,-1,-1,-1
26682,1657065600,2147483647,false,2,42734,-1,-1,-1,-1,-1
26683,1657065600,2147483647,false,2,42735,-1,-1,42738,-1,-1
26684,1657065600,2147483647,false,2,-1,-1,-1,-1,-1,-1
26685,1657065600,2147483647,false,0,-1,-1,-1,-1,-1,-1
26686,1657065600,2147483647,false,15,-1,-1,-1,-1,-1,-1
26687,1657065600,2147483647,false,15,-1,-1,-1,-1,-1,-1
26688,1657065600,2147483647,false,15,-1,-1,-1,-1,-1,-1
26689,1657065600,2147483647,false,15,-1,-1,-1,-1,-1,-1
26690,1657065600,2147483647,false,15,-1,-1,-1,-1,-1,-1
26691,1657065600,2147483647,false,15,-1,-1,-1,-1,-1,-1
26692,1657065600,2147483647,false,15,-1,-1,-1,-1,-1,-1
26693,1657065600,2147483647,false,15,-1,-1,-1,-1,-1,-1
26694,1657065600,2147483647,false,15,-1,-1,-1,-1,-1,-1
26695,1647388800,2147483647,false,15,-1,-1,-1,-1,-1,-1
26696,1647388800,2147483647,false,15,13307,-1,-1,-1,-1,-1
26697,1647388800,2147483647,false,15,13307,-1,-1,-1,-1,-1
26698,1657065600,2147483647,false,15,-1,-1,-1,-1,-1,-1
26699,1657065600,2147483647,false,15,-1,-1,-1,-1,-1,-1
26700,1657065600,2147483647,false,15,-1,-1,-1,-1,-1,-1
26701,1657065600,2147483647,false,15,-1,-1,-1,-1,-1,-1
26702,1657065600,2147483647,false,15,-1,-1,-1,-1,-1,-1
26703,1657065600,2147483647,false,15,-1,-1,-1,-1,-1,-1
26705,1657670400,2147483647,false,149,-1,-1,-1,-1,-1,-1
26706,1657670400,2147483647,false,0,-1,-1,-1,-1,-1,-1
26707,1647388800,2147483647,false,0,-1,-1,-1,-1,-1,-1
26708,1647388800,2147483647,false,65,-1,-1,-1,-1,-1,-1
26709,1647388800,2147483647,false,0,-1,-1,-1,-1,-1,-1
26710,1647388800,2147483647,false,26,-1,-1,-1,-1,-1,-1
26711,1684886400,2147483647,false,0,-1,-1,-1,-1,-1,-1
26712,1684886400,2147483647,false,567,-1,-1,-1,-1,-1,-1
26713,1647388800,2147483647,false,0,-1,-1,-1,-1,-1,-1
26714,1647388800,2147483647,false,2,19862,-1,-1,-1,-1,-1
26715,1647388800,2147483647,false,7,44960,-1,-1,-1,-1,-1
26716,1647388800,2147483647,false,8,-1,-1,-1,-1,-1,-1
26717,1647388800,2147483647,false,0,-1,-1,-1,-1,-1,-1
26718,1647388800,2147483647,false,7,44961,-1,-1,-1,-1,-1
26719,1647388800,2147483647,false,8,44952,-1,-1,-1,-1,-1
26720,1647388800,2147483647,false,17,-1,-1,-1,-1,-1,-1
26721,1647388800,2147483647,false,15,44965,-1,-1,-1,-1,-1
26722,1647388800,2147483647,false,15,44965,-1,-1,-1,-1,-1
26723,1647388800,2147483647,false,15,44949,-1,-1,-1,-1,-1
26724,1647388800,2147483647,false,15,44948,-1,-1,-1,-1,-1
26725,1647388800,2147483647,false,15,44948,-1,-1,-1,-1,-1
26726,1647388800,2147483647,false,15,44948,-1,-1,-1,-1,-1
26727,1647388800,2147483647,false,15,44948,-1,-1,-1,-1,-1
26728,1647388800,2147483647,false,15,44948,-1,-1,-1,-1,-1
26729,1647388800,2147483647,false,15,44948,-1,-1,-1,-1,-1
26730,1647388800,2147483647,false,15,44948,-1,-1,-1,-1,-1
26731,1657065600,2147483647,false,2,44938,-1,-1,-1,-1,-1
26732,1657065600,2147483647,false,15,44938,-1,-1,-1,-1,-1
26733,1657065600,2147483647,false,2,44941,-1,-1,-1,-1,-1
26734,1657065600,2147483647,false,15,44941,-1,-1,-1,-1,-1
26735,1657065600,2147483647,false,2,44943,-1,-1,44972,-1,-1
26736,1657065600,2147483647,false,15,44943,-1,-1,44972,-1,-1
26737,1657065600,2147483647,false,2,44944,-1,-1,-1,-1,-1
26738,1657065600,2147483647,false,15,44944,-1,-1,-1,-1,-1
26739,1657065600,2147483647,false,2,44942,-1,-1,44978,-1,-1
26740,1657065600,2147483647,false,15,44942,-1,-1,44978,-1,-1
26741,1657065600,2147483647,false,2,44945,-1,-1,-1,-1,-1
26742,1657065600,2147483647,false,15,44945,-1,-1,-1,-1,-1
26743,1657065600,2147483647,false,2,44940,-1,-1,44976,-1,-1
26744,1657065600,2147483647,false,15,44940,-1,-1,44976,-1,-1
26745,1657065600,2147483647,false,2,44946,-1,-1,44974,-1,-1
26746,1657065600,2147483647,false,15,44946,-1,-1,44974,-1,-1
26747,1657065600,2147483647,false,2,44939,-1,-1,-1,-1,-1
26748,1657065600,2147483647,false,15,44939,-1,-1,-1,-1,-1
26749,1657065600,2147483647,false,7,44966,-1,-1,-1,-1,-1
26750,1657065600,2147483647,false,15,44966,-1,-1,-1,-1,-1
26751,1657065600,2147483647,false,7,44963,-1,-1,44998,-1,-1
26752,1657065600,2147483647,false,15,44963,-1,-1,44998,-1,-1
26753,1657065600,2147483647,false,7,44964,-1,-1,44997,-1,-1
26754,1657065600,2147483647,false,15,44964,-1,-1,44997,-1,-1
26755,1657065600,2147483647,false,8,44956,-1,-1,-1,-1,-1
26756,1657065600,2147483647,false,15,44956,-1,-1,-1,-1,-1
26757,1657065600,2147483647,false,8,44955,-1,-1,-1,-1,-1
26758,1657065600,2147483647,false,15,44955,-1,-1,-1,-1,-1
26759,1657065600,2147483647,false,8,44954,-1,-1,44987,-1,-1
26760,1657065600,2147483647,false,15,44954,-1,-1,44987,-1,-1
26761,1657065600,2147483647,false,0,-1,-1,-1,-1,-1,-1
26762,1657065600,2147483647,false,0,-1,-1,-1,-1,-1,-1
26763,1657065600,2147483647,true,0,-1,-1,-1,-1,-1,-1
26764,1657065600,2147483647,false,0,-1,-1,-1,-1,-1,-1
26765,1657065600,2147483647,false,0,-1,-1,-1,-1,-1,-1
26766,1657065600,2147483647,false,0,-1,-1,-1,-1,-1,-1
26767,1657065600,2147483647,false,0,-1,-1,-1,-1,-1,-1
26768,1657065600,2147483647,false,0,-1,-1,-1,-1,-1,-1
26769,1657065600,2147483647,false,0,-1,-1,-1,-1,-1,-1
26770,1657065600,2147483647,false,0,-1,-1,-1,-1,-1,-1
26771,1657065600,2147483647,false,510,-1,-1,-1,-1,-1,-1
26772,1657065600,2147483647,false,510,-1,-1,-1,-1,-1,-1
26773,1657065600,2147483647,false,510,-1,-1,-1,-1,-1,-1
26774,1657065600,2147483647,false,510,-1,-1,-1,-1,-1,-1
26775,1657065600,2147483647,false,510,-1,-1,-1,-1,-1,-1
26776,1657065600,2147483647,false,510,-1,-1,-1,-1,-1,-1
26777,1657065600,2147483647,false,510,-1,-1,-1,-1,-1,-1
26778,1657065600,2147483647,false,510,-1,-1,-1,-1,-1,-1
26779,1657065600,2147483647,false,510,-1,-1,-1,-1,-1,-1
26780,1657065600,2147483647,false,510,-1,-1,-1,-1,-1,-1
26781,1657065600,2147483647,false,2,-1,-1,-1,-1,-1,-1
26782,1657065600,2147483647,false,0,20858,-1,-1,-1,-1,-1
26784,1647993600,2147483647,false,0,-1,-1,-1,-1,-1,-1
26786,1647993600,2147483647,false,0,-1,-1,-1,-1,-1,-1
26788,1647993600,2147483647,false,0,-1,-1,-1,-1,-1,-1
26792,1647993600,2147483647,false,0,-1,-1,-1,-1,-1,-1
26798,1647993600,2147483647,false,0,-1,-1,-1,-1,-1,-1
26801,1647993600,2147483647,false,1611,-1,-1,-1,-1,-1,-1
26804,1647993600,2147483647,false,1611,-1,-1,-1,-1,-1,-1
26807,1647993600,2147483647,false,0,-1,-1,-1,-1,-1,-1
26809,1647993600,2147483647,false,0,-1,-1,-1,-1,-1,-1
26811,1647993600,2147483647,false,0,-1,-1,-1,-1,-1,-1
26813,1647993600,2147483647,false,0,-1,-1,-1,-1,-1,-1
26815,1647993600,2147483647,false,0,-1,-1,-1,-1,-1,-1
26818,1647993600,2147483647,false,0,-1,-1,-1,-1,-1,-1
26820,1647993600,2147483647,false,0,-1,-1,-1,-1,-1,-1
26822,1647993600,2147483647,false,0,-1,-1,-1,-1,-1,-1
26824,1647993600,2147483647,false,1612,-1,-1,-1,-1,-1,-1
26826,1647993600,2147483647,false,1612,-1,-1,-1,-1,-1,-1
26828,1647993600,2147483647,false,1612,-1,-1,-1,-1,-1,-1
26830,1647993600,2147483647,false,1612,-1,-1,-1,-1,-1,-1
26832,1647993600,2147483647,false,1612,-1,-1,-1,-1,-1,-1
26834,1647993600,2147483647,false,1612,-1,-1,-1,-1,-1,-1
26836,1647993600,2147483647,false,1612,-1,-1,-1,-1,-1,-1
26838,1647993600,2147483647,false,1612,-1,-1,-1,-1,-1,-1
26840,1647993600,2147483647,false,1612,-1,-1,-1,-1,-1,-1
26842,1647993600,2147483647,false,1612,-1,-1,-1,-1,-1,-1
26844,1647993600,2147483647,false,1612,-1,-1,-1,-1,-1,-1
26846,1647993600,2147483647,false,1612,-1,-1,-1,-1,-1,-1
26848,1647993600,2147483647,false,1612,-1,-1,-1,-1,-1,-1
26850,1647993600,2147483647,false,1613,43886,-1,-1,-1,-1,-1
26852,1647993600,2147483647,false,1613,-1,-1,-1,-1,-1,-1
26854,1647993600,2147483647,false,1613,43889,-1,-1,-1,-1,-1
26856,1647993600,2147483647,false,1613,-1,-1,-1,43904,-1,-1
26858,1647993600,2147483647,false,1613,43886,-1,-1,-1,-1,-1
26860,1647993600,2147483647,false,1613,-1,-1,-1,-1,-1,-1
26862,1647993600,2147483647,false,1613,43889,-1,-1,-1,-1,-1
26864,1647993600,2147483647,false,1613,43886,-1,-1,-1,-1,-1
26866,1647993600,2147483647,false,1613,-1,-1,-1,-1,-1,-1
26868,1647993600,2147483647,false,1613,43889,-1,-1,-1,-1,-1
26870,1647993600,2147483647,false,1613,43886,-1,-1,-1,-1,-1
26872,1647993600,2147483647,false,1613,-1,-1,-1,-1,-1,-1
26874,1647993600,2147483647,false,1613,43889,-1,-1,-1,-1,-1
26876,1647993600,2147483647,false,0,-1,-1,-1,-1,-1,-1
26878,1647993600,2147483647,false,91,-1,-1,-1,-1,-1,-1
26879,1647993600,2147483647,false,0,29817,-1,-1,-1,-1,-1
26880,1647993600,2147483647,false,0,29817,-1,-1,-1,-1,-1
26881,1647993600,2147483647,false,0,29817,-1,-1,-1,-1,-1
26882,1647993600,2147483647,false,0,-1,-1,-1,-1,-1,-1
26883,1647993600,2147483647,false,1614,-1,-1,-1,-1,-1,-1
26884,1647993600,2147483647,false,1614,-1,-1,-1,-1,-1,-1
26885,1647993600,2147483647,false,1614,-1,-1,-1,-1,-1,-1
26886,1647993600,2147483647,false,1614,-1,-1,-1,-1,-1,-1
26887,1647993600,2147483647,false,1615,-1,-1,-1,-1,-1,-1
26888,1647993600,2147483647,false,1615,-1,-1,-1,-1,-1,-1
26889,1647993600,2147483647,false,1615,-1,-1,-1,-1,-1,-1
26890,1647993600,2147483647,false,1615,-1,-1,-1,-1,-1,-1
26891,1647993600,2147483647,false,1615,-1,-1,-1,-1,-1,-1
26892,1647993600,2147483647,false,1615,-1,-1,-1,-1,-1,-1
26893,1647993600,2147483647,false,1615,-1,-1,-1,-1,-1,-1
26894,1647993600,2147483647,false,1615,-1,-1,-1,-1,-1,-1
26895,1647993600,2147483647,false,1615,-1,-1,-1,-1,-1,-1
26896,1647993600,2147483647,false,1615,-1,-1,-1,-1,-1,-1
26897,1647993600,2147483647,false,1615,-1,-1,-1,-1,-1,-1
26898,1647993600,2147483647,false,1615,-1,-1,-1,-1,-1,-1
26899,1647993600,2147483647,false,973,-1,-1,-1,-1,-1,-1
26901,1647993600,2147483647,false,0,-1,-1,-1,-1,-1,-1
26903,1647993600,2147483647,true,0,43887,-1,-1,-1,-1,-1
26904,1647993600,2147483647,true,0,-1,-1,-1,-1,-1,-1
26905,1647993600,2147483647,true,0,-1,-1,-1,-1,-1,-1
26906,1647993600,2147483647,true,0,-1,-1,-1,-1,-1,-1
26908,1647993600,2147483647,false,0,-1,-1,-1,-1,-1,-1
26910,1647993600,2147483647,false,0,-1,-1,-1,-1,-1,-1
26912,1647993600,2147483647,false,1639,43888,-1,-1,-1,-1,-1
26914,1647993600,2147483647,false,1640,43887,-1,-1,-1,-1,-1
26916,1649808000,1651622400,false,0,-1,-1,-1,-1,-1,-1
26917,1649808000,1651622400,false,0,-1,-1,-1,-1,-1,-1
26918,1649808000,1651622400,false,0,-1,-1,-1,-1,-1,-1
26919,1649808000,1651622400,false,0,-1,-1,-1,-1,-1,-1
26920,1649808000,1651622400,false,0,-1,-1,-1,-1,-1,-1
26921,1649808000,1651622400,false,0,-1,-1,-1,-1,-1,-1
26924,1649808000,1651622400,false,0,-1,-1,-1,-1,-1,-1
26925,1649808000,1651622400,false,0,-1,-1,-1,-1,-1,-1
26926,1649808000,1651622400,false,0,-1,-1,-1,-1,-1,-1
26927,1649808000,1651622400,false,0,-1,-1,-1,-1,-1,-1
26928,1649808000,1651622400,false,0,-1,-1,-1,-1,-1,-1
26929,1649808000,1651622400,false,0,-1,-1,-1,-1,-1,-1
26930,1649808000,1651622400,false,0,-1,-1,-1,-1,-1,-1
26931,1649808000,1651622400,false,0,-1,-1,-1,-1,-1,-1
26932,1649808000,1651622400,false,0,-1,-1,-1,-1,-1,-1
26933,1649808000,1651622400,false,0,-1,-1,-1,-1,-1,-1
26934,1649808000,1651622400,false,0,-1,-1,-1,-1,-1,-1
26935,1649808000,1651622400,false,0,-1,-1,-1,-1,-1,-1
26936,1649808000,1651622400,false,0,-1,-1,-1,-1,-1,-1
26937,1649808000,2147483647,false,0,-1,-1,-1,-1,-1,-1
26939,1649808000,2147483647,false,0,-1,-1,-1,-1,-1,-1
26941,1649808000,2147483647,false,0,29817,-1,-1,-1,-1,-1
26942,1651017600,2147483647,true,0,-1,-1,-1,-1,-1,-1
26943,1651017600,2147483647,false,750,-1,-1,-1,-1,-1,-1
26944,1651017600,2147483647,false,750,-1,-1,-1,-1,-1,-1
26945,1651017600,2147483647,false,92,-1,-1,-1,-1,-1,-1
26948,1651017600,2147483647,false,92,-1,-1,-1,-1,-1,-1
26950,1651017600,2147483647,false,92,-1,-1,-1,-1,-1,-1
26952,1651017600,2147483647,true,0,-1,-1,-1,-1,-1,-1
26953,1651017600,2147483647,true,0,-1,-1,-1,-1,-1,-1
26954,1651017600,2147483647,true,0,-1,-1,-1,-1,-1,-1
26955,1651017600,2147483647,true,0,-1,-1,-1,-1,-1,-1
26956,1651017600,2147483647,true,1626,-1,-1,-1,-1,-1,-1
26957,1651017600,2147483647,true,1626,-1,-1,-1,-1,-1,-1
26958,1651017600,2147483647,true,1626,-1,-1,-1,-1,-1,-1
26959,1651017600,2147483647,true,1626,-1,-1,-1,-1,-1,-1
26960,1651017600,2147483647,true,0,-1,-1,-1,-1,-1,-1
26961,1651017600,2147483647,true,0,-1,-1,-1,-1,-1,-1
26962,1651017600,2147483647,true,0,-1,-1,-1,-1,-1,-1
26963,1651017600,2147483647,true,0,-1,-1,-1,-1,-1,-1
26965,1651017600,2147483647,true,0,-1,-1,-1,-1,-1,-1
26967,1651017600,2147483647,true,1627,-1,-1,-1,-1,-1,-1
26969,1651017600,2147483647,true,1627,-1,-1,-1,-1,-1,-1
26984,1651622400,2147483647,false,1639,43888,-1,-1,-1,-1,-1
26986,1651622400,2147483647,false,1639,43888,-1,-1,-1,-1,-1
26988,1651622400,2147483647,false,1639,43888,-1,-1,-1,-1,-1
26990,1651622400,2147483647,false,1640,43887,-1,-1,-1,-1,-1
26992,1651622400,2147483647,false,1640,43887,-1,-1,-1,-1,-1
26994,1651622400,2147483647,false,1640,43887,-1,-1,-1,-1,-1
26996,1652832000,2147483647,false,892,-1,-1,-1,-1,-1,-1
26997,1652832000,2147483647,false,892,-1,-1,-1,-1,-1,-1
27000,1652832000,2147483647,false,7,43276,-1,-1,-1,43304,-1
27001,1652832000,2147483647,false,8,43260,-1,-1,-1,-1,-1
27002,1652832000,2147483647,false,0,-1,-1,-1,43291,-1,-1
27003,1652832000,2147483647,false,7,-1,43274,-1,-1,-1,-1
27004,1652832000,2147483647,false,8,-1,-1,-1,43292,-1,-1
27005,1652832000,2147483647,false,2,230,-1,-1,-1,-1,-1
27006,1652832000,2147483647,false,2,230,-1,-1,-1,-1,-1
27007,1652832000,2147483647,false,2,43254,-1,-1,43285,-1,-1
27008,1652832000,2147483647,false,494,-1,-1,-1,-1,-1,-1
27009,1652832000,2147483647,false,494,-1,-1,-1,-1,-1,-1
27010,1654646400,2147483647,true,0,-1,-1,-1,-1,-1,-1
27012,1654646400,2147483647,false,0,-1,-1,-1,-1,-1,-1
27014,1654646400,2147483647,false,0,6098,-1,-1,-1,-1,-1
27017,1654646400,2147483647,false,0,-1,-1,-1,-1,-1,-1
27019,1654646400,2147483647,false,0,-1,-1,-1,-1,-1,-1
27021,1654646400,2147483647,false,61,44795,-1,-1,-1,-1,-1
27023,1654646400,2147483647,false,0,44786,-1,-1,-1,-1,-1
27025,1654646400,2147483647,false,0,44785,-1,-1,-1,-1,-1
27027,1654646400,2147483647,false,0,-1,-1,-1,-1,-1,-1
27029,1654646400,2147483647,false,0,-1,-1,-1,44789,-1,-1
27031,1654646400,2147483647,false,0,-1,-1,-1,-1,-1,-1
27035,1655856000,2147483647,false,1770,-1,-1,-1,-1,-1,-1
27037,1655856000,1657670400,false,0,-1,-1,-1,-1,-1,-1
27038,1655856000,1657670400,false,0,-1,-1,-1,-1,-1,-1
27039,1655856000,1657670400,false,0,-1,-1,-1,-1,-1,-1
27040,1655856000,1657670400,false,0,-1,-1,-1,-1,-1,-1
27041,1655856000,1657670400,false,0,-1,-1,-1,-1,-1,-1
27042,1656460800,2147483647,false,2,42930,-1,-1,-1,-1,-1
27044,1656460800,2147483647,false,8,-1,-1,-1,42951,-1,-1
27046,1656460800,2147483647,false,0,176,-1,-1,-1,-1,-1
27048,1656460800,2147483647,false,7,-1,42937,-1,42956,-1,-1
27050,1656460800,2147483647,false,7,-1,42937,-1,42958,-1,-1
27052,1656460800,2147483647,false,7,-1,42937,-1,42960,-1,-1
27054,1656460800,2147483647,false,7,-1,42937,-1,42955,-1,-1
27086,1657065600,2147483647,false,149,-1,-1,-1,-1,-1,-1
27098,1684886400,2147483647,false,0,-1,-1,-1,-1,-1,-1
27100,1684886400,2147483647,false,26,-1,-1,-1,-1,-1,-1
27110,1657065600,2147483647,false,16,44947,-1,-1,-1,-1,-1
27111,1657065600,2147483647,false,16,44947,-1,-1,-1,-1,-1
27112,1657065600,2147483647,false,16,44947,-1,-1,-1,-1,-1
27113,1684886400,2147483647,false,0,-1,-1,-1,-1,-1,-1
27115,1684886400,2147483647,false,10,-1,-1,-1,-1,-1,-1
27117,1684886400,2147483647,false,10,-1,-1,-1,44983,-1,-1
27119,1684886400,2147483647,false,10,44937,-1,-1,-1,-1,-1
27121,1657065600,2147483647,false,0,-1,-1,-1,-1,-1,-1
27123,1657065600,2147483647,false,10,-1,-1,-1,-1,-1,-1
27125,1657065600,2147483647,false,10,-1,-1,-1,-1,-1,-1
27127,1657065600,2147483647,false,10,-1,-1,-1,-1,-1,-1
27141,1657670400,2147483647,false,1770,-1,-1,-1,-1,-1,-1
27143,1657670400,2147483647,false,1770,-1,-1,-1,-1,-1,-1
27145,1657670400,2147483647,false,1770,-1,-1,-1,-1,-1,-1
27147,1657670400,2147483647,false,1770,-1,-1,-1,-1,-1,-1
27149,1657670400,2147483647,false,1770,-1,-1,-1,-1,-1,-1
27151,1657670400,2147483647,false,1770,-1,-1,-1,-1,-1,-1
27153,1657670400,2147483647,false,1770,-1,-1,-1,-1,-1,-1
27155,1657670400,2147483647,false,1770,-1,-1,-1,-1,-1,-1
27157,1660089600,2147483647,false,24,-1,-1,-1,-1,-1,-1
27158,1660089600,2147483647,false,10,-1,5028,-1,-1,-1,-1
27159,1660089600,2147483647,false,10,-1,-1,-1,-1,-1,-1
27160,1660089600,2147483647,false,10,-1,5028,-1,-1,-1,-1
27161,1660089600,2147483647,false,10,-1,-1,-1,-1,-1,-1
27162,1660089600,1774396800,false,0,-1,-1,-1,-1,-1,-1
27163,1660089600,1774396800,false,2,-1,-1,-1,-1,-1,-1
27164,1660089600,1774396800,false,2,-1,-1,-1,-1,-1,-1
27165,1660089600,1774396800,false,2,-1,-1,-1,-1,-1,-1
27166,1660089600,2147483647,false,10,8391,-1,-1,-1,8387,-1
27167,1660089600,2147483647,false,10,-1,-1,-1,-1,-1,-1
27168,1660089600,2147483647,false,10,-1,-1,-1,-1,-1,-1
27169,1660089600,2147483647,false,2,215,-1,4219,-1,55867,-1
27170,1660089600,1774396800,false,10,10683,-1,-1,-1,-1,-1
27171,1660089600,2147483647,false,0,31231,-1,-1,-1,-1,-1
27172,1660089600,2147483647,false,0,-1,-1,-1,-1,-1,-1
27173,1660089600,2147483647,false,0,31227,-1,-1,-1,-1,-1
27174,1660089600,2147483647,false,10,-1,-1,-1,-1,-1,-1
27175,1660089600,2147483647,false,10,-1,-1,-1,-1,-1,-1
27176,1660089600,2147483647,false,10,54275,-1,-1,-1,-1,-1
27177,1660089600,1774396800,false,8,37025,-1,-1,37055,-1,-1
27178,1660089600,1774396800,false,0,37041,-1,-1,-1,-1,-1
27179,1660089600,1774396800,false,7,28810,-1,-1,-1,-1,-1
27180,1660089600,2147483647,false,8,-1,-1,-1,-1,-1,-1
27181,1660089600,2147483647,false,8,-1,-1,-1,-1,-1,-1
27182,1660089600,2147483647,false,8,-1,-1,-1,-1,-1,-1
27183,1660089600,1774396800,false,2,20136,-1,-1,275,-1,-1
27184,1660089600,2147483647,false,61,-1,-1,-1,-1,-1,-1
27185,1660089600,2147483647,false,494,-1,-1,-1,-1,-1,-1
27186,1660089600,2147483647,false,37,43172,-1,-1,-1,-1,-1
27187,1660089600,2147483647,false,106,59942,-1,-1,-1,-1,-1
27188,1470268800,2147483647,false,567,-1,-1,-1,-1,-1,-1
27189,1562803200,1774396800,false,39,6704,-1,-1,-1,-1,-1
27190,1562803200,1774396800,false,7,315,-1,-1,478,-1,-1
27191,1660089600,2147483647,false,0,-1,-1,-1,-1,-1,-1
27192,1660089600,2147483647,false,63,-1,-1,-1,-1,-1,-1
27193,1660089600,1774396800,false,10,-1,32658,-1,-1,32665,-1
27194,1660089600,1774396800,false,10,-1,-1,-1,-1,-1,-1
27195,1660089600,1774396800,false,2,39049,-1,-1,-1,-1,-1
27196,1660089600,1774396800,false,7,39051,-1,-1,-1,-1,-1
27197,1660089600,1774396800,false,8,-1,-1,-1,-1,-1,-1
27198,1660089600,1774396800,false,39,-1,-1,-1,-1,-1,-1
27199,1660089600,1774396800,false,7,20162,-1,-1,-1,-1,-1
27200,1660089600,1774396800,false,8,20145,-1,-1,-1,-1,-1
27201,1660089600,1774396800,false,2,20134,-1,-1,-1,-1,-1
27202,1661299200,2147483647,false,69,-1,-1,-1,-1,-1,-1
27205,1661299200,2147483647,false,69,-1,-1,-1,-1,-1,-1
27208,1661299200,2147483647,false,69,-1,-1,-1,-1,-1,-1
27211,1661299200,2147483647,false,69,-1,-1,-1,-1,-1,-1
27214,1661299200,2147483647,false,0,-1,-1,-1,-1,-1,-1
27216,1661299200,2147483647,false,0,-1,-1,-1,-1,-1,-1
27219,1661299200,2147483647,false,0,-1,-1,-1,-1,-1,-1
27221,1661299200,2147483647,false,0,-1,-1,-1,-1,-1,-1
27223,1661299200,2147483647,false,0,-1,-1,-1,-1,-1,-1
27225,1661299200,2147483647,false,0,-1,-1,-1,-1,-1,-1
27226,1661299200,2147483647,false,2,45248,-1,-1,-1,-1,-1
27229,1661299200,2147483647,false,7,45257,-1,-1,-1,-1,-1
27232,1661299200,2147483647,false,8,45256,-1,-1,-1,-1,-1
27235,1661299200,2147483647,false,2,45249,-1,-1,-1,-1,-1
27238,1661299200,2147483647,false,7,45258,-1,-1,-1,-1,-1
27241,1661299200,2147483647,false,8,45255,-1,-1,-1,-1,-1
27246,1662595200,2147483647,false,25,-1,-1,-1,-1,-1,-1
27248,1662595200,2147483647,false,0,-1,-1,-1,-1,-1,-1
27251,1661299200,2147483647,false,18,-1,-1,-1,-1,-1,-1
27253,1662595200,2147483647,false,18,-1,-1,-1,-1,-1,-1
27255,1662595200,2147483647,false,0,-1,-1,-1,-1,-1,-1
27257,1661299200,2147483647,false,1651,45254,-1,-1,-1,-1,-1
27259,1661299200,2147483647,false,1651,45253,-1,-1,-1,-1,-1
27261,1661299200,2147483647,false,1651,45251,-1,-1,-1,-1,-1
27263,1661299200,2147483647,false,1651,45252,-1,-1,-1,-1,-1
27265,1661299200,2147483647,false,1651,45250,-1,-1,45263,-1,-1
27267,1661299200,2147483647,false,0,45247,-1,-1,45261,-1,-1
27269,1661299200,2147483647,false,0,-1,-1,-1,-1,-1,-1
27272,1661299200,2147483647,false,0,-1,-1,-1,-1,-1,-1
27275,1661299200,2147483647,false,1,45281,-1,-1,-1,-1,-1
27277,1661299200,2147483647,false,1,45281,-1,-1,-1,-1,-1
27279,1661299200,2147483647,false,0,-1,-1,-1,-1,-1,-1
27281,1661299200,2147483647,false,149,-1,-1,-1,-1,-1,-1
27283,1661299200,2147483647,false,1652,-1,-1,-1,-1,-1,-1
27285,1661299200,2147483647,false,1652,-1,-1,-1,-1,-1,-1
27287,1661299200,2147483647,false,1588,45275,-1,-1,-1,-1,-1
27289,1661299200,2147483647,false,1652,-1,-1,-1,-1,-1,-1
27291,1661299200,2147483647,false,1588,45275,-1,-1,-1,-1,-1
27293,1661299200,2147483647,false,0,-1,-1,-1,-1,-1,-1
27295,1661299200,2147483647,false,0,-1,-1,-1,-1,-1,-1
27296,1661299200,2147483647,false,0,-1,-1,-1,-1,-1,-1
27297,1661299200,2147483647,false,0,-1,-1,-1,-1,-1,-1
27298,1661299200,2147483647,true,0,-1,-1,-1,-1,-1,-1
27299,1661299200,2147483647,false,0,-1,-1,-1,-1,-1,-1
27300,1661299200,2147483647,false,1653,-1,-1,-1,-1,-1,-1
27302,1661299200,2147483647,false,1653,-1,-1,-1,-1,-1,-1
27304,1661299200,2147483647,false,1653,-1,-1,-1,-1,-1,-1
27306,1661299200,2147483647,false,1653,-1,-1,-1,-1,-1,-1
27308,1661299200,2147483647,false,1653,-1,-1,-1,-1,-1,-1
27310,1661299200,2147483647,false,1653,-1,-1,-1,-1,-1,-1
27312,1661299200,2147483647,false,1653,-1,-1,-1,-1,-1,-1
27314,1661299200,2147483647,false,1654,-1,-1,-1,-1,-1,-1
27315,1661299200,2147483647,false,1655,-1,-1,-1,-1,-1,-1
27317,1661299200,2147483647,false,1655,-1,-1,-1,-1,-1,-1
27319,1661299200,2147483647,false,1655,-1,-1,-1,-1,-1,-1
27321,1661299200,2147483647,false,1655,-1,-1,-1,-1,-1,-1
27323,1661299200,2147483647,false,1656,-1,-1,-1,-1,-1,-1
27325,1661299200,2147483647,false,1656,-1,-1,-1,-1,-1,-1
27327,1661299200,2147483647,false,1655,-1,-1,-1,-1,-1,-1
27329,1661299200,2147483647,false,1655,-1,-1,-1,-1,-1,-1
27331,1661299200,2147483647,false,1655,-1,-1,-1,-1,-1,-1
27333,1661299200,2147483647,false,1655,-1,-1,-1,-1,-1,-1
27335,1661299200,2147483647,false,1656,-1,-1,-1,-1,-1,-1
27337,1661299200,2147483647,false,1656,-1,-1,-1,-1,-1,-1
27339,1661299200,2147483647,false,1655,-1,-1,-1,-1,-1,-1
27341,1661299200,2147483647,false,1655,-1,-1,-1,-1,-1,-1
27343,1661299200,2147483647,false,1656,-1,-1,-1,-1,-1,-1
27345,1661299200,2147483647,false,1656,-1,-1,-1,-1,-1,-1
27347,1661299200,2147483647,false,1655,-1,-1,-1,-1,-1,-1
27349,1661299200,2147483647,false,1655,-1,-1,-1,-1,-1,-1
27351,1661299200,2147483647,false,1656,-1,-1,-1,-1,-1,-1
27352,1661299200,2147483647,false,0,-1,-1,-1,-1,-1,-1
27354,1661299200,2147483647,false,0,-1,-1,-1,-1,-1,-1
27355,1661299200,2147483647,false,0,-1,-1,-1,-1,-1,-1
27358,1661299200,2147483647,false,0,-1,-1,-1,-1,-1,-1
27359,1662595200,2147483647,false,27,-1,-1,-1,-1,-1,-1
27361,1662595200,2147483647,false,27,-1,-1,-1,-1,-1,-1
27363,1662595200,2147483647,false,27,-1,-1,-1,-1,-1,-1
27365,1662595200,2147483647,false,27,-1,-1,-1,-1,-1,-1
27366,1662595200,2147483647,false,0,44455,-1,-1,-1,-1,-1
27368,1663113600,2147483647,false,0,-1,-1,-1,-1,-1,-1
27369,1663113600,2147483647,false,0,-1,-1,-1,-1,-1,-1
27370,1663113600,2147483647,false,0,44533,-1,-1,-1,-1,-1
27372,1662595200,2147483647,false,0,-1,-1,-1,-1,-1,-1
27374,1662595200,2147483647,false,27,-1,-1,-1,-1,-1,-1
27376,1662595200,2147483647,false,27,-1,-1,-1,-1,-1,-1
27377,1662595200,2147483647,false,0,-1,-1,-1,-1,-1,-1
27378,1662595200,2147483647,false,0,-1,-1,-1,-1,-1,-1
27379,1662595200,2147483647,false,0,-1,-1,-1,-1,-1,-1
27380,1662595200,2147483647,false,0,-1,-1,-1,-1,-1,-1
27381,1662595200,2147483647,false,0,-1,-1,-1,-1,-1,-1
27382,1662595200,2147483647,false,0,-1,-1,-1,-1,-1,-1
27383,1662595200,2147483647,false,0,-1,-1,-1,-1,-1,-1
27384,1662595200,2147483647,false,0,-1,-1,-1,-1,-1,-1
27385,1662595200,2147483647,false,0,-1,-1,-1,-1,-1,-1
27386,1662595200,2147483647,false,0,-1,-1,-1,-1,-1,-1
27387,1662595200,2147483647,false,0,-1,-1,-1,-1,-1,-1
27388,1665532800,2147483647,false,0,46533,-1,-1,-1,-1,-1
27390,1665532800,2147483647,false,0,46530,-1,-1,46540,-1,-1
27392,1665532800,2147483647,false,0,46528,-1,-1,-1,-1,-1
27394,1665532800,2147483647,false,0,46536,-1,-1,-1,-1,-1
27396,1665532800,2147483647,false,0,46534,-1,-1,-1,-1,-1
27398,1665532800,2147483647,false,0,46532,-1,-1,-1,-1,-1
27400,1665532800,2147483647,false,0,46529,-1,-1,-1,-1,-1
27402,1665532800,2147483647,false,0,46536,-1,-1,-1,-1,-1
27404,1665532800,2147483647,false,0,46535,-1,-1,-1,-1,-1
27406,1665532800,2147483647,false,0,46531,-1,-1,-1,-1,-1
27408,1665532800,2147483647,false,0,46449,-1,-1,-1,-1,-1
27410,1665532800,2147483647,false,0,46536,-1,-1,-1,-1,-1
27412,1663113600,2147483647,false,0,176,-1,-1,-1,-1,-1
27414,1665532800,2147483647,false,55,46548,-1,-1,-1,-1,-1
27416,1665532800,2147483647,false,0,-1,-1,-1,-1,-1,-1
27418,1665532800,2147483647,false,55,-1,-1,-1,-1,-1,-1
27420,1665532800,2147483647,false,55,-1,-1,-1,-1,-1,-1
27422,1665532800,2147483647,false,55,-1,-1,-1,-1,-1,-1
27424,1665532800,2147483647,false,55,-1,-1,-1,-1,-1,-1
27426,1669766400,2147483647,false,0,-1,-1,-1,-1,-1,-1
27427,1663718400,2147483647,false,1717,-1,-1,-1,-1,-1,-1
27428,1663718400,2147483647,false,0,46579,-1,-1,46586,-1,-1
27430,1663718400,2147483647,false,0,46584,-1,-1,-1,-1,-1
27432,1663718400,2147483647,false,0,46583,-1,-1,-1,-1,-1
27434,1663718400,2147483647,false,0,46582,-1,-1,46589,-1,-1
27436,1663718400,2147483647,false,0,46585,-1,-1,-1,-1,-1
27438,1663718400,2147483647,false,0,-1,-1,-1,46587,-1,-1
27440,1663718400,2147483647,false,0,-1,-1,-1,46588,-1,-1
27442,1665446400,2147483647,false,0,46604,-1,-1,-1,-1,-1
27444,1665446400,2147483647,false,1429,46603,-1,-1,-1,-1,-1
27446,1665446400,2147483647,false,1429,46603,-1,-1,-1,-1,-1
27447,1665446400,2147483647,false,1429,-1,-1,-1,-1,-1,-1
27449,1665446400,2147483647,false,1429,-1,-1,-1,-1,-1,-1
27450,1665446400,2147483647,false,1429,46607,-1,-1,46613,-1,-1
27452,1665446400,2147483647,false,1429,46607,-1,-1,46613,-1,-1
27453,1665446400,2147483647,false,1429,46606,-1,-1,-1,-1,-1
27455,1665446400,2147483647,false,1429,46606,-1,-1,-1,-1,-1
27456,1665446400,2147483647,false,1429,-1,-1,-1,-1,-1,-1
27458,1665446400,2147483647,false,1429,-1,-1,-1,-1,-1,-1
27459,1665446400,2147483647,false,1429,46608,-1,-1,-1,-1,-1
27461,1665446400,2147483647,false,1429,46608,-1,-1,-1,-1,-1
27462,1666137600,2147483647,false,15,-1,-1,-1,-1,-1,-1
27463,1666742400,2147483647,false,1718,-1,-1,-1,-1,-1,-1
27465,1666742400,2147483647,false,1718,-1,-1,-1,-1,-1,-1
27467,1666742400,2147483647,false,1718,-1,-1,-1,-1,-1,-1
27469,1666742400,2147483647,false,1718,-1,-1,-1,-1,-1,-1
27471,1666742400,2147483647,false,1718,-1,-1,-1,-1,-1,-1
27473,1666742400,2147483647,false,0,46632,-1,-1,46644,-1,-1
27475,1666742400,2147483647,false,0,-1,-1,-1,-1,-1,-1
27477,1666742400,2147483647,false,0,46634,-1,-1,-1,-1,-1
27479,1666742400,2147483647,false,0,-1,-1,-1,-1,-1,-1
27481,1666742400,2147483647,false,0,46633,-1,-1,-1,-1,-1
27483,1666742400,2147483647,false,0,-1,-1,-1,-1,-1,-1
27485,1666742400,2147483647,false,1719,-1,-1,-1,-1,-1,-1
27488,1666742400,2147483647,false,1719,-1,-1,-1,-1,-1,-1
27491,1666742400,2147483647,false,1719,-1,-1,-1,-1,-1,-1
27494,1666742400,2147483647,false,1719,-1,-1,-1,-1,-1,-1
27497,1666742400,2147483647,false,1720,46630,-1,-1,-1,-1,-1
27499,1666742400,2147483647,false,1720,46627,-1,-1,-1,-1,-1
27501,1666742400,2147483647,false,1720,46631,-1,-1,-1,-1,-1
27503,1666742400,2147483647,false,1720,46626,-1,-1,-1,-1,-1
27505,1666742400,2147483647,false,1720,46628,-1,-1,-1,-1,-1
27507,1666742400,2147483647,false,1720,46629,-1,-1,-1,-1,-1
27509,1666742400,2147483647,false,149,-1,-1,-1,-1,-1,-1
27511,1669766400,2147483647,true,0,-1,-1,-1,-1,-1,-1
27513,1669766400,2147483647,true,0,-1,-1,-1,-1,-1,-1
27515,1669766400,2147483647,true,0,-1,-1,-1,-1,-1,-1
27516,1669766400,2147483647,true,0,-1,-1,-1,-1,-1,-1
27517,1669766400,2147483647,true,0,-1,-1,-1,-1,-1,-1
27518,1669766400,2147483647,true,0,-1,-1,-1,-1,-1,-1
27519,1669766400,2147483647,true,0,-1,-1,-1,-1,-1,-1
27520,1669766400,2147483647,true,0,-1,-1,-1,-1,-1,-1
27521,1669766400,2147483647,true,0,-1,-1,-1,-1,-1,-1
27522,1669766400,2147483647,true,0,-1,-1,-1,-1,-1,-1
27523,1669766400,2147483647,true,0,-1,-1,-1,-1,-1,-1
27524,1669766400,2147483647,true,0,-1,-1,-1,-1,-1,-1
27525,1669766400,2147483647,true,0,-1,-1,-1,-1,-1,-1
27526,1669766400,2147483647,true,0,-1,-1,-1,-1,-1,-1
27527,1669766400,2147483647,true,0,-1,-1,-1,-1,-1,-1
27528,1669766400,2147483647,true,0,-1,-1,-1,-1,-1,-1
27529,1669766400,2147483647,true,0,-1,-1,-1,-1,-1,-1
27530,1669766400,2147483647,true,0,-1,-1,-1,-1,-1,-1
27531,1669766400,2147483647,true,0,-1,-1,-1,-1,-1,-1
27532,1669766400,2147483647,true,0,-1,-1,-1,-1,-1,-1
27533,1669766400,2147483647,true,0,-1,-1,-1,-1,-1,-1
27534,1669766400,2147483647,true,0,-1,-1,-1,-1,-1,-1
27535,1669766400,2147483647,true,0,-1,-1,-1,-1,-1,-1
27536,1669766400,2147483647,true,0,-1,-1,-1,-1,-1,-1
27537,1669766400,2147483647,true,0,-1,-1,-1,-1,-1,-1
27543,1669766400,2147483647,false,0,-1,-1,-1,-1,-1,-1
27544,1669766400,2147483647,false,0,-1,-1,-1,-1,-1,-1
27546,1669766400,2147483647,false,0,46798,-1,-1,-1,-1,-1
27548,1669766400,2147483647,false,0,46797,-1,-1,-1,-1,-1
27550,1669766400,2147483647,false,494,-1,-1,-1,-1,-1,-1
27551,1669766400,2147483647,false,494,-1,-1,-1,-1,-1,-1
27552,1669766400,2147483647,false,494,-1,-1,-1,-1,-1,-1
27553,1669766400,2147483647,false,494,-1,-1,-1,-1,-1,-1
27554,1670889600,1673395200,false,15,-1,-1,-1,-1,-1,-1
27555,1670889600,1673395200,false,15,-1,-1,-1,-1,-1,-1
27556,1670889600,1673395200,false,15,-1,-1,-1,-1,-1,-1
27557,1670889600,1673395200,false,15,-1,-1,-1,-1,-1,-1
27558,1670889600,2147483647,false,15,46836,-1,-1,-1,-1,-1
27559,1670889600,1673395200,false,15,-1,-1,-1,-1,-1,-1
27560,1670889600,1673395200,false,15,-1,-1,-1,-1,-1,-1
27561,1670889600,1673395200,false,15,-1,-1,-1,-1,-1,-1
27562,1670889600,1673395200,false,15,-1,-1,-1,-1,-1,-1
27563,1670889600,1673395200,false,15,-1,-1,-1,-1,-1,-1
27564,1670889600,2147483647,false,0,46835,-1,-1,-1,-1,-1
27566,1670889600,2147483647,false,0,46846,-1,-1,-1,-1,-1
27568,1670889600,2147483647,false,0,46834,-1,-1,-1,-1,-1
27570,1670889600,2147483647,false,0,46836,-1,-1,-1,-1,-1
27572,1670889600,2147483647,false,1742,-1,-1,-1,-1,-1,-1
27574,1670889600,2147483647,false,1742,46840,-1,-1,-1,-1,-1
27576,1670889600,2147483647,false,1742,46843,-1,-1,-1,-1,-1
27578,1670889600,2147483647,false,1742,46850,-1,-1,-1,-1,-1
27580,1670889600,2147483647,false,26,-1,-1,-1,-1,-1,-1
27582,1670889600,2147483647,false,1742,-1,-1,-1,-1,-1,-1
27583,1670889600,2147483647,false,1742,-1,-1,-1,-1,-1,-1
27584,1670889600,2147483647,false,1742,46842,-1,-1,-1,-1,-1
27585,1670889600,2147483647,false,1742,-1,-1,-1,-1,-1,-1
27586,1670889600,2147483647,false,26,-1,-1,-1,-1,-1,-1
27588,1670889600,2147483647,false,0,-1,-1,-1,-1,-1,-1
27590,1673395200,2147483647,false,0,-1,-1,-1,-1,-1,-1
27592,1673395200,2147483647,false,0,-1,-1,-1,-1,-1,-1
27593,1673395200,2147483647,false,0,-1,-1,-1,-1,-1,-1
27595,1673395200,2147483647,true,0,-1,-1,-1,-1,-1,-1
27596,1673395200,2147483647,true,0,-1,-1,-1,-1,-1,-1
27597,1673395200,2147483647,true,0,-1,-1,-1,-1,-1,-1
27598,1673395200,2147483647,true,0,-1,-1,-1,-1,-1,-1
27599,1673395200,2147483647,true,0,-1,-1,-1,-1,-1,-1
27600,1673395200,2147483647,true,0,-1,-1,-1,-1,-1,-1
27601,1673395200,2147483647,true,0,-1,-1,-1,-1,-1,-1
27602,1673395200,2147483647,true,0,-1,-1,-1,-1,-1,-1
27603,1673395200,2147483647,true,0,-1,-1,-1,-1,-1,-1
27604,1673395200,2147483647,true,0,-1,-1,-1,-1,-1,-1
27605,1673395200,2147483647,true,0,-1,-1,-1,-1,-1,-1
27606,1673395200,2147483647,true,0,-1,-1,-1,-1,-1,-1
27607,1673395200,2147483647,true,0,-1,-1,-1,-1,-1,-1
27608,1673395200,2147483647,true,0,-1,-1,-1,-1,-1,-1
27610,1673395200,2147483647,false,64,-1,-1,-1,-1,-1,-1
27612,1673395200,2147483647,false,64,46961,-1,-1,-1,-1,-1
27614,1673395200,2147483647,false,0,-1,-1,-1,-1,-1,-1
27616,1673395200,2147483647,false,0,-1,-1,-1,-1,-1,-1
27622,1673395200,2147483647,false,0,-1,-1,-1,-1,-1,-1
27624,1673395200,2147483647,false,1,-1,-1,-1,-1,-1,-1
27626,1673395200,2147483647,false,1,-1,-1,-1,-1,-1,-1
27627,1673395200,2147483647,false,0,-1,-1,-1,-1,-1,-1
27629,1673395200,2147483647,false,69,-1,-1,-1,-1,-1,-1
27632,1673395200,2147483647,false,69,-1,-1,-1,-1,-1,-1
27635,1673395200,2147483647,false,69,-1,-1,-1,-1,-1,-1
27638,1673395200,2147483647,false,69,-1,-1,-1,-1,-1,-1
27641,1673395200,2147483647,false,0,-1,-1,-1,-1,-1,-1
27643,1673395200,2147483647,false,0,-1,-1,-1,-1,-1,-1
27645,1674000000,2147483647,false,55,-1,-1,-1,-1,-1,-1
27648,1674604800,2147483647,false,0,-1,-1,-1,-1,-1,-1
27649,1674604800,2147483647,false,0,-1,-1,-1,-1,-1,-1
27650,1674604800,2147483647,false,0,-1,-1,-1,-1,-1,-1
27651,1674604800,2147483647,false,0,-1,-1,-1,-1,-1,-1
27652,1674604800,2147483647,false,106,-1,-1,-1,-1,-1,-1
27655,1674604800,2147483647,false,106,47210,-1,-1,-1,-1,-1
27657,1674604800,2147483647,false,39,-1,-1,-1,-1,-1,-1
27660,1674604800,2147483647,false,39,-1,-1,-1,-1,-1,-1
27662,1674604800,2147483647,false,1,-1,-1,-1,-1,-1,-1
27665,1674604800,2147483647,false,1,-1,-1,-1,-1,-1,-1
27667,1674604800,2147483647,false,0,-1,-1,-1,-1,-1,-1
27670,1674604800,2147483647,false,0,-1,-1,-1,-1,-1,-1
27673,1674604800,2147483647,false,0,-1,-1,-1,-1,-1,-1
27676,1674604800,2147483647,false,1,-1,-1,-1,-1,-1,-1
27679,1674604800,2147483647,false,1,-1,-1,-1,-1,-1,-1
27681,1674604800,2147483647,false,0,-1,-1,-1,-1,-1,-1
27684,1674604800,2147483647,false,0,-1,-1,-1,-1,-1,-1
27687,1674604800,2147483647,false,0,-1,-1,-1,-1,-1,-1
27690,1674604800,2147483647,false,21,-1,-1,-1,-1,-1,-1
27693,1674604800,2147483647,false,0,-1,-1,-1,-1,-1,-1
27695,1674604800,2147483647,false,0,-1,-1,-1,-1,-1,-1
27697,1675814400,2147483647,false,7,-1,-1,-1,38237,-1,-1
27699,1675814400,2147483647,false,7,-1,-1,-1,38237,-1,-1
27701,1675814400,2147483647,false,8,-1,-1,-1,38203,-1,-1
27703,1675814400,2147483647,false,8,-1,-1,-1,38203,-1,-1
27705,1675814400,2147483647,false,2,38027,-1,-1,38164,-1,-1
27707,1675814400,2147483647,false,2,38027,-1,-1,38164,-1,-1
27709,1675814400,2147483647,false,7,-1,-1,-1,38237,-1,-1
27711,1675814400,2147483647,false,7,-1,-1,-1,38237,-1,-1
27713,1675814400,2147483647,false,8,-1,-1,-1,38203,-1,-1
27715,1675814400,2147483647,false,8,-1,-1,-1,38203,-1,-1
27717,1675814400,2147483647,false,2,38027,-1,-1,38164,-1,-1
27719,1675814400,2147483647,false,2,38027,-1,-1,38164,-1,-1
27721,1675814400,2147483647,false,7,-1,-1,-1,38237,-1,-1
27723,1675814400,2147483647,false,7,-1,-1,-1,38237,-1,-1
27725,1675814400,2147483647,false,8,-1,-1,-1,38203,-1,-1
27727,1675814400,2147483647,false,8,-1,-1,-1,38203,-1,-1
27729,1675814400,2147483647,false,2,38027,-1,-1,38164,-1,-1
27731,1675814400,2147483647,false,2,38027,-1,-1,38164,-1,-1
27733,1675814400,2147483647,false,7,-1,-1,-1,38237,-1,-1
27735,1675814400,2147483647,false,7,-1,-1,-1,38237,-1,-1
27737,1675814400,2147483647,false,8,-1,-1,-1,38203,-1,-1
27739,1675814400,2147483647,false,8,-1,-1,-1,38203,-1,-1
27741,1675814400,2147483647,false,2,38027,-1,-1,38164,-1,-1
27743,1675814400,2147483647,false,2,38027,-1,-1,38164,-1,-1
27745,1675814400,2147483647,false,7,-1,-1,-1,38237,-1,-1
27747,1675814400,2147483647,false,7,-1,-1,-1,38237,-1,-1
27749,1675814400,2147483647,false,8,-1,-1,-1,38203,-1,-1
27751,1675814400,2147483647,false,8,-1,-1,-1,38203,-1,-1
27753,1675814400,2147483647,false,2,38027,-1,-1,38164,-1,-1
27755,1675814400,2147483647,false,2,38027,-1,-1,38164,-1,-1
27757,1675814400,2147483647,false,7,-1,-1,-1,38237,-1,-1
27759,1675814400,2147483647,false,7,-1,-1,-1,38237,-1,-1
27761,1675814400,2147483647,false,8,-1,-1,-1,38203,-1,-1
27763,1675814400,2147483647,false,8,-1,-1,-1,38203,-1,-1
27765,1675814400,2147483647,false,2,38027,-1,-1,38164,-1,-1
27767,1675814400,2147483647,false,2,38027,-1,-1,38164,-1,-1
27769,1675814400,2147483647,false,7,-1,-1,-1,38237,-1,-1
27771,1675814400,2147483647,false,7,-1,-1,-1,38237,-1,-1
27773,1675814400,2147483647,false,8,-1,-1,-1,38203,-1,-1
27775,1675814400,2147483647,false,8,-1,-1,-1,38203,-1,-1
27777,1675814400,2147483647,false,2,38027,-1,-1,38164,-1,-1
27779,1675814400,2147483647,false,2,38027,-1,-1,38164,-1,-1
27783,1679443200,2147483647,false,55,-1,-1,-1,-1,-1,-1
27785,1675814400,2147483647,false,1,-1,-1,-1,-1,-1,-1
27788,1675814400,2147483647,false,1,-1,-1,-1,-1,-1,-1
27790,1676419200,2147483647,false,1748,-1,-1,-1,-1,-1,-1
27802,1677024000,2147483647,false,0,47430,-1,-1,-1,-1,-1
27804,1677024000,2147483647,false,0,-1,-1,-1,-1,-1,-1
27806,1677024000,2147483647,false,1750,47435,-1,-1,-1,-1,-1
27808,1677024000,2147483647,false,1750,47436,-1,-1,-1,-1,-1
27810,1677024000,2147483647,false,55,-1,-1,-1,-1,-1,-1
27812,1677024000,2147483647,false,0,-1,-1,-1,-1,-1,-1
27814,1677024000,2147483647,false,1751,-1,-1,-1,-1,-1,-1
27816,1677024000,2147483647,false,1751,-1,-1,-1,-1,-1,-1
27818,1677024000,2147483647,false,1751,-1,-1,-1,-1,-1,-1
27820,1677024000,2147483647,false,55,47446,-1,-1,-1,-1,-1
27822,1677024000,2147483647,false,1752,47434,-1,-1,-1,-1,-1
27823,1677024000,2147483647,false,1752,47434,-1,-1,-1,-1,-1
27824,1677024000,2147483647,false,1752,47434,-1,-1,-1,-1,-1
27825,1677024000,2147483647,false,1752,47434,-1,-1,-1,-1,-1
27826,1677024000,2147483647,false,1752,47434,-1,-1,-1,-1,-1
27827,1677024000,2147483647,false,1752,47434,-1,-1,-1,-1,-1
27828,1677024000,2147483647,false,0,-1,-1,-1,-1,-1,-1
27831,1684886400,2147483647,false,7,35953,-1,-1,-1,-1,-1
27832,1684886400,2147483647,false,8,-1,-1,-1,35960,-1,-1
27833,1684886400,2147483647,false,2,35943,-1,-1,35958,-1,-1
27834,1684886400,2147483647,false,7,35951,-1,-1,-1,-1,-1
27835,1684886400,2147483647,false,8,-1,-1,-1,35961,-1,-1
27836,1684886400,2147483647,false,2,35945,-1,-1,-1,-1,-1
27837,1684886400,2147483647,false,7,35954,-1,-1,-1,-1,-1
27838,1684886400,2147483647,false,8,-1,-1,-1,-1,-1,-1
27839,1684886400,2147483647,false,2,35944,-1,-1,35957,-1,-1
27840,1684886400,2147483647,false,7,35952,-1,-1,-1,-1,-1
27841,1684886400,2147483647,false,8,35949,-1,-1,35962,-1,-1
27842,1684886400,2147483647,false,7,47974,-1,-1,-1,-1,-1
27843,1684886400,2147483647,false,8,-1,-1,-1,47984,-1,-1
27844,1684886400,2147483647,false,2,47962,-1,-1,47979,-1,-1
27845,1684886400,2147483647,false,7,47972,-1,-1,47993,-1,-1
27846,1684886400,2147483647,false,8,-1,-1,-1,47987,-1,-1
27847,1684886400,2147483647,false,2,47963,-1,-1,47981,-1,-1
27848,1684886400,2147483647,false,7,47973,-1,-1,47992,-1,-1
27849,1684886400,2147483647,false,8,-1,-1,-1,-1,-1,-1
27850,1684886400,2147483647,false,2,47961,-1,-1,47980,-1,-1
27851,1684886400,2147483647,false,7,47975,-1,-1,-1,-1,-1
27852,1684886400,2147483647,false,8,47968,-1,-1,47986,-1,-1
27853,1684886400,2147483647,false,64,-1,-1,-1,-1,-1,-1
27855,1684886400,2147483647,false,39,-1,-1,-1,-1,-1,-1
27857,1684886400,2147483647,false,39,-1,-1,-1,-1,-1,-1
27859,1684886400,2147483647,false,21,-1,-1,-1,-1,-1,-1
27861,1684886400,2147483647,false,25,-1,-1,-1,-1,-1,-1
27863,1684886400,2147483647,false,25,-1,-1,-1,-1,-1,-1
27865,1684886400,2147483647,false,25,-1,-1,-1,-1,-1,-1
27867,1684886400,2147483647,false,25,-1,-1,-1,-1,-1,-1
27869,1680048000,2147483647,false,21,-1,-1,-1,-1,-1,-1
27870,1680048000,2147483647,false,656,-1,-1,-1,-1,-1,-1
27871,1680652800,2147483647,false,61,-1,-1,-1,-1,-1,-1
27873,1680652800,2147483647,false,1749,-1,-1,-1,-1,-1,-1
27875,1680652800,2147483647,false,1765,-1,-1,-1,-1,-1,-1
27877,1680652800,2147483647,false,1765,-1,-1,-1,-1,-1,-1
27897,1684281600,2147483647,false,0,-1,-1,-1,-1,-1,-1
27900,1684886400,2147483647,false,36,-1,-1,-1,-1,-1,-1
27902,1684886400,2147483647,false,36,-1,-1,-1,-1,-1,-1
27904,1684886400,2147483647,false,21,-1,-1,-1,-1,-1,-1
27906,1684886400,2147483647,false,21,-1,-1,-1,-1,-1,-1
27908,1684886400,2147483647,false,26,-1,-1,-1,-1,-1,-1
27910,1684886400,2147483647,false,26,-1,-1,-1,-1,-1,-1
27912,1684886400,2147483647,false,24,-1,-1,-1,-1,-1,-1
27914,1684886400,2147483647,false,24,-1,-1,-1,-1,-1,-1
27916,1684886400,2147483647,false,24,-1,-1,-1,-1,-1,-1
27918,1684886400,2147483647,false,24,-1,-1,-1,-1,-1,-1
27920,1684886400,2147483647,false,1,-1,-1,-1,-1,-1,-1
27922,1684886400,2147483647,false,1,-1,-1,-1,-1,-1,-1
27925,1684886400,2147483647,false,7,-1,-1,-1,-1,-1,-1
27928,1684886400,2147483647,false,8,-1,-1,-1,-1,-1,-1
27931,1684886400,2147483647,false,2,-1,-1,-1,-1,-1,-1
27934,1684886400,2147483647,false,7,-1,-1,-1,-1,-1,-1
27937,1684886400,2147483647,false,8,-1,-1,-1,-1,-1,-1
27940,1684886400,2147483647,false,2,-1,-1,-1,-1,-1,-1
27943,1684886400,2147483647,false,7,-1,-1,-1,-1,-1,-1
27946,1684886400,2147483647,false,8,-1,-1,-1,-1,-1,-1
27949,1684886400,2147483647,false,2,-1,-1,-1,-1,-1,-1
27952,1684886400,2147483647,false,7,-1,-1,-1,-1,-1,-1
27955,1684886400,2147483647,false,8,-1,-1,-1,-1,-1,-1
27957,0,2147483647,false,1767,-1,-1,-1,-1,-1,-1
27958,0,2147483647,false,1767,-1,-1,-1,-1,-1,-1
27959,0,2147483647,false,1767,-1,-1,-1,-1,-1,-1
27960,0,2147483647,false,1767,-1,-1,-1,-1,-1,-1
27961,0,2147483647,false,1767,-1,-1,-1,-1,-1,-1
27962,0,2147483647,false,1767,-1,-1,-1,-1,-1,-1
27963,0,2147483647,false,1767,-1,-1,-1,-1,-1,-1
27965,1684886400,2147483647,false,7,-1,-1,-1,-1,-1,-1
27968,1684886400,2147483647,false,8,-1,-1,-1,-1,-1,-1
27971,1684886400,2147483647,false,2,-1,-1,-1,-1,-1,-1
27974,1684886400,2147483647,false,7,-1,-1,-1,-1,-1,-1
27977,1684886400,2147483647,false,8,-1,-1,-1,-1,-1,-1
27980,1684886400,2147483647,false,2,-1,-1,-1,-1,-1,-1
27983,1684886400,2147483647,false,7,-1,-1,-1,-1,-1,-1
27986,1684886400,2147483647,false,8,-1,-1,-1,-1,-1,-1
27989,1684886400,2147483647,false,2,-1,-1,-1,-1,-1,-1
27992,1684886400,2147483647,false,7,-1,-1,-1,-1,-1,-1
27995,1684886400,2147483647,false,8,-1,-1,-1,-1,-1,-1
27997,1684886400,2147483647,false,1768,-1,-1,-1,-1,-1,-1
27999,1684886400,2147483647,false,1768,-1,-1,-1,-1,-1,-1
28001,1684886400,2147483647,false,1768,-1,-1,-1,-1,-1,-1
28003,1684886400,2147483647,false,1768,-1,-1,-1,-1,-1,-1
28005,1684886400,2147483647,false,1768,-1,-1,-1,-1,-1,-1
28007,1684886400,2147483647,false,1768,-1,-1,-1,-1,-1,-1
28009,1684886400,2147483647,false,1768,-1,-1,-1,-1,-1,-1
28011,1684886400,2147483647,false,1768,-1,-1,-1,-1,-1,-1
28013,1684886400,2147483647,false,1768,-1,-1,-1,-1,-1,-1
28015,1684886400,2147483647,false,1768,-1,-1,-1,-1,-1,-1
28017,1684886400,2147483647,false,0,-1,-1,-1,-1,-1,-1
28019,1684886400,2147483647,false,25,48015,-1,-1,-1,-1,-1
28021,1684886400,2147483647,false,25,48021,-1,-1,-1,-1,-1
28023,1684886400,2147483647,false,25,48021,-1,-1,-1,-1,-1
28025,1684886400,2147483647,false,25,48021,-1,-1,-1,-1,-1
28027,1684886400,2147483647,false,39,-1,-1,-1,-1,-1,-1
28029,1684886400,2147483647,false,25,-1,-1,-1,-1,-1,-1
28031,1684886400,2147483647,false,21,48029,-1,-1,-1,-1,-1
28033,1684886400,2147483647,false,21,-1,-1,-1,-1,-1,-1
28035,1684886400,2147483647,false,26,-1,-1,-1,-1,-1,-1
28037,1684886400,2147483647,false,35,-1,-1,-1,-1,-1,-1
28039,1684886400,2147483647,false,65,-1,-1,-1,-1,-1,-1
28041,1684886400,2147483647,false,36,-1,-1,-1,-1,-1,-1
28043,1684886400,2147483647,false,36,-1,-1,-1,-1,-1,-1
28045,1684886400,2147483647,false,36,-1,-1,-1,-1,-1,-1
28047,1684886400,2147483647,false,36,-1,-1,-1,-1,-1,-1
28049,1684886400,2147483647,false,66,48033,-1,-1,-1,-1,-1
28051,1684886400,2147483647,false,61,-1,-1,-1,-1,-1,-1
28053,1684886400,2147483647,false,37,-1,-1,-1,-1,-1,-1
28055,1684886400,2147483647,false,17,47976,-1,-1,-1,-1,-1
28057,1684886400,2147483647,false,2,47960,-1,-1,47977,-1,-1
28059,1684886400,2147483647,false,18,-1,-1,-1,-1,-1,-1
28061,1684886400,2147483647,false,8,-1,-1,-1,-1,-1,-1
28063,1684886400,2147483647,false,8,47964,-1,-1,47982,-1,-1
28065,1684886400,2147483647,false,7,47970,-1,-1,-1,-1,-1
28067,1684886400,2147483647,false,7,47971,-1,-1,-1,-1,-1
28069,1684886400,2147483647,false,7,47971,-1,-1,-1,-1,-1
28070,1684886400,2147483647,false,2,47959,-1,-1,-1,-1,-1
28072,1684886400,2147483647,false,0,-1,-1,-1,-1,-1,-1
28074,1684886400,2147483647,false,0,-1,-1,-1,-1,-1,-1
28076,1684886400,2147483647,false,0,-1,-1,-1,-1,-1,-1
28078,1684886400,2147483647,false,0,-1,-1,-1,-1,-1,-1
28080,1684886400,2147483647,false,0,-1,-1,-1,-1,-1,-1
28082,1686096000,2147483647,false,0,-1,-1,-1,-1,-1,-1
28084,1686096000,2147483647,false,0,-1,-1,-1,-1,-1,-1
28086,1686096000,2147483647,false,0,-1,-1,-1,-1,-1,-1
28088,1686096000,2147483647,false,0,-1,-1,-1,-1,-1,-1
28090,1686096000,2147483647,false,0,-1,-1,-1,-1,-1,-1
28092,1686096000,2147483647,false,0,-1,-1,-1,-1,-1,-1
28094,1686096000,2147483647,false,0,-1,-1,-1,-1,-1,-1
28096,1686096000,2147483647,false,0,-1,-1,-1,-1,-1,-1
28098,1686096000,2147483647,false,0,-1,-1,-1,-1,-1,-1
28108,1686096000,2147483647,false,1771,-1,-1,-1,-1,-1,-1
28109,1686096000,2147483647,false,1771,-1,-1,-1,-1,-1,-1
28110,1686096000,2147483647,false,1771,-1,-1,-1,-1,-1,-1
28111,1686096000,2147483647,false,1771,-1,-1,-1,-1,-1,-1
28112,1686096000,2147483647,false,1771,-1,-1,-1,-1,-1,-1
28113,1686096000,2147483647,false,1771,-1,-1,-1,-1,-1,-1
28114,1686096000,2147483647,false,1771,-1,-1,-1,-1,-1,-1
28115,1686096000,2147483647,false,1771,-1,-1,-1,-1,-1,-1
28116,1686096000,2147483647,false,1773,48113,-1,-1,-1,-1,-1
28118,1686096000,2147483647,false,1773,48112,-1,-1,-1,-1,-1
28119,1686096000,2147483647,false,1773,48110,-1,-1,-1,-1,-1
28120,1686096000,2147483647,false,1773,48108,-1,-1,-1,-1,-1
28121,1686096000,2147483647,false,1773,48112,-1,-1,-1,-1,-1
28122,1686096000,2147483647,false,1773,48110,-1,-1,-1,-1,-1
28123,1686096000,2147483647,false,1773,48112,-1,-1,-1,-1,-1
28124,1686096000,2147483647,false,1773,48109,-1,-1,48122,-1,-1
28125,1686096000,2147483647,false,1773,48111,-1,-1,-1,-1,-1
28126,1686096000,2147483647,false,0,48107,-1,-1,-1,-1,-1
28128,1686096000,2147483647,false,55,-1,-1,-1,-1,-1,-1
28130,1686700800,2147483647,true,0,-1,-1,-1,-1,-1,-1
28132,1686700800,2147483647,true,87,-1,-1,-1,-1,-1,-1
28133,1686700800,2147483647,true,0,-1,-1,-1,-1,-1,-1
28134,1687910400,2147483647,false,0,-1,-1,-1,-1,-1,-1
28136,1687910400,2147483647,false,1775,-1,-1,-1,-1,-1,-1
28138,1687910400,2147483647,false,0,-1,-1,-1,-1,-1,-1
28140,1687910400,2147483647,false,1776,48168,-1,-1,-1,-1,-1
28142,1687910400,2147483647,false,1776,48168,-1,-1,-1,-1,-1
28143,1687910400,2147483647,false,1777,-1,-1,-1,-1,-1,-1
28145,1687910400,2147483647,false,1777,48169,-1,-1,-1,-1,-1
28146,1687910400,2147483647,false,0,-1,-1,-1,-1,-1,-1
28149,1687910400,2147483647,false,0,-1,-1,-1,-1,-1,-1
28152,1687910400,2147483647,false,0,-1,-1,-1,-1,-1,-1
28154,1687910400,2147483647,false,0,-1,-1,-1,-1,-1,-1
28157,1687910400,2147483647,false,0,-1,-1,-1,-1,-1,-1
28159,1687910400,2147483647,false,0,-1,-1,-1,-1,-1,-1
28161,1687910400,2147483647,false,0,-1,-1,-1,-1,-1,-1
28163,1687910400,2147483647,false,0,-1,-1,-1,-1,-1,-1
28166,1687910400,2147483647,false,0,-1,-1,-1,-1,-1,-1
28169,1687910400,2147483647,false,1778,48172,-1,-1,-1,-1,-1
28171,1687910400,2147483647,false,1779,-1,-1,-1,-1,-1,-1
28173,1687910400,2147483647,false,1780,48166,-1,-1,-1,-1,-1
28175,1687910400,2147483647,false,1781,-1,-1,-1,-1,-1,-1
28177,1698192000,2147483647,false,0,-1,-1,-1,-1,-1,-1
28179,0,2147483647,false,15,-1,-1,-1,-1,-1,-1
28181,0,2147483647,false,15,-1,-1,-1,-1,-1,-1
28183,1687910400,2147483647,false,1882,-1,-1,-1,-1,-1,-1
28184,0,2147483647,false,15,-1,-1,-1,-1,-1,-1
28190,0,2147483647,false,15,-1,-1,-1,-1,-1,-1
28192,1687910400,2147483647,false,1782,-1,-1,-1,-1,-1,-1
28193,1687910400,2147483647,false,0,-1,-1,-1,-1,-1,-1
28196,1698192000,2147483647,false,35,-1,-1,-1,-1,-1,-1
28199,1698192000,2147483647,false,35,-1,-1,-1,-1,-1,-1
28202,1698192000,2147483647,false,35,-1,-1,-1,-1,-1,-1
28205,1698192000,2147483647,false,35,-1,-1,-1,-1,-1,-1
28208,1698192000,2147483647,false,35,-1,-1,-1,-1,-1,-1
28211,1698192000,2147483647,false,35,-1,-1,-1,-1,-1,-1
28214,1698192000,2147483647,false,35,-1,-1,-1,-1,-1,-1
28217,1698192000,2147483647,false,35,-1,-1,-1,-1,-1,-1
28220,1698192000,2147483647,false,35,-1,-1,-1,-1,-1,-1
28223,1698192000,2147483647,false,35,-1,-1,-1,-1,-1,-1
28226,1698192000,2147483647,false,35,-1,-1,-1,-1,-1,-1
28229,1687910400,2147483647,false,1783,-1,-1,-1,-1,-1,-1
28230,1687910400,2147483647,false,1783,-1,-1,-1,-1,-1,-1
28231,1687910400,2147483647,false,1783,-1,-1,-1,-1,-1,-1
28232,1687910400,2147483647,false,1783,-1,-1,-1,-1,-1,-1
28233,1687910400,2147483647,false,1783,-1,-1,-1,-1,-1,-1
28234,1687910400,2147483647,false,1783,-1,-1,-1,-1,-1,-1
28235,1687910400,2147483647,false,1783,-1,-1,-1,-1,-1,-1
28236,1687910400,2147483647,false,1783,-1,-1,-1,-1,-1,-1
28237,1687910400,2147483647,false,1783,-1,-1,-1,-1,-1,-1
28238,1690329600,2147483647,false,0,-1,-1,-1,-1,-1,-1
28240,1690329600,2147483647,false,0,-1,-1,-1,-1,-1,-1
28242,1690329600,2147483647,false,0,-1,-1,-1,-1,-1,-1
28244,1690329600,2147483647,false,0,-1,-1,-1,-1,-1,-1
28246,1690329600,2147483647,false,0,-1,-1,-1,-1,-1,-1
28248,1690329600,2147483647,false,0,-1,-1,-1,-1,-1,-1
28250,1690329600,2147483647,false,0,-1,-1,-1,-1,-1,-1
28252,1690329600,2147483647,false,0,-1,-1,-1,-1,-1,-1
28254,1690502400,2147483647,false,2,-1,-1,-1,-1,-1,-1
28256,1690502400,2147483647,false,7,48303,-1,-1,-1,-1,-1
28258,1690502400,2147483647,false,8,-1,-1,-1,-1,-1,-1
28260,1690329600,2147483647,false,1,-1,-1,-1,-1,-1,-1
28262,1690329600,2147483647,false,1,-1,-1,-1,-1,-1,-1
28264,1690329600,2147483647,false,1,-1,-1,-1,-1,-1,-1
28266,1690329600,2147483647,false,1,-1,-1,-1,-1,-1,-1
28268,1690329600,2147483647,false,1772,-1,-1,-1,-1,-1,-1
28270,1690329600,2147483647,false,1772,-1,-1,-1,-1,-1,-1
28272,1690329600,2147483647,false,1772,-1,-1,-1,-1,-1,-1
28274,1690329600,2147483647,false,1772,-1,-1,-1,-1,-1,-1
28276,1690329600,2147483647,false,0,-1,-1,-1,-1,-1,-1
28279,1690329600,2147483647,false,0,-1,-1,-1,-1,-1,-1
28281,1690329600,2147483647,false,0,-1,-1,-1,-1,-1,-1
28283,1690329600,2147483647,false,0,-1,-1,-1,-1,-1,-1
28285,1690329600,2147483647,false,0,-1,-1,-1,-1,-1,-1
28287,1690329600,2147483647,false,0,-1,-1,-1,-1,-1,-1
28289,1690329600,2147483647,false,0,-1,-1,-1,-1,-1,-1
28291,1690329600,2147483647,false,0,-1,-1,-1,-1,-1,-1
28293,1690329600,2147483647,false,0,-1,-1,-1,-1,-1,-1
28295,1690329600,2147483647,false,1791,-1,-1,-1,-1,-1,-1
28298,1690329600,2147483647,false,1791,-1,-1,-1,-1,-1,-1
28301,1690329600,2147483647,false,1791,-1,-1,-1,-1,-1,-1
28304,1690329600,2147483647,false,1791,-1,-1,-1,-1,-1,-1
28307,1690329600,2147483647,false,0,-1,-1,-1,-1,-1,-1
28310,1690329600,2147483647,false,0,-1,-1,-1,-1,-1,-1
28313,1690329600,2147483647,false,0,-1,-1,-1,-1,-1,-1
28316,1690329600,2147483647,false,0,-1,-1,-1,-1,-1,-1
28319,1690329600,2147483647,false,1792,-1,-1,-1,-1,-1,-1
28321,1690329600,2147483647,false,1792,-1,-1,-1,-1,-1,-1
28323,1690329600,2147483647,false,1792,-1,-1,-1,-1,-1,-1
28325,1690329600,2147483647,false,1792,-1,-1,-1,-1,-1,-1
28327,1690329600,2147483647,true,1815,-1,-1,-1,-1,-1,-1
28329,1690329600,2147483647,true,1815,-1,-1,-1,-1,-1,-1
28330,1690329600,2147483647,false,1793,-1,-1,-1,-1,-1,-1
28331,1690329600,2147483647,false,1793,-1,-1,-1,-1,-1,-1
28332,1690329600,2147483647,false,1793,-1,-1,-1,-1,-1,-1
28333,1690329600,2147483647,false,1793,-1,-1,-1,-1,-1,-1
28334,1690329600,2147483647,false,0,-1,-1,-1,-1,-1,-1
28336,1690502400,2147483647,false,0,-1,-1,-1,-1,-1,-1
28338,1690329600,2147483647,false,35,-1,-1,-1,-1,-1,-1
28341,1690329600,2147483647,true,1794,-1,-1,-1,-1,-1,-1
28342,1690329600,2147483647,true,2173,-1,-1,-1,-1,-1,-1
28343,1690329600,2147483647,true,1794,-1,-1,-1,-1,-1,-1
28344,1690329600,2147483647,true,2173,-1,-1,-1,-1,-1,-1
28345,1690329600,2147483647,true,1794,-1,-1,-1,-1,-1,-1
28346,1690329600,2147483647,true,2173,-1,-1,-1,-1,-1,-1
28347,1690329600,2147483647,true,1794,-1,-1,-1,-1,-1,-1
28348,1690329600,2147483647,true,2173,-1,-1,-1,-1,-1,-1
28349,1690329600,2147483647,true,0,-1,-1,-1,-1,-1,-1
28350,1690329600,2147483647,true,1795,-1,-1,-1,-1,-1,-1
28351,1690329600,2147483647,true,1795,-1,-1,-1,-1,-1,-1
28352,1690329600,2147483647,true,1795,-1,-1,-1,-1,-1,-1
28353,1690329600,2147483647,true,1795,-1,-1,-1,-1,-1,-1
28354,1690329600,2147483647,true,1795,-1,-1,-1,-1,-1,-1
28355,1690329600,2147483647,true,1795,-1,-1,-1,-1,-1,-1
28356,1690329600,2147483647,true,1796,-1,-1,-1,-1,-1,-1
28357,1690329600,2147483647,true,1796,-1,-1,-1,-1,-1,-1
28360,1690329600,2147483647,true,0,-1,-1,-1,-1,-1,-1
28361,1690329600,2147483647,true,0,-1,-1,-1,-1,-1,-1
28362,1690329600,2147483647,true,0,-1,-1,-1,-1,-1,-1
28363,1690329600,2147483647,true,0,10131,-1,-1,-1,-1,-1
28364,1690329600,2147483647,true,1797,-1,-1,-1,-1,-1,-1
28365,1690329600,2147483647,true,1797,-1,-1,-1,-1,-1,-1
28366,1690329600,2147483647,true,1797,-1,-1,-1,-1,-1,-1
28367,1690329600,2147483647,true,1798,-1,-1,-1,-1,-1,-1
28368,1690329600,2147483647,true,1798,-1,-1,-1,-1,-1,-1
28369,1690329600,2147483647,true,1798,-1,-1,-1,-1,-1,-1
28370,1690329600,2147483647,true,1799,-1,-1,-1,-1,-1,-1
28371,1690329600,2147483647,true,1799,-1,-1,-1,-1,-1,-1
28372,1690329600,2147483647,true,1799,-1,-1,-1,-1,-1,-1
28373,1690329600,2147483647,true,1799,-1,-1,-1,-1,-1,-1
28374,1690329600,2147483647,true,1799,-1,-1,-1,-1,-1,-1
28375,1690329600,2147483647,true,1800,-1,-1,-1,-1,-1,-1
28376,1690329600,2147483647,true,1800,-1,-1,-1,-1,-1,-1
28377,1690329600,2147483647,true,1800,-1,-1,-1,-1,-1,-1
28378,1690329600,2147483647,true,1800,-1,-1,-1,-1,-1,-1
28379,1690329600,2147483647,true,1800,-1,-1,-1,-1,-1,-1
28380,1690329600,2147483647,true,1800,-1,-1,-1,-1,-1,-1
28381,1690329600,2147483647,true,1800,-1,-1,-1,-1,-1,-1
28382,1690329600,2147483647,true,0,-1,-1,-1,-1,-1,-1
28383,1690329600,2147483647,true,0,-1,-1,-1,-1,-1,-1
28384,1690329600,2147483647,true,0,-1,-1,-1,-1,-1,-1
28385,1690329600,2147483647,true,0,-1,-1,-1,-1,-1,-1
28386,1690329600,2147483647,true,0,-1,-1,-1,-1,-1,-1
28387,1690329600,2147483647,true,0,-1,-1,-1,-1,-1,-1
28388,1690329600,2147483647,true,0,-1,-1,-1,-1,-1,-1
28389,1690329600,2147483647,true,0,-1,-1,-1,-1,-1,-1
28390,1690329600,2147483647,true,43,-1,-1,-1,-1,-1,-1
28392,1690329600,2147483647,true,0,-1,-1,-1,-1,-1,-1
28393,1690329600,2147483647,true,0,-1,-1,-1,-1,-1,-1
28394,1690329600,2147483647,true,1801,-1,-1,-1,-1,-1,-1
28395,1690329600,2147483647,true,1801,-1,-1,-1,-1,-1,-1
28396,1690329600,2147483647,true,1801,-1,-1,-1,-1,-1,-1
28397,1690329600,2147483647,true,1801,-1,-1,-1,-1,-1,-1
28398,1690329600,2147483647,true,1801,-1,-1,-1,-1,-1,-1
28399,1690329600,2147483647,true,1801,-1,-1,-1,-1,-1,-1
28400,1690329600,2147483647,true,1801,-1,-1,-1,-1,-1,-1
28401,1690329600,2147483647,true,1801,-1,-1,-1,-1,-1,-1
28402,1690329600,2147483647,true,0,-1,-1,-1,-1,-1,-1
28403,1690329600,2147483647,true,0,-1,-1,-1,-1,-1,-1
28404,1690329600,2147483647,true,1802,-1,-1,-1,-1,-1,-1
28405,1690329600,2147483647,true,1802,-1,-1,-1,-1,-1,-1
28406,1690329600,2147483647,true,1802,-1,-1,-1,-1,-1,-1
28407,1690329600,2147483647,true,1802,-1,-1,-1,-1,-1,-1
28408,1690329600,2147483647,true,715,-1,-1,-1,-1,-1,-1
28409,1690329600,2147483647,true,87,-1,-1,-1,-1,-1,-1
28410,1690329600,2147483647,true,1803,-1,-1,-1,-1,-1,-1
28412,1690329600,2147483647,true,0,-1,-1,-1,-1,-1,-1
28413,1690329600,2147483647,true,0,-1,-1,-1,-1,-1,-1
28414,1690329600,2147483647,true,0,-1,-1,-1,-1,-1,-1
28415,1690329600,2147483647,true,715,-1,-1,-1,-1,-1,-1
28416,1690329600,2147483647,true,1804,-1,-1,-1,-1,-1,-1
28417,1690329600,2147483647,true,1804,-1,-1,-1,-1,-1,-1
28418,1690329600,2147483647,true,1804,-1,-1,-1,-1,-1,-1
28419,1690329600,2147483647,true,1804,-1,-1,-1,-1,-1,-1
28420,1690329600,2147483647,true,1804,-1,-1,-1,-1,-1,-1
28421,1690329600,2147483647,true,1804,-1,-1,-1,-1,-1,-1
28422,1690329600,2147483647,true,0,-1,-1,-1,-1,-1,-1
28423,1690329600,2147483647,true,0,-1,-1,-1,-1,-1,-1
28424,1690329600,2147483647,true,0,-1,-1,-1,-1,-1,-1
28425,1690329600,2147483647,true,0,-1,-1,-1,-1,-1,-1
28426,1690329600,2147483647,true,0,16488,-1,-1,-1,-1,-1
28427,1690329600,2147483647,true,0,-1,-1,-1,-1,-1,-1
28428,1690329600,2147483647,true,0,-1,-1,-1,-1,-1,-1
28429,1690329600,2147483647,true,0,-1,-1,-1,-1,-1,-1
28430,1690329600,2147483647,true,0,-1,-1,-1,-1,-1,-1
28431,1690329600,2147483647,true,1805,-1,-1,-1,-1,-1,-1
28432,1690329600,2147483647,true,1805,-1,-1,-1,-1,-1,-1
28433,1690329600,2147483647,true,1805,-1,-1,-1,-1,-1,-1
28434,1690329600,2147483647,true,1805,-1,-1,-1,-1,-1,-1
28435,1690329600,2147483647,true,1805,-1,-1,-1,-1,-1,-1
28436,1690329600,2147483647,true,1805,-1,-1,-1,-1,-1,-1
28437,1690329600,2147483647,true,1805,-1,-1,-1,-1,-1,-1
28438,1690329600,2147483647,true,0,-1,-1,-1,-1,-1,-1
28439,1690329600,2147483647,true,0,-1,-1,-1,-1,-1,-1
28440,1690329600,2147483647,true,0,-1,-1,-1,-1,-1,-1
28441,1690329600,2147483647,true,1806,-1,-1,-1,-1,-1,-1
28442,1690329600,2147483647,true,1806,-1,-1,-1,-1,-1,-1
28443,1690329600,2147483647,true,0,-1,-1,-1,-1,-1,-1
28444,1690329600,2147483647,true,0,-1,-1,-1,-1,-1,-1
28445,1690329600,2147483647,true,1807,-1,-1,-1,-1,-1,-1
28446,1690329600,2147483647,true,1807,-1,-1,-1,-1,-1,-1
28447,1690329600,2147483647,true,1807,-1,-1,-1,-1,-1,-1
28448,1690329600,2147483647,true,1807,-1,-1,-1,-1,-1,-1
28449,1690329600,2147483647,true,1807,-1,-1,-1,-1,-1,-1
28450,1690329600,2147483647,true,1807,-1,-1,-1,-1,-1,-1
28451,1690329600,2147483647,true,1807,-1,-1,-1,-1,-1,-1
28452,1690329600,2147483647,true,1807,-1,-1,-1,-1,-1,-1
28453,1690329600,2147483647,true,1807,-1,-1,-1,-1,-1,-1
28454,1690329600,2147483647,true,1807,-1,-1,-1,-1,-1,-1
28455,1690329600,2147483647,true,1807,-1,-1,-1,-1,-1,-1
28456,1690329600,2147483647,true,1807,-1,-1,-1,-1,-1,-1
28457,1690329600,2147483647,true,1807,-1,-1,-1,-1,-1,-1
28458,1690329600,2147483647,true,1807,-1,-1,-1,-1,-1,-1
28459,1690329600,2147483647,true,1807,-1,-1,-1,-1,-1,-1
28460,1690329600,2147483647,true,1807,-1,-1,-1,-1,-1,-1
28461,1690329600,2147483647,true,0,-1,-1,-1,-1,-1,-1
28462,1690329600,2147483647,true,1806,-1,-1,-1,-1,-1,-1
28463,1690329600,2147483647,true,1806,-1,-1,-1,-1,-1,-1
28464,1690329600,2147483647,true,1806,-1,-1,-1,-1,-1,-1
28465,1690329600,2147483647,true,1808,-1,-1,-1,-1,-1,-1
28466,1690329600,2147483647,true,1809,-1,-1,-1,-1,-1,-1
28467,1690329600,2147483647,true,1810,-1,-1,-1,-1,-1,-1
28468,1690329600,2147483647,true,1808,-1,-1,-1,-1,-1,-1
28469,1690329600,2147483647,true,1809,-1,-1,-1,-1,-1,-1
28470,1690329600,2147483647,true,1810,-1,-1,-1,-1,-1,-1
28471,1691020800,2147483647,true,0,-1,-1,-1,-1,-1,-1
28473,1692144000,2147483647,false,1,-1,-1,-1,-1,-1,-1
28474,1692144000,2147483647,false,1,-1,-1,-1,-1,-1,-1
28475,1692144000,2147483647,false,1,-1,-1,-1,-1,-1,-1
28476,1692144000,2147483647,false,1,-1,-1,-1,-1,-1,-1
28477,1692748800,2147483647,false,1583,-1,-1,-1,-1,-1,-1
28478,1692748800,2147483647,false,1584,-1,-1,-1,-1,-1,-1
28480,1692748800,2147483647,false,2401,-1,-1,-1,-1,-1,-1
28481,1692748800,2147483647,false,2402,-1,-1,-1,-1,-1,-1
28483,1692748800,2147483647,false,2401,-1,-1,-1,-1,-1,-1
28484,1692748800,2147483647,false,2402,-1,-1,-1,-1,-1,-1
28486,1692748800,2147483647,false,2401,-1,-1,-1,-1,-1,-1
28487,1692748800,2147483647,false,2402,-1,-1,-1,-1,-1,-1
28489,1692748800,2147483647,false,2401,-1,-1,-1,-1,-1,-1
28490,1692748800,2147483647,false,2402,-1,-1,-1,-1,-1,-1
28492,1692748800,2147483647,false,2401,-1,-1,-1,-1,-1,-1
28493,1692748800,2147483647,false,2402,-1,-1,-1,-1,-1,-1
28495,1692748800,2147483647,false,2401,-1,-1,-1,-1,-1,-1
28496,1692748800,2147483647,false,2402,-1,-1,-1,-1,-1,-1
28498,1692748800,2147483647,false,2401,-1,-1,-1,-1,-1,-1
28499,1692748800,2147483647,false,2402,-1,-1,-1,-1,-1,-1
28501,1692748800,2147483647,false,2401,-1,-1,-1,-1,-1,-1
28502,1692748800,2147483647,false,2402,-1,-1,-1,-1,-1,-1
28504,1692748800,2147483647,false,1583,-1,-1,-1,-1,-1,-1
28505,1692748800,2147483647,false,1584,-1,-1,-1,-1,-1,-1
28507,1692748800,2147483647,false,1583,-1,-1,-1,-1,-1,-1
28508,1692748800,2147483647,false,1584,-1,-1,-1,-1,-1,-1
28510,1692748800,2147483647,false,1583,-1,-1,-1,-1,-1,-1
28511,1692748800,2147483647,false,1584,-1,-1,-1,-1,-1,-1
28513,1692748800,2147483647,false,1583,-1,-1,-1,-1,-1,-1
28514,1692748800,2147483647,false,1584,-1,-1,-1,-1,-1,-1
28516,1692748800,2147483647,false,2401,-1,-1,-1,-1,-1,-1
28517,1692748800,2147483647,false,2402,-1,-1,-1,-1,-1,-1
28519,1692748800,2147483647,false,2401,-1,-1,-1,-1,-1,-1
28520,1692748800,2147483647,false,2402,-1,-1,-1,-1,-1,-1
28522,1692748800,2147483647,false,2401,-1,-1,-1,-1,-1,-1
28523,1692748800,2147483647,false,2402,-1,-1,-1,-1,-1,-1
28525,1692748800,2147483647,false,1583,-1,-1,-1,-1,-1,-1
28526,1692748800,2147483647,false,1584,-1,-1,-1,-1,-1,-1
28528,1692748800,2147483647,false,2401,-1,-1,-1,-1,-1,-1
28529,1692748800,2147483647,false,2402,-1,-1,-1,-1,-1,-1
28531,1692748800,2147483647,false,21,-1,-1,-1,-1,-1,-1
28534,1692748800,2147483647,false,65,-1,-1,-1,-1,-1,-1
28537,1692748800,2147483647,false,61,-1,-1,-1,-1,-1,-1
28540,1692748800,2147483647,false,64,-1,-1,-1,-1,-1,-1
28543,1692748800,2147483647,false,1193,-1,-1,-1,-1,-1,-1
28545,1692748800,2147483647,false,1193,-1,-1,-1,-1,-1,-1
28547,1692748800,2147483647,false,1,49479,-1,-1,-1,-1,-1
28549,1692748800,2147483647,false,1,49479,-1,-1,-1,-1,-1
28551,1768953600,2147483647,false,2400,-1,-1,-1,-1,-1,-1
28552,1768953600,2147483647,false,2400,-1,-1,-1,-1,-1,-1
28553,1768953600,2147483647,false,2400,-1,-1,-1,-1,-1,-1
28554,1768953600,2147483647,false,2400,-1,-1,-1,-1,-1,-1
28555,0,2147483647,false,106,-1,-1,-1,-1,-1,-1
28557,0,2147483647,false,1,-1,-1,-1,-1,-1,-1
28559,0,2147483647,false,21,-1,-1,-1,-1,-1,-1
28561,1779840000,2147483647,false,0,-1,-1,-1,-1,-1,-1
28564,1692748800,2147483647,false,0,-1,-1,-1,-1,-1,-1
28567,1692748800,2147483647,false,0,-1,-1,-1,-1,-1,-1
28570,1692748800,2147483647,false,0,-1,-1,-1,-1,-1,-1
28573,1694563200,2147483647,true,0,-1,-1,-1,-1,-1,-1
28574,1694563200,2147483647,true,0,-1,-1,-1,-1,-1,-1
28575,1694563200,2147483647,true,0,-1,-1,-1,-1,-1,-1
28577,1694563200,2147483647,true,0,-1,-1,-1,-1,-1,-1
28579,1694563200,2147483647,true,0,-1,-1,-1,-1,-1,-1
28583,1694563200,2147483647,false,1,-1,-1,-1,-1,-1,-1
28585,1694563200,2147483647,false,1,49525,-1,-1,-1,-1,-1
28587,1694563200,2147483647,true,87,-1,-1,-1,-1,-1,-1
28588,1694563200,2147483647,true,87,-1,-1,-1,-1,-1,-1
28589,1694563200,2147483647,true,87,-1,-1,-1,-1,-1,-1
28590,1694563200,2147483647,true,87,-1,-1,-1,-1,-1,-1
28591,1695772800,2147483647,false,0,-1,-1,-1,-1,-1,-1
28593,1695772800,2147483647,false,0,-1,-1,-1,-1,-1,-1
28595,1695772800,2147483647,false,0,-1,-1,-1,-1,-1,-1
28597,1695772800,2147483647,false,0,-1,-1,-1,-1,-1,-1
28599,1695772800,2147483647,false,0,-1,-1,-1,-1,-1,-1
28601,1697587200,2147483647,false,0,-1,-1,-1,-1,-1,-1
28603,1697587200,2147483647,false,1881,49801,-1,-1,-1,-1,-1
28605,1697587200,2147483647,false,1881,-1,-1,-1,-1,-1,-1
28607,1697587200,2147483647,false,1881,-1,-1,-1,-1,-1,-1
28609,1697587200,2147483647,false,1881,-1,-1,-1,-1,-1,-1
28611,1697587200,2147483647,false,1881,-1,-1,-1,-1,-1,-1
28613,1698192000,2147483647,false,0,-1,-1,-1,-1,-1,-1
28616,1698192000,2147483647,false,0,-1,-1,-1,-1,-1,-1
28618,1698192000,2147483647,false,0,-1,-1,-1,-1,-1,-1
28620,1698192000,2147483647,false,0,-1,-1,-1,-1,-1,-1
28622,1698192000,2147483647,false,0,-1,-1,-1,-1,-1,-1
28624,1698192000,2147483647,false,0,-1,-1,-1,-1,-1,-1
28626,1698192000,2147483647,false,0,-1,-1,-1,-1,-1,-1
28628,1698192000,2147483647,false,0,-1,-1,-1,-1,-1,-1
28630,1698192000,2147483647,false,0,49838,-1,-1,-1,-1,-1
28644,0,2147483647,false,15,-1,-1,-1,-1,-1,-1
28646,0,2147483647,false,15,-1,-1,-1,-1,-1,-1
28648,0,2147483647,false,1882,-1,-1,-1,-1,-1,-1
28649,1698192000,2147483647,false,1882,-1,-1,-1,-1,-1,-1
28650,1698192000,2147483647,false,1882,-1,-1,-1,-1,-1,-1
28651,0,2147483647,false,15,-1,-1,-1,-1,-1,-1
28653,0,2147483647,false,15,-1,-1,-1,-1,-1,-1
28655,1698192000,2147483647,false,0,-1,-1,-1,-1,-1,-1
28657,0,2147483647,false,15,-1,-1,-1,-1,-1,-1
28659,0,2147483647,false,15,-1,-1,-1,-1,-1,-1
28661,1698192000,2147483647,false,0,-1,-1,-1,-1,-1,-1
28663,1698192000,2147483647,false,0,-1,-1,-1,-1,-1,-1
28665,0,2147483647,false,15,-1,-1,-1,-1,-1,-1
28667,0,2147483647,false,15,-1,-1,-1,-1,-1,-1
28669,1698192000,2147483647,false,1783,-1,-1,-1,-1,-1,-1
28670,1698192000,2147483647,false,1783,-1,-1,-1,-1,-1,-1
28671,1698192000,2147483647,false,0,49837,-1,-1,-1,-1,-1
28672,1698796800,2147483647,false,17,-1,-1,-1,-1,-1,-1
28674,1698796800,2147483647,false,0,-1,-1,-1,-1,-1,-1
28676,0,2147483647,false,206,-1,-1,-1,-1,-1,-1
28677,0,2147483647,false,206,-1,-1,-1,-1,-1,-1
28682,1701216000,2147483647,false,1014,-1,-1,-1,-1,-1,-1
28684,1701216000,2147483647,false,0,-1,-1,-1,-1,-1,-1
28687,1701216000,2147483647,false,24,-1,-1,-1,-1,-1,-1
28688,1701216000,2147483647,false,24,-1,-1,-1,-1,-1,-1
28690,1701216000,2147483647,false,0,-1,-1,-1,-1,-1,-1
28693,1701216000,2147483647,false,0,49975,-1,-1,-1,-1,-1
28696,1701216000,2147483647,false,0,49975,-1,-1,-1,-1,-1
28699,1701216000,2147483647,false,0,49975,-1,-1,-1,-1,-1
28702,1701216000,2147483647,false,42,49976,-1,-1,-1,-1,-1
28705,1701216000,2147483647,false,0,-1,-1,-1,-1,-1,-1
28708,1701216000,2147483647,false,0,49975,-1,-1,-1,-1,-1
28711,0,2147483647,false,206,-1,-1,-1,-1,-1,-1
28712,1701216000,2147483647,false,0,-1,-1,-1,-1,-1,-1
28715,1701216000,2147483647,false,0,49933,-1,-1,-1,-1,-1
28718,1701216000,2147483647,false,0,49927,-1,-1,-1,-1,-1
28721,1701216000,2147483647,false,0,49938,-1,-1,-1,-1,-1
28724,1701216000,2147483647,false,0,-1,-1,-1,-1,-1,-1
28727,1701216000,2147483647,false,0,49934,-1,-1,-1,-1,-1
28730,1701216000,2147483647,false,0,49929,-1,-1,-1,-1,-1
28733,1701216000,2147483647,false,0,49939,-1,-1,-1,-1,-1
28736,1701216000,2147483647,false,0,-1,-1,-1,-1,-1,-1
28739,1701216000,2147483647,false,0,49935,-1,-1,49958,-1,-1
28742,1701216000,2147483647,false,0,49928,-1,-1,-1,-1,-1
28745,1701216000,2147483647,false,0,49937,-1,-1,-1,-1,-1
28748,1701216000,2147483647,false,39,-1,-1,-1,-1,-1,-1
28751,1701216000,2147483647,false,55,-1,-1,-1,-1,-1,-1
28753,1701216000,2147483647,false,55,-1,-1,-1,-1,-1,-1
28755,1701216000,2147483647,false,55,-1,-1,-1,-1,-1,-1
28757,1701216000,2147483647,false,18,-1,-1,-1,-1,-1,-1
28759,1701216000,2147483647,false,18,-1,-1,-1,-1,-1,-1
28761,1701216000,2147483647,false,18,-1,-1,-1,-1,-1,-1
28763,1701216000,2147483647,false,18,-1,-1,-1,-1,-1,-1
28765,1700006400,1704844800,false,0,-1,-1,-1,-1,-1,-1
28767,1700006400,2147483647,false,0,-1,-1,-1,-1,-1,-1
28769,1776211200,2147483647,false,0,-1,-1,-1,-1,-1,-1
28771,1776211200,2147483647,false,0,-1,-1,-1,-1,-1,-1
28773,1700006400,2147483647,false,24,-1,-1,-1,-1,-1,-1
28775,1700006400,1704844800,false,0,-1,-1,-1,-1,-1,-1
28777,1701216000,2147483647,false,1590,-1,-1,-1,-1,-1,-1
28780,1701216000,2147483647,false,1590,-1,-1,-1,-1,-1,-1
28783,1701216000,2147483647,false,1590,-1,-1,-1,-1,-1,-1
28786,1702339200,2147483647,false,0,50061,-1,-1,50065,-1,-1
28788,1702339200,2147483647,false,0,50060,-1,-1,-1,-1,-1
28790,1704844800,2147483647,false,482,-1,-1,-1,-1,-1,-1
28792,1706054400,2147483647,false,39,-1,-1,-1,-1,-1,-1
28794,1706054400,2147483647,false,64,-1,-1,-1,-1,-1,-1
28796,1706054400,2147483647,false,1,-1,-1,-1,-1,-1,-1
28798,1706054400,2147483647,false,0,-1,-1,-1,-1,-1,-1
28800,1706054400,2147483647,false,0,-1,-1,-1,-1,-1,-1
28801,1706054400,2147483647,false,0,-1,-1,-1,-1,-1,-1
28803,1708473600,2147483647,true,0,-1,-1,-1,-1,-1,-1
28804,1708473600,2147483647,true,0,-1,-1,-1,-1,-1,-1
28805,1708473600,2147483647,true,0,-1,-1,-1,-1,-1,-1
28806,1708473600,2147483647,true,0,-1,-1,-1,-1,-1,-1
28807,1708473600,2147483647,true,0,50178,-1,-1,-1,-1,-1
28808,1708473600,2147483647,true,0,-1,-1,-1,-1,-1,-1
28809,1708473600,2147483647,true,1894,-1,-1,-1,-1,-1,-1
28810,1708473600,2147483647,false,35,-1,-1,-1,-1,-1,-1
28813,1708473600,2147483647,false,0,-1,-1,-1,-1,-1,-1
28816,1730851200,2147483647,true,0,-1,-1,-1,-1,-1,-1
28817,1730851200,2147483647,true,0,-1,-1,-1,-1,-1,-1
28818,1730851200,2147483647,true,0,-1,-1,-1,-1,-1,-1
28819,1730851200,2147483647,true,0,-1,-1,-1,-1,-1,-1
28820,1708473600,2147483647,false,87,-1,-1,-1,-1,-1,-1
28822,1710892800,2147483647,false,1249,-1,-1,-1,-1,-1,-1
28824,1710892800,2147483647,false,482,-1,-1,-1,-1,-1,-1
28826,1710892800,2147483647,false,0,-1,-1,-1,-1,-1,-1
28828,1710892800,2147483647,false,0,-1,-1,-1,-1,-1,-1
28830,1710892800,2147483647,false,27,-1,-1,-1,-1,-1,-1
28831,1710892800,2147483647,false,0,-1,-1,-1,-1,-1,-1
28834,1710892800,2147483647,false,586,51142,-1,-1,-1,-1,-1
28837,1710892800,2147483647,false,1912,-1,-1,-1,-1,-1,-1
28839,1710892800,2147483647,false,576,26619,28515,19984,-1,-1,-1
28842,1710892800,2147483647,false,576,-1,-1,-1,-1,-1,-1
28845,1710892800,2147483647,false,577,26619,28515,19984,-1,-1,-1
28848,1710892800,2147483647,false,577,-1,-1,-1,-1,-1,-1
28851,1710892800,2147483647,false,578,26619,28515,19984,-1,-1,-1
28854,1710892800,2147483647,false,578,-1,-1,-1,-1,-1,-1
28857,1710892800,2147483647,false,579,26619,28515,19984,-1,-1,-1
28860,1710892800,2147483647,false,579,-1,-1,-1,-1,-1,-1
28869,1710892800,2147483647,false,37,51165,-1,-1,-1,-1,-1
28872,1710892800,2147483647,false,584,-1,-1,-1,-1,-1,-1
28878,1710892800,2147483647,false,584,-1,-1,-1,-1,-1,-1
28890,1710892800,2147483647,false,604,-1,-1,-1,-1,-1,-1
28893,1710892800,2147483647,false,604,-1,-1,-1,-1,-1,-1
28896,1710892800,2147483647,false,0,-1,-1,-1,-1,-1,-1
28899,1710892800,2147483647,false,6,-1,-1,-1,-1,-1,-1
28902,1710892800,2147483647,false,27,53120,-1,-1,53121,-1,-1
28904,1710892800,2147483647,false,0,53119,-1,-1,-1,-1,-1
28906,1710892800,2147483647,false,27,53120,-1,-1,53121,-1,-1
28907,1710892800,2147483647,false,51,-1,-1,-1,-1,-1,-1
28908,1710892800,2147483647,false,51,-1,-1,-1,-1,-1,-1
28909,1710892800,2147483647,false,51,-1,-1,-1,-1,-1,-1
28910,1710892800,2147483647,false,750,-1,-1,-1,-1,-1,-1
28911,1710892800,2147483647,false,750,-1,-1,-1,-1,-1,-1
28912,1710892800,2147483647,false,750,-1,-1,-1,-1,-1,-1
28913,1710892800,2147483647,false,46,-1,-1,-1,-1,-1,-1
28914,1710892800,2147483647,false,46,-1,-1,-1,-1,-1,-1
28915,1710892800,2147483647,false,47,-1,-1,-1,-1,-1,-1
28916,1710892800,2147483647,false,47,-1,-1,-1,-1,-1,-1
28917,0,2147483647,false,50,-1,-1,-1,-1,-1,-1
28918,1710892800,2147483647,false,47,-1,-1,-1,-1,-1,-1
28919,1710892800,2147483647,false,24,-1,-1,-1,-1,-1,-1
28922,1710892800,2147483647,false,24,-1,-1,-1,-1,-1,-1
28924,1710892800,2147483647,false,0,-1,-1,-1,-1,-1,-1
28929,1710892800,2147483647,false,149,-1,-1,-1,-1,-1,-1
28931,1710892800,2147483647,false,759,-1,-1,-1,-1,-1,-1
28933,1710892800,2147483647,false,2,-1,-1,-1,-1,-1,-1
28936,1710892800,2147483647,false,7,-1,-1,-1,-1,-1,-1
28939,1710892800,2147483647,false,8,50855,-1,-1,-1,-1,-1
28942,1710892800,2147483647,false,0,-1,-1,-1,-1,-1,-1
28945,1710892800,2147483647,false,17,-1,-1,-1,-1,-1,-1
28947,1710892800,2147483647,false,27,50822,-1,-1,-1,-1,-1
28949,1710892800,2147483647,false,27,50822,-1,-1,-1,-1,-1
28951,1710892800,2147483647,false,27,50822,-1,-1,-1,-1,-1
28953,1710892800,2147483647,false,27,50822,-1,-1,-1,-1,-1
28955,1710892800,2147483647,false,27,50822,-1,-1,-1,-1,-1
28957,1710892800,2147483647,false,27,50822,-1,-1,-1,-1,-1
28958,1710892800,2147483647,false,0,-1,-1,-1,-1,-1,-1
28960,1710892800,2147483647,false,0,-1,-1,-1,-1,-1,-1
28962,1710892800,2147483647,false,0,-1,-1,-1,-1,-1,-1
28964,1710892800,2147483647,true,0,-1,-1,-1,-1,-1,-1
28965,1710892800,2147483647,true,0,-1,-1,-1,-1,-1,-1
28966,1710892800,2147483647,true,0,-1,-1,-1,-1,-1,-1
28967,1710892800,2147483647,true,0,-1,-1,-1,-1,-1,-1
28968,1710892800,2147483647,true,0,-1,-1,-1,-1,-1,-1
28969,1710892800,2147483647,true,0,-1,-1,-1,-1,-1,-1
28970,1710892800,2147483647,true,0,-1,-1,-1,-1,-1,-1
28972,1710892800,2147483647,false,0,-1,-1,-1,-1,-1,-1
28973,1710892800,2147483647,true,0,-1,-1,-1,-1,-1,-1
28974,1710892800,2147483647,false,0,-1,-1,-1,-1,-1,-1
28975,1710892800,2147483647,true,0,51140,-1,-1,-1,-1,-1
28976,1710892800,2147483647,true,0,-1,-1,-1,-1,-1,-1
28977,1710892800,2147483647,true,1913,-1,-1,-1,-1,-1,-1
28978,1710892800,2147483647,true,1914,-1,-1,-1,-1,-1,-1
28979,1710892800,2147483647,true,1914,-1,-1,-1,-1,-1,-1
28980,1710892800,2147483647,true,1914,-1,-1,-1,-1,-1,-1
28981,1710892800,2147483647,true,1914,-1,-1,-1,-1,-1,-1
28982,1710892800,2147483647,true,1914,-1,-1,-1,-1,-1,-1
28983,1710892800,2147483647,true,1914,-1,-1,-1,-1,-1,-1
28984,1710892800,2147483647,false,70,-1,-1,-1,-1,-1,-1
28986,1710892800,2147483647,true,0,-1,-1,-1,-1,-1,-1
28987,1710892800,2147483647,true,0,-1,-1,-1,-1,-1,-1
28988,1710892800,2147483647,false,1,-1,-1,-1,-1,-1,-1
28991,1710892800,2147483647,false,1915,-1,-1,-1,-1,-1,-1
28997,1710892800,2147483647,false,39,-1,-1,-1,-1,-1,-1
29000,1710892800,2147483647,false,64,-1,-1,-1,-1,-1,-1
29004,1710892800,2147483647,false,7,50901,-1,-1,-1,-1,-1
29007,1710892800,2147483647,false,8,50851,-1,-1,-1,-1,-1
29010,1710892800,2147483647,false,2,-1,-1,-1,-1,-1,-1
29013,1710892800,2147483647,false,7,50888,-1,-1,-1,-1,-1
29016,1710892800,2147483647,false,8,50854,-1,-1,-1,-1,-1
29019,1710892800,2147483647,false,2,50811,-1,-1,-1,-1,-1
29022,1710892800,2147483647,false,7,50909,-1,-1,-1,-1,-1
29025,1710892800,2147483647,false,8,50859,-1,-1,-1,-1,-1
29028,1710892800,2147483647,false,2,-1,-1,-1,-1,-1,-1
29031,1710892800,2147483647,false,7,50901,-1,-1,-1,-1,-1
29033,1710892800,2147483647,false,8,50851,-1,-1,-1,-1,-1
29035,1710892800,2147483647,false,2,-1,-1,-1,-1,-1,-1
29037,1710892800,2147483647,false,7,50888,-1,-1,-1,-1,-1
29039,1710892800,2147483647,false,8,50854,-1,-1,-1,-1,-1
29041,1710892800,2147483647,false,2,50811,-1,-1,-1,-1,-1
29043,1710892800,2147483647,false,7,50909,-1,-1,-1,-1,-1
29045,1710892800,2147483647,false,8,50859,-1,-1,-1,-1,-1
29047,1710892800,2147483647,false,2,-1,-1,-1,-1,-1,-1
29049,1710892800,2147483647,false,7,50901,-1,-1,-1,-1,-1
29052,1710892800,2147483647,false,8,50851,-1,-1,-1,-1,-1
29055,1710892800,2147483647,false,2,-1,-1,-1,-1,-1,-1
29058,1710892800,2147483647,false,7,50888,-1,-1,-1,-1,-1
29061,1710892800,2147483647,false,8,50854,-1,-1,-1,-1,-1
29064,1710892800,2147483647,false,2,50811,-1,-1,-1,-1,-1
29067,1710892800,2147483647,false,7,50909,-1,-1,-1,-1,-1
29070,1710892800,2147483647,false,8,50859,-1,-1,-1,-1,-1
29073,1710892800,2147483647,false,2,-1,-1,-1,-1,-1,-1
29076,1710892800,2147483647,true,1916,-1,-1,-1,-1,-1,-1
29077,1710892800,2147483647,false,5,-1,-1,-1,-1,-1,-1
29078,1710892800,2147483647,true,0,-1,-1,-1,-1,-1,-1
29079,1710892800,2147483647,true,0,-1,-1,-1,-1,-1,-1
29080,1710892800,2147483647,false,69,-1,-1,-1,-1,-1,-1
29081,1710892800,2147483647,false,69,-1,-1,-1,-1,-1,-1
29082,1710892800,2147483647,false,69,-1,-1,-1,-1,-1,-1
29083,1710892800,2147483647,false,69,-1,-1,-1,-1,-1,-1
29084,1710892800,2147483647,false,21,-1,-1,-1,-1,-1,-1
29087,1710892800,2147483647,false,0,-1,-1,-1,-1,-1,-1
29088,1710892800,2147483647,false,0,-1,-1,-1,-1,-1,-1
29090,1710892800,2147483647,false,0,-1,-1,-1,-1,-1,-1
29098,1710892800,2147483647,false,0,-1,-1,-1,-1,-1,-1
29101,1710892800,2147483647,false,1917,-1,-1,-1,-1,-1,-1
29104,1710892800,2147483647,false,1917,-1,-1,-1,-1,-1,-1
29107,1710892800,2147483647,false,1917,-1,-1,-1,-1,-1,-1
29110,1710892800,2147483647,false,1917,-1,-1,-1,-1,-1,-1
29113,1710892800,2147483647,false,1917,-1,-1,-1,-1,-1,-1
29116,1710892800,2147483647,false,1917,-1,-1,-1,-1,-1,-1
29119,1710892800,2147483647,false,1917,-1,-1,-1,-1,-1,-1
29122,1710892800,2147483647,false,1917,-1,-1,-1,-1,-1,-1
29125,1710892800,2147483647,false,1917,-1,-1,-1,-1,-1,-1
29128,1710892800,2147483647,false,5,-1,-1,-1,-1,-1,-1
29131,1710892800,2147483647,false,5,-1,-1,-1,-1,-1,-1
29134,1710892800,2147483647,false,5,-1,-1,-1,-1,-1,-1
29137,1710892800,2147483647,false,5,-1,-1,-1,-1,-1,-1
29140,1710892800,2147483647,false,5,-1,-1,-1,-1,-1,-1
29143,1710892800,2147483647,false,5,-1,-1,-1,-1,-1,-1
29146,1710892800,2147483647,false,5,-1,-1,-1,-1,-1,-1
29149,1710892800,2147483647,false,5,-1,-1,-1,-1,-1,-1
29152,1710892800,2147483647,false,5,-1,-1,-1,-1,-1,-1
29155,1710892800,2147483647,false,0,-1,-1,-1,-1,-1,-1
29157,1710892800,2147483647,false,0,-1,-1,-1,-1,-1,-1
29159,1710892800,2147483647,false,0,-1,-1,-1,-1,-1,-1
29161,1710892800,2147483647,false,0,-1,-1,-1,-1,-1,-1
29163,1710892800,2147483647,false,0,-1,-1,-1,-1,-1,-1
29166,1710892800,2147483647,false,0,-1,-1,-1,-1,-1,-1
29168,1710892800,2147483647,false,0,-1,-1,-1,-1,-1,-1
29171,1710892800,2147483647,false,0,-1,-1,-1,-1,-1,-1
29174,1710892800,2147483647,false,0,-1,-1,-1,-1,-1,-1
29177,1710892800,2147483647,false,0,-1,-1,-1,-1,-1,-1
29180,1710892800,2147483647,false,69,-1,-1,-1,-1,-1,-1
29183,1710892800,2147483647,false,69,-1,-1,-1,-1,-1,-1
29186,1710892800,2147483647,false,69,-1,-1,-1,-1,-1,-1
29189,1710892800,2147483647,false,69,-1,-1,-1,-1,-1,-1
29192,1710892800,2147483647,false,69,-1,-1,-1,-1,-1,-1
29195,1710892800,2147483647,false,69,-1,-1,-1,-1,-1,-1
29198,1710892800,2147483647,false,69,-1,-1,-1,-1,-1,-1
29201,1710892800,2147483647,false,69,-1,-1,-1,-1,-1,-1
29204,1710892800,2147483647,false,69,-1,-1,-1,-1,-1,-1
29207,1710892800,2147483647,false,69,-1,-1,-1,-1,-1,-1
29210,1710892800,2147483647,false,69,-1,-1,-1,-1,-1,-1
29213,1710892800,2147483647,false,69,-1,-1,-1,-1,-1,-1
29216,1710892800,2147483647,true,1916,-1,-1,-1,-1,-1,-1
29217,1710892800,2147483647,false,0,-1,-1,-1,-1,-1,-1
29218,1710892800,2147483647,false,0,-1,-1,-1,-1,-1,-1
29221,1710892800,2147483647,false,1918,-1,-1,-1,-1,-1,-1
29222,1710892800,2147483647,false,1918,-1,-1,-1,-1,-1,-1
29223,1710892800,2147483647,false,1918,-1,-1,-1,-1,-1,-1
29224,1710892800,2147483647,false,1918,-1,-1,-1,-1,-1,-1
29225,1710892800,2147483647,false,1918,-1,-1,-1,-1,-1,-1
29226,1710892800,2147483647,false,1918,-1,-1,-1,-1,-1,-1
29227,1710892800,2147483647,false,1918,-1,-1,-1,-1,-1,-1
29228,1710892800,2147483647,false,1918,-1,-1,-1,-1,-1,-1
29229,1710892800,2147483647,false,1918,-1,-1,-1,-1,-1,-1
29230,1710892800,2147483647,false,1918,-1,-1,-1,-1,-1,-1
29231,1710892800,2147483647,false,1918,-1,-1,-1,-1,-1,-1
29232,1710892800,2147483647,false,1918,-1,-1,-1,-1,-1,-1
29233,1710892800,2147483647,false,1918,-1,-1,-1,-1,-1,-1
29234,1710892800,2147483647,false,1918,-1,-1,-1,-1,-1,-1
29235,1710892800,2147483647,false,1918,-1,-1,-1,-1,-1,-1
29236,1710892800,2147483647,false,1918,-1,-1,-1,-1,-1,-1
29237,1710892800,2147483647,false,1918,-1,-1,-1,-1,-1,-1
29238,1710892800,2147483647,false,1918,-1,-1,-1,-1,-1,-1
29239,1710892800,2147483647,false,1918,-1,-1,-1,-1,-1,-1
29240,1710892800,2147483647,false,1918,-1,-1,-1,-1,-1,-1
29241,1710892800,2147483647,false,1918,-1,-1,-1,-1,-1,-1
29242,1710892800,2147483647,false,1919,-1,-1,-1,-1,-1,-1
29244,1710892800,2147483647,false,1919,-1,-1,-1,-1,-1,-1
29246,1710892800,2147483647,false,1919,-1,-1,-1,-1,-1,-1
29248,1710892800,2147483647,false,1919,-1,-1,-1,-1,-1,-1
29251,1710892800,2147483647,false,0,-1,-1,-1,-1,-1,-1
29253,1710892800,2147483647,false,0,-1,-1,-1,-1,-1,-1
29256,1710892800,2147483647,false,0,-1,-1,-1,-1,-1,-1
29259,1710892800,2147483647,false,0,-1,-1,-1,-1,-1,-1
29261,1710892800,2147483647,false,0,-1,-1,-1,-1,-1,-1
29263,1710892800,2147483647,false,0,-1,-1,-1,-1,-1,-1
29265,1710892800,2147483647,false,0,50884,-1,-1,-1,-1,-1
29267,1710892800,2147483647,false,0,-1,-1,-1,-1,-1,-1
29269,1710892800,2147483647,false,0,50919,-1,-1,-1,-1,-1
29271,1710892800,2147483647,false,1920,-1,-1,-1,-1,-1,-1
29273,1710892800,2147483647,false,1920,-1,-1,-1,-1,-1,-1
29275,1710892800,2147483647,false,1920,-1,-1,-1,-1,-1,-1
29277,1710892800,2147483647,false,0,-1,-1,-1,-1,-1,-1
29280,1710892800,2147483647,false,0,50893,-1,-1,-1,-1,-1
29283,1710892800,2147483647,false,0,50840,-1,-1,51039,-1,-1
29286,1710892800,2147483647,false,0,50926,-1,-1,-1,-1,-1
29289,1710892800,2147483647,false,0,-1,-1,-1,-1,-1,-1
29292,1710892800,2147483647,false,0,-1,-1,-1,-1,-1,-1
29295,1710892800,2147483647,false,1921,-1,-1,-1,-1,-1,-1
29297,1710892800,2147483647,false,1921,-1,-1,-1,-1,-1,-1
29299,1710892800,2147483647,false,1922,-1,-1,-1,-1,-1,-1
29301,1710892800,2147483647,false,1922,-1,-1,-1,-1,-1,-1
29303,1710892800,2147483647,false,1922,-1,-1,-1,-1,-1,-1
29305,1710892800,2147483647,false,24,-1,-1,-1,-1,-1,-1
29307,1710892800,2147483647,false,0,-1,-1,-1,-1,-1,-1
29309,1710892800,2147483647,false,0,-1,-1,-1,-1,-1,-1
29311,1710892800,2147483647,false,0,-1,-1,-1,-1,-1,-1
29317,1710892800,2147483647,false,0,-1,-1,-1,-1,-1,-1
29319,1710892800,2147483647,false,0,-1,-1,-1,-1,-1,-1
29321,1710892800,2147483647,false,0,-1,-1,-1,-1,-1,-1
29323,1710892800,2147483647,false,0,-1,-1,-1,-1,-1,-1
29325,1710892800,2147483647,false,0,-1,-1,-1,-1,-1,-1
29332,1710892800,2147483647,false,0,-1,-1,-1,-1,-1,-1
29338,1710892800,2147483647,false,1923,-1,-1,-1,-1,-1,-1
29340,1710892800,2147483647,false,1923,-1,-1,-1,-1,-1,-1
29342,1710892800,2147483647,false,1923,-1,-1,-1,-1,-1,-1
29344,1710892800,2147483647,false,1923,-1,-1,-1,-1,-1,-1
29346,1710892800,2147483647,false,1923,-1,-1,-1,-1,-1,-1
29348,1710892800,2147483647,false,1923,-1,-1,-1,-1,-1,-1
29350,1710892800,2147483647,false,1923,-1,-1,-1,-1,-1,-1
29352,1710892800,2147483647,false,1923,-1,-1,-1,-1,-1,-1
29354,1710892800,2147483647,false,1923,-1,-1,-1,-1,-1,-1
29356,1710892800,2147483647,false,1923,-1,-1,-1,-1,-1,-1
29358,1710892800,2147483647,false,1923,-1,-1,-1,-1,-1,-1
29360,1710892800,2147483647,false,1923,-1,-1,-1,-1,-1,-1
29362,1710892800,2147483647,false,1923,-1,-1,-1,-1,-1,-1
29364,1710892800,2147483647,false,1923,-1,-1,-1,-1,-1,-1
29366,1710892800,2147483647,false,1923,-1,-1,-1,-1,-1,-1
29368,1710892800,2147483647,false,1923,-1,-1,-1,-1,-1,-1
29370,1710892800,2147483647,false,1923,-1,-1,-1,-1,-1,-1
29372,1710892800,2147483647,false,1923,-1,-1,-1,-1,-1,-1
29374,1710892800,2147483647,false,1923,-1,-1,-1,-1,-1,-1
29376,1710892800,2147483647,false,1923,-1,-1,-1,-1,-1,-1
29378,1710892800,2147483647,false,1923,-1,-1,-1,-1,-1,-1
29381,1710892800,2147483647,false,0,-1,-1,-1,-1,-1,-1
29382,1710892800,2147483647,false,0,-1,-1,-1,-1,-1,-1
29384,1710892800,2147483647,false,0,-1,-1,-1,-1,-1,-1
29386,1710892800,2147483647,false,0,-1,-1,-1,-1,-1,-1
29388,1710892800,2147483647,false,1924,-1,-1,-1,-1,-1,-1
29389,1710892800,2147483647,false,1924,-1,-1,-1,-1,-1,-1
29390,1710892800,2147483647,false,1924,-1,-1,-1,-1,-1,-1
29391,1710892800,2147483647,false,1924,-1,-1,-1,-1,-1,-1
29392,1710892800,2147483647,false,1924,-1,-1,-1,-1,-1,-1
29393,1710892800,2147483647,false,1924,-1,-1,-1,-1,-1,-1
29394,1710892800,2147483647,false,1924,-1,-1,-1,-1,-1,-1
29395,1710892800,2147483647,false,1924,-1,-1,-1,-1,-1,-1
29396,1710892800,2147483647,false,1924,-1,-1,-1,-1,-1,-1
29397,1710892800,2147483647,false,1924,-1,-1,-1,-1,-1,-1
29398,1710892800,2147483647,false,1924,-1,-1,-1,-1,-1,-1
29399,1710892800,2147483647,false,1924,-1,-1,-1,-1,-1,-1
29400,1710892800,2147483647,false,1924,-1,-1,-1,-1,-1,-1
29401,1710892800,2147483647,false,1924,-1,-1,-1,-1,-1,-1
29402,1710892800,2147483647,false,1924,-1,-1,-1,-1,-1,-1
29403,1710892800,2147483647,false,1924,-1,-1,-1,-1,-1,-1
29404,1710892800,2147483647,false,1924,-1,-1,-1,-1,-1,-1
29405,1710892800,2147483647,false,1924,-1,-1,-1,-1,-1,-1
29406,1710892800,2147483647,false,1924,-1,-1,-1,-1,-1,-1
29407,1710892800,2147483647,false,1924,-1,-1,-1,-1,-1,-1
29408,1710892800,2147483647,false,0,-1,-1,-1,-1,-1,-1
29409,1710892800,2147483647,false,0,-1,-1,-1,-1,-1,-1
29412,1710892800,2147483647,false,0,-1,-1,-1,-1,-1,-1
29415,1710892800,2147483647,false,0,-1,-1,-1,-1,-1,-1
29418,1710892800,2147483647,false,0,-1,-1,-1,-1,-1,-1
29421,1710892800,2147483647,false,0,-1,-1,-1,-1,-1,-1
29424,1710892800,2147483647,false,0,-1,-1,-1,-1,-1,-1
29427,1710892800,2147483647,true,0,-1,-1,-1,-1,-1,-1
29428,1710892800,2147483647,true,0,-1,-1,-1,-1,-1,-1
29433,1711497600,2147483647,false,0,-1,-1,-1,-1,-1,-1
29437,1711497600,2147483647,false,0,-1,-1,-1,52897,-1,-1
29439,1711497600,2147483647,false,0,52895,-1,-1,-1,-1,-1
29441,1711497600,2147483647,false,0,-1,-1,-1,-1,-1,-1
29443,1711497600,2147483647,false,2,52894,-1,-1,-1,-1,-1
29448,0,2147483647,false,15,-1,-1,-1,-1,-1,-1
29449,1712707200,2147483647,false,0,-1,-1,-1,-1,-1,-1
29455,1712707200,2147483647,false,0,-1,-1,-1,-1,-1,-1
29458,1712707200,2147483647,false,2004,-1,-1,-1,-1,-1,-1
29460,1712707200,2147483647,false,0,-1,-1,-1,-1,-1,-1
29462,1713916800,2147483647,false,1921,-1,-1,-1,-1,-1,-1
29464,1713916800,2147483647,false,1921,-1,-1,-1,-1,-1,-1
29466,1713916800,2147483647,false,1922,-1,-1,-1,-1,-1,-1
29468,1713916800,2147483647,false,1922,-1,-1,-1,-1,-1,-1
29470,1713916800,2147483647,false,1922,-1,-1,-1,-1,-1,-1
29472,1715126400,2147483647,false,2,-1,-1,-1,-1,-1,-1
29474,1715126400,2147483647,false,0,59908,-1,-1,59913,-1,-1
29476,1715126400,2147483647,false,0,-1,-1,-1,-1,-1,-1
29478,1715126400,2147483647,false,0,-1,-1,-1,-1,-1,-1
29480,1715126400,2147483647,false,0,-1,-1,-1,-1,-1,-1
29482,1715126400,2147483647,false,0,-1,-1,-1,-1,-1,-1
29484,0,2147483647,false,2003,-1,-1,-1,-1,-1,-1
29485,0,2147483647,false,2005,-1,-1,-1,-1,-1,-1
29486,1716940800,2147483647,false,0,-1,-1,-1,-1,-1,-1
29489,1717545600,2147483647,false,585,-1,-1,-1,-1,-1,-1
29491,1717545600,2147483647,false,585,-1,-1,-1,-1,-1,-1
29493,1717545600,2147483647,false,585,-1,-1,-1,-1,-1,-1
29495,1717545600,2147483647,false,585,-1,-1,-1,-1,-1,-1
29497,1717545600,2147483647,false,585,-1,-1,-1,-1,-1,-1
29499,1717545600,2147483647,false,585,53151,-1,-1,-1,-1,-1
29501,1717545600,2147483647,false,585,-1,-1,-1,-1,-1,-1
29503,1717545600,2147483647,false,585,-1,-1,-1,-1,-1,-1
29505,1717545600,2147483647,false,585,-1,-1,-1,-1,-1,-1
29507,1717545600,2147483647,false,857,53161,-1,-1,53174,-1,-1
29509,1717545600,2147483647,false,857,53157,-1,-1,-1,-1,-1
29510,1717545600,2147483647,false,857,53159,-1,-1,-1,-1,-1
29511,1717545600,2147483647,false,857,53162,-1,-1,-1,-1,-1
29512,1717545600,2147483647,false,857,53158,-1,-1,-1,-1,-1
29513,1717545600,2147483647,false,857,53160,-1,-1,-1,-1,-1
29514,1717545600,2147483647,false,857,53164,-1,-1,-1,-1,-1
29515,1717545600,2147483647,false,857,53163,-1,-1,-1,-1,-1
29516,1717545600,2147483647,false,857,53156,-1,-1,-1,-1,-1
29517,1720569600,2147483647,true,0,-1,-1,-1,-1,-1,-1
29518,1720569600,2147483647,true,0,-1,-1,-1,-1,-1,-1
29519,1720569600,2147483647,true,0,-1,-1,-1,-1,-1,-1
29521,1720569600,2147483647,true,0,54052,-1,-1,-1,-1,-1
29522,1720569600,2147483647,true,0,-1,-1,-1,-1,-1,-1
29523,1720569600,2147483647,true,0,-1,-1,-1,-1,-1,-1
29524,1720569600,2147483647,true,0,-1,-1,-1,-1,-1,-1
29525,1720569600,2147483647,true,0,-1,-1,-1,-1,-1,-1
29526,1720569600,2147483647,true,0,-1,-1,-1,-1,-1,-1
29527,1720569600,2147483647,true,2006,-1,-1,-1,-1,-1,-1
29528,1720569600,2147483647,true,2006,-1,-1,-1,-1,-1,-1
29529,1720569600,2147483647,true,2006,-1,-1,-1,-1,-1,-1
29530,1720569600,2147483647,true,0,-1,-1,-1,-1,-1,-1
29531,1720569600,2147483647,true,0,-1,-1,-1,-1,-1,-1
29532,1720569600,2147483647,true,0,-1,-1,-1,-1,-1,-1
29533,1720569600,2147483647,true,0,-1,-1,-1,-1,-1,-1
29534,1720569600,2147483647,true,0,-1,-1,-1,-1,-1,-1
29535,1720569600,2147483647,true,0,-1,-1,-1,-1,-1,-1
29536,1720569600,2147483647,true,0,-1,-1,-1,-1,-1,-1
29537,1720569600,2147483647,true,0,-1,-1,-1,-1,-1,-1
29538,1720569600,2147483647,true,0,-1,-1,-1,-1,-1,-1
29539,1720569600,2147483647,true,2008,-1,-1,-1,-1,-1,-1
29540,1720569600,2147483647,true,2008,-1,-1,-1,-1,-1,-1
29541,1720569600,2147483647,true,2008,-1,-1,-1,-1,-1,-1
29542,1720569600,2147483647,true,2008,-1,-1,-1,-1,-1,-1
29543,1720569600,2147483647,true,2008,-1,-1,-1,-1,-1,-1
29544,1720569600,2147483647,true,2008,-1,-1,-1,-1,-1,-1
29545,1720569600,2147483647,true,2008,-1,-1,-1,-1,-1,-1
29546,1720569600,2147483647,true,2008,-1,-1,-1,-1,-1,-1
29547,1720569600,2147483647,true,2008,-1,-1,-1,-1,-1,-1
29548,1720569600,2147483647,true,2008,-1,-1,-1,-1,-1,-1
29549,1720569600,2147483647,true,2008,-1,-1,-1,-1,-1,-1
29550,1720569600,2147483647,true,2008,-1,-1,-1,-1,-1,-1
29551,1720569600,2147483647,true,2008,-1,-1,-1,-1,-1,-1
29552,1720569600,2147483647,true,2009,-1,-1,-1,-1,-1,-1
29553,1720569600,2147483647,true,2009,-1,-1,-1,-1,-1,-1
29554,1720569600,2147483647,true,2009,-1,-1,-1,-1,-1,-1
29555,1720569600,2147483647,true,2009,-1,-1,-1,-1,-1,-1
29556,1720569600,2147483647,true,0,-1,-1,-1,-1,-1,-1
29558,1720569600,2147483647,true,0,-1,-1,-1,-1,-1,-1
29560,1720569600,2147483647,true,2,54117,-1,-1,-1,-1,-1
29562,1720569600,2147483647,true,7,54181,-1,-1,-1,-1,-1
29564,1720569600,2147483647,true,8,-1,-1,-1,-1,-1,-1
29566,1720569600,2147483647,true,10,54124,-1,-1,-1,-1,-1
29568,1720569600,2147483647,true,10,-1,-1,-1,-1,-1,-1
29570,1720569600,2147483647,true,10,-1,-1,-1,-1,-1,-1
29572,1720569600,2147483647,true,2010,-1,-1,-1,-1,-1,-1
29573,1720569600,2147483647,true,0,-1,-1,-1,-1,-1,-1
29574,1720569600,2147483647,false,0,-1,-1,-1,-1,-1,-1
29577,1720569600,2147483647,false,65,-1,-1,-1,-1,-1,-1
29580,1720569600,2147483647,false,0,-1,-1,-1,-1,-1,-1
29583,1720569600,2147483647,false,0,-1,-1,-1,-1,-1,-1
29585,1720569600,2147483647,false,0,-1,-1,-1,-1,-1,-1
29587,1720569600,2147483647,false,0,-1,-1,-1,-1,-1,-1
29589,1720569600,2147483647,false,21,-1,-1,-1,-1,-1,-1
29591,1720569600,2147483647,false,64,54040,-1,-1,-1,-1,-1
29594,1720569600,2147483647,false,1,54055,-1,-1,-1,-1,-1
29596,1720569600,2147483647,true,0,-1,-1,-1,-1,-1,-1
29598,0,2147483647,false,206,-1,-1,-1,-1,-1,-1
29599,1721174400,2147483647,false,64,-1,-1,-1,-1,-1,-1
29602,1721174400,2147483647,false,1,-1,-1,-1,-1,-1,-1
29605,1721174400,2147483647,false,61,-1,-1,-1,-1,-1,-1
29607,1721174400,2147483647,false,21,-1,-1,-1,-1,-1,-1
29609,1721174400,2147483647,false,1,-1,-1,-1,-1,-1,-1
29611,1721174400,2147483647,false,64,-1,-1,-1,-1,-1,-1
29613,1721174400,2147483647,false,0,54216,-1,-1,-1,-1,-1
29615,1721174400,2147483647,false,0,54216,-1,-1,-1,-1,-1
29617,1721174400,2147483647,false,0,54216,-1,-1,-1,-1,-1
29619,1722988800,2147483647,false,0,-1,-1,-1,-1,-1,-1
29622,1722988800,2147483647,false,0,-1,-1,-1,-1,-1,-1
29625,1722988800,2147483647,false,0,-1,-1,-1,-1,-1,-1
29628,1722988800,2147483647,false,0,-1,-1,-1,-1,-1,-1
29631,1721174400,2147483647,false,69,-1,-1,-1,-1,-1,-1
29634,1721174400,2147483647,false,69,-1,-1,-1,-1,-1,-1
29637,1721174400,2147483647,false,69,-1,-1,-1,-1,-1,-1
29640,1721174400,2147483647,false,69,-1,-1,-1,-1,-1,-1
29643,1721174400,2147483647,false,0,-1,-1,-1,-1,-1,-1
29648,1721174400,2147483647,false,2401,-1,-1,-1,-1,-1,-1
29649,1721174400,2147483647,false,2402,-1,-1,-1,-1,-1,-1
29651,1721174400,2147483647,false,2401,-1,-1,-1,-1,-1,-1
29652,1721174400,2147483647,false,2402,-1,-1,-1,-1,-1,-1
29654,1721174400,2147483647,false,1583,-1,-1,-1,-1,-1,-1
29655,1721174400,2147483647,false,1584,-1,-1,-1,-1,-1,-1
29657,1721174400,2147483647,false,2401,-1,-1,-1,-1,-1,-1
29658,1721174400,2147483647,false,2402,-1,-1,-1,-1,-1,-1
29660,1721174400,2147483647,false,2401,-1,-1,-1,-1,-1,-1
29661,1721174400,2147483647,false,2402,-1,-1,-1,-1,-1,-1
29663,1721174400,2147483647,false,1583,-1,-1,-1,-1,-1,-1
29664,1721174400,2147483647,false,1584,-1,-1,-1,-1,-1,-1
29666,1721174400,2147483647,false,2401,-1,-1,-1,-1,-1,-1
29667,1721174400,2147483647,false,2402,-1,-1,-1,-1,-1,-1
29669,1721174400,2147483647,false,2401,-1,-1,-1,-1,-1,-1
29670,1721174400,2147483647,false,2402,-1,-1,-1,-1,-1,-1
29672,1721174400,2147483647,false,1583,-1,-1,-1,-1,-1,-1
29673,1721174400,2147483647,false,1584,-1,-1,-1,-1,-1,-1
29675,1721174400,2147483647,false,1583,-1,-1,-1,-1,-1,-1
29676,1721174400,2147483647,false,1584,-1,-1,-1,-1,-1,-1
29678,1721174400,2147483647,false,1583,-1,-1,-1,-1,-1,-1
29679,1721174400,2147483647,false,1584,-1,-1,-1,-1,-1,-1
29684,1721779200,2147483647,false,1138,-1,-1,-1,-1,-1,-1
29686,1723593600,2147483647,false,0,28515,-1,322,-1,-1,-1
29688,1723593600,2147483647,false,0,28515,-1,326,-1,-1,-1
29690,1723593600,2147483647,false,0,28515,-1,320,-1,-1,-1
29692,1723593600,2147483647,false,0,28515,-1,327,-1,-1,-1
29694,1723593600,2147483647,false,0,28515,-1,324,-1,-1,-1
29696,1723593600,2147483647,false,0,28582,-1,-1,-1,-1,-1
29698,1723593600,2147483647,false,0,28714,-1,-1,-1,-1,-1
29700,1723593600,2147483647,false,0,28786,-1,-1,-1,-1,-1
29702,1723593600,2147483647,false,0,28554,-1,-1,-1,-1,-1
29704,1723593600,2147483647,false,0,28774,-1,-1,-1,-1,-1
29706,1723593600,2147483647,false,0,28550,-1,-1,-1,-1,-1
29708,1723593600,2147483647,false,0,28650,26632,-1,-1,-1,-1
29710,1723593600,2147483647,false,0,28548,-1,-1,-1,-1,-1
29712,1723593600,2147483647,false,0,28586,-1,-1,-1,-1,-1
29714,1723593600,2147483647,false,0,28547,-1,-1,-1,-1,-1
29716,1723593600,2147483647,false,0,28515,-1,-1,-1,-1,-1
29718,1723593600,2147483647,false,0,28515,26618,-1,-1,-1,-1
29720,1723593600,2147483647,false,0,28515,28345,-1,-1,-1,-1
29722,1723593600,2147483647,false,0,28515,-1,-1,-1,-1,-1
29724,1723593600,2147483647,false,0,28515,28340,-1,-1,-1,-1
29726,1723593600,2147483647,false,0,28515,-1,-1,-1,-1,-1
29728,1723593600,2147483647,false,0,28515,-1,-1,-1,-1,-1
29730,1723593600,2147483647,false,0,28515,27139,-1,-1,-1,-1
29732,1723593600,2147483647,false,0,28515,27140,-1,-1,-1,-1
29734,1723593600,2147483647,false,0,28515,-1,-1,-1,-1,-1
29736,1723593600,2147483647,false,0,28515,26633,-1,-1,-1,-1
29738,1723593600,2147483647,false,0,28337,-1,-1,-1,-1,-1
29740,1723593600,2147483647,false,0,28336,-1,-1,-1,-1,-1
29742,1723593600,2147483647,false,0,28512,-1,-1,-1,-1,-1
29744,1723593600,2147483647,false,0,28349,-1,-1,-1,-1,-1
29746,1723593600,2147483647,false,0,28335,-1,-1,-1,-1,-1
29748,1723593600,2147483647,false,0,28338,-1,-1,-1,-1,-1
29750,1723593600,2147483647,false,0,28436,-1,-1,-1,-1,-1
29752,1723593600,2147483647,false,0,27623,-1,-1,433,-1,-1
29754,1723593600,2147483647,false,0,27563,-1,-1,-1,-1,-1
29756,1723593600,2147483647,false,0,27610,-1,-1,-1,-1,-1
29758,1723593600,2147483647,false,0,28373,-1,-1,429,-1,-1
29760,1723593600,2147483647,false,0,28449,-1,-1,28358,-1,-1
29762,1723593600,2147483647,false,0,28220,-1,-1,-1,-1,-1
29764,1723593600,2147483647,false,0,28348,-1,-1,-1,-1,-1
29766,1723593600,2147483647,false,0,28347,-1,-1,-1,-1,-1
29768,1723593600,2147483647,false,0,28374,-1,-1,-1,-1,-1
29770,1723593600,2147483647,false,0,28339,-1,-1,-1,-1,-1
29772,1723593600,2147483647,false,0,28334,-1,-1,-1,-1,-1
29774,1723593600,2147483647,false,0,-1,-1,-1,-1,-1,-1
29775,1723593600,2147483647,false,0,-1,-1,-1,-1,-1,-1
29777,1723593600,2147483647,false,2053,-1,-1,-1,-1,-1,-1
29781,1724803200,2147483647,false,0,-1,-1,-1,-1,-1,-1
29782,1724803200,2147483647,false,1138,-1,-1,-1,-1,-1,-1
29784,1724803200,2147483647,false,0,-1,-1,-1,-1,-1,-1
29786,1724803200,2147483647,false,0,-1,-1,-1,-1,-1,-1
29788,1724803200,2147483647,false,0,-1,-1,-1,-1,-1,-1
29790,1724803200,2147483647,false,26,-1,-1,-1,-1,-1,-1
29792,1724803200,2147483647,false,26,-1,-1,-1,-1,-1,-1
29794,1724803200,2147483647,false,26,-1,-1,-1,-1,-1,-1
29796,1724803200,2147483647,false,66,-1,-1,-1,-1,-1,-1
29799,1724803200,2147483647,false,0,-1,-1,-1,-1,-1,-1
29801,1724803200,2147483647,false,0,-1,-1,-1,-1,-1,-1
29804,1724803200,2147483647,false,0,-1,-1,-1,-1,-1,-1
29806,1724803200,2147483647,false,17,-1,-1,-1,-1,-1,-1
29809,1724803200,2147483647,false,0,-1,-1,-1,-1,-1,-1
29816,1724803200,2147483647,false,2,54328,-1,-1,-1,-1,-1
29818,1724803200,2147483647,false,2,54328,-1,-1,-1,-1,-1
29820,1724803200,2147483647,false,2,54328,-1,-1,-1,-1,-1
29822,1724803200,2147483647,false,2,54328,-1,-1,-1,-1,-1
29824,1724803200,2147483647,false,69,-1,-1,-1,-1,-1,-1
29827,1724803200,2147483647,false,69,-1,-1,-1,-1,-1,-1
29830,1724803200,2147483647,false,69,-1,-1,-1,-1,-1,-1
29833,1724803200,2147483647,false,69,-1,-1,-1,-1,-1,-1
29836,1724803200,2147483647,false,0,-1,-1,-1,-1,-1,-1
29838,1724803200,2147483647,false,0,-1,-1,-1,-1,-1,-1
29840,1726012800,2147483647,false,7,50901,-1,-1,-1,-1,-1
29841,1726012800,2147483647,false,8,50851,-1,-1,-1,-1,-1
29842,1726012800,2147483647,false,2,-1,-1,-1,-1,-1,-1
29843,1726012800,2147483647,false,7,50888,-1,-1,-1,-1,-1
29844,1726012800,2147483647,false,8,50854,-1,-1,-1,-1,-1
29845,1726012800,2147483647,false,2,50811,-1,-1,-1,-1,-1
29846,1726012800,2147483647,false,7,50909,-1,-1,-1,-1,-1
29847,1726012800,2147483647,false,8,50859,-1,-1,-1,-1,-1
29848,1726012800,2147483647,false,2,-1,-1,-1,-1,-1,-1
29849,1726012800,2147483647,false,1,-1,-1,-1,-1,-1,-1
29850,1726012800,2147483647,false,39,-1,-1,-1,-1,-1,-1
29851,1726012800,2147483647,false,64,-1,-1,-1,-1,-1,-1
29852,1726012800,2147483647,false,1915,-1,-1,-1,-1,-1,-1
29853,1727222400,2147483647,false,46,-1,-1,-1,-1,-1,-1
29854,1727222400,2147483647,false,46,-1,-1,-1,-1,-1,-1
29855,1727222400,2147483647,false,750,-1,-1,-1,-1,-1,-1
29856,1727222400,2147483647,false,750,-1,-1,-1,-1,-1,-1
29857,1727222400,2147483647,false,51,-1,-1,-1,-1,-1,-1
29858,1727222400,2147483647,false,51,-1,-1,-1,-1,-1,-1
29859,1727222400,2147483647,false,47,-1,-1,-1,-1,-1,-1
29860,0,2147483647,false,46,-1,-1,-1,-1,-1,-1
29861,0,2147483647,false,51,-1,-1,-1,-1,-1,-1
29862,0,2147483647,false,51,-1,-1,-1,-1,-1,-1
29863,0,2147483647,false,46,-1,-1,-1,-1,-1,-1
29864,0,2147483647,false,47,-1,-1,-1,-1,-1,-1
29867,1727222400,2147483647,true,2058,-1,-1,-1,-1,-1,-1
29868,1727222400,2147483647,true,0,55170,-1,-1,-1,-1,-1
29870,1727222400,2147483647,true,0,-1,-1,-1,-1,-1,-1
29872,1727222400,2147483647,true,0,55214,-1,-1,-1,-1,-1
29874,1727222400,2147483647,true,0,55252,-1,-1,-1,-1,-1
29876,1727222400,2147483647,true,0,-1,-1,-1,-1,-1,-1
29877,1727222400,2147483647,true,2059,-1,-1,-1,-1,-1,-1
29878,1727222400,2147483647,true,2059,-1,-1,-1,-1,-1,-1
29879,1727222400,2147483647,true,2059,-1,-1,-1,-1,-1,-1
29880,1727222400,2147483647,true,2059,-1,-1,-1,-1,-1,-1
29881,1727222400,2147483647,true,2059,-1,-1,-1,-1,-1,-1
29882,1727222400,2147483647,true,2059,-1,-1,-1,-1,-1,-1
29883,1727222400,2147483647,true,2059,-1,-1,-1,-1,-1,-1
29884,1727222400,2147483647,true,2059,-1,-1,-1,-1,-1,-1
29885,1727222400,2147483647,true,2060,-1,-1,-1,-1,-1,-1
29886,1727222400,2147483647,true,2060,-1,-1,-1,-1,-1,-1
29887,1727222400,2147483647,true,2060,-1,-1,-1,-1,-1,-1
29888,1727222400,2147483647,true,2060,-1,-1,-1,-1,-1,-1
29889,1727222400,2147483647,false,26,-1,-1,-1,-1,-1,-1
29892,1727222400,2147483647,false,0,-1,-1,-1,-1,-1,-1
29893,1727222400,2147483647,false,0,-1,-1,-1,-1,-1,-1
29895,1727222400,2147483647,false,0,-1,-1,-1,-1,-1,-1
29897,1727222400,2147483647,true,0,-1,-1,-1,-1,-1,-1
29898,1727222400,2147483647,true,0,-1,-1,-1,-1,-1,-1
29899,1727222400,2147483647,true,0,-1,-1,-1,-1,-1,-1
29900,1727222400,2147483647,false,59,-1,-1,-1,-1,-1,-1
29903,1727222400,2147483647,true,0,-1,-1,-1,-1,-1,-1
29904,1727222400,2147483647,true,0,-1,-1,-1,-1,-1,-1
29905,1727222400,2147483647,true,0,-1,-1,-1,-1,-1,-1
29906,1727222400,2147483647,true,0,-1,-1,-1,-1,-1,-1
29911,1727222400,2147483647,true,21,-1,-1,-1,-1,-1,-1
29912,1727222400,2147483647,true,0,-1,-1,-1,-1,-1,-1
29913,1727222400,2147483647,true,0,-1,-1,-1,-1,-1,-1
29914,1727222400,2147483647,true,0,55281,-1,-1,-1,-1,-1
29915,1727222400,2147483647,false,0,55216,-1,-1,-1,-1,-1
29916,1727222400,2147483647,true,0,55281,-1,-1,-1,-1,-1
29918,1727222400,2147483647,false,0,55216,-1,-1,-1,-1,-1
29920,1727222400,2147483647,false,0,-1,-1,-1,-1,-1,-1
29922,1727222400,2147483647,true,0,-1,-1,-1,-1,-1,-1
29923,1727222400,2147483647,false,0,-1,-1,-1,-1,-1,-1
29925,1727222400,2147483647,true,0,-1,-1,-1,-1,-1,-1
29926,1727222400,2147483647,true,0,-1,-1,-1,-1,-1,-1
29927,1727222400,2147483647,true,0,-1,-1,-1,-1,-1,-1
29928,1727222400,2147483647,true,0,-1,-1,-1,-1,-1,-1
29929,1727222400,2147483647,true,0,-1,-1,-1,-1,-1,-1
29930,1727222400,2147483647,true,0,-1,-1,-1,-1,-1,-1
29931,1727222400,2147483647,true,0,-1,-1,-1,-1,-1,-1
29932,1727222400,2147483647,true,0,-1,-1,-1,-1,-1,-1
29933,1727222400,2147483647,true,0,-1,-1,-1,-1,-1,-1
29934,1727222400,2147483647,true,0,-1,-1,-1,-1,-1,-1
29936,1727222400,2147483647,true,0,-1,-1,-1,-1,-1,-1
29938,1727222400,2147483647,true,0,-1,-1,-1,-1,-1,-1
29940,1727222400,2147483647,true,0,-1,-1,-1,-1,-1,-1
29942,1727222400,2147483647,true,0,-1,-1,-1,-1,-1,-1
29944,1727222400,2147483647,false,0,-1,-1,-1,-1,-1,-1
29947,1727222400,2147483647,false,0,-1,-1,-1,-1,-1,-1
29950,1727222400,2147483647,false,0,-1,-1,-1,-1,-1,-1
29952,1727222400,2147483647,false,0,-1,-1,-1,-1,-1,-1
29955,1727222400,2147483647,false,0,-1,-1,-1,-1,-1,-1
29958,1727222400,2147483647,false,0,-1,-1,-1,-1,-1,-1
29961,1727222400,2147483647,false,0,-1,-1,-1,-1,-1,-1
29963,1727222400,2147483647,false,0,-1,-1,-1,-1,-1,-1
29966,1727222400,2147483647,false,0,-1,-1,-1,-1,-1,-1
29969,1727222400,2147483647,false,0,-1,-1,-1,-1,-1,-1
29971,1727222400,2147483647,false,2061,-1,-1,-1,-1,-1,-1
29972,1727222400,2147483647,false,2061,-1,-1,-1,-1,-1,-1
29973,1727222400,2147483647,false,2061,-1,-1,-1,-1,-1,-1
29974,1727222400,2147483647,false,0,-1,-1,-1,-1,-1,-1
29976,1727222400,2147483647,false,0,-1,-1,-1,-1,-1,-1
29978,1727222400,2147483647,false,0,55278,-1,-1,-1,-1,-1
29980,1727222400,2147483647,false,0,55279,-1,-1,-1,-1,-1
29982,1727222400,2147483647,false,0,55245,-1,-1,-1,-1,-1
29984,1727222400,2147483647,false,0,55247,-1,-1,-1,-1,-1
29986,1727222400,2147483647,false,0,-1,-1,-1,55124,-1,-1
29988,1727222400,2147483647,false,987,-1,-1,-1,-1,-1,-1
29990,1727222400,2147483647,false,987,-1,-1,-1,-1,-1,-1
29992,0,2147483647,false,987,-1,-1,-1,-1,-1,-1
29993,1727222400,2147483647,false,0,-1,-1,-1,-1,-1,-1
29996,1727222400,2147483647,false,2062,-1,-1,-1,-1,-1,-1
29998,1727222400,2147483647,false,2062,-1,-1,-1,-1,-1,-1
30000,1727222400,2147483647,false,2063,-1,-1,-1,-1,-1,-1
30002,1727222400,2147483647,false,2064,-1,-1,-1,-1,-1,-1
30005,1727222400,2147483647,false,2065,-1,-1,-1,-1,-1,-1
30007,1727222400,2147483647,false,2065,-1,-1,-1,-1,-1,-1
30009,1727222400,2147483647,false,2065,-1,-1,-1,-1,-1,-1
30011,1727222400,2147483647,false,2066,-1,-1,-1,-1,-1,-1
30012,1727222400,2147483647,false,2066,-1,-1,-1,-1,-1,-1
30013,1727222400,2147483647,false,2066,-1,-1,-1,-1,-1,-1
30014,1727222400,2147483647,false,2066,-1,-1,-1,-1,-1,-1
30015,1727222400,2147483647,false,2066,-1,-1,-1,-1,-1,-1
30016,1727222400,2147483647,false,2066,-1,-1,-1,-1,-1,-1
30017,1727222400,2147483647,false,2066,-1,-1,-1,-1,-1,-1
30018,1727222400,2147483647,false,2066,-1,-1,-1,-1,-1,-1
30019,1727222400,2147483647,false,2066,-1,-1,-1,-1,-1,-1
30020,1727222400,2147483647,false,2066,-1,-1,-1,-1,-1,-1
30021,1727222400,2147483647,false,2067,-1,-1,-1,-1,-1,-1
30022,1727222400,2147483647,false,2067,-1,-1,-1,-1,-1,-1
30023,1727222400,2147483647,false,2067,-1,-1,-1,-1,-1,-1
30024,1727222400,2147483647,false,2067,-1,-1,-1,-1,-1,-1
30025,1727222400,2147483647,false,2067,-1,-1,-1,-1,-1,-1
30026,1727222400,2147483647,false,2067,-1,-1,-1,-1,-1,-1
30027,1727222400,2147483647,false,2067,-1,-1,-1,-1,-1,-1
30028,1727222400,2147483647,false,2067,-1,-1,-1,-1,-1,-1
30029,1727222400,2147483647,false,2067,-1,-1,-1,-1,-1,-1
30030,1727222400,2147483647,false,2067,-1,-1,-1,-1,-1,-1
30031,1727222400,2147483647,false,0,-1,-1,-1,-1,-1,-1
30032,1727222400,2147483647,false,0,-1,-1,-1,-1,-1,-1
30035,1727222400,2147483647,false,0,-1,-1,-1,-1,-1,-1
30037,1727222400,2147483647,false,0,-1,-1,-1,-1,-1,-1
30038,1727222400,2147483647,false,0,-1,-1,-1,-1,-1,-1
30040,1727222400,2147483647,false,1138,-1,-1,-1,-1,-1,-1
30042,1727222400,2147483647,false,0,-1,-1,-1,-1,-1,-1
30044,1727222400,2147483647,false,2005,-1,-1,-1,-1,-1,-1
30045,1727222400,2147483647,false,1429,55191,-1,-1,-1,-1,-1
30047,1727222400,2147483647,false,1429,55191,-1,-1,-1,-1,-1
30048,1727222400,2147483647,false,1429,55257,-1,-1,-1,-1,-1
30050,1727222400,2147483647,false,1429,55257,-1,-1,-1,-1,-1
30051,1727222400,2147483647,false,1429,55303,-1,-1,55161,-1,-1
30053,1727222400,2147483647,false,1429,55303,-1,-1,55161,-1,-1
30054,1727222400,2147483647,false,1429,55244,-1,-1,-1,-1,-1
30056,1727222400,2147483647,false,1429,55244,-1,-1,-1,-1,-1
30057,1727222400,2147483647,false,1429,55260,-1,-1,-1,-1,-1
30059,1727222400,2147483647,false,1429,55260,-1,-1,-1,-1,-1
30060,1727222400,2147483647,false,1429,55254,-1,-1,-1,-1,-1
30062,1727222400,2147483647,false,1429,55254,-1,-1,-1,-1,-1
30064,1727222400,2147483647,false,2068,-1,-1,-1,-1,-1,-1
30066,1727222400,2147483647,false,2068,-1,-1,-1,-1,-1,-1
30068,1727222400,2147483647,false,759,-1,-1,-1,-1,-1,-1
30070,1727222400,2147483647,false,1,-1,-1,-1,-1,-1,-1
30073,1727222400,2147483647,false,2,55175,-1,-1,-1,-1,-1
30076,1727222400,2147483647,false,7,55270,-1,-1,-1,-1,-1
30079,1727222400,2147483647,false,8,-1,-1,-1,-1,-1,-1
30082,1727222400,2147483647,false,16,55258,-1,-1,-1,-1,-1
30085,1727222400,2147483647,false,0,-1,-1,-1,-1,-1,-1
30088,1727222400,2147483647,false,20,-1,-1,-1,-1,-1,-1
30094,1727222400,2147483647,false,773,-1,-1,-1,-1,-1,-1
30097,1727222400,2147483647,false,774,-1,-1,-1,-1,-1,-1
30100,1727222400,2147483647,false,69,-1,-1,-1,-1,-1,-1
30103,1727222400,2147483647,false,0,-1,-1,-1,-1,-1,-1
30105,1727222400,2147483647,false,0,-1,-1,-1,-1,-1,-1
30107,1727222400,2147483647,false,0,-1,-1,-1,-1,-1,-1
30109,1727222400,2147483647,false,0,-1,-1,-1,-1,-1,-1
30111,1727222400,2147483647,false,2,-1,-1,-1,-1,-1,-1
30113,1727222400,2147483647,false,2069,-1,-1,-1,-1,-1,-1
30114,1727222400,2147483647,false,2069,-1,-1,-1,-1,-1,-1
30115,1727222400,2147483647,false,2069,-1,-1,-1,-1,-1,-1
30116,1727222400,2147483647,false,2069,-1,-1,-1,-1,-1,-1
30117,1727222400,2147483647,false,2069,-1,-1,-1,-1,-1,-1
30118,1727222400,2147483647,false,2069,-1,-1,-1,-1,-1,-1
30119,1727222400,2147483647,false,2069,-1,-1,-1,-1,-1,-1
30120,1727222400,2147483647,false,2069,-1,-1,-1,-1,-1,-1
30121,1727222400,2147483647,false,2069,-1,-1,-1,-1,-1,-1
30122,1727222400,2147483647,false,0,-1,-1,-1,-1,-1,-1
30123,1727222400,2147483647,false,0,-1,-1,-1,-1,-1,-1
30125,1727222400,2147483647,false,69,-1,-1,-1,-1,-1,-1
30128,1727222400,2147483647,false,69,-1,-1,-1,-1,-1,-1
30131,1727222400,2147483647,false,69,-1,-1,-1,-1,-1,-1
30134,1727222400,2147483647,false,69,-1,-1,-1,-1,-1,-1
30137,1727222400,2147483647,false,69,-1,-1,-1,-1,-1,-1
30140,1727222400,2147483647,false,69,-1,-1,-1,-1,-1,-1
30143,1727222400,2147483647,false,69,-1,-1,-1,-1,-1,-1
30146,1727222400,2147483647,false,69,-1,-1,-1,-1,-1,-1
30149,1727222400,2147483647,false,726,-1,-1,-1,-1,-1,-1
30151,1727222400,2147483647,false,1428,-1,-1,-1,-1,-1,-1
30152,1727222400,2147483647,false,0,-1,-1,-1,-1,-1,-1
30154,1727222400,2147483647,false,0,-1,-1,-1,-1,-1,-1
30156,1727222400,2147483647,true,0,-1,-1,-1,-1,-1,-1
30157,1727222400,2147483647,true,0,-1,-1,-1,-1,-1,-1
30232,1729036800,2147483647,false,0,55458,-1,-1,-1,-1,-1
30234,1729036800,2147483647,false,0,-1,-1,-1,-1,-1,-1
30236,0,2147483647,false,206,-1,-1,-1,-1,-1,-1
30237,1729036800,2147483647,false,2129,55444,-1,-1,-1,-1,-1
30239,1729036800,2147483647,false,2129,55455,-1,-1,-1,-1,-1
30241,1729036800,2147483647,false,2129,55456,-1,-1,-1,-1,-1
30242,1729036800,2147483647,false,2129,55451,-1,-1,-1,-1,-1
30243,1729036800,2147483647,false,2129,55457,-1,-1,-1,-1,-1
30244,1729036800,2147483647,false,2129,55447,-1,-1,-1,-1,-1
30245,1729036800,2147483647,false,2129,55448,-1,-1,-1,-1,-1
30246,1729036800,2147483647,false,2129,55443,-1,-1,-1,-1,-1
30247,1729036800,2147483647,false,2129,55445,-1,-1,-1,-1,-1
30248,1729036800,2147483647,false,2129,55444,-1,-1,-1,-1,-1
30249,1729036800,2147483647,false,2129,55455,-1,-1,-1,-1,-1
30250,1729036800,2147483647,false,2129,55456,-1,-1,-1,-1,-1
30251,1729036800,2147483647,false,2129,55451,-1,-1,-1,-1,-1
30252,1729036800,2147483647,false,2129,55457,-1,-1,-1,-1,-1
30253,1729036800,2147483647,false,2129,55447,-1,-1,-1,-1,-1
30254,1729036800,2147483647,false,2129,55448,-1,-1,-1,-1,-1
30255,1729036800,2147483647,false,2129,55443,-1,-1,-1,-1,-1
30256,1729036800,2147483647,false,2129,55445,-1,-1,-1,-1,-1
30257,1729036800,2147483647,false,2129,55444,-1,-1,-1,-1,-1
30258,1729036800,2147483647,false,2129,55455,-1,-1,-1,-1,-1
30259,1729036800,2147483647,false,2129,55456,-1,-1,-1,-1,-1
30260,1729036800,2147483647,false,2129,55451,-1,-1,-1,-1,-1
30261,1729036800,2147483647,false,2129,55457,-1,-1,-1,-1,-1
30262,1729036800,2147483647,false,2129,55447,-1,-1,-1,-1,-1
30263,1729036800,2147483647,false,2129,55448,-1,-1,-1,-1,-1
30264,1729036800,2147483647,false,2129,55443,-1,-1,-1,-1,-1
30265,1729036800,2147483647,false,2129,55445,-1,-1,-1,-1,-1
30266,1729036800,2147483647,false,2129,55444,-1,-1,-1,-1,-1
30267,1729036800,2147483647,false,2129,55455,-1,-1,-1,-1,-1
30268,1729036800,2147483647,false,2129,55456,-1,-1,-1,-1,-1
30269,1729036800,2147483647,false,2129,55451,-1,-1,-1,-1,-1
30270,1729036800,2147483647,false,2129,55457,-1,-1,-1,-1,-1
30271,1729036800,2147483647,false,2129,55447,-1,-1,-1,-1,-1
30272,1729036800,2147483647,false,2129,55448,-1,-1,-1,-1,-1
30273,1729036800,2147483647,false,2129,55443,-1,-1,-1,-1,-1
30274,1729036800,2147483647,false,2129,55445,-1,-1,-1,-1,-1
30275,1729036800,2147483647,false,2129,55444,-1,-1,-1,-1,-1
30276,1729036800,2147483647,false,2129,55455,-1,-1,-1,-1,-1
30277,1729036800,2147483647,false,2129,55456,-1,-1,-1,-1,-1
30278,1729036800,2147483647,false,2129,55451,-1,-1,-1,-1,-1
30279,1729036800,2147483647,false,2129,55457,-1,-1,-1,-1,-1
30280,1729036800,2147483647,false,2129,55447,-1,-1,-1,-1,-1
30281,1729036800,2147483647,false,2129,55448,-1,-1,-1,-1,-1
30282,1729036800,2147483647,false,2129,55443,-1,-1,-1,-1,-1
30283,1729036800,2147483647,false,2129,55445,-1,-1,-1,-1,-1
30284,1729036800,2147483647,false,2129,55444,-1,-1,-1,-1,-1
30285,1729036800,2147483647,false,2129,55455,-1,-1,-1,-1,-1
30286,1729036800,2147483647,false,2129,55456,-1,-1,-1,-1,-1
30287,1729036800,2147483647,false,2129,55451,-1,-1,-1,-1,-1
30288,1729036800,2147483647,false,2129,55457,-1,-1,-1,-1,-1
30289,1729036800,2147483647,false,2129,55447,-1,-1,-1,-1,-1
30290,1729036800,2147483647,false,2129,55448,-1,-1,-1,-1,-1
30291,1729036800,2147483647,false,2129,55443,-1,-1,-1,-1,-1
30292,1729036800,2147483647,false,2129,55445,-1,-1,-1,-1,-1
30293,1729036800,2147483647,false,2129,55444,-1,-1,-1,-1,-1
30294,1729036800,2147483647,false,2129,55455,-1,-1,-1,-1,-1
30295,1729036800,2147483647,false,2129,55456,-1,-1,-1,-1,-1
30296,1729036800,2147483647,false,2129,55451,-1,-1,-1,-1,-1
30297,1729036800,2147483647,false,2129,55457,-1,-1,-1,-1,-1
30298,1729036800,2147483647,false,2129,55447,-1,-1,-1,-1,-1
30299,1729036800,2147483647,false,2129,55448,-1,-1,-1,-1,-1
30300,1729036800,2147483647,false,2129,55443,-1,-1,-1,-1,-1
30301,1729036800,2147483647,false,2129,55445,-1,-1,-1,-1,-1
30302,1729641600,2147483647,false,0,-1,-1,-1,55467,-1,-1
30303,1729641600,2147483647,false,0,-1,-1,-1,-1,-1,-1
30304,1729641600,2147483647,false,0,-1,-1,-1,55468,-1,-1
30305,1729641600,2147483647,false,21,-1,-1,-1,-1,-1,-1
30307,1730851200,2147483647,true,0,-1,-1,-1,-1,-1,-1
30308,1730851200,2147483647,true,0,-1,-1,-1,-1,-1,-1
30309,1730851200,2147483647,true,0,-1,-1,-1,-1,-1,-1
30310,1730851200,2147483647,true,0,-1,-1,-1,-1,-1,-1
30311,1730851200,2147483647,true,0,-1,-1,-1,-1,-1,-1
30312,1730851200,2147483647,true,0,-1,-1,-1,-1,-1,-1
30313,1730851200,2147483647,true,0,-1,-1,-1,-1,-1,-1
30314,1730851200,2147483647,true,0,-1,-1,-1,-1,-1,-1
30316,1730851200,2147483647,true,0,-1,-1,-1,-1,-1,-1
30317,1730851200,2147483647,true,0,-1,-1,-1,-1,-1,-1
30318,1730851200,2147483647,true,0,-1,-1,-1,-1,-1,-1
30319,1730851200,2147483647,true,0,-1,-1,-1,-1,-1,-1
30320,1730851200,2147483647,true,35,-1,-1,-1,-1,-1,-1
30321,1730851200,2147483647,false,2,55499,-1,-1,55498,-1,-1
30324,1730851200,2147483647,false,0,-1,-1,-1,-1,-1,-1
30328,1730851200,2147483647,false,0,-1,-1,-1,-1,-1,-1
30331,1736899200,2147483647,false,1590,-1,-1,-1,-1,-1,-1
30334,1736899200,2147483647,false,1590,-1,-1,-1,-1,-1,-1
30337,1736899200,2147483647,false,1590,-1,-1,-1,-1,-1,-1
30340,1732665600,2147483647,false,25,-1,-1,-1,-1,-1,-1
30342,1732665600,2147483647,false,25,-1,-1,-1,-1,-1,-1
30343,1732665600,2147483647,false,25,-1,-1,-1,-1,-1,-1
30345,1732665600,2147483647,false,67,-1,-1,-1,-1,-1,-1
30346,1732665600,2147483647,false,67,-1,-1,-1,-1,-1,-1
30347,1732665600,2147483647,false,35,-1,-1,-1,-1,-1,-1
30348,1732665600,2147483647,false,35,-1,-1,-1,-1,-1,-1
30349,1732665600,2147483647,false,25,-1,-1,-1,-1,-1,-1
30351,1732665600,2147483647,false,67,-1,-1,-1,-1,-1,-1
30352,1732665600,2147483647,false,35,-1,-1,-1,-1,-1,-1
30357,1732665600,2147483647,false,0,-1,-1,-1,-1,-1,-1
30359,1732665600,1737504000,false,0,-1,-1,-1,-1,-1,-1
30361,1732665600,2147483647,false,0,-1,-1,-1,-1,-1,-1
30363,1732665600,1737504000,false,0,-1,-1,-1,-1,-1,-1
30365,1732665600,1737504000,false,0,-1,-1,-1,-1,-1,-1
30367,1732665600,1762905600,false,61,55751,-1,-1,-1,-1,-1
30369,1732665600,1762905600,false,25,-1,-1,-1,-1,-1,-1
30371,1732665600,2147483647,false,0,-1,-1,-1,-1,-1,-1
30373,1732665600,2147483647,false,24,-1,-1,-1,-1,-1,-1
30374,1732665600,2147483647,false,24,-1,-1,-1,-1,-1,-1
30376,1732665600,1762905600,false,0,-1,-1,-1,-1,-1,-1
30378,1732665600,1762905600,false,0,-1,-1,-1,-1,-1,-1
30380,1732665600,1762905600,false,16,55813,-1,-1,-1,-1,-1
30382,1732665600,1762905600,false,18,55760,-1,-1,-1,-1,-1
30384,1732665600,2147483647,false,0,-1,-1,-1,-1,-1,-1
30386,1732665600,1762905600,false,0,55812,-1,-1,55787,-1,-1
30388,1732665600,1762905600,false,21,55757,-1,-1,-1,-1,-1
30390,1732665600,1737504000,false,975,-1,-1,-1,-1,-1,-1
30392,1732665600,1737504000,false,975,-1,-1,-1,-1,-1,-1
30393,1776211200,1781136000,false,0,-1,-1,-1,-1,-1,-1
30394,1776211200,1781136000,false,0,-1,-1,-1,-1,-1,-1
30395,1776211200,1781136000,false,0,-1,-1,-1,-1,-1,-1
30396,1776211200,1781136000,false,0,-1,-1,-1,-1,-1,-1
30397,1776211200,1781136000,false,0,-1,-1,-1,-1,-1,-1
30398,1776211200,1781136000,false,0,-1,-1,-1,-1,-1,-1
30399,1776211200,1781136000,false,0,-1,-1,-1,-1,-1,-1
30400,1776211200,1781136000,false,0,-1,-1,-1,-1,-1,-1
30401,1776211200,1781136000,false,0,-1,-1,-1,-1,-1,-1
30402,1732665600,2147483647,false,0,-1,-1,-1,-1,-1,-1
30404,1736899200,2147483647,false,0,-1,-1,-1,-1,-1,-1
30406,1736899200,2147483647,false,0,55818,-1,-1,-1,-1,-1
30408,1736899200,2147483647,false,0,-1,-1,-1,-1,-1,-1
30410,1736899200,2147483647,false,0,-1,-1,-1,-1,-1,-1
30412,1736899200,2147483647,false,0,-1,-1,-1,-1,-1,-1
30414,1736899200,2147483647,false,0,55817,-1,-1,-1,-1,-1
30416,1736899200,2147483647,false,0,-1,-1,-1,-1,-1,-1
30418,1736899200,2147483647,false,0,-1,-1,-1,-1,-1,-1
30420,1736899200,2147483647,false,0,55801,-1,-1,-1,-1,-1
30422,1736899200,2147483647,false,0,55816,-1,-1,55794,-1,-1
30424,1736899200,2147483647,false,0,-1,-1,-1,-1,-1,-1
30426,1736899200,2147483647,false,0,-1,-1,-1,-1,-1,-1
30428,1736899200,2147483647,false,39,-1,-1,-1,-1,-1,-1
30430,1736899200,2147483647,false,42,55741,-1,-1,-1,-1,-1
30432,1736899200,2147483647,false,0,55715,-1,-1,-1,-1,-1
30434,1736899200,2147483647,false,64,55728,-1,-1,-1,-1,-1
30436,1736899200,2147483647,false,64,-1,-1,-1,-1,-1,-1
30437,1732665600,2147483647,false,0,55798,-1,-1,55768,-1,-1
30439,1732665600,2147483647,false,10,-1,-1,-1,-1,-1,-1
30441,1732665600,2147483647,false,10,-1,-1,-1,-1,-1,-1
30443,1736899200,2147483647,false,0,-1,-1,-1,-1,-1,-1
30445,1736899200,2147483647,false,2,55799,-1,-1,-1,-1,-1
30447,1736899200,2147483647,false,7,-1,-1,-1,55792,-1,-1
30449,1736899200,2147483647,false,8,-1,-1,-1,55776,-1,-1
30451,1736899200,2147483647,false,0,-1,-1,-1,-1,-1,-1
30453,1736899200,2147483647,false,0,-1,-1,-1,-1,-1,-1
30455,1736899200,2147483647,false,0,-1,-1,-1,-1,-1,-1
30457,1736899200,2147483647,false,0,-1,-1,-1,-1,-1,-1
30459,1736899200,2147483647,false,0,-1,-1,-1,-1,-1,-1
30461,1736899200,2147483647,false,0,-1,-1,-1,-1,-1,-1
30465,1736899200,2147483647,false,55,-1,-1,-1,-1,-1,-1
30467,1736899200,2147483647,false,55,-1,-1,-1,-1,-1,-1
30469,1736899200,2147483647,false,55,-1,-1,-1,-1,-1,-1
30471,1736899200,2147483647,false,18,-1,-1,-1,-1,-1,-1
30473,1736899200,2147483647,false,18,-1,-1,-1,-1,-1,-1
30475,1736899200,2147483647,false,18,-1,-1,-1,-1,-1,-1
30477,1736899200,2147483647,false,18,-1,-1,-1,-1,-1,-1
30479,1733788800,2147483647,false,2149,55861,-1,-1,-1,-1,-1
30481,1733788800,2147483647,false,2149,55861,-1,-1,-1,-1,-1
30483,1733788800,2147483647,false,2149,55861,-1,-1,-1,-1,-1
30485,1733788800,2147483647,false,2149,55861,-1,-1,-1,-1,-1
30487,1733788800,2147483647,false,0,55860,-1,-1,55857,-1,-1
30489,1733788800,2147483647,false,0,55859,-1,-1,-1,-1,-1
30491,1733788800,2147483647,false,0,-1,-1,-1,-1,-1,-1
30497,0,2147483647,false,206,-1,-1,-1,-1,-1,-1
30498,0,2147483647,false,206,-1,-1,-1,-1,-1,-1
30499,0,2147483647,false,206,-1,-1,-1,-1,-1,-1
30500,0,2147483647,false,206,-1,-1,-1,-1,-1,-1
30501,0,2147483647,false,206,-1,-1,-1,-1,-1,-1
30502,0,2147483647,false,206,-1,-1,-1,-1,-1,-1
30519,1736899200,2147483647,false,2,55799,-1,-1,-1,-1,-1
30521,1736899200,2147483647,false,7,-1,-1,-1,55792,-1,-1
30523,1736899200,2147483647,false,8,-1,-1,-1,55776,-1,-1
30525,1736899200,2147483647,false,2,55799,-1,-1,-1,-1,-1
30527,1736899200,2147483647,false,7,-1,-1,-1,55792,-1,-1
30529,1736899200,2147483647,false,8,-1,-1,-1,55776,-1,-1
30531,1736899200,2147483647,false,2,55799,-1,-1,-1,-1,-1
30533,1736899200,2147483647,false,7,-1,-1,-1,55792,-1,-1
30535,1736899200,2147483647,false,8,-1,-1,-1,55776,-1,-1
30537,1736899200,2147483647,false,2,55799,-1,-1,-1,-1,-1
30539,1736899200,2147483647,false,7,-1,-1,-1,55792,-1,-1
30541,1736899200,2147483647,false,8,-1,-1,-1,55776,-1,-1
30543,1736899200,2147483647,false,2,55799,-1,-1,-1,-1,-1
30545,1736899200,2147483647,false,7,-1,-1,-1,55792,-1,-1
30547,1736899200,2147483647,false,8,-1,-1,-1,55776,-1,-1
30554,1732665600,2147483647,false,0,-1,-1,-1,-1,-1,-1
30557,1736899200,2147483647,false,0,-1,-1,-1,-1,-1,-1
30560,1736899200,2147483647,false,0,-1,-1,-1,-1,-1,-1
30563,1736899200,2147483647,false,0,55736,-1,-1,-1,-1,-1
30567,0,2147483647,false,206,-1,-1,-1,-1,-1,-1
30568,1737504000,2147483647,false,1,-1,-1,-1,-1,-1,-1
30570,1737504000,2147483647,false,1,-1,-1,-1,-1,-1,-1
30571,1737504000,2147483647,false,1,-1,-1,-1,-1,-1,-1
30572,1737504000,2147483647,false,1,-1,-1,-1,-1,-1,-1
30573,1737504000,2147483647,false,1,-1,-1,-1,-1,-1,-1
30574,1737504000,2147483647,false,1,55875,-1,-1,-1,-1,-1
30576,1738108800,2147483647,false,0,-1,-1,-1,-1,-1,-1
30579,1738108800,2147483647,false,2150,-1,-1,-1,-1,-1,-1
30581,1738108800,2147483647,false,2150,-1,-1,-1,-1,-1,-1
30583,1738108800,2147483647,false,2150,-1,-1,-1,-1,-1,-1
30585,1738108800,2147483647,false,2150,-1,-1,-1,-1,-1,-1
30587,1738108800,2147483647,false,2150,-1,-1,-1,-1,-1,-1
30589,1738108800,2147483647,false,2150,-1,-1,-1,-1,-1,-1
30591,1738108800,2147483647,false,2150,-1,-1,-1,-1,-1,-1
30593,1738108800,2147483647,false,2150,-1,-1,-1,-1,-1,-1
30595,1738108800,2147483647,false,2150,-1,-1,-1,-1,-1,-1
30597,1738108800,2147483647,false,26,-1,-1,-1,-1,-1,-1
30599,1738108800,2147483647,false,26,-1,-1,-1,-1,-1,-1
30601,1738108800,2147483647,false,26,-1,-1,-1,-1,-1,-1
30603,1738108800,2147483647,false,26,-1,-1,-1,-1,-1,-1
30605,1738108800,2147483647,false,26,-1,-1,-1,-1,-1,-1
30607,1738108800,2147483647,false,26,-1,-1,-1,-1,-1,-1
30609,1738108800,2147483647,false,26,-1,-1,-1,-1,-1,-1
30611,1738108800,2147483647,false,26,-1,-1,-1,-1,-1,-1
30613,1738108800,2147483647,false,26,55894,-1,-1,-1,-1,-1
30616,1738108800,2147483647,false,0,-1,-1,-1,-1,-1,-1
30619,1738108800,2147483647,false,0,-1,-1,-1,-1,-1,-1
30622,1738713600,2147483647,false,0,-1,-1,-1,-1,-1,-1
30624,1738713600,2147483647,false,0,-1,-1,-1,-1,-1,-1
30626,1738713600,2147483647,false,0,-1,-1,-1,-1,-1,-1
30627,1738713600,2147483647,false,0,-1,-1,-1,-1,-1,-1
30628,1738713600,2147483647,false,0,-1,-1,-1,-1,-1,-1
30631,1738713600,2147483647,false,0,-1,-1,-1,-1,-1,-1
30634,1738713600,2147483647,false,1,-1,-1,-1,-1,-1,-1
30637,1738713600,2147483647,false,0,-1,-1,-1,-1,-1,-1
30638,1738713600,2147483647,false,0,-1,-1,-1,-1,-1,-1
30640,1738713600,2147483647,false,0,-1,-1,-1,-1,-1,-1
30644,1739318400,2147483647,false,1919,-1,-1,-1,-1,-1,-1
30646,1739836800,2147483647,false,0,56035,-1,-1,-1,-1,-1
30648,1739836800,2147483647,false,0,56034,-1,-1,-1,-1,-1
30650,0,2147483647,false,206,-1,-1,-1,-1,-1,-1
30651,0,2147483647,false,206,-1,-1,-1,-1,-1,-1
30652,0,2147483647,false,206,-1,-1,-1,-1,-1,-1
30653,0,2147483647,false,206,-1,-1,-1,-1,-1,-1
30654,0,2147483647,false,206,-1,-1,-1,-1,-1,-1
30655,0,2147483647,false,206,-1,-1,-1,-1,-1,-1
30656,0,2147483647,false,206,-1,-1,-1,-1,-1,-1
30657,0,2147483647,false,206,-1,-1,-1,-1,-1,-1
30658,0,2147483647,false,206,-1,-1,-1,-1,-1,-1
30659,0,2147483647,false,206,-1,-1,-1,-1,-1,-1
30660,0,2147483647,false,206,-1,-1,-1,-1,-1,-1
30661,0,2147483647,false,206,-1,-1,-1,-1,-1,-1
30662,0,2147483647,false,206,-1,-1,-1,-1,-1,-1
30663,0,2147483647,false,206,-1,-1,-1,-1,-1,-1
30664,0,2147483647,false,206,-1,-1,-1,-1,-1,-1
30665,0,2147483647,false,206,-1,-1,-1,-1,-1,-1
30666,0,2147483647,false,206,-1,-1,-1,-1,-1,-1
30667,0,2147483647,false,206,-1,-1,-1,-1,-1,-1
30668,0,2147483647,false,206,-1,-1,-1,-1,-1,-1
30669,0,2147483647,false,206,-1,-1,-1,-1,-1,-1
30670,0,2147483647,false,206,-1,-1,-1,-1,-1,-1
30671,0,2147483647,false,206,-1,-1,-1,-1,-1,-1
30676,1741737600,2147483647,false,0,-1,-1,-1,-1,-1,-1
30679,1741737600,2147483647,false,0,-1,-1,-1,-1,-1,-1
30682,1741737600,2147483647,false,0,-1,-1,-1,-1,-1,-1
30685,1741737600,2147483647,false,0,-1,-1,-1,-1,-1,-1
30688,1741737600,2147483647,false,0,-1,-1,-1,-1,-1,-1
30689,1742947200,2147483647,false,0,-1,-1,-1,-1,-1,-1
30690,1743552000,2147483647,false,0,-1,-1,-1,-1,-1,-1
30692,1743552000,2147483647,false,149,-1,-1,-1,-1,-1,-1
30694,1744156800,2147483647,false,701,-1,-1,-1,-1,-1,-1
30696,1744156800,2147483647,false,63,-1,-1,-1,-1,-1,-1
30720,1744761600,2147483647,false,0,4699,-1,-1,4398,-1,-1
30722,1744761600,2147483647,false,0,4702,-1,-1,4698,-1,-1
30724,1744761600,2147483647,false,0,-1,-1,-1,-1,-1,-1
30726,1744761600,2147483647,false,0,-1,-1,-1,-1,-1,-1
30744,1747180800,2147483647,false,1590,-1,-1,-1,-1,-1,-1
30747,1747180800,2147483647,false,0,-1,-1,-1,-1,-1,-1
30750,1747180800,2147483647,false,2,-1,-1,-1,-1,-1,-1
30753,1747180800,2147483647,false,7,-1,-1,-1,-1,-1,-1
30756,1747180800,2147483647,false,8,-1,-1,-1,-1,-1,-1
30759,1747180800,2147483647,false,39,-1,-1,-1,-1,-1,-1
30763,1747180800,2147483647,false,0,-1,-1,-1,-1,-1,-1
30765,1747180800,2147483647,false,0,-1,-1,-1,-1,-1,-1
30771,1747180800,2147483647,false,0,-1,-1,-1,-1,-1,-1
30773,1747180800,2147483647,false,0,-1,-1,-1,-1,-1,-1
30775,1747180800,2147483647,false,1138,-1,-1,-1,-1,-1,-1
30777,1747958400,2147483647,false,2,56299,-1,-1,-1,-1,-1
30779,1747958400,2147483647,false,7,-1,-1,-1,-1,-1,-1
30781,1747958400,2147483647,false,8,-1,-1,-1,-1,-1,-1
30783,1747958400,2147483647,false,0,-1,-1,-1,-1,-1,-1
30785,1747958400,2147483647,false,0,-1,-1,-1,-1,-1,-1
30787,1747958400,2147483647,false,0,-1,-1,-1,-1,-1,-1
30789,1747958400,2147483647,false,0,-1,-1,-1,-1,-1,-1
30791,1747958400,2147483647,false,0,-1,-1,-1,-1,-1,-1
30793,1747958400,2147483647,false,0,-1,-1,-1,-1,-1,-1
30795,1747180800,2147483647,false,0,-1,-1,-1,-1,-1,-1
30798,1747180800,2147483647,false,0,-1,-1,-1,-1,-1,-1
30800,1747180800,2147483647,false,0,-1,-1,-1,-1,-1,-1
30803,1747180800,2147483647,false,0,-1,-1,-1,-1,-1,-1
30806,1747180800,2147483647,false,0,-1,-1,-1,-1,-1,-1
30808,1747180800,2147483647,false,0,-1,-1,-1,-1,-1,-1
30810,1747180800,2147483647,false,2167,-1,-1,-1,-1,-1,-1
30813,1747180800,2147483647,false,2167,-1,-1,-1,-1,-1,-1
30816,1747180800,2147483647,false,2167,-1,-1,-1,-1,-1,-1
30819,1747180800,2147483647,false,2167,-1,-1,-1,-1,-1,-1
30822,1747180800,2147483647,false,2167,-1,-1,-1,-1,-1,-1
30825,1747180800,2147483647,false,2167,-1,-1,-1,-1,-1,-1
30828,1747180800,2147483647,false,2167,-1,-1,-1,-1,-1,-1
30831,1747180800,2147483647,false,2167,-1,-1,-1,-1,-1,-1
30834,1747180800,2147483647,false,2167,-1,-1,-1,-1,-1,-1
30837,1747180800,2147483647,false,2167,-1,-1,-1,-1,-1,-1
30840,1747180800,2147483647,false,2167,-1,-1,-1,-1,-1,-1
30843,1747180800,2147483647,false,149,-1,-1,-1,-1,-1,-1
30846,1747180800,2147483647,false,91,-1,-1,-1,-1,-1,-1
30848,1747180800,2147483647,false,0,-1,-1,-1,-1,-1,-1
30854,1747180800,2147483647,false,0,-1,-1,-1,-1,-1,-1
30856,1747180800,2147483647,false,0,-1,-1,-1,-1,-1,-1
30858,1747180800,2147483647,false,0,-1,-1,-1,-1,-1,-1
30860,1747180800,2147483647,false,0,-1,-1,-1,-1,-1,-1
30862,1747180800,2147483647,false,0,-1,-1,-1,-1,-1,-1
30864,1747180800,2147483647,false,0,-1,-1,-1,-1,-1,-1
30875,1747180800,2147483647,false,69,-1,-1,-1,-1,-1,-1
30878,1747180800,2147483647,false,69,-1,-1,-1,-1,-1,-1
30881,1747180800,2147483647,false,69,-1,-1,-1,-1,-1,-1
30884,1747180800,2147483647,false,69,-1,-1,-1,-1,-1,-1
30887,1747180800,2147483647,false,0,29817,-1,-1,-1,-1,-1
30888,1747180800,2147483647,false,0,-1,-1,-1,-1,-1,-1
30890,1748995200,2147483647,false,15,-1,-1,-1,-1,-1,-1
30891,1750809600,2147483647,false,1588,45275,-1,-1,-1,-1,-1
30893,1750809600,2147483647,false,1652,-1,-1,-1,-1,-1,-1
30895,1750809600,2147483647,false,0,-1,-1,-1,-1,-1,-1
30898,1750809600,2147483647,false,6,-1,-1,-1,-1,-1,-1
30900,1750809600,2147483647,false,0,-1,-1,-1,-1,-1,-1
30902,1751414400,2147483647,false,2174,-1,-1,-1,-1,-1,-1
30904,1751414400,2147483647,false,2174,-1,-1,-1,-1,-1,-1
30906,1751414400,2147483647,false,2174,-1,-1,-1,-1,-1,-1
30908,1751414400,2147483647,false,2174,-1,-1,-1,-1,-1,-1
30910,1751414400,2147483647,false,2174,-1,-1,-1,-1,-1,-1
30912,1751414400,2147483647,false,2174,-1,-1,-1,-1,-1,-1
30914,1751414400,2147483647,false,2174,-1,-1,-1,-1,-1,-1
30916,1751414400,2147483647,false,2174,-1,-1,-1,-1,-1,-1
30918,1751414400,2147483647,false,2174,-1,-1,-1,-1,-1,-1
30920,1751414400,2147483647,false,2174,-1,-1,-1,-1,-1,-1
30922,1751414400,2147483647,false,2174,-1,-1,-1,-1,-1,-1
30924,1751414400,2147483647,false,2174,-1,-1,-1,-1,-1,-1
30926,1751414400,2147483647,false,2174,-1,-1,-1,-1,-1,-1
30928,1753228800,2147483647,false,46,-1,-1,-1,-1,-1,-1
30929,1753228800,2147483647,false,47,-1,-1,-1,-1,-1,-1
30930,0,2147483647,false,48,-1,-1,-1,-1,-1,-1
30931,1753228800,2147483647,false,47,-1,-1,-1,-1,-1,-1
30932,1753228800,2147483647,false,750,-1,-1,-1,-1,-1,-1
30933,1753228800,2147483647,false,51,-1,-1,-1,-1,-1,-1
30934,0,2147483647,false,52,-1,-1,-1,-1,-1,-1
30935,1753228800,2147483647,false,51,-1,-1,-1,-1,-1,-1
30936,1753228800,2147483647,true,0,-1,-1,-1,-1,-1,-1
30937,1753228800,2147483647,false,0,-1,-1,-1,-1,-1,-1
30939,1753228800,2147483647,false,0,-1,-1,-1,-1,-1,-1
30941,1753228800,2147483647,true,0,-1,-1,-1,-1,-1,-1
30942,1753228800,2147483647,true,0,-1,-1,-1,-1,-1,-1
30943,1753228800,2147483647,true,0,-1,-1,-1,-1,-1,-1
30944,1753228800,2147483647,true,0,-1,-1,-1,-1,-1,-1
30945,1753228800,2147483647,true,0,-1,-1,-1,-1,-1,-1
30947,1753228800,2147483647,true,0,-1,-1,-1,-1,-1,-1
30949,1753228800,2147483647,true,2176,-1,-1,-1,-1,-1,-1
30950,1753228800,2147483647,true,2176,-1,-1,-1,-1,-1,-1
30951,1753228800,2147483647,true,2176,-1,-1,-1,-1,-1,-1
30952,1753228800,2147483647,true,0,-1,-1,-1,-1,-1,-1
30953,1753228800,2147483647,false,0,-1,-1,-1,-1,-1,-1
30954,1753228800,2147483647,true,0,-1,-1,-1,-1,-1,-1
30955,1753228800,2147483647,true,21,-1,-1,-1,-1,-1,-1
30957,1753228800,2147483647,false,25,57173,-1,-1,-1,-1,-1
30960,1753228800,2147483647,true,87,-1,-1,-1,-1,-1,-1
30961,1753228800,2147483647,true,0,-1,-1,-1,-1,-1,-1
30962,1753228800,2147483647,true,2177,-1,-1,-1,-1,-1,-1
30963,1753228800,2147483647,true,2177,-1,-1,-1,-1,-1,-1
30964,1753228800,2147483647,true,2177,-1,-1,-1,-1,-1,-1
30965,1753228800,2147483647,true,2178,4045,-1,-1,-1,-1,-1
30966,1753228800,2147483647,true,0,-1,-1,-1,-1,-1,-1
30967,1753228800,2147483647,true,0,-1,-1,-1,-1,-1,-1
30968,1753228800,2147483647,true,0,-1,-1,-1,-1,-1,-1
30969,1753228800,2147483647,true,0,-1,-1,-1,-1,-1,-1
30970,1753228800,2147483647,true,2179,-1,-1,-1,-1,-1,-1
30973,1753228800,2147483647,false,6,-1,-1,-1,-1,-1,-1
30975,1753228800,2147483647,false,70,-1,-1,-1,-1,-1,-1
30977,1753228800,2147483647,true,0,-1,-1,-1,-1,-1,-1
30979,1753228800,2147483647,true,0,-1,-1,-1,-1,-1,-1
30981,1753228800,2147483647,true,0,-1,-1,-1,-1,-1,-1
30983,1753228800,2147483647,false,0,-1,-1,-1,-1,-1,-1
30985,1753228800,2147483647,true,0,-1,-1,-1,-1,-1,-1
30987,1753228800,2147483647,false,0,-1,-1,-1,-1,-1,-1
30989,1753228800,2147483647,true,0,-1,-1,-1,-1,-1,-1
30990,1753228800,2147483647,true,0,-1,-1,-1,-1,-1,-1
30991,0,2147483647,false,206,-1,-1,-1,-1,-1,-1
30992,0,2147483647,false,206,-1,-1,-1,-1,-1,-1
30997,1753228800,2147483647,false,15,-1,-1,-1,-1,-1,-1
30998,1753228800,2147483647,false,0,-1,-1,-1,-1,-1,-1
31004,1753228800,2147483647,false,0,-1,-1,-1,-1,-1,-1
31010,1753228800,2147483647,false,0,-1,-1,-1,-1,-1,-1
31016,1753228800,2147483647,false,0,-1,-1,-1,-1,-1,-1
31018,1753228800,2147483647,false,0,-1,-1,-1,-1,-1,-1
31024,1753228800,2147483647,false,0,-1,-1,-1,-1,-1,-1
31027,1753228800,2147483647,false,0,-1,-1,-1,-1,-1,-1
31030,0,2147483647,false,206,-1,-1,-1,-1,-1,-1
31031,0,2147483647,false,206,-1,-1,-1,-1,-1,-1
31032,1753228800,2147483647,false,0,-1,-1,-1,-1,-1,-1
31034,1753228800,2147483647,false,2180,-1,-1,-1,-1,-1,-1
31037,1753228800,2147483647,false,2180,-1,-1,-1,-1,-1,-1
31038,1753228800,2147483647,false,2180,-1,-1,-1,-1,-1,-1
31039,1753228800,2147483647,false,2180,-1,-1,-1,-1,-1,-1
31040,1753228800,2147483647,false,2180,-1,-1,-1,-1,-1,-1
31041,1753228800,2147483647,false,2180,-1,-1,-1,-1,-1,-1
31042,1753228800,2147483647,false,2180,-1,-1,-1,-1,-1,-1
31043,1753228800,2147483647,false,2178,-1,-1,-1,-1,-1,-1
31045,1753228800,2147483647,false,0,-1,-1,-1,-1,-1,-1
31047,1753228800,2147483647,false,0,-1,-1,-1,-1,-1,-1
31049,1753228800,2147483647,false,26,-1,-1,-1,-1,-1,-1
31052,1753228800,2147483647,false,0,-1,-1,-1,-1,-1,-1
31054,1753228800,2147483647,false,0,-1,-1,-1,-1,-1,-1
31071,1753228800,2147483647,false,0,-1,-1,-1,-1,-1,-1
31073,1753228800,2147483647,false,0,-1,-1,-1,-1,-1,-1
31075,1753228800,2147483647,false,1923,-1,-1,-1,-1,-1,-1
31077,1753228800,2147483647,false,0,-1,-1,-1,-1,-1,-1
31079,1753228800,2147483647,false,0,-1,-1,-1,-1,-1,-1
31081,1753228800,2147483647,false,494,57154,-1,-1,-1,-1,-1
31084,1753228800,2147483647,false,0,-1,-1,-1,-1,-1,-1
31086,1753228800,2147483647,false,0,-1,-1,-1,-1,-1,-1
31088,1753228800,2147483647,false,17,-1,-1,-1,-1,-1,-1
31091,1753228800,2147483647,false,17,-1,-1,-1,-1,-1,-1
31092,1753228800,2147483647,false,17,-1,-1,-1,-1,-1,-1
31093,1753228800,2147483647,false,17,-1,-1,-1,-1,-1,-1
31094,1753228800,2147483647,false,17,-1,-1,-1,-1,-1,-1
31095,1753228800,2147483647,false,17,-1,-1,-1,-1,-1,-1
31096,1753228800,2147483647,false,17,-1,-1,-1,-1,-1,-1
31097,1753228800,2147483647,false,17,-1,-1,-1,-1,-1,-1
31099,1753228800,2147483647,false,0,-1,-1,-1,-1,-1,-1
31106,1753228800,2147483647,false,10,57294,-1,-1,-1,-1,-1
31109,1753228800,2147483647,false,0,-1,-1,-1,-1,-1,-1
31111,1753228800,2147483647,false,0,-1,-1,-1,-1,-1,-1
31113,1753228800,2147483647,false,1,-1,-1,-1,-1,-1,-1
31115,1753228800,2147483647,false,1,-1,-1,-1,-1,-1,-1
31117,1753228800,2147483647,false,0,50876,-1,-1,-1,-1,-1
31121,1753228800,2147483647,false,0,-1,-1,-1,-1,-1,-1
31123,1753228800,2147483647,false,2181,-1,-1,-1,-1,-1,-1
31124,1753228800,2147483647,false,2181,-1,-1,-1,-1,-1,-1
31125,1753228800,2147483647,false,2181,-1,-1,-1,-1,-1,-1
31126,1753228800,2147483647,false,2181,-1,-1,-1,-1,-1,-1
31127,1753228800,2147483647,false,2181,-1,-1,-1,-1,-1,-1
31128,1753228800,2147483647,false,0,-1,-1,-1,-1,-1,-1
31130,1753228800,2147483647,false,0,-1,-1,-1,-1,-1,-1
31132,1755648000,2147483647,false,15,-1,-1,-1,-1,-1,-1
31133,1755648000,2147483647,false,15,-1,-1,-1,-1,-1,-1
31136,1755648000,2147483647,false,1590,-1,-1,-1,-1,-1,-1
31139,1755648000,2147483647,false,1590,-1,-1,-1,-1,-1,-1
31142,1755648000,2147483647,false,1590,-1,-1,-1,-1,-1,-1
31145,1755648000,2147483647,false,1590,-1,-1,-1,-1,-1,-1
31148,1755648000,2147483647,false,1590,-1,-1,-1,-1,-1,-1
31151,1755648000,2147483647,false,1590,-1,-1,-1,-1,-1,-1
31154,1755648000,2147483647,false,1590,-1,-1,-1,-1,-1,-1
31157,1755648000,2147483647,false,1590,-1,-1,-1,-1,-1,-1
31160,1755648000,2147483647,false,1590,-1,-1,-1,-1,-1,-1
31163,1755648000,2147483647,false,1590,-1,-1,-1,-1,-1,-1
31166,1755648000,2147483647,false,1590,-1,-1,-1,-1,-1,-1
31169,1755648000,2147483647,false,1590,-1,-1,-1,-1,-1,-1
31172,1760486400,1762905600,false,2,-1,-1,-1,57423,-1,-1
31174,1760486400,1762905600,false,58,-1,-1,-1,-1,-1,-1
31181,1760486400,2147483647,false,0,57411,-1,-1,-1,-1,-1
31184,1760486400,2147483647,false,0,57411,-1,-1,-1,-1,-1
31187,1760486400,2147483647,false,0,57411,-1,-1,-1,-1,-1
31190,1760486400,2147483647,false,0,57411,-1,-1,-1,-1,-1
31193,1760486400,2147483647,false,0,-1,-1,-1,-1,-1,-1
31196,1760486400,2147483647,false,0,-1,-1,-1,-1,-1,-1
31199,1760486400,2147483647,false,0,-1,-1,-1,-1,-1,-1
31202,1760486400,2147483647,false,0,-1,-1,-1,-1,-1,-1
31205,1760486400,2147483647,false,0,-1,-1,-1,-1,-1,-1
31208,1760486400,2147483647,false,0,-1,-1,-1,-1,-1,-1
31211,1760486400,2147483647,false,0,-1,-1,-1,-1,-1,-1
31212,1760486400,2147483647,false,0,-1,-1,-1,-1,-1,-1
31214,1760486400,2147483647,false,0,-1,-1,-1,-1,-1,-1
31216,1760486400,2147483647,false,0,-1,-1,-1,-1,-1,-1
31225,1760486400,2147483647,false,0,-1,-1,-1,-1,-1,-1
31227,1760486400,2147483647,false,55,-1,-1,-1,-1,-1,-1
31229,1760486400,2147483647,false,0,-1,-1,-1,-1,-1,-1
31231,1760486400,2147483647,false,0,57407,-1,-1,-1,-1,-1
31233,1760486400,2147483647,false,0,57403,-1,-1,-1,-1,-1
31235,1763510400,2147483647,false,532,-1,-1,-1,-1,-1,-1
31241,1763510400,2147483647,false,2264,59171,-1,-1,-1,-1,-1
31243,1763510400,2147483647,false,2264,59169,-1,-1,-1,-1,-1
31245,1763510400,2147483647,false,0,-1,-1,-1,-1,-1,-1
31248,1763510400,2147483647,false,25,59826,-1,-1,-1,-1,-1
31251,1763510400,2147483647,false,0,-1,-1,-1,-1,-1,-1
31252,1763510400,2147483647,false,0,-1,-1,-1,-1,-1,-1
31253,1763510400,2147483647,false,0,-1,-1,-1,-1,-1,-1
31254,1763510400,2147483647,false,0,-1,-1,-1,-1,-1,-1
31255,1763510400,2147483647,false,0,-1,-1,-1,-1,-1,-1
31258,1763510400,2147483647,false,0,-1,-1,-1,-1,-1,-1
31261,1763510400,2147483647,false,0,-1,-1,-1,-1,-1,-1
31264,1763510400,2147483647,false,1923,-1,-1,-1,-1,-1,-1
31266,1763510400,2147483647,false,1923,-1,-1,-1,-1,-1,-1
31268,1763510400,2147483647,false,46,-1,-1,-1,-1,-1,-1
31269,1763510400,2147483647,false,750,-1,-1,-1,-1,-1,-1
31270,1763510400,2147483647,false,750,-1,-1,-1,-1,-1,-1
31271,1763510400,2147483647,false,750,-1,-1,-1,-1,-1,-1
31272,1763510400,2147483647,false,47,-1,-1,-1,-1,-1,-1
31273,1763510400,2147483647,false,47,-1,-1,-1,-1,-1,-1
31274,1763510400,2147483647,false,52,-1,-1,-1,-1,-1,-1
31275,1763510400,2147483647,false,51,-1,-1,-1,-1,-1,-1
31276,1763510400,2147483647,false,1042,-1,-1,-1,-1,-1,-1
31277,1779235200,2147483647,false,1042,-1,-1,-1,-1,-1,-1
31278,1763510400,2147483647,false,1042,-1,-1,-1,-1,-1,-1
31279,1763510400,2147483647,false,1783,-1,-1,-1,-1,-1,-1
31280,1763510400,2147483647,false,1783,-1,-1,-1,-1,-1,-1
31281,1763510400,2147483647,false,1783,-1,-1,-1,-1,-1,-1
31282,1763510400,2147483647,false,1783,-1,-1,-1,-1,-1,-1
31283,1763510400,2147483647,false,2265,-1,-1,-1,-1,-1,-1
31285,1763510400,2147483647,false,0,-1,-1,-1,-1,-1,-1
31287,1763510400,2147483647,false,0,-1,-1,-1,-1,-1,-1
31288,1763510400,2147483647,false,27,59151,-1,-1,-1,-1,-1
31290,1763510400,2147483647,false,27,59152,-1,-1,-1,-1,-1
31292,1763510400,2147483647,false,0,18967,-1,-1,-1,-1,-1
31297,1763510400,2147483647,true,0,-1,-1,-1,-1,-1,-1
31298,1763510400,2147483647,true,0,59080,-1,-1,-1,-1,-1
31300,1763510400,2147483647,false,0,-1,-1,-1,-1,-1,-1
31327,1763510400,2147483647,true,0,-1,-1,-1,-1,-1,-1
31328,1763510400,2147483647,true,0,-1,-1,-1,-1,-1,-1
31329,1763510400,2147483647,true,0,-1,-1,-1,-1,-1,-1
31330,1763510400,2147483647,true,0,-1,-1,-1,-1,-1,-1
31331,1763510400,2147483647,false,0,-1,-1,-1,-1,-1,-1
31333,1763510400,2147483647,false,70,-1,-1,-1,-1,-1,-1
31335,1763510400,2147483647,false,70,-1,-1,-1,-1,-1,-1
31338,1763510400,2147483647,true,0,-1,-1,-1,-1,-1,-1
31341,1763510400,2147483647,false,0,-1,-1,-1,-1,-1,-1
31343,1763510400,2147483647,false,0,-1,-1,-1,-1,-1,-1
31345,1763510400,2147483647,false,0,-1,-1,-1,-1,-1,-1
31347,1763510400,2147483647,false,0,-1,-1,-1,-1,-1,-1
31349,1763510400,2147483647,false,0,-1,-1,-1,-1,-1,-1
31351,1763510400,2147483647,false,0,-1,-1,-1,-1,-1,-1
31353,1763510400,2147483647,false,0,-1,-1,-1,-1,-1,-1
31355,1763510400,2147483647,false,0,-1,-1,-1,-1,-1,-1
31357,1763510400,2147483647,false,0,-1,-1,-1,-1,-1,-1
31359,1763510400,2147483647,false,0,-1,-1,-1,-1,-1,-1
31361,1763510400,2147483647,false,0,-1,-1,-1,-1,-1,-1
31363,1763510400,2147483647,false,0,-1,-1,-1,-1,-1,-1
31365,1763510400,2147483647,false,0,-1,-1,-1,-1,-1,-1
31367,1763510400,2147483647,false,0,-1,-1,-1,-1,-1,-1
31369,0,2147483647,false,0,59210,-1,-1,-1,-1,-1
31371,1763510400,2147483647,false,0,59210,-1,-1,-1,-1,-1
31373,1763510400,2147483647,false,0,59211,-1,-1,-1,-1,-1
31375,1763510400,2147483647,false,0,-1,-1,-1,-1,-1,-1
31377,1763510400,2147483647,false,0,-1,-1,-1,-1,-1,-1
31379,1763510400,2147483647,false,0,-1,-1,-1,-1,-1,-1
31381,1763510400,2147483647,false,0,-1,-1,-1,-1,-1,-1
31383,1763510400,2147483647,false,2050,-1,-1,-1,-1,-1,-1
31386,1763510400,2147483647,false,2050,-1,-1,-1,-1,-1,-1
31389,1763510400,2147483647,false,2050,-1,-1,-1,-1,-1,-1
31392,1763510400,2147483647,true,0,-1,-1,-1,-1,-1,-1
31393,1763510400,2147483647,true,0,-1,-1,-1,-1,-1,-1
31395,1763510400,2147483647,false,0,-1,-1,-1,-1,-1,-1
31397,1763510400,2147483647,true,0,-1,-1,-1,-1,-1,-1
31398,1763510400,2147483647,true,2266,-1,-1,-1,-1,-1,-1
31400,1763510400,2147483647,true,0,-1,-1,-1,-1,-1,-1
31401,1779235200,2147483647,true,0,59081,-1,-1,-1,-1,-1
31403,1779235200,2147483647,true,0,-1,-1,-1,-1,-1,-1
31406,1763510400,2147483647,false,74,-1,-1,-1,-1,-1,-1
31408,1763510400,2147483647,false,481,-1,-1,-1,-1,-1,-1
31410,1763510400,2147483647,false,0,-1,-1,-1,-1,-1,-1
31412,1763510400,2147483647,false,481,-1,-1,-1,-1,-1,-1
31414,1763510400,2147483647,false,0,-1,-1,-1,-1,-1,-1
31416,1763510400,2147483647,false,481,-1,-1,-1,-1,-1,-1
31418,1763510400,2147483647,false,0,-1,-1,-1,-1,-1,-1
31420,1763510400,2147483647,false,481,-1,-1,-1,-1,-1,-1
31422,1763510400,2147483647,false,0,-1,-1,-1,-1,-1,-1
31424,1763510400,2147483647,false,481,-1,-1,-1,-1,-1,-1
31426,1763510400,2147483647,false,0,-1,-1,-1,-1,-1,-1
31428,1763510400,2147483647,false,481,-1,-1,-1,-1,-1,-1
31430,1763510400,2147483647,false,0,-1,-1,-1,-1,-1,-1
31432,1763510400,2147483647,false,475,-1,-1,-1,-1,-1,-1
31435,1763510400,2147483647,false,475,-1,-1,-1,-1,-1,-1
31438,1763510400,2147483647,false,475,-1,-1,-1,-1,-1,-1
31441,1763510400,2147483647,false,482,-1,-1,-1,-1,-1,-1
31443,1763510400,2147483647,false,482,-1,-1,-1,-1,-1,-1
31445,0,2147483647,false,206,-1,-1,-1,-1,-1,-1
31446,0,2147483647,false,206,-1,-1,-1,-1,-1,-1
31447,0,2147483647,false,206,-1,-1,-1,-1,-1,-1
31448,0,2147483647,false,206,-1,-1,-1,-1,-1,-1
31449,0,2147483647,false,206,-1,-1,-1,-1,-1,-1
31450,0,2147483647,false,206,-1,-1,-1,-1,-1,-1
31451,0,2147483647,false,206,-1,-1,-1,-1,-1,-1
31452,0,2147483647,false,206,-1,-1,-1,-1,-1,-1
31453,0,2147483647,false,206,-1,-1,-1,-1,-1,-1
31454,1763510400,2147483647,false,0,-1,-1,-1,-1,-1,-1
31457,1763510400,2147483647,false,0,-1,-1,-1,-1,-1,-1
31460,1763510400,2147483647,false,0,-1,-1,-1,-1,-1,-1
31463,1763510400,2147483647,false,0,-1,-1,-1,-1,-1,-1
31466,1763510400,2147483647,false,0,-1,-1,-1,-1,-1,-1
31469,1763510400,2147483647,false,0,-1,-1,-1,-1,-1,-1
31472,1763510400,2147483647,false,0,-1,-1,-1,-1,-1,-1
31475,1763510400,2147483647,false,0,-1,-1,-1,-1,-1,-1
31478,1763510400,2147483647,false,0,-1,-1,-1,-1,-1,-1
31481,1763510400,2147483647,false,2267,-1,-1,-1,-1,-1,-1
31484,1763510400,2147483647,false,2267,-1,-1,-1,-1,-1,-1
31487,1763510400,2147483647,false,2267,-1,-1,-1,-1,-1,-1
31490,1763510400,2147483647,false,80,-1,-1,-1,-1,-1,-1
31492,1763510400,2147483647,false,80,-1,-1,-1,-1,-1,-1
31494,1763510400,2147483647,false,80,-1,-1,-1,-1,-1,-1
31496,1763510400,2147483647,false,0,-1,-1,-1,-1,-1,-1
31498,1763510400,2147483647,false,0,-1,-1,-1,-1,-1,-1
31500,1763510400,2147483647,false,0,-1,-1,-1,-1,-1,-1
31502,1763510400,2147483647,false,141,-1,-1,-1,-1,-1,-1
31505,1763510400,2147483647,false,141,-1,-1,-1,-1,-1,-1
31508,1763510400,2147483647,false,141,-1,-1,-1,-1,-1,-1
31511,1763510400,2147483647,false,2268,-1,-1,-1,-1,-1,-1
31513,1763510400,2147483647,false,2268,-1,-1,-1,-1,-1,-1
31515,1763510400,2147483647,false,2268,-1,-1,-1,-1,-1,-1
31541,1763510400,2147483647,false,139,-1,-1,-1,-1,-1,-1
31543,1763510400,2147483647,false,139,-1,-1,-1,-1,-1,-1
31545,1763510400,2147483647,false,139,-1,-1,-1,-1,-1,-1
31547,1763510400,2147483647,false,1311,-1,-1,-1,-1,-1,-1
31549,1763510400,2147483647,false,1311,-1,-1,-1,-1,-1,-1
31551,1763510400,2147483647,false,1311,-1,-1,-1,-1,-1,-1
31553,1763510400,2147483647,false,57,-1,-1,-1,-1,-1,-1
31556,1763510400,2147483647,false,58,-1,-1,-1,-1,-1,-1
31559,1763510400,2147483647,false,116,-1,-1,-1,-1,-1,-1
31561,1763510400,2147483647,false,57,-1,-1,-1,-1,-1,-1
31564,1763510400,2147483647,false,58,-1,-1,-1,-1,-1,-1
31567,1763510400,2147483647,false,116,-1,-1,-1,-1,-1,-1
31569,1763510400,2147483647,false,0,-1,-1,-1,-1,-1,-1
31572,1763510400,2147483647,false,0,-1,-1,-1,-1,-1,-1
31575,1763510400,2147483647,false,24,-1,-1,-1,-1,-1,-1
31577,1763510400,2147483647,false,24,-1,-1,-1,-1,-1,-1
31579,1763510400,2147483647,false,24,-1,-1,-1,-1,-1,-1
31581,1763510400,2147483647,false,24,-1,-1,-1,-1,-1,-1
31583,1763510400,2147483647,false,24,-1,-1,-1,-1,-1,-1
31585,1763510400,2147483647,false,24,-1,-1,-1,-1,-1,-1
31587,1763510400,2147483647,false,69,-1,-1,-1,-1,-1,-1
31590,1763510400,2147483647,false,69,-1,-1,-1,-1,-1,-1
31593,1763510400,2147483647,false,69,-1,-1,-1,-1,-1,-1
31596,1763510400,2147483647,false,69,-1,-1,-1,-1,-1,-1
31599,1763510400,2147483647,false,69,-1,-1,-1,-1,-1,-1
31602,1763510400,2147483647,false,69,-1,-1,-1,-1,-1,-1
31605,1763510400,2147483647,false,69,-1,-1,-1,-1,-1,-1
31608,1763510400,2147483647,false,69,-1,-1,-1,-1,-1,-1
31611,1763510400,2147483647,false,69,-1,-1,-1,-1,-1,-1
31614,1763510400,2147483647,false,69,-1,-1,-1,-1,-1,-1
31617,1763510400,2147483647,false,69,-1,-1,-1,-1,-1,-1
31620,1763510400,2147483647,false,69,-1,-1,-1,-1,-1,-1
31623,1763510400,2147483647,false,69,-1,-1,-1,-1,-1,-1
31626,1763510400,2147483647,false,69,-1,-1,-1,-1,-1,-1
31629,1763510400,2147483647,false,69,-1,-1,-1,-1,-1,-1
31632,1763510400,2147483647,false,69,-1,-1,-1,-1,-1,-1
31635,1763510400,2147483647,false,69,-1,-1,-1,-1,-1,-1
31638,1763510400,2147483647,false,69,-1,-1,-1,-1,-1,-1
31641,1763510400,2147483647,false,69,-1,-1,-1,-1,-1,-1
31644,1763510400,2147483647,false,69,-1,-1,-1,-1,-1,-1
31647,1763510400,2147483647,false,69,-1,-1,-1,-1,-1,-1
31650,1763510400,2147483647,false,69,-1,-1,-1,-1,-1,-1
31653,1763510400,2147483647,false,69,-1,-1,-1,-1,-1,-1
31656,1763510400,2147483647,false,69,-1,-1,-1,-1,-1,-1
31659,1763510400,2147483647,false,69,-1,-1,-1,-1,-1,-1
31662,1763510400,2147483647,false,69,-1,-1,-1,-1,-1,-1
31665,1763510400,2147483647,false,69,-1,-1,-1,-1,-1,-1
31668,1763510400,2147483647,false,69,-1,-1,-1,-1,-1,-1
31671,1763510400,2147483647,false,2275,-1,-1,-1,-1,-1,-1
31674,1763510400,2147483647,false,2275,-1,-1,-1,-1,-1,-1
31677,1763510400,2147483647,false,2275,-1,-1,-1,-1,-1,-1
31680,1763510400,2147483647,false,2275,-1,-1,-1,-1,-1,-1
31683,1763510400,2147483647,false,2275,-1,-1,-1,-1,-1,-1
31686,1763510400,2147483647,false,0,-1,-1,-1,-1,-1,-1
31689,1763510400,2147483647,false,5,-1,-1,-1,-1,-1,-1
31692,1763510400,2147483647,false,0,-1,-1,-1,-1,-1,-1
31695,1763510400,2147483647,false,5,-1,-1,-1,-1,-1,-1
31698,1763510400,2147483647,false,0,-1,-1,-1,-1,-1,-1
31700,1763510400,2147483647,false,0,-1,-1,-1,-1,-1,-1
31703,1763510400,2147483647,false,5,-1,-1,-1,-1,-1,-1
31706,1763510400,2147483647,false,0,-1,-1,-1,-1,-1,-1
31708,1763510400,2147483647,false,0,-1,-1,-1,-1,-1,-1
31710,1763510400,2147483647,false,0,-1,-1,-1,-1,-1,-1
31712,1763510400,2147483647,false,0,-1,-1,-1,-1,-1,-1
31716,1763510400,2147483647,false,91,-1,-1,-1,-1,-1,-1
31719,1763510400,2147483647,false,91,-1,-1,-1,-1,-1,-1
31722,1779235200,2147483647,false,0,-1,-1,-1,-1,-1,-1
31724,1779235200,2147483647,false,0,-1,-1,-1,-1,-1,-1
31726,1763510400,2147483647,false,6,-1,-1,-1,-1,-1,-1
31729,1763510400,2147483647,false,6,-1,-1,-1,-1,-1,-1
31732,1763510400,2147483647,false,0,-1,-1,-1,-1,-1,-1
31733,1763510400,2147483647,false,0,-1,-1,-1,-1,-1,-1
31734,1763510400,2147483647,false,0,-1,-1,-1,-1,-1,-1
31736,1763510400,2147483647,false,0,-1,-1,-1,-1,-1,-1
31738,1763510400,2147483647,false,0,59124,-1,-1,-1,-1,-1
31740,1763510400,2147483647,false,0,-1,-1,-1,-1,-1,-1
31742,1763510400,2147483647,false,0,59040,-1,-1,-1,-1,-1
31744,1763510400,2147483647,false,0,-1,-1,-1,-1,-1,-1
31745,1763510400,2147483647,false,0,-1,-1,-1,-1,-1,-1
31746,1763510400,2147483647,false,0,-1,-1,-1,-1,-1,-1
31748,1763510400,2147483647,false,0,-1,-1,-1,-1,-1,-1
31750,1763510400,2147483647,false,0,59125,-1,-1,59315,-1,-1
31752,1763510400,2147483647,false,0,59115,-1,-1,-1,-1,-1
31754,1763510400,2147483647,false,0,-1,-1,-1,-1,-1,-1
31756,1763510400,2147483647,false,0,-1,-1,-1,-1,-1,-1
31757,1763510400,2147483647,false,0,-1,-1,-1,-1,-1,-1
31758,1763510400,2147483647,false,0,-1,-1,-1,-1,-1,-1
31760,1763510400,2147483647,false,0,59088,-1,-1,-1,-1,-1
31762,1763510400,2147483647,false,0,-1,-1,-1,-1,-1,-1
31764,1763510400,2147483647,false,0,-1,-1,-1,-1,-1,-1
31766,1763510400,2147483647,false,0,-1,-1,-1,-1,-1,-1
31768,1763510400,2147483647,false,0,-1,-1,-1,-1,-1,-1
31770,1763510400,2147483647,false,2276,-1,-1,-1,-1,-1,-1
31773,1763510400,2147483647,false,2276,-1,-1,-1,-1,-1,-1
31776,1763510400,2147483647,false,2276,-1,-1,-1,-1,-1,-1
31779,1763510400,2147483647,false,2276,-1,-1,-1,-1,-1,-1
31782,1763510400,2147483647,false,2276,-1,-1,-1,-1,-1,-1
31785,1763510400,2147483647,false,2276,-1,-1,-1,-1,-1,-1
31788,1763510400,2147483647,false,2276,-1,-1,-1,-1,-1,-1
31791,1763510400,2147483647,false,2276,-1,-1,-1,-1,-1,-1
31794,1763510400,2147483647,false,2276,-1,-1,-1,-1,-1,-1
31797,1763510400,2147483647,false,2276,-1,-1,-1,-1,-1,-1
31800,1763510400,2147483647,false,2277,-1,-1,-1,-1,-1,-1
31803,1763510400,2147483647,false,0,-1,-1,-1,-1,-1,-1
31805,1763510400,2147483647,false,0,-1,-1,-1,-1,-1,-1
31807,1763510400,2147483647,true,0,-1,-1,-1,-1,-1,-1
31809,1763510400,2147483647,false,2278,-1,-1,-1,-1,-1,-1
31810,1763510400,2147483647,false,2278,-1,-1,-1,-1,-1,-1
31811,1763510400,2147483647,false,0,-1,-1,-1,-1,-1,-1
31814,1763510400,2147483647,false,0,-1,-1,-1,-1,-1,-1
31817,1763510400,2147483647,false,0,-1,-1,-1,-1,-1,-1
31820,1763510400,2147483647,false,0,-1,-1,-1,-1,-1,-1
31823,1763510400,2147483647,false,0,-1,-1,-1,-1,-1,-1
31831,1763510400,2147483647,false,2279,-1,-1,-1,-1,-1,-1
31832,1763510400,2147483647,false,2279,-1,-1,-1,-1,-1,-1
31833,1763510400,2147483647,true,2279,-1,-1,-1,-1,-1,-1
31834,1763510400,2147483647,false,2279,-1,-1,-1,-1,-1,-1
31835,1763510400,2147483647,false,2279,-1,-1,-1,-1,-1,-1
31836,1763510400,2147483647,false,2279,-1,-1,-1,-1,-1,-1
31837,1763510400,2147483647,false,2279,-1,-1,-1,-1,-1,-1
31838,1763510400,2147483647,false,2279,-1,-1,-1,-1,-1,-1
31839,1763510400,2147483647,false,2279,-1,-1,-1,-1,-1,-1
31840,1763510400,2147483647,false,2279,-1,-1,-1,-1,-1,-1
31841,1763510400,2147483647,false,2279,-1,-1,-1,-1,-1,-1
31842,1763510400,2147483647,false,2279,-1,-1,-1,-1,-1,-1
31843,1763510400,2147483647,false,2279,-1,-1,-1,-1,-1,-1
31844,1763510400,2147483647,false,2279,-1,-1,-1,-1,-1,-1
31845,1763510400,2147483647,false,2279,-1,-1,-1,-1,-1,-1
31846,1763510400,2147483647,false,2279,-1,-1,-1,-1,-1,-1
31847,1763510400,2147483647,false,2279,-1,-1,-1,-1,-1,-1
31848,1763510400,2147483647,false,2279,-1,-1,-1,-1,-1,-1
31849,1763510400,2147483647,false,2279,-1,-1,-1,-1,-1,-1
31850,1763510400,2147483647,false,2279,-1,-1,-1,-1,-1,-1
31851,1763510400,2147483647,false,2279,-1,-1,-1,-1,-1,-1
31852,1763510400,2147483647,false,2279,-1,-1,-1,-1,-1,-1
31853,1763510400,2147483647,false,2279,-1,-1,-1,-1,-1,-1
31854,1763510400,2147483647,false,2279,-1,-1,-1,-1,-1,-1
31855,1763510400,2147483647,false,2279,-1,-1,-1,-1,-1,-1
31856,1763510400,2147483647,false,2279,-1,-1,-1,-1,-1,-1
31857,1763510400,2147483647,false,2279,-1,-1,-1,-1,-1,-1
31858,1763510400,2147483647,false,2279,-1,-1,-1,-1,-1,-1
31859,1763510400,2147483647,false,2279,-1,-1,-1,-1,-1,-1
31860,1763510400,2147483647,false,2279,-1,-1,-1,-1,-1,-1
31861,1763510400,2147483647,false,2279,-1,-1,-1,-1,-1,-1
31862,1763510400,2147483647,false,2279,-1,-1,-1,-1,-1,-1
31863,1763510400,2147483647,false,2279,-1,-1,-1,-1,-1,-1
31864,1763510400,2147483647,false,2279,-1,-1,-1,-1,-1,-1
31865,1763510400,2147483647,false,0,-1,-1,-1,-1,-1,-1
31867,1763510400,2147483647,false,0,-1,-1,-1,-1,-1,-1
31869,1763510400,2147483647,false,0,-1,-1,-1,-1,-1,-1
31871,1763510400,2147483647,false,2279,-1,-1,-1,-1,-1,-1
31872,1763510400,2147483647,false,2279,-1,-1,-1,-1,-1,-1
31873,1763510400,2147483647,false,2279,-1,-1,-1,-1,-1,-1
31874,1763510400,2147483647,false,2279,-1,-1,-1,-1,-1,-1
31875,1763510400,2147483647,false,2279,-1,-1,-1,-1,-1,-1
31876,1763510400,2147483647,false,2279,-1,-1,-1,-1,-1,-1
31877,1763510400,2147483647,false,2279,-1,-1,-1,-1,-1,-1
31878,1763510400,2147483647,false,2279,-1,-1,-1,-1,-1,-1
31879,1763510400,2147483647,false,0,-1,-1,-1,-1,-1,-1
31881,1763510400,2147483647,false,2279,-1,-1,-1,-1,-1,-1
31882,1763510400,2147483647,false,2279,-1,-1,-1,-1,-1,-1
31883,1763510400,2147483647,false,2279,-1,-1,-1,-1,-1,-1
31884,1763510400,2147483647,false,2279,-1,-1,-1,-1,-1,-1
31885,1763510400,2147483647,false,2279,-1,-1,-1,-1,-1,-1
31886,1763510400,2147483647,false,2279,-1,-1,-1,-1,-1,-1
31887,1763510400,2147483647,false,2279,-1,-1,-1,-1,-1,-1
31888,1763510400,2147483647,false,2279,-1,-1,-1,-1,-1,-1
31889,1763510400,2147483647,false,2279,-1,-1,-1,-1,-1,-1
31890,1763510400,2147483647,false,2279,-1,-1,-1,-1,-1,-1
31891,1763510400,2147483647,false,2279,-1,-1,-1,-1,-1,-1
31892,1763510400,2147483647,false,2279,-1,-1,-1,-1,-1,-1
31893,1763510400,2147483647,false,2279,-1,-1,-1,-1,-1,-1
31894,1763510400,2147483647,false,2279,-1,-1,-1,-1,-1,-1
31895,1763510400,2147483647,false,2279,-1,-1,-1,-1,-1,-1
31896,1763510400,2147483647,false,2279,-1,-1,-1,-1,-1,-1
31897,1763510400,2147483647,false,2279,-1,-1,-1,-1,-1,-1
31898,1763510400,2147483647,false,2279,-1,-1,-1,-1,-1,-1
31899,1763510400,2147483647,false,2279,-1,-1,-1,-1,-1,-1
31900,1763510400,2147483647,false,2279,-1,-1,-1,-1,-1,-1
31901,1763510400,2147483647,false,2279,-1,-1,-1,-1,-1,-1
31902,1763510400,2147483647,false,2279,-1,-1,-1,-1,-1,-1
31903,1763510400,2147483647,false,0,-1,-1,-1,-1,-1,-1
31905,1763510400,2147483647,false,2279,-1,-1,-1,-1,-1,-1
31906,1763510400,2147483647,false,1176,-1,-1,-1,-1,-1,-1
31908,1763510400,2147483647,false,1176,-1,-1,-1,-1,-1,-1
31910,1763510400,2147483647,false,1176,-1,-1,-1,-1,-1,-1
31912,1763510400,2147483647,false,1176,-1,-1,-1,-1,-1,-1
31914,1763510400,2147483647,false,1176,-1,-1,-1,-1,-1,-1
31916,1763510400,2147483647,false,1176,-1,-1,-1,-1,-1,-1
31918,1779235200,2147483647,false,1176,-1,-1,-1,-1,-1,-1
31920,1779235200,2147483647,false,1176,-1,-1,-1,-1,-1,-1
31922,1779235200,2147483647,false,1176,-1,-1,-1,-1,-1,-1
31924,1779235200,2147483647,false,1176,-1,-1,-1,-1,-1,-1
31926,1779235200,2147483647,false,1176,-1,-1,-1,-1,-1,-1
31928,1779235200,2147483647,false,1176,-1,-1,-1,-1,-1,-1
31930,1779235200,2147483647,false,1176,-1,-1,-1,-1,-1,-1
31932,1779235200,2147483647,false,1176,-1,-1,-1,-1,-1,-1
31934,1779235200,2147483647,false,1176,-1,-1,-1,-1,-1,-1
31936,1779235200,2147483647,false,1176,-1,-1,-1,-1,-1,-1
31938,1779235200,2147483647,false,1176,-1,-1,-1,-1,-1,-1
31940,1779235200,2147483647,false,1176,-1,-1,-1,-1,-1,-1
31942,1779235200,2147483647,false,1176,-1,-1,-1,-1,-1,-1
31944,1779235200,2147483647,false,1176,-1,-1,-1,-1,-1,-1
31946,1763510400,2147483647,false,0,-1,-1,-1,-1,-1,-1
31949,1763510400,2147483647,false,0,-1,-1,-1,-1,-1,-1
31952,1763510400,2147483647,false,0,-1,-1,-1,-1,-1,-1
31954,1763510400,2147483647,false,0,-1,-1,-1,-1,-1,-1
31957,1763510400,2147483647,false,2178,-1,-1,-1,-1,-1,-1
31959,1763510400,2147483647,false,0,-1,-1,-1,-1,-1,-1
31961,1763510400,2147483647,false,0,-1,-1,-1,-1,-1,-1
31964,1763510400,2147483647,false,2280,-1,-1,-1,-1,-1,-1
31967,1763510400,2147483647,false,2280,-1,-1,-1,-1,-1,-1
31970,1763510400,2147483647,false,2280,-1,-1,-1,-1,-1,-1
31973,1763510400,2147483647,false,2280,-1,-1,-1,-1,-1,-1
31976,1763510400,2147483647,false,2280,-1,-1,-1,-1,-1,-1
31979,1763510400,2147483647,false,2280,-1,-1,-1,-1,-1,-1
31982,1763510400,2147483647,false,2280,-1,-1,-1,-1,-1,-1
31985,1763510400,2147483647,false,2281,-1,-1,-1,-1,-1,-1
31986,1763510400,2147483647,false,2281,-1,-1,-1,-1,-1,-1
31989,1763510400,2147483647,false,0,-1,-1,-1,-1,-1,-1
31992,1763510400,2147483647,false,0,-1,-1,-1,-1,-1,-1
31996,1763510400,2147483647,false,0,-1,-1,-1,-1,-1,-1
31999,1763510400,2147483647,false,2283,-1,-1,-1,-1,-1,-1
32002,1763510400,2147483647,false,2283,-1,-1,-1,-1,-1,-1
32005,1763510400,2147483647,false,2283,-1,-1,-1,-1,-1,-1
32008,1763510400,2147483647,false,2283,-1,-1,-1,-1,-1,-1
32011,1763510400,2147483647,false,2283,-1,-1,-1,-1,-1,-1
32014,1763510400,2147483647,false,2283,-1,-1,-1,-1,-1,-1
32017,1763510400,2147483647,false,2283,-1,-1,-1,-1,-1,-1
32020,1763510400,2147483647,false,2284,-1,-1,-1,-1,-1,-1
32023,1763510400,2147483647,false,2284,-1,-1,-1,-1,-1,-1
32026,1763510400,2147483647,false,2284,-1,-1,-1,-1,-1,-1
32029,1763510400,2147483647,false,2284,-1,-1,-1,-1,-1,-1
32032,1763510400,2147483647,false,2284,-1,-1,-1,-1,-1,-1
32035,1763510400,2147483647,false,2284,-1,-1,-1,-1,-1,-1
32038,1763510400,2147483647,false,2284,-1,-1,-1,-1,-1,-1
32041,1763510400,2147483647,false,2285,-1,-1,-1,-1,-1,-1
32044,1763510400,2147483647,false,2285,-1,-1,-1,-1,-1,-1
32047,1763510400,2147483647,false,2285,-1,-1,-1,-1,-1,-1
32050,1763510400,2147483647,false,2285,-1,-1,-1,-1,-1,-1
32053,1763510400,2147483647,false,2285,-1,-1,-1,-1,-1,-1
32056,1763510400,2147483647,false,2285,-1,-1,-1,-1,-1,-1
32059,1763510400,2147483647,false,2285,-1,-1,-1,-1,-1,-1
32062,1763510400,2147483647,false,2286,-1,-1,-1,-1,-1,-1
32065,1763510400,2147483647,false,2286,-1,-1,-1,-1,-1,-1
32068,1763510400,2147483647,false,2286,-1,-1,-1,-1,-1,-1
32071,1763510400,2147483647,false,2286,-1,-1,-1,-1,-1,-1
32074,1763510400,2147483647,false,2286,-1,-1,-1,-1,-1,-1
32077,1763510400,2147483647,false,2286,-1,-1,-1,-1,-1,-1
32080,1763510400,2147483647,false,2286,-1,-1,-1,-1,-1,-1
32083,1763510400,2147483647,false,0,-1,-1,-1,-1,-1,-1
32085,1763510400,2147483647,false,0,-1,-1,-1,-1,-1,-1
32087,1763510400,2147483647,false,2287,-1,-1,-1,-1,-1,-1
32090,1763510400,2147483647,false,2287,-1,-1,-1,-1,-1,-1
32093,1763510400,2147483647,false,2287,-1,-1,-1,-1,-1,-1
32096,1763510400,2147483647,false,2287,-1,-1,-1,-1,-1,-1
32099,1763510400,2147483647,false,2287,-1,-1,-1,-1,-1,-1
32102,1763510400,2147483647,false,2287,-1,-1,-1,-1,-1,-1
32104,1763510400,2147483647,false,2287,-1,-1,-1,-1,-1,-1
32106,1763510400,2147483647,false,2287,-1,-1,-1,-1,-1,-1
32108,1763510400,2147483647,false,2287,-1,-1,-1,-1,-1,-1
32110,1763510400,2147483647,false,2287,-1,-1,-1,-1,-1,-1
32113,1763510400,2147483647,false,2287,-1,-1,-1,-1,-1,-1
32115,1763510400,2147483647,false,0,-1,-1,-1,-1,-1,-1
32307,1763510400,2147483647,false,2288,-1,-1,-1,-1,-1,-1
32309,1763510400,2147483647,false,57,-1,-1,-1,-1,-1,-1
32312,1763510400,2147483647,false,58,-1,-1,-1,-1,-1,-1
32315,1763510400,2147483647,false,116,-1,-1,-1,-1,-1,-1
32317,1763510400,2147483647,false,57,-1,-1,-1,-1,-1,-1
32320,1763510400,2147483647,false,58,-1,-1,-1,-1,-1,-1
32323,1763510400,2147483647,false,116,-1,-1,-1,-1,-1,-1
32325,1763510400,2147483647,false,57,-1,-1,-1,-1,-1,-1
32328,1763510400,2147483647,false,58,-1,-1,-1,-1,-1,-1
32331,1763510400,2147483647,false,116,-1,-1,-1,-1,-1,-1
32333,1763510400,2147483647,false,57,-1,-1,-1,-1,-1,-1
32336,1763510400,2147483647,false,58,-1,-1,-1,-1,-1,-1
32339,1763510400,2147483647,false,116,-1,-1,-1,-1,-1,-1
32341,1763510400,2147483647,false,57,-1,-1,-1,-1,-1,-1
32344,1763510400,2147483647,false,58,-1,-1,-1,-1,-1,-1
32347,1763510400,2147483647,false,116,-1,-1,-1,-1,-1,-1
32349,1763510400,2147483647,false,57,-1,-1,-1,-1,-1,-1
32352,1763510400,2147483647,false,58,-1,-1,-1,-1,-1,-1
32355,1763510400,2147483647,false,116,-1,-1,-1,-1,-1,-1
32357,1763510400,2147483647,false,0,-1,-1,-1,-1,-1,-1
32360,1763510400,2147483647,false,0,-1,-1,-1,-1,-1,-1
32362,1763510400,2147483647,false,0,-1,-1,-1,-1,-1,-1
32364,1763510400,2147483647,false,0,-1,-1,-1,-1,-1,-1
32366,1763510400,2147483647,false,0,-1,-1,-1,-1,-1,-1
32368,1763510400,2147483647,false,2289,-1,-1,-1,-1,-1,-1
32370,1763510400,2147483647,false,2289,-1,-1,-1,-1,-1,-1
32371,1763510400,2147483647,false,2289,-1,-1,-1,-1,-1,-1
32373,1763510400,2147483647,false,2289,-1,-1,-1,-1,-1,-1
32374,1763510400,2147483647,false,2289,-1,-1,-1,-1,-1,-1
32376,1763510400,2147483647,false,2289,-1,-1,-1,-1,-1,-1
32377,1763510400,2147483647,false,2289,-1,-1,-1,-1,-1,-1
32379,1763510400,2147483647,false,2289,-1,-1,-1,-1,-1,-1
32380,1763510400,2147483647,false,2289,-1,-1,-1,-1,-1,-1
32382,1763510400,2147483647,false,2289,-1,-1,-1,-1,-1,-1
32383,1763510400,2147483647,false,2289,-1,-1,-1,-1,-1,-1
32385,1763510400,2147483647,false,2289,-1,-1,-1,-1,-1,-1
32386,1763510400,2147483647,false,0,59117,-1,-1,-1,-1,-1
32388,1763510400,2147483647,false,2290,-1,-1,-1,-1,-1,-1
32389,1763510400,2147483647,false,2290,-1,-1,-1,-1,-1,-1
32390,1763510400,2147483647,false,2290,-1,-1,-1,-1,-1,-1
32391,1763510400,2147483647,false,2290,-1,-1,-1,-1,-1,-1
32392,1763510400,2147483647,false,2290,-1,-1,-1,-1,-1,-1
32393,1763510400,2147483647,false,2290,-1,-1,-1,-1,-1,-1
32394,1763510400,2147483647,false,2290,-1,-1,-1,-1,-1,-1
32395,1763510400,2147483647,false,2290,-1,-1,-1,-1,-1,-1
32396,1763510400,2147483647,false,0,-1,-1,-1,-1,-1,-1
32398,1763510400,2147483647,false,0,-1,-1,-1,-1,-1,-1
32399,1763510400,2147483647,false,0,-1,-1,-1,-1,-1,-1
32401,1763510400,2147483647,false,2291,-1,-1,-1,-1,-1,-1
32402,1763510400,2147483647,false,2291,-1,-1,-1,-1,-1,-1
32403,1763510400,2147483647,false,2291,-1,-1,-1,-1,-1,-1
32404,1763510400,2147483647,false,2291,-1,-1,-1,-1,-1,-1
32405,1763510400,2147483647,false,2291,-1,-1,-1,-1,-1,-1
32406,1763510400,2147483647,false,2291,-1,-1,-1,-1,-1,-1
32407,1763510400,2147483647,false,2291,-1,-1,-1,-1,-1,-1
32408,1763510400,2147483647,false,2291,-1,-1,-1,-1,-1,-1
32409,1763510400,2147483647,false,2291,-1,-1,-1,-1,-1,-1
32410,1763510400,2147483647,false,2291,-1,-1,-1,-1,-1,-1
32411,1763510400,2147483647,false,2292,-1,-1,-1,-1,-1,-1
32412,1763510400,2147483647,false,2292,-1,-1,-1,-1,-1,-1
32413,1763510400,2147483647,false,2292,-1,-1,-1,-1,-1,-1
32414,1763510400,2147483647,false,2292,-1,-1,-1,-1,-1,-1
32415,1763510400,2147483647,false,2292,-1,-1,-1,-1,-1,-1
32416,1763510400,2147483647,false,2292,-1,-1,-1,-1,-1,-1
32417,1763510400,2147483647,false,2292,-1,-1,-1,-1,-1,-1
32418,1763510400,2147483647,false,2292,-1,-1,-1,-1,-1,-1
32419,1763510400,2147483647,false,2292,-1,-1,-1,-1,-1,-1
32420,1763510400,2147483647,false,2292,-1,-1,-1,-1,-1,-1
32421,1763510400,2147483647,false,2293,-1,-1,-1,-1,-1,-1
32422,1763510400,2147483647,false,2293,-1,-1,-1,-1,-1,-1
32423,1763510400,2147483647,false,2293,-1,-1,-1,-1,-1,-1
32424,1763510400,2147483647,false,2293,-1,-1,-1,-1,-1,-1
32425,1763510400,2147483647,false,2293,-1,-1,-1,-1,-1,-1
32426,1763510400,2147483647,false,2293,-1,-1,-1,-1,-1,-1
32427,1763510400,2147483647,false,2293,-1,-1,-1,-1,-1,-1
32428,1763510400,2147483647,false,2293,-1,-1,-1,-1,-1,-1
32429,1763510400,2147483647,false,2293,-1,-1,-1,-1,-1,-1
32430,1763510400,2147483647,false,2293,-1,-1,-1,-1,-1,-1
32431,1763510400,2147483647,false,2290,-1,-1,-1,-1,-1,-1
32432,1763510400,2147483647,false,2290,-1,-1,-1,-1,-1,-1
32433,1763510400,2147483647,false,2290,-1,-1,-1,-1,-1,-1
32434,1763510400,2147483647,false,2290,-1,-1,-1,-1,-1,-1
32435,1763510400,2147483647,false,2294,-1,-1,-1,-1,-1,-1
32436,1763510400,2147483647,false,2294,-1,-1,-1,-1,-1,-1
32437,1763510400,2147483647,false,2294,-1,-1,-1,-1,-1,-1
32438,1763510400,2147483647,false,2294,-1,-1,-1,-1,-1,-1
32439,1763510400,2147483647,false,2294,-1,-1,-1,-1,-1,-1
32440,1763510400,2147483647,false,2294,-1,-1,-1,-1,-1,-1
32441,1763510400,2147483647,false,2294,-1,-1,-1,-1,-1,-1
32442,1763510400,2147483647,false,2294,-1,-1,-1,-1,-1,-1
32443,1763510400,2147483647,false,2294,-1,-1,-1,-1,-1,-1
32444,1763510400,2147483647,false,2294,-1,-1,-1,-1,-1,-1
32445,1763510400,2147483647,false,2294,-1,-1,-1,-1,-1,-1
32446,1763510400,2147483647,false,2294,-1,-1,-1,-1,-1,-1
32447,1763510400,2147483647,false,2294,-1,-1,-1,-1,-1,-1
32448,1763510400,2147483647,false,2294,-1,-1,-1,-1,-1,-1
32449,1763510400,2147483647,false,2294,-1,-1,-1,-1,-1,-1
32450,1763510400,2147483647,false,2294,-1,-1,-1,-1,-1,-1
32451,1763510400,2147483647,false,2294,-1,-1,-1,-1,-1,-1
32452,1763510400,2147483647,false,2294,-1,-1,-1,-1,-1,-1
32453,1763510400,2147483647,false,2294,-1,-1,-1,-1,-1,-1
32454,1763510400,2147483647,false,2294,-1,-1,-1,-1,-1,-1
32455,1763510400,2147483647,false,2294,-1,-1,-1,-1,-1,-1
32456,1763510400,2147483647,false,2294,-1,-1,-1,-1,-1,-1
32457,1763510400,2147483647,false,2294,-1,-1,-1,-1,-1,-1
32458,1779235200,2147483647,false,2294,-1,-1,-1,-1,-1,-1
32459,1763510400,2147483647,false,2294,-1,-1,-1,-1,-1,-1
32460,1763510400,2147483647,false,2294,-1,-1,-1,-1,-1,-1
32461,1763510400,2147483647,false,2294,-1,-1,-1,-1,-1,-1
32462,1763510400,2147483647,false,2294,-1,-1,-1,-1,-1,-1
32463,1763510400,2147483647,false,2294,-1,-1,-1,-1,-1,-1
32464,1763510400,2147483647,false,2294,-1,-1,-1,-1,-1,-1
32465,1763510400,2147483647,false,2294,-1,-1,-1,-1,-1,-1
32466,1763510400,2147483647,false,2294,-1,-1,-1,-1,-1,-1
32467,1763510400,2147483647,false,2294,-1,-1,-1,-1,-1,-1
32468,1763510400,2147483647,false,2294,-1,-1,-1,-1,-1,-1
32469,1763510400,2147483647,false,2294,-1,-1,-1,-1,-1,-1
32470,1763510400,2147483647,false,2294,-1,-1,-1,-1,-1,-1
32471,1763510400,2147483647,false,2294,-1,-1,-1,-1,-1,-1
32472,1763510400,2147483647,false,2294,-1,-1,-1,-1,-1,-1
32473,1763510400,2147483647,false,2294,-1,-1,-1,-1,-1,-1
32474,1763510400,2147483647,false,2294,-1,-1,-1,-1,-1,-1
32475,1763510400,2147483647,false,2294,-1,-1,-1,-1,-1,-1
32476,1763510400,2147483647,false,2294,-1,-1,-1,-1,-1,-1
32477,1763510400,2147483647,false,2294,-1,-1,-1,-1,-1,-1
32478,1763510400,2147483647,false,2294,-1,-1,-1,-1,-1,-1
32479,1763510400,2147483647,false,2294,-1,-1,-1,-1,-1,-1
32480,1763510400,2147483647,false,2294,-1,-1,-1,-1,-1,-1
32481,1763510400,2147483647,false,2294,-1,-1,-1,-1,-1,-1
32482,1763510400,2147483647,false,2294,-1,-1,-1,-1,-1,-1
32483,1763510400,2147483647,false,2294,-1,-1,-1,-1,-1,-1
32484,1763510400,2147483647,false,2294,-1,-1,-1,-1,-1,-1
32485,1763510400,2147483647,false,2294,-1,-1,-1,-1,-1,-1
32486,1763510400,2147483647,false,2294,-1,-1,-1,-1,-1,-1
32487,1763510400,2147483647,false,2294,-1,-1,-1,-1,-1,-1
32488,1763510400,2147483647,false,2294,-1,-1,-1,-1,-1,-1
32489,1763510400,2147483647,false,2294,-1,-1,-1,-1,-1,-1
32490,1763510400,2147483647,false,2294,-1,-1,-1,-1,-1,-1
32491,1763510400,2147483647,false,2294,-1,-1,-1,-1,-1,-1
32492,1763510400,2147483647,false,2294,-1,-1,-1,-1,-1,-1
32493,1763510400,2147483647,false,2294,-1,-1,-1,-1,-1,-1
32494,1763510400,2147483647,false,2294,-1,-1,-1,-1,-1,-1
32495,1763510400,2147483647,false,2294,-1,-1,-1,-1,-1,-1
32496,1763510400,2147483647,false,2294,-1,-1,-1,-1,-1,-1
32497,1763510400,2147483647,false,2294,-1,-1,-1,-1,-1,-1
32498,1763510400,2147483647,false,2294,-1,-1,-1,-1,-1,-1
32499,1763510400,2147483647,false,2294,-1,-1,-1,-1,-1,-1
32500,1763510400,2147483647,false,2294,-1,-1,-1,-1,-1,-1
32501,1763510400,2147483647,false,2294,-1,-1,-1,-1,-1,-1
32502,1763510400,2147483647,false,2294,-1,-1,-1,-1,-1,-1
32503,1763510400,2147483647,false,2294,-1,-1,-1,-1,-1,-1
32504,1763510400,2147483647,false,2294,-1,-1,-1,-1,-1,-1
32505,1763510400,2147483647,false,2294,-1,-1,-1,-1,-1,-1
32506,1763510400,2147483647,false,2294,-1,-1,-1,-1,-1,-1
32507,1763510400,2147483647,false,2294,-1,-1,-1,-1,-1,-1
32508,1763510400,2147483647,false,2294,-1,-1,-1,-1,-1,-1
32509,1763510400,2147483647,false,2294,-1,-1,-1,-1,-1,-1
32510,1763510400,2147483647,false,2294,-1,-1,-1,-1,-1,-1
32511,1779235200,2147483647,false,2294,-1,-1,-1,-1,-1,-1
32512,1763510400,2147483647,false,2294,-1,-1,-1,-1,-1,-1
32513,1763510400,2147483647,false,2294,-1,-1,-1,-1,-1,-1
32514,1763510400,2147483647,false,2294,-1,-1,-1,-1,-1,-1
32515,1763510400,2147483647,false,2294,-1,-1,-1,-1,-1,-1
32516,1763510400,2147483647,false,2294,-1,-1,-1,-1,-1,-1
32517,1763510400,2147483647,false,2294,-1,-1,-1,-1,-1,-1
32518,1763510400,2147483647,false,2294,-1,-1,-1,-1,-1,-1
32519,1763510400,2147483647,false,2294,-1,-1,-1,-1,-1,-1
32520,1763510400,2147483647,false,2294,-1,-1,-1,-1,-1,-1
32521,1763510400,2147483647,false,2294,-1,-1,-1,-1,-1,-1
32522,1763510400,2147483647,false,2294,-1,-1,-1,-1,-1,-1
32523,1763510400,2147483647,false,2294,-1,-1,-1,-1,-1,-1
32524,1763510400,2147483647,false,2294,-1,-1,-1,-1,-1,-1
32525,1763510400,2147483647,false,2294,-1,-1,-1,-1,-1,-1
32526,1763510400,2147483647,false,2294,-1,-1,-1,-1,-1,-1
32527,1763510400,2147483647,false,2294,-1,-1,-1,-1,-1,-1
32528,1763510400,2147483647,false,2294,-1,-1,-1,-1,-1,-1
32529,1763510400,2147483647,false,2294,-1,-1,-1,-1,-1,-1
32530,1763510400,2147483647,false,2294,-1,-1,-1,-1,-1,-1
32531,1763510400,2147483647,false,2294,-1,-1,-1,-1,-1,-1
32532,1763510400,2147483647,false,2294,-1,-1,-1,-1,-1,-1
32533,1763510400,2147483647,false,2294,-1,-1,-1,-1,-1,-1
32534,1763510400,2147483647,false,2294,-1,-1,-1,-1,-1,-1
32535,1763510400,2147483647,false,2294,-1,-1,-1,-1,-1,-1
32536,1763510400,2147483647,false,2294,-1,-1,-1,-1,-1,-1
32537,1763510400,2147483647,false,2294,-1,-1,-1,-1,-1,-1
32538,1763510400,2147483647,false,2294,-1,-1,-1,-1,-1,-1
32539,1763510400,2147483647,false,2294,-1,-1,-1,-1,-1,-1
32540,1763510400,2147483647,false,2294,-1,-1,-1,-1,-1,-1
32541,1763510400,2147483647,false,2294,-1,-1,-1,-1,-1,-1
32542,1763510400,2147483647,false,2294,-1,-1,-1,-1,-1,-1
32543,1763510400,2147483647,false,2294,-1,-1,-1,-1,-1,-1
32544,1763510400,2147483647,false,2294,-1,-1,-1,-1,-1,-1
32545,1763510400,2147483647,false,2294,-1,-1,-1,-1,-1,-1
32546,1763510400,2147483647,false,2294,-1,-1,-1,-1,-1,-1
32547,1763510400,2147483647,false,2294,-1,-1,-1,-1,-1,-1
32548,1763510400,2147483647,false,2294,-1,-1,-1,-1,-1,-1
32549,1763510400,2147483647,false,2294,-1,-1,-1,-1,-1,-1
32550,1763510400,2147483647,false,2294,-1,-1,-1,-1,-1,-1
32551,1763510400,2147483647,false,2294,-1,-1,-1,-1,-1,-1
32552,1763510400,2147483647,false,2294,-1,-1,-1,-1,-1,-1
32553,1763510400,2147483647,false,2294,-1,-1,-1,-1,-1,-1
32554,1763510400,2147483647,false,2294,-1,-1,-1,-1,-1,-1
32555,1763510400,2147483647,false,2294,-1,-1,-1,-1,-1,-1
32556,1763510400,2147483647,false,2294,-1,-1,-1,-1,-1,-1
32557,1763510400,2147483647,false,2294,-1,-1,-1,-1,-1,-1
32558,1763510400,2147483647,false,2294,-1,-1,-1,-1,-1,-1
32559,1763510400,2147483647,false,2294,-1,-1,-1,-1,-1,-1
32560,1763510400,2147483647,false,2294,-1,-1,-1,-1,-1,-1
32561,1763510400,2147483647,false,2294,-1,-1,-1,-1,-1,-1
32562,1763510400,2147483647,false,2294,-1,-1,-1,-1,-1,-1
32563,1763510400,2147483647,false,2294,-1,-1,-1,-1,-1,-1
32564,1763510400,2147483647,false,2294,-1,-1,-1,-1,-1,-1
32565,1763510400,2147483647,false,2294,-1,-1,-1,-1,-1,-1
32566,1763510400,2147483647,false,2294,-1,-1,-1,-1,-1,-1
32567,1763510400,2147483647,false,2294,-1,-1,-1,-1,-1,-1
32568,1763510400,2147483647,false,2294,-1,-1,-1,-1,-1,-1
32569,1763510400,2147483647,false,2294,-1,-1,-1,-1,-1,-1
32570,1763510400,2147483647,false,2294,-1,-1,-1,-1,-1,-1
32571,1763510400,2147483647,false,2294,-1,-1,-1,-1,-1,-1
32572,1763510400,2147483647,false,2294,-1,-1,-1,-1,-1,-1
32573,1763510400,2147483647,false,2294,-1,-1,-1,-1,-1,-1
32574,1763510400,2147483647,false,2294,-1,-1,-1,-1,-1,-1
32575,1763510400,2147483647,false,2294,-1,-1,-1,-1,-1,-1
32576,1763510400,2147483647,false,2294,-1,-1,-1,-1,-1,-1
32577,1763510400,2147483647,false,2294,-1,-1,-1,-1,-1,-1
32578,1763510400,2147483647,false,2294,-1,-1,-1,-1,-1,-1
32579,1763510400,2147483647,false,2294,-1,-1,-1,-1,-1,-1
32580,1763510400,2147483647,false,2294,-1,-1,-1,-1,-1,-1
32581,1763510400,2147483647,false,2294,-1,-1,-1,-1,-1,-1
32582,1763510400,2147483647,false,2294,-1,-1,-1,-1,-1,-1
32583,1763510400,2147483647,false,2294,-1,-1,-1,-1,-1,-1
32584,1763510400,2147483647,false,2294,-1,-1,-1,-1,-1,-1
32585,1763510400,2147483647,false,2294,-1,-1,-1,-1,-1,-1
32586,1763510400,2147483647,false,2294,-1,-1,-1,-1,-1,-1
32587,1779235200,2147483647,false,2294,-1,-1,-1,-1,-1,-1
32588,1763510400,2147483647,false,2294,-1,-1,-1,-1,-1,-1
32589,1763510400,2147483647,false,2294,-1,-1,-1,-1,-1,-1
32590,1763510400,2147483647,false,2294,-1,-1,-1,-1,-1,-1
32591,1763510400,2147483647,false,2294,-1,-1,-1,-1,-1,-1
32592,1763510400,2147483647,false,2294,-1,-1,-1,-1,-1,-1
32593,1763510400,2147483647,false,2294,-1,-1,-1,-1,-1,-1
32594,1763510400,2147483647,false,2294,-1,-1,-1,-1,-1,-1
32595,1763510400,2147483647,false,2294,-1,-1,-1,-1,-1,-1
32596,1763510400,2147483647,false,2294,-1,-1,-1,-1,-1,-1
32597,1763510400,2147483647,false,2294,-1,-1,-1,-1,-1,-1
32598,1763510400,2147483647,false,2294,-1,-1,-1,-1,-1,-1
32599,1763510400,2147483647,false,2294,-1,-1,-1,-1,-1,-1
32600,1763510400,2147483647,false,2294,-1,-1,-1,-1,-1,-1
32601,1763510400,2147483647,false,2294,-1,-1,-1,-1,-1,-1
32602,1763510400,2147483647,false,2294,-1,-1,-1,-1,-1,-1
32603,1763510400,2147483647,false,2294,-1,-1,-1,-1,-1,-1
32604,1763510400,2147483647,false,2294,-1,-1,-1,-1,-1,-1
32605,1763510400,2147483647,false,2294,-1,-1,-1,-1,-1,-1
32606,1763510400,2147483647,false,2294,-1,-1,-1,-1,-1,-1
32607,1763510400,2147483647,false,2294,-1,-1,-1,-1,-1,-1
32608,1763510400,2147483647,false,2294,-1,-1,-1,-1,-1,-1
32609,1763510400,2147483647,false,2294,-1,-1,-1,-1,-1,-1
32610,1763510400,2147483647,false,2294,-1,-1,-1,-1,-1,-1
32611,1763510400,2147483647,false,2294,-1,-1,-1,-1,-1,-1
32612,1763510400,2147483647,false,2294,-1,-1,-1,-1,-1,-1
32613,1763510400,2147483647,false,2294,-1,-1,-1,-1,-1,-1
32614,1763510400,2147483647,false,2294,-1,-1,-1,-1,-1,-1
32615,1763510400,2147483647,false,2294,-1,-1,-1,-1,-1,-1
32616,1763510400,2147483647,false,2294,-1,-1,-1,-1,-1,-1
32617,1763510400,2147483647,false,2294,-1,-1,-1,-1,-1,-1
32618,1763510400,2147483647,false,2294,-1,-1,-1,-1,-1,-1
32619,1763510400,2147483647,false,2294,-1,-1,-1,-1,-1,-1
32620,1763510400,2147483647,false,2294,-1,-1,-1,-1,-1,-1
32621,1763510400,2147483647,false,2294,-1,-1,-1,-1,-1,-1
32622,1763510400,2147483647,false,2294,-1,-1,-1,-1,-1,-1
32623,1763510400,2147483647,false,2294,-1,-1,-1,-1,-1,-1
32624,1763510400,2147483647,false,2294,-1,-1,-1,-1,-1,-1
32625,1763510400,2147483647,false,2294,-1,-1,-1,-1,-1,-1
32626,1779235200,2147483647,false,2294,-1,-1,-1,-1,-1,-1
32627,1763510400,2147483647,false,2294,-1,-1,-1,-1,-1,-1
32628,1763510400,2147483647,false,2294,-1,-1,-1,-1,-1,-1
32629,1763510400,2147483647,false,2294,-1,-1,-1,-1,-1,-1
32630,1763510400,2147483647,false,2294,-1,-1,-1,-1,-1,-1
32631,1763510400,2147483647,false,2294,-1,-1,-1,-1,-1,-1
32632,1763510400,2147483647,false,2294,-1,-1,-1,-1,-1,-1
32633,1763510400,2147483647,false,2294,-1,-1,-1,-1,-1,-1
32634,1763510400,2147483647,false,2294,-1,-1,-1,-1,-1,-1
32635,1763510400,2147483647,false,2294,-1,-1,-1,-1,-1,-1
32636,1763510400,2147483647,false,2294,-1,-1,-1,-1,-1,-1
32637,1763510400,2147483647,false,2294,-1,-1,-1,-1,-1,-1
32638,1763510400,2147483647,false,2294,-1,-1,-1,-1,-1,-1
32639,1763510400,2147483647,false,2294,-1,-1,-1,-1,-1,-1
32640,1763510400,2147483647,false,2294,-1,-1,-1,-1,-1,-1
32641,1763510400,2147483647,false,2294,-1,-1,-1,-1,-1,-1
32642,1763510400,2147483647,false,2294,-1,-1,-1,-1,-1,-1
32643,1763510400,2147483647,false,2294,-1,-1,-1,-1,-1,-1
32644,1763510400,2147483647,false,2294,-1,-1,-1,-1,-1,-1
32645,1763510400,2147483647,false,2294,-1,-1,-1,-1,-1,-1
32646,1763510400,2147483647,false,2294,-1,-1,-1,-1,-1,-1
32647,1779235200,2147483647,false,2294,-1,-1,-1,-1,-1,-1
32648,1763510400,2147483647,false,2294,-1,-1,-1,-1,-1,-1
32649,1763510400,2147483647,false,2294,-1,-1,-1,-1,-1,-1
32650,1763510400,2147483647,false,2294,-1,-1,-1,-1,-1,-1
32651,1763510400,2147483647,false,2294,-1,-1,-1,-1,-1,-1
32652,1763510400,2147483647,false,2294,-1,-1,-1,-1,-1,-1
32653,1763510400,2147483647,false,2294,-1,-1,-1,-1,-1,-1
32654,1763510400,2147483647,false,2294,-1,-1,-1,-1,-1,-1
32655,1763510400,2147483647,false,2294,-1,-1,-1,-1,-1,-1
32656,1763510400,2147483647,false,2294,-1,-1,-1,-1,-1,-1
32657,1763510400,2147483647,false,2294,-1,-1,-1,-1,-1,-1
32658,1763510400,2147483647,false,2294,-1,-1,-1,-1,-1,-1
32659,1763510400,2147483647,false,2294,-1,-1,-1,-1,-1,-1
32660,1763510400,2147483647,false,2294,-1,-1,-1,-1,-1,-1
32661,1763510400,2147483647,false,2294,-1,-1,-1,-1,-1,-1
32662,1763510400,2147483647,false,2294,-1,-1,-1,-1,-1,-1
32663,1763510400,2147483647,false,2294,-1,-1,-1,-1,-1,-1
32664,1763510400,2147483647,false,2294,-1,-1,-1,-1,-1,-1
32665,1779235200,2147483647,false,2294,-1,-1,-1,-1,-1,-1
32666,1763510400,2147483647,false,2294,-1,-1,-1,-1,-1,-1
32667,1763510400,2147483647,false,2294,-1,-1,-1,-1,-1,-1
32668,1763510400,2147483647,false,2294,-1,-1,-1,-1,-1,-1
32669,1763510400,2147483647,false,2294,-1,-1,-1,-1,-1,-1
32670,1763510400,2147483647,false,2294,-1,-1,-1,-1,-1,-1
32671,1763510400,2147483647,false,2294,-1,-1,-1,-1,-1,-1
32672,1763510400,2147483647,false,2294,-1,-1,-1,-1,-1,-1
32673,1763510400,2147483647,false,2294,-1,-1,-1,-1,-1,-1
32674,1763510400,2147483647,false,2294,-1,-1,-1,-1,-1,-1
32675,1763510400,2147483647,false,2294,-1,-1,-1,-1,-1,-1
32676,1763510400,2147483647,false,2294,-1,-1,-1,-1,-1,-1
32677,1763510400,2147483647,false,2294,-1,-1,-1,-1,-1,-1
32678,1763510400,2147483647,false,2294,-1,-1,-1,-1,-1,-1
32679,1763510400,2147483647,false,2294,-1,-1,-1,-1,-1,-1
32680,1763510400,2147483647,false,2294,-1,-1,-1,-1,-1,-1
32681,1763510400,2147483647,false,2294,-1,-1,-1,-1,-1,-1
32682,1763510400,2147483647,false,2294,-1,-1,-1,-1,-1,-1
32683,1763510400,2147483647,false,2294,-1,-1,-1,-1,-1,-1
32684,1763510400,2147483647,false,2294,-1,-1,-1,-1,-1,-1
32685,1763510400,2147483647,false,2294,-1,-1,-1,-1,-1,-1
32686,1763510400,2147483647,false,2294,-1,-1,-1,-1,-1,-1
32687,1779235200,2147483647,false,2294,-1,-1,-1,-1,-1,-1
32688,1763510400,2147483647,false,2294,-1,-1,-1,-1,-1,-1
32689,1763510400,2147483647,false,2294,-1,-1,-1,-1,-1,-1
32690,1763510400,2147483647,false,2294,-1,-1,-1,-1,-1,-1
32691,1763510400,2147483647,false,2294,-1,-1,-1,-1,-1,-1
32692,1763510400,2147483647,false,2294,-1,-1,-1,-1,-1,-1
32693,1763510400,2147483647,false,2294,-1,-1,-1,-1,-1,-1
32694,1763510400,2147483647,false,2294,-1,-1,-1,-1,-1,-1
32695,1763510400,2147483647,false,2294,-1,-1,-1,-1,-1,-1
32696,1763510400,2147483647,false,2294,-1,-1,-1,-1,-1,-1
32697,1763510400,2147483647,false,2294,-1,-1,-1,-1,-1,-1
32698,1763510400,2147483647,false,2294,-1,-1,-1,-1,-1,-1
32699,1763510400,2147483647,false,2294,-1,-1,-1,-1,-1,-1
32700,1763510400,2147483647,false,2294,-1,-1,-1,-1,-1,-1
32701,1763510400,2147483647,false,2294,-1,-1,-1,-1,-1,-1
32702,1763510400,2147483647,false,2294,-1,-1,-1,-1,-1,-1
32703,1763510400,2147483647,false,2294,-1,-1,-1,-1,-1,-1
32704,1763510400,2147483647,false,2294,-1,-1,-1,-1,-1,-1
32705,1763510400,2147483647,false,2294,-1,-1,-1,-1,-1,-1
32706,1763510400,2147483647,false,2294,-1,-1,-1,-1,-1,-1
32707,1763510400,2147483647,false,2294,-1,-1,-1,-1,-1,-1
32708,1763510400,2147483647,false,2294,-1,-1,-1,-1,-1,-1
32709,1763510400,2147483647,false,2294,-1,-1,-1,-1,-1,-1
32710,1763510400,2147483647,false,2294,-1,-1,-1,-1,-1,-1
32711,1763510400,2147483647,false,2294,-1,-1,-1,-1,-1,-1
32712,1763510400,2147483647,false,2294,-1,-1,-1,-1,-1,-1
32713,1763510400,2147483647,false,2294,-1,-1,-1,-1,-1,-1
32714,1763510400,2147483647,false,2294,-1,-1,-1,-1,-1,-1
32715,1763510400,2147483647,false,2294,-1,-1,-1,-1,-1,-1
32716,1763510400,2147483647,false,2294,-1,-1,-1,-1,-1,-1
32717,1763510400,2147483647,false,2294,-1,-1,-1,-1,-1,-1
32718,1763510400,2147483647,false,2294,-1,-1,-1,-1,-1,-1
32719,1763510400,2147483647,false,2294,-1,-1,-1,-1,-1,-1
32720,1763510400,2147483647,false,2294,-1,-1,-1,-1,-1,-1
32721,1779235200,2147483647,false,2294,-1,-1,-1,-1,-1,-1
32722,1779235200,2147483647,false,2294,-1,-1,-1,-1,-1,-1
32723,1779235200,2147483647,false,2294,-1,-1,-1,-1,-1,-1
32724,1779235200,2147483647,false,2294,-1,-1,-1,-1,-1,-1
32725,1779235200,2147483647,false,2294,-1,-1,-1,-1,-1,-1
32726,1779235200,2147483647,false,2294,-1,-1,-1,-1,-1,-1
32727,1779235200,2147483647,false,2294,-1,-1,-1,-1,-1,-1
32728,1779235200,2147483647,false,2294,-1,-1,-1,-1,-1,-1
32729,1779235200,2147483647,false,2294,-1,-1,-1,-1,-1,-1
32730,1779235200,2147483647,false,2294,-1,-1,-1,-1,-1,-1
32731,1779235200,2147483647,false,2294,-1,-1,-1,-1,-1,-1
32732,1779235200,2147483647,false,2294,-1,-1,-1,-1,-1,-1
32733,1779235200,2147483647,false,2294,-1,-1,-1,-1,-1,-1
32734,1763510400,2147483647,false,2294,-1,-1,-1,-1,-1,-1
32735,1763510400,2147483647,false,2294,-1,-1,-1,-1,-1,-1
32736,1763510400,2147483647,false,2294,-1,-1,-1,-1,-1,-1
32737,1763510400,2147483647,false,2294,-1,-1,-1,-1,-1,-1
32738,1763510400,2147483647,false,2294,-1,-1,-1,-1,-1,-1
32739,1763510400,2147483647,false,2294,-1,-1,-1,-1,-1,-1
32740,1763510400,2147483647,false,2294,-1,-1,-1,-1,-1,-1
32741,1763510400,2147483647,false,2294,-1,-1,-1,-1,-1,-1
32742,1763510400,2147483647,false,2294,-1,-1,-1,-1,-1,-1
32743,1763510400,2147483647,false,2294,-1,-1,-1,-1,-1,-1
32744,1763510400,2147483647,false,2294,-1,-1,-1,-1,-1,-1
32745,1763510400,2147483647,false,2294,-1,-1,-1,-1,-1,-1
32746,1763510400,2147483647,false,2294,-1,-1,-1,-1,-1,-1
32747,1763510400,2147483647,false,2294,-1,-1,-1,-1,-1,-1
32748,1763510400,2147483647,false,2294,-1,-1,-1,-1,-1,-1
32749,1763510400,2147483647,false,2294,-1,-1,-1,-1,-1,-1
32750,1763510400,2147483647,false,2294,-1,-1,-1,-1,-1,-1
32751,1763510400,2147483647,false,2294,-1,-1,-1,-1,-1,-1
32752,1763510400,2147483647,false,2294,-1,-1,-1,-1,-1,-1
32753,1763510400,2147483647,false,2294,-1,-1,-1,-1,-1,-1
32754,1763510400,2147483647,false,2294,-1,-1,-1,-1,-1,-1
32755,1763510400,2147483647,false,2294,-1,-1,-1,-1,-1,-1
32756,1763510400,2147483647,false,2294,-1,-1,-1,-1,-1,-1
32757,1763510400,2147483647,false,2294,-1,-1,-1,-1,-1,-1
32758,1763510400,2147483647,false,2294,-1,-1,-1,-1,-1,-1
32759,1763510400,2147483647,false,2294,-1,-1,-1,-1,-1,-1
32760,1763510400,2147483647,false,2294,-1,-1,-1,-1,-1,-1
32761,1763510400,2147483647,false,2294,-1,-1,-1,-1,-1,-1
32762,1763510400,2147483647,false,2294,-1,-1,-1,-1,-1,-1
32763,1763510400,2147483647,false,2294,-1,-1,-1,-1,-1,-1
32764,1763510400,2147483647,false,2294,-1,-1,-1,-1,-1,-1
32765,1763510400,2147483647,false,2294,-1,-1,-1,-1,-1,-1
32766,1763510400,2147483647,false,2294,-1,-1,-1,-1,-1,-1
32767,1763510400,2147483647,false,2294,-1,-1,-1,-1,-1,-1
32768,1763510400,2147483647,false,2294,-1,-1,-1,-1,-1,-1
32769,1763510400,2147483647,false,2294,-1,-1,-1,-1,-1,-1
32770,1763510400,2147483647,false,2294,-1,-1,-1,-1,-1,-1
32771,1763510400,2147483647,false,2294,-1,-1,-1,-1,-1,-1
32772,1763510400,2147483647,false,2294,-1,-1,-1,-1,-1,-1
32773,1763510400,2147483647,false,2294,-1,-1,-1,-1,-1,-1
32774,1763510400,2147483647,false,2294,-1,-1,-1,-1,-1,-1
32775,1763510400,2147483647,false,2294,-1,-1,-1,-1,-1,-1
32776,1763510400,2147483647,false,2294,-1,-1,-1,-1,-1,-1
32777,1763510400,2147483647,false,2294,-1,-1,-1,-1,-1,-1
32778,1763510400,2147483647,false,2294,-1,-1,-1,-1,-1,-1
32779,1763510400,2147483647,false,2294,-1,-1,-1,-1,-1,-1
32780,1763510400,2147483647,false,2294,-1,-1,-1,-1,-1,-1
32781,1763510400,2147483647,false,2294,-1,-1,-1,-1,-1,-1
32782,1763510400,2147483647,false,2294,-1,-1,-1,-1,-1,-1
32783,1763510400,2147483647,false,2294,-1,-1,-1,-1,-1,-1
32784,1763510400,2147483647,false,2294,-1,-1,-1,-1,-1,-1
32785,1763510400,2147483647,false,2294,-1,-1,-1,-1,-1,-1
32786,1763510400,2147483647,false,2294,-1,-1,-1,-1,-1,-1
32787,1763510400,2147483647,false,2294,-1,-1,-1,-1,-1,-1
32788,1763510400,2147483647,false,2294,-1,-1,-1,-1,-1,-1
32789,1763510400,2147483647,false,2294,-1,-1,-1,-1,-1,-1
32790,1763510400,2147483647,false,2294,-1,-1,-1,-1,-1,-1
32791,1763510400,2147483647,false,2294,-1,-1,-1,-1,-1,-1
32792,1763510400,2147483647,false,2294,-1,-1,-1,-1,-1,-1
32793,1763510400,2147483647,false,2294,-1,-1,-1,-1,-1,-1
32794,1763510400,2147483647,false,2294,-1,-1,-1,-1,-1,-1
32795,1763510400,2147483647,false,2294,-1,-1,-1,-1,-1,-1
32796,1763510400,2147483647,false,2294,-1,-1,-1,-1,-1,-1
32797,1763510400,2147483647,false,2294,-1,-1,-1,-1,-1,-1
32798,1763510400,2147483647,false,2294,-1,-1,-1,-1,-1,-1
32799,1763510400,2147483647,false,2294,-1,-1,-1,-1,-1,-1
32800,1763510400,2147483647,false,2294,-1,-1,-1,-1,-1,-1
32801,1763510400,2147483647,false,2294,-1,-1,-1,-1,-1,-1
32802,1763510400,2147483647,false,2294,-1,-1,-1,-1,-1,-1
32803,1763510400,2147483647,false,2294,-1,-1,-1,-1,-1,-1
32804,1763510400,2147483647,false,2294,-1,-1,-1,-1,-1,-1
32805,1763510400,2147483647,false,2294,-1,-1,-1,-1,-1,-1
32806,1763510400,2147483647,false,2294,-1,-1,-1,-1,-1,-1
32807,1763510400,2147483647,true,2294,-1,-1,-1,-1,-1,-1
32808,1763510400,2147483647,true,2294,-1,-1,-1,-1,-1,-1
32809,1763510400,2147483647,false,2295,-1,-1,-1,-1,-1,-1
32810,1763510400,2147483647,false,2295,-1,-1,-1,-1,-1,-1
32811,1763510400,2147483647,false,2295,-1,-1,-1,-1,-1,-1
32812,1763510400,2147483647,false,2295,-1,-1,-1,-1,-1,-1
32813,1763510400,2147483647,false,2295,-1,-1,-1,-1,-1,-1
32814,1763510400,2147483647,false,2295,-1,-1,-1,-1,-1,-1
32815,1763510400,2147483647,false,2295,-1,-1,-1,-1,-1,-1
32816,1763510400,2147483647,false,2295,-1,-1,-1,-1,-1,-1
32817,1763510400,2147483647,false,2295,-1,-1,-1,-1,-1,-1
32818,1763510400,2147483647,false,2295,-1,-1,-1,-1,-1,-1
32819,1763510400,2147483647,false,2295,-1,-1,-1,-1,-1,-1
32820,1763510400,2147483647,false,2295,-1,-1,-1,-1,-1,-1
32821,1763510400,2147483647,false,2295,-1,-1,-1,-1,-1,-1
32822,1763510400,2147483647,false,2295,-1,-1,-1,-1,-1,-1
32823,1763510400,2147483647,false,2295,-1,-1,-1,-1,-1,-1
32824,1763510400,2147483647,false,2295,-1,-1,-1,-1,-1,-1
32825,1763510400,2147483647,false,2295,-1,-1,-1,-1,-1,-1
32826,1763510400,2147483647,false,2295,-1,-1,-1,-1,-1,-1
32827,1763510400,2147483647,false,2295,-1,-1,-1,-1,-1,-1
32828,1763510400,2147483647,false,2295,-1,-1,-1,-1,-1,-1
32829,1763510400,2147483647,false,2295,-1,-1,-1,-1,-1,-1
32830,1763510400,2147483647,false,2295,-1,-1,-1,-1,-1,-1
32831,1763510400,2147483647,false,2295,-1,-1,-1,-1,-1,-1
32832,1763510400,2147483647,false,2295,-1,-1,-1,-1,-1,-1
32833,1763510400,2147483647,false,2295,-1,-1,-1,-1,-1,-1
32834,1763510400,2147483647,false,2295,-1,-1,-1,-1,-1,-1
32835,1763510400,2147483647,false,2295,-1,-1,-1,-1,-1,-1
32836,1763510400,2147483647,false,2295,-1,-1,-1,-1,-1,-1
32837,1763510400,2147483647,false,2295,-1,-1,-1,-1,-1,-1
32838,1763510400,2147483647,false,2295,-1,-1,-1,-1,-1,-1
32839,1763510400,2147483647,false,2295,-1,-1,-1,-1,-1,-1
32840,1763510400,2147483647,false,2295,-1,-1,-1,-1,-1,-1
32841,1763510400,2147483647,false,2295,-1,-1,-1,-1,-1,-1
32842,1763510400,2147483647,false,2295,-1,-1,-1,-1,-1,-1
32843,1763510400,2147483647,false,2295,-1,-1,-1,-1,-1,-1
32844,1763510400,2147483647,false,2295,-1,-1,-1,-1,-1,-1
32845,1763510400,2147483647,false,2295,-1,-1,-1,-1,-1,-1
32846,1763510400,2147483647,false,2295,-1,-1,-1,-1,-1,-1
32847,1763510400,2147483647,false,2296,-1,-1,-1,-1,-1,-1
32849,1763510400,2147483647,false,2296,-1,-1,-1,-1,-1,-1
32851,1763510400,2147483647,false,2296,-1,-1,-1,-1,-1,-1
32853,1763510400,2147483647,false,2296,-1,-1,-1,-1,-1,-1
32855,1763510400,2147483647,false,2296,-1,-1,-1,-1,-1,-1
32857,1763510400,2147483647,false,2296,-1,-1,-1,-1,-1,-1
32859,1763510400,2147483647,false,2296,-1,-1,-1,-1,-1,-1
32861,1763510400,2147483647,false,2296,-1,-1,-1,-1,-1,-1
32863,1763510400,2147483647,false,2297,-1,-1,-1,-1,-1,-1
32864,1763510400,2147483647,false,2297,-1,-1,-1,-1,-1,-1
32865,1763510400,2147483647,false,2297,-1,-1,-1,-1,-1,-1
32866,1763510400,2147483647,false,2297,-1,-1,-1,-1,-1,-1
32867,1763510400,2147483647,false,2297,-1,-1,-1,-1,-1,-1
32868,1763510400,2147483647,false,2297,-1,-1,-1,-1,-1,-1
32869,1763510400,2147483647,false,2297,-1,-1,-1,-1,-1,-1
32870,1763510400,2147483647,false,2297,-1,-1,-1,-1,-1,-1
32871,1763510400,2147483647,false,87,-1,-1,-1,-1,-1,-1
32872,1763510400,2147483647,false,87,-1,-1,-1,-1,-1,-1
32873,1763510400,2147483647,false,87,-1,-1,-1,-1,-1,-1
32876,1763510400,2147483647,false,0,-1,-1,-1,-1,-1,-1
32879,1763510400,2147483647,false,0,-1,-1,-1,-1,-1,-1
32882,1763510400,2147483647,false,0,-1,-1,-1,-1,-1,-1
32886,1763510400,2147483647,false,0,-1,-1,-1,-1,-1,-1
32889,1763510400,2147483647,false,151,-1,-1,-1,-1,-1,-1
32892,1763510400,2147483647,false,151,-1,-1,-1,-1,-1,-1
32895,1763510400,2147483647,false,1249,-1,-1,-1,-1,-1,-1
32902,1763510400,2147483647,true,22,-1,-1,-1,-1,-1,-1
32904,1763510400,2147483647,false,22,-1,-1,-1,-1,-1,-1
32907,1763510400,2147483647,false,22,-1,-1,-1,-1,-1,-1
32910,1763510400,2147483647,false,22,-1,-1,-1,-1,-1,-1
32921,1763510400,2147483647,false,0,-1,-1,-1,-1,-1,-1
32924,1764720000,2147483647,false,2294,-1,-1,-1,-1,-1,-1
32925,0,2147483647,false,2294,-1,-1,-1,-1,-1,-1
32928,1765324800,2147483647,false,0,-1,-1,-1,-1,-1,-1
32930,1765324800,2147483647,false,0,59877,-1,-1,-1,-1,-1
32932,1765324800,2147483647,false,0,-1,-1,-1,-1,-1,-1
32934,1765324800,2147483647,false,55,-1,-1,-1,-1,-1,-1
32936,1763510400,2147483647,false,2294,-1,-1,-1,-1,-1,-1
32937,1763510400,2147483647,false,2294,-1,-1,-1,-1,-1,-1
32938,1763510400,2147483647,false,2294,-1,-1,-1,-1,-1,-1
32939,1763510400,2147483647,false,2294,-1,-1,-1,-1,-1,-1
32940,0,2147483647,false,2294,-1,-1,-1,-1,-1,-1
32941,1779235200,2147483647,false,2294,-1,-1,-1,-1,-1,-1
32942,1763510400,2147483647,false,2294,-1,-1,-1,-1,-1,-1
32943,1763510400,2147483647,false,2294,-1,-1,-1,-1,-1,-1
32944,1763510400,2147483647,false,2294,-1,-1,-1,-1,-1,-1
32945,1763510400,2147483647,false,2294,-1,-1,-1,-1,-1,-1
32946,1763510400,2147483647,false,2294,-1,-1,-1,-1,-1,-1
32947,1763510400,2147483647,false,2294,-1,-1,-1,-1,-1,-1
32948,1763510400,2147483647,false,2294,-1,-1,-1,-1,-1,-1
32949,1763510400,2147483647,false,2294,-1,-1,-1,-1,-1,-1
32950,1763510400,2147483647,false,2294,-1,-1,-1,-1,-1,-1
32951,1763510400,2147483647,false,2294,-1,-1,-1,-1,-1,-1
32952,1763510400,2147483647,false,2294,-1,-1,-1,-1,-1,-1
32953,1763510400,2147483647,false,2294,-1,-1,-1,-1,-1,-1
32954,1763510400,2147483647,false,2294,-1,-1,-1,-1,-1,-1
32955,1763510400,2147483647,false,2294,-1,-1,-1,-1,-1,-1
32956,1763510400,2147483647,false,2294,-1,-1,-1,-1,-1,-1
32957,1763510400,2147483647,false,2294,-1,-1,-1,-1,-1,-1
32958,1763510400,2147483647,false,2294,-1,-1,-1,-1,-1,-1
32959,1763510400,2147483647,false,2294,-1,-1,-1,-1,-1,-1
32960,1763510400,2147483647,false,2294,-1,-1,-1,-1,-1,-1
32961,1763510400,2147483647,false,2294,-1,-1,-1,-1,-1,-1
32962,1763510400,2147483647,false,2294,-1,-1,-1,-1,-1,-1
32963,1763510400,2147483647,false,2294,-1,-1,-1,-1,-1,-1
32964,1763510400,2147483647,false,2294,-1,-1,-1,-1,-1,-1
32965,1763510400,2147483647,false,2294,-1,-1,-1,-1,-1,-1
32966,1763510400,2147483647,false,2294,-1,-1,-1,-1,-1,-1
32967,1763510400,2147483647,false,2294,-1,-1,-1,-1,-1,-1
32968,1763510400,2147483647,false,2294,-1,-1,-1,-1,-1,-1
32969,1763510400,2147483647,false,2294,-1,-1,-1,-1,-1,-1
32970,1763510400,2147483647,false,2294,-1,-1,-1,-1,-1,-1
32971,1763510400,2147483647,false,2294,-1,-1,-1,-1,-1,-1
32972,1763510400,2147483647,false,2294,-1,-1,-1,-1,-1,-1
32973,1763510400,2147483647,false,2294,-1,-1,-1,-1,-1,-1
32974,1763510400,2147483647,false,2294,-1,-1,-1,-1,-1,-1
32975,1763510400,2147483647,false,2294,-1,-1,-1,-1,-1,-1
32976,1763510400,2147483647,false,2294,-1,-1,-1,-1,-1,-1
32977,1763510400,2147483647,false,2294,-1,-1,-1,-1,-1,-1
32978,1763510400,2147483647,false,2294,-1,-1,-1,-1,-1,-1
32979,1763510400,2147483647,false,2294,-1,-1,-1,-1,-1,-1
32980,1763510400,2147483647,false,2294,-1,-1,-1,-1,-1,-1
32981,1763510400,2147483647,false,2294,-1,-1,-1,-1,-1,-1
32982,1763510400,2147483647,false,2294,-1,-1,-1,-1,-1,-1
32983,1763510400,2147483647,false,2294,-1,-1,-1,-1,-1,-1
32984,1763510400,2147483647,false,2294,-1,-1,-1,-1,-1,-1
32985,1763510400,2147483647,false,2294,-1,-1,-1,-1,-1,-1
32986,1763510400,2147483647,false,2294,-1,-1,-1,-1,-1,-1
32987,1763510400,2147483647,false,2294,-1,-1,-1,-1,-1,-1
32988,1779235200,2147483647,false,2294,-1,-1,-1,-1,-1,-1
32989,1779235200,2147483647,false,2294,-1,-1,-1,-1,-1,-1
32990,1779235200,2147483647,false,2294,-1,-1,-1,-1,-1,-1
32991,1779235200,2147483647,false,2294,-1,-1,-1,-1,-1,-1
32992,1763510400,2147483647,false,2294,-1,-1,-1,-1,-1,-1
32993,1763510400,2147483647,false,2294,-1,-1,-1,-1,-1,-1
32994,1763510400,2147483647,false,2294,-1,-1,-1,-1,-1,-1
32995,1763510400,2147483647,false,2294,-1,-1,-1,-1,-1,-1
32996,0,2147483647,false,2294,-1,-1,-1,-1,-1,-1
32997,1763510400,2147483647,false,2294,-1,-1,-1,-1,-1,-1
32998,1763510400,2147483647,false,2294,-1,-1,-1,-1,-1,-1
32999,1763510400,2147483647,false,2294,-1,-1,-1,-1,-1,-1
33000,1763510400,2147483647,false,2294,-1,-1,-1,-1,-1,-1
33001,1763510400,2147483647,false,2294,-1,-1,-1,-1,-1,-1
33002,1768953600,2147483647,false,0,59934,-1,-1,-1,-1,-1
33004,1768953600,2147483647,false,2400,-1,-1,-1,-1,-1,-1
33005,1768953600,2147483647,false,2400,-1,-1,-1,-1,-1,-1
33006,1768953600,2147483647,false,2400,-1,-1,-1,-1,-1,-1
33007,1768953600,2147483647,false,2400,-1,-1,-1,-1,-1,-1
33008,1768953600,2147483647,false,2400,-1,-1,-1,-1,-1,-1
33009,1768953600,2147483647,false,2400,-1,-1,-1,-1,-1,-1
33010,1768953600,2147483647,false,0,-1,-1,-1,-1,-1,-1
33012,1771977600,2147483647,false,0,-1,-1,-1,-1,-1,-1
33015,1771977600,2147483647,false,0,-1,-1,-1,-1,-1,-1
33018,1771977600,2147483647,false,0,-1,-1,-1,-1,-1,-1
33021,1771977600,2147483647,false,106,59942,-1,-1,-1,-1,-1
33023,1771977600,2147483647,false,7,59940,-1,-1,59954,-1,-1
33025,1771977600,2147483647,false,7,59941,-1,-1,59955,-1,-1
33027,1771977600,2147483647,false,8,59938,-1,-1,59952,-1,-1
33029,1771977600,2147483647,false,8,59939,-1,-1,59953,-1,-1
33031,1771977600,2147483647,false,2,59935,-1,-1,59949,-1,-1
33033,1771977600,2147483647,false,2,59936,-1,-1,59950,-1,-1
33035,1771977600,2147483647,false,1,59946,-1,-1,-1,-1,-1
33036,1771977600,2147483647,false,1,59944,-1,-1,-1,-1,-1
33038,1768953600,2147483647,false,61,55751,-1,-1,-1,-1,-1
33041,1768953600,2147483647,false,21,55757,-1,-1,-1,-1,-1
33044,1768953600,2147483647,false,0,-1,-1,-1,-1,-1,-1
33047,1768953600,2147483647,false,0,-1,-1,-1,-1,-1,-1
33050,1768953600,2147483647,false,0,-1,-1,-1,-1,-1,-1
33053,1768953600,2147483647,false,1583,-1,-1,-1,-1,-1,-1
33054,1768953600,2147483647,false,1584,-1,-1,-1,-1,-1,-1
33055,1768953600,2147483647,false,2401,-1,-1,-1,-1,-1,-1
33056,1768953600,2147483647,false,2402,-1,-1,-1,-1,-1,-1
33057,1768953600,2147483647,false,2401,-1,-1,-1,-1,-1,-1
33058,1768953600,2147483647,false,2402,-1,-1,-1,-1,-1,-1
33059,1768953600,2147483647,false,2401,-1,-1,-1,-1,-1,-1
33060,1768953600,2147483647,false,2402,-1,-1,-1,-1,-1,-1
33061,1768953600,2147483647,false,2401,-1,-1,-1,-1,-1,-1
33062,1768953600,2147483647,false,2402,-1,-1,-1,-1,-1,-1
33063,1768953600,2147483647,false,27,-1,-1,-1,-1,-1,-1
33065,1768953600,2147483647,false,0,-1,-1,-1,-1,-1,-1
33066,1768953600,2147483647,false,2,59937,-1,-1,-1,-1,-1
33068,1768953600,2147483647,false,2,59937,-1,-1,-1,-1,-1
33070,1768953600,2147483647,false,2,59937,-1,-1,-1,-1,-1
33072,1768953600,2147483647,false,2,59937,-1,-1,-1,-1,-1
33074,1769558400,2147483647,false,0,-1,-1,-1,-1,-1,-1
33077,1769558400,2147483647,false,0,-1,-1,-1,-1,-1,-1
33080,1771372800,2147483647,false,0,60071,-1,-1,-1,-1,-1
33082,1771372800,2147483647,false,0,60072,-1,-1,-1,-1,-1
33084,1771372800,2147483647,false,0,60073,-1,-1,-1,-1,-1
33086,1771372800,2147483647,false,0,-1,-1,-1,-1,-1,-1
33089,1771977600,2147483647,false,2405,36305,-1,-1,-1,-1,-1
33091,1771977600,2147483647,false,2405,36305,-1,-1,-1,-1,-1
33093,1771977600,2147483647,false,2406,60101,-1,-1,-1,-1,-1
33096,1771977600,2147483647,false,2406,60101,-1,-1,-1,-1,-1
33097,1771977600,2147483647,false,2406,60101,-1,-1,-1,-1,-1
33098,1771977600,2147483647,false,2406,60101,-1,-1,-1,-1,-1
33099,1771977600,2147483647,false,0,60100,-1,-1,-1,-1,-1
33101,1771977600,2147483647,false,494,-1,-1,-1,-1,-1,-1
33103,1771977600,2147483647,false,0,-1,-1,-1,-1,-1,-1
33104,1771977600,2147483647,false,0,-1,-1,-1,-1,-1,-1
33106,1771977600,2147483647,false,0,-1,-1,-1,-1,-1,-1
33109,1771977600,2147483647,false,5,-1,-1,-1,-1,-1,-1
33112,1771977600,2147483647,false,5,-1,-1,-1,-1,-1,-1
33115,1771977600,2147483647,false,6,-1,-1,-1,-1,-1,-1
33117,1771977600,2147483647,true,87,-1,-1,-1,-1,-1,-1
33118,1771977600,2147483647,false,0,-1,-1,-1,-1,-1,-1
33120,1771977600,2147483647,false,1920,-1,-1,-1,-1,-1,-1
33122,1771977600,2147483647,false,0,-1,-1,-1,-1,-1,-1
33124,1771977600,2147483647,false,0,-1,-1,-1,-1,-1,-1
33126,1771977600,2147483647,true,0,-1,-1,-1,-1,-1,-1
33128,1771977600,2147483647,true,0,-1,-1,-1,-1,-1,-1
33130,1771977600,2147483647,true,0,-1,-1,-1,-1,-1,-1
33132,0,2147483647,false,206,-1,-1,-1,-1,-1,-1
33133,1771977600,2147483647,false,0,-1,-1,-1,-1,-1,-1
33135,1771977600,2147483647,false,1407,-1,-1,-1,-1,-1,-1
33137,1771977600,2147483647,false,1407,-1,-1,-1,-1,-1,-1
33143,1773792000,2147483647,false,2291,-1,-1,-1,-1,-1,-1
33144,1773792000,2147483647,false,2295,-1,-1,-1,-1,-1,-1
33145,1773792000,2147483647,false,2295,-1,-1,-1,-1,-1,-1
33146,1774396800,2147483647,false,0,-1,-1,-1,-1,-1,-1
33147,1774396800,2147483647,false,0,-1,-1,-1,-1,-1,-1
33148,1774396800,2147483647,false,0,-1,-1,-1,-1,-1,-1
33149,1774396800,2147483647,false,0,-1,-1,-1,-1,-1,-1
33151,1774396800,2147483647,false,55,-1,-1,-1,-1,-1,-1
33153,1774396800,2147483647,false,55,-1,-1,-1,-1,-1,-1
33155,1774396800,2147483647,false,55,-1,-1,-1,-1,-1,-1
33157,1774396800,2147483647,false,55,-1,-1,-1,-1,-1,-1
33159,1774396800,2147483647,false,55,-1,-1,-1,-1,-1,-1
33161,1774396800,2147483647,false,55,-1,-1,-1,-1,-1,-1
33163,1774396800,2147483647,false,55,-1,-1,-1,-1,-1,-1
33166,1774396800,2147483647,false,7,59940,-1,-1,59954,-1,-1
33168,1774396800,2147483647,false,8,59938,-1,-1,59952,-1,-1
33170,1774396800,2147483647,false,2,59935,-1,-1,59949,-1,-1
33172,1774396800,2147483647,false,17,-1,-1,-1,-1,-1,-1
33174,1774396800,2147483647,false,25,-1,-1,-1,-1,-1,-1
33176,1774396800,2147483647,false,18,-1,-1,-1,-1,-1,-1
33178,1774396800,2147483647,false,66,-1,-1,-1,-1,-1,-1
33180,1774396800,2147483647,false,0,-1,-1,-1,-1,-1,-1
33182,1774396800,2147483647,false,0,-1,-1,-1,-1,-1,-1
33184,1774396800,2147483647,false,1,54055,-1,-1,-1,-1,-1
33186,1774396800,2147483647,false,18,26423,-1,-1,-1,-1,-1
33188,1774396800,2147483647,false,18,-1,-1,-1,-1,-1,-1
33190,1774396800,2147483647,false,7,45258,-1,-1,-1,-1,-1
33192,1774396800,2147483647,false,8,45255,-1,-1,-1,-1,-1
33194,1774396800,2147483647,false,8,49448,-1,-1,-1,-1,-1
33196,1774396800,2147483647,false,10,-1,-1,-1,-1,-1,-1
33198,1774396800,2147483647,false,10,-1,-1,-1,-1,-1,-1
33200,1774396800,2147483647,false,65,-1,-1,-1,-1,-1,-1
33202,1774396800,2147483647,false,17,-1,-1,-1,-1,-1,-1
33204,0,2147483647,false,2414,-1,-1,-1,-1,-1,-1
33205,0,2147483647,false,2414,-1,-1,-1,-1,-1,-1
33206,0,2147483647,false,2414,-1,-1,-1,-1,-1,-1
33207,0,2147483647,false,2414,-1,-1,-1,-1,-1,-1
33208,0,2147483647,false,2414,-1,-1,-1,-1,-1,-1
33209,0,2147483647,false,2414,-1,-1,-1,-1,-1,-1
33210,0,2147483647,false,2414,-1,-1,-1,-1,-1,-1
33218,1776211200,2147483647,false,2417,-1,-1,-1,-1,-1,-1
33220,1776211200,2147483647,false,2417,-1,-1,-1,-1,-1,-1
33221,1776211200,2147483647,false,0,-1,-1,-1,-1,-1,-1
33227,1776211200,2147483647,false,0,-1,-1,-1,-1,-1,-1
33229,1776211200,2147483647,false,0,60277,-1,-1,-1,-1,-1
33231,1776211200,2147483647,false,0,-1,-1,-1,-1,-1,-1
33233,1776211200,2147483647,false,0,-1,-1,-1,-1,-1,-1
33235,1776211200,2147483647,false,0,-1,-1,-1,-1,-1,-1
33237,1776211200,2147483647,false,0,-1,-1,-1,-1,-1,-1
33239,1776211200,2147483647,false,0,-1,-1,-1,-1,-1,-1
33241,1776211200,2147483647,false,0,-1,-1,-1,-1,-1,-1
33243,1776211200,2147483647,false,2418,-1,-1,-1,-1,-1,-1
33245,1776211200,2147483647,false,64,-1,-1,-1,-1,-1,-1
33247,1776211200,2147483647,false,2,54126,-1,-1,-1,-1,-1
33249,1776211200,2147483647,false,25,-1,-1,-1,-1,-1,-1
33251,1776211200,2147483647,false,37,-1,-1,-1,-1,-1,-1
33253,1776211200,2147483647,false,1,60296,-1,-1,-1,-1,-1
33255,1776211200,2147483647,false,1,-1,-1,-1,-1,-1,-1
33257,1776211200,2147483647,false,1,-1,-1,-1,-1,-1,-1
33260,1781136000,2147483647,false,0,60256,-1,-1,-1,-1,-1
33263,1781136000,2147483647,false,0,60267,-1,-1,-1,-1,-1
33266,1781136000,2147483647,false,0,60261,-1,-1,-1,-1,-1
33269,1781136000,2147483647,false,0,-1,-1,-1,-1,-1,-1
33272,1781136000,2147483647,false,0,60257,-1,-1,-1,-1,-1
33275,1781136000,2147483647,false,0,60268,-1,-1,-1,-1,-1
33278,1781136000,2147483647,false,0,60262,-1,-1,-1,-1,-1
33281,1781136000,2147483647,false,0,-1,-1,-1,-1,-1,-1
33284,1781136000,2147483647,false,0,60258,-1,-1,-1,-1,-1
33287,1781136000,2147483647,false,0,60269,-1,-1,-1,-1,-1
33290,1781136000,2147483647,false,0,60263,-1,-1,-1,-1,-1
33293,1781136000,2147483647,false,0,-1,-1,-1,-1,-1,-1
33296,1781136000,2147483647,false,39,-1,-1,-1,-1,-1,-1
33299,1781136000,2147483647,false,42,-1,-1,-1,-1,-1,-1
33302,1781136000,2147483647,false,0,-1,-1,-1,-1,-1,-1
33305,1781136000,2147483647,false,0,-1,-1,-1,-1,-1,-1
33308,1781136000,2147483647,false,0,-1,-1,-1,-1,-1,-1
33311,1781136000,2147483647,false,0,-1,-1,-1,-1,-1,-1
33314,1781136000,2147483647,false,1,-1,-1,-1,-1,-1,-1
33316,1781136000,2147483647,false,1,-1,-1,-1,-1,-1,-1
33318,1781136000,2147483647,false,1,-1,-1,-1,-1,-1,-1
33320,1781136000,2147483647,false,1,-1,-1,-1,-1,-1,-1
33322,1781136000,2147483647,false,1,-1,-1,-1,-1,-1,-1
33323,1781136000,2147483647,false,1,-1,-1,-1,-1,-1,-1
33326,1781136000,2147483647,false,1,-1,-1,-1,-1,-1,-1
33328,1781136000,2147483647,false,1,-1,-1,-1,-1,-1,-1
33330,1781136000,2147483647,false,1,60288,-1,-1,-1,-1,-1
33332,1776211200,2147483647,true,1,60288,-1,-1,-1,-1,-1
33333,1781136000,2147483647,false,0,-1,-1,-1,-1,-1,-1
33335,1781136000,2147483647,false,35,-1,-1,-1,-1,-1,-1
33338,1781136000,2147483647,false,2,60259,-1,-1,-1,-1,-1
33340,1781136000,2147483647,false,2,60259,-1,-1,-1,-1,-1
33342,1776211200,2147483647,false,0,-1,-1,-1,-1,-1,-1
33345,1781136000,2147483647,false,55,-1,-1,-1,-1,-1,-1
33347,1781136000,2147483647,false,55,-1,-1,-1,-1,-1,-1
33349,1781136000,2147483647,false,55,-1,-1,-1,-1,-1,-1
33351,1781136000,2147483647,false,18,-1,-1,-1,-1,-1,-1
33353,1781136000,2147483647,false,18,-1,-1,-1,-1,-1,-1
33355,1781136000,2147483647,false,18,-1,-1,-1,-1,-1,-1
33357,1781136000,2147483647,false,18,-1,-1,-1,-1,-1,-1
33359,1781136000,2147483647,false,0,60480,-1,-1,-1,-1,-1
33362,1781136000,2147483647,false,0,-1,-1,-1,-1,-1,-1
33365,1781136000,2147483647,false,0,-1,-1,-1,-1,-1,-1
33368,1781136000,2147483647,false,0,-1,-1,-1,-1,-1,-1
33373,0,2147483647,false,206,-1,-1,-1,-1,-1,-1
33382,1778630400,2147483647,false,0,-1,-1,-1,-1,-1,-1
33384,1778630400,2147483647,false,1409,-1,-1,-1,-1,-1,-1
33386,1778630400,2147483647,false,1409,-1,-1,-1,-1,-1,-1
33387,1778630400,2147483647,false,1409,-1,-1,-1,-1,-1,-1
33389,1778630400,2147483647,false,1409,-1,-1,-1,-1,-1,-1
33390,1778630400,2147483647,false,1409,-1,-1,-1,-1,-1,-1
33392,1778630400,2147483647,false,1409,-1,-1,-1,-1,-1,-1
33393,1778630400,2147483647,false,1409,-1,-1,-1,-1,-1,-1
33395,1778630400,2147483647,false,1409,-1,-1,-1,-1,-1,-1
33404,0,2147483647,false,1176,-1,-1,-1,-1,-1,-1
33423,1779235200,2147483647,true,2291,-1,-1,-1,-1,-1,-1
33424,1779840000,2147483647,false,0,-1,-1,-1,-1,-1,-1
33434,1781136000,2147483647,false,1,-1,-1,-1,-1,-1,-1
33439,1781136000,2147483647,false,2,60259,-1,-1,-1,-1,-1
33441,1781136000,2147483647,false,2,60259,-1,-1,-1,-1,-1
33443,1781136000,2147483647,false,2,60259,-1,-1,-1,-1,-1
33445,1781136000,2147483647,false,2,60259,-1,-1,-1,-1,-1
33447,1781136000,2147483647,false,2,60259,-1,-1,-1,-1,-1
33449,1781136000,2147483647,false,2,60259,-1,-1,-1,-1,-1
33451,1781136000,2147483647,false,1590,-1,-1,-1,-1,-1,-1
33454,1781136000,2147483647,false,1590,-1,-1,-1,-1,-1,-1
33457,1781136000,2147483647,false,1590,-1,-1,-1,-1,-1,-1
33460,1781654400,2147483647,false,37,-1,-1,-1,-1,-1,-1
33462,1781654400,2147483647,false,2,-1,-1,-1,-1,-1,-1
33464,1781654400,2147483647,false,2,-1,-1,-1,-1,-1,-1
33466,1781654400,2147483647,false,2,-1,-1,-1,-1,-1,-1
33468,1781654400,2147483647,false,2,-1,-1,-1,-1,-1,-1
33470,1781654400,2147483647,false,2,-1,-1,-1,-1,-1,-1
33472,1781654400,2147483647,false,2,-1,-1,-1,-1,-1,-1
33474,1781654400,2147483647,false,2,-1,-1,-1,-1,-1,-1
33476,1781654400,2147483647,false,7,-1,-1,-1,-1,-1,-1
33478,1781654400,2147483647,false,7,-1,-1,-1,-1,-1,-1
33480,1781654400,2147483647,false,7,-1,-1,-1,-1,-1,-1
33482,1781654400,2147483647,false,7,-1,-1,-1,-1,-1,-1
33484,1781654400,2147483647,false,0,-1,-1,-1,-1,-1,-1
33486,1781654400,2147483647,false,0,-1,-1,-1,-1,-1,-1
33488,1781654400,2147483647,false,8,-1,-1,-1,-1,-1,-1
33490,1781654400,2147483647,false,8,-1,-1,-1,-1,-1,-1
33492,1781654400,2147483647,false,0,-1,-1,-1,-1,-1,-1
33494,1781654400,2147483647,false,0,-1,-1,-1,-1,-1,-1
33496,1781654400,2147483647,false,27,-1,-1,-1,-1,-1,-1
33498,1781654400,2147483647,false,27,-1,-1,-1,-1,-1,-1
33500,1781654400,2147483647,false,27,-1,-1,-1,-1,-1,-1
33502,1781654400,2147483647,false,27,-1,-1,-1,-1,-1,-1
33504,1781654400,2147483647,false,0,-1,-1,-1,-1,-1,-1
33506,1781654400,2147483647,false,0,-1,-1,-1,-1,-1,-1
33508,1781654400,2147483647,false,0,-1,-1,-1,-1,-1,-1
33510,1781654400,2147483647,false,0,-1,-1,-1,-1,-1,-1
33512,1781654400,2147483647,false,0,-1,-1,-1,-1,-1,-1
33514,1781654400,2147483647,false,0,-1,-1,-1,-1,-1,-1
33516,1781654400,2147483647,false,0,-1,-1,-1,-1,-1,-1
33518,1781654400,2147483647,false,0,-1,-1,-1,-1,-1,-1
33520,1781654400,2147483647,false,7,-1,-1,-1,-1,-1,-1
33522,1781654400,2147483647,false,7,-1,-1,-1,-1,-1,-1
33524,1781654400,2147483647,false,0,-1,-1,-1,-1,-1,-1
33526,1781654400,2147483647,false,0,-1,-1,-1,-1,-1,-1
33528,1781654400,2147483647,false,0,-1,-1,-1,-1,-1,-1
33530,1781654400,2147483647,false,0,-1,-1,-1,-1,-1,-1
33532,1781654400,2147483647,false,27,-1,-1,-1,-1,-1,-1
33533,1781654400,2147483647,false,27,-1,-1,-1,-1,-1,-1
33534,1782777600,2147483647,false,0,-1,-1,-1,-1,-1,-1
33537,1782777600,2147483647,false,0,-1,-1,-1,-1,-1,-1
33539,1782777600,2147483647,false,0,-1,-1,-1,-1,-1,-1
33541,1782777600,2147483647,false,0,-1,-1,-1,-1,-1,-1
33547,1782777600,2147483647,false,0,-1,-1,-1,-1,-1,-1
33553,1782777600,2147483647,false,62,-1,-1,-1,-1,-1,-1
33559,1782777600,2147483647,false,62,-1,-1,-1,-1,-1,-1
33565,1782777600,2147483647,false,62,-1,-1,-1,-1,-1,-1
33571,1782777600,2147483647,false,62,-1,-1,-1,-1,-1,-1
33577,1782777600,2147483647,false,62,-1,-1,-1,-1,-1,-1
33583,1782777600,2147483647,false,62,-1,-1,-1,-1,-1,-1
33589,1782777600,2147483647,false,62,-1,-1,-1,-1,-1,-1
33595,1782777600,2147483647,false,701,-1,-1,-1,-1,-1,-1
33601,1782777600,2147483647,false,62,-1,-1,-1,-1,-1,-1
33607,1782777600,2147483647,false,2445,4048,-1,-1,-1,-1,-1
33609,1782777600,2147483647,false,2445,-1,-1,-1,-1,-1,-1
33611,1782777600,2147483647,false,2445,-1,-1,-1,-1,-1,-1
33613,1782777600,2147483647,false,2445,-1,-1,-1,-1,-1,-1
33615,1782777600,2147483647,false,2445,-1,-1,-1,-1,-1,-1
33617,1782777600,2147483647,false,2445,-1,-1,-1,-1,-1,-1
33619,1782777600,2147483647,false,2445,-1,-1,-1,-1,-1,-1
33621,1782777600,2147483647,false,0,-1,-1,-1,-1,-1,-1
33623,1782777600,2147483647,false,0,-1,-1,-1,-1,-1,-1
33625,1782777600,2147483647,false,0,-1,-1,-1,-1,-1,-1
33627,1782777600,2147483647,false,0,-1,-1,-1,-1,-1,-1
33628,1782777600,2147483647,false,0,-1,-1,-1,-1,-1,-1
33629,1782777600,2147483647,false,0,-1,-1,-1,-1,-1,-1
33631,1782777600,2147483647,false,39,61442,-1,-1,-1,-1,-1
33634,1782777600,2147483647,false,0,-1,-1,-1,-1,-1,-1
33636,1782777600,2147483647,false,0,-1,-1,-1,-1,-1,-1
33639,1782777600,2147483647,false,0,61426,-1,-1,-1,-1,-1
33642,1782777600,2147483647,false,0,-1,-1,-1,-1,-1,-1
33644,1782777600,2147483647,false,26,-1,-1,-1,-1,-1,-1
33651,1782777600,2147483647,false,532,-1,-1,-1,-1,-1,-1
33653,1782777600,2147483647,false,0,-1,-1,-1,-1,-1,-1
33655,1782777600,2147483647,false,0,61448,-1,-1,-1,-1,-1
33657,1782777600,2147483647,false,0,-1,-1,-1,-1,-1,-1
33659,1782777600,2147483647,false,0,-1,-1,-1,-1,-1,-1
33661,1782777600,2147483647,false,0,-1,-1,-1,-1,-1,-1
33663,1782777600,2147483647,false,0,-1,-1,-1,-1,-1,-1
33665,1782777600,2147483647,false,0,-1,-1,-1,-1,-1,-1
33667,1782777600,2147483647,false,0,-1,-1,-1,-1,-1,-1
33669,1782777600,2147483647,false,0,-1,-1,-1,-1,-1,-1
33671,1782777600,2147483647,false,0,-1,-1,-1,-1,-1,-1
33673,1782777600,2147483647,false,0,-1,-1,-1,-1,-1,-1
33675,1782777600,2147483647,false,0,-1,-1,-1,-1,-1,-1
33677,1782777600,2147483647,false,2446,-1,-1,-1,-1,-1,-1
33679,1782777600,2147483647,false,2446,-1,-1,-1,-1,-1,-1
33681,1782777600,2147483647,false,2446,-1,-1,-1,-1,-1,-1
33683,1782777600,2147483647,false,2446,-1,-1,-1,-1,-1,-1
33685,1782777600,2147483647,false,2446,-1,-1,-1,-1,-1,-1
33687,1782777600,2147483647,false,2446,-1,-1,-1,-1,-1,-1
33689,1782777600,2147483647,false,2446,-1,-1,-1,-1,-1,-1
33691,1782777600,2147483647,false,2446,-1,-1,-1,-1,-1,-1
33693,1782777600,2147483647,false,2446,-1,-1,-1,-1,-1,-1
33695,1782777600,2147483647,false,0,-1,-1,-1,-1,-1,-1
33697,1782777600,2147483647,false,0,-1,-1,-1,-1,-1,-1
33699,1782777600,2147483647,true,0,561,-1,-1,-1,-1,-1
33701,1782777600,2147483647,true,0,-1,-1,-1,-1,-1,-1
33702,1782777600,2147483647,true,0,-1,-1,-1,-1,-1,-1
33703,1782777600,2147483647,true,0,-1,-1,-1,-1,-1,-1
33704,1782777600,2147483647,true,0,-1,-1,-1,-1,-1,-1
33705,1782777600,2147483647,true,0,-1,-1,-1,-1,-1,-1
33706,1782777600,2147483647,true,0,-1,-1,-1,-1,-1,-1
33707,1782777600,2147483647,true,0,-1,-1,-1,-1,-1,-1
33708,1782777600,2147483647,true,0,-1,-1,-1,-1,-1,-1
33709,1782777600,2147483647,true,21,-1,-1,-1,-1,-1,-1
33711,1782777600,2147483647,true,21,-1,-1,-1,-1,-1,-1
33713,1782777600,2147483647,true,21,-1,-1,-1,-1,-1,-1
33715,1782777600,2147483647,true,0,-1,-1,-1,-1,-1,-1
33716,1782777600,2147483647,false,24,-1,-1,-1,-1,-1,-1
33718,1782777600,2147483647,true,2447,61440,-1,-1,-1,-1,-1
33720,1782777600,2147483647,true,2448,-1,-1,-1,-1,-1,-1
33721,1782777600,2147483647,true,2449,-1,-1,-1,-1,-1,-1
33722,1782777600,2147483647,true,36,-1,-1,-1,-1,-1,-1
33724,1782777600,2147483647,true,2450,-1,-1,-1,-1,-1,-1
33725,1782777600,2147483647,true,2450,-1,-1,-1,-1,-1,-1
33726,1782777600,2147483647,true,2450,-1,-1,-1,-1,-1,-1
33727,1782777600,2147483647,true,2450,-1,-1,-1,-1,-1,-1
33728,1782777600,2147483647,true,2450,-1,-1,-1,-1,-1,-1
33729,1782777600,2147483647,true,2450,-1,-1,-1,-1,-1,-1
33730,1782777600,2147483647,true,2450,-1,-1,-1,-1,-1,-1
33731,1782777600,2147483647,true,2451,-1,-1,-1,-1,-1,-1
33732,1782777600,2147483647,true,2451,-1,-1,-1,-1,-1,-1
33733,1782777600,2147483647,true,2451,-1,-1,-1,-1,-1,-1
33734,1782777600,2147483647,true,2451,-1,-1,-1,-1,-1,-1
33735,1782777600,2147483647,true,2451,-1,-1,-1,-1,-1,-1
33736,1782777600,2147483647,true,2451,-1,-1,-1,-1,-1,-1
33737,1782777600,2147483647,true,2451,-1,-1,-1,-1,-1,-1
33738,1782777600,2147483647,true,2451,-1,-1,-1,-1,-1,-1
33739,1782777600,2147483647,true,2451,-1,-1,-1,-1,-1,-1
33740,1782777600,2147483647,true,2451,-1,-1,-1,-1,-1,-1
33741,1782777600,2147483647,true,2451,-1,-1,-1,-1,-1,-1
33742,1782777600,2147483647,true,2451,-1,-1,-1,-1,-1,-1
33743,1782777600,2147483647,true,2451,-1,-1,-1,-1,-1,-1
33744,1782777600,2147483647,true,2451,-1,-1,-1,-1,-1,-1
33745,1782777600,2147483647,true,2451,-1,-1,-1,-1,-1,-1
33746,1782777600,2147483647,true,2451,-1,-1,-1,-1,-1,-1
33747,1782777600,2147483647,true,2451,-1,-1,-1,-1,-1,-1
33748,1782777600,2147483647,true,2451,-1,-1,-1,-1,-1,-1
33749,1782777600,2147483647,true,2451,-1,-1,-1,-1,-1,-1
33750,1782777600,2147483647,true,2451,-1,-1,-1,-1,-1,-1
33751,1782777600,2147483647,true,2451,-1,-1,-1,-1,-1,-1
33752,1782777600,2147483647,true,2451,-1,-1,-1,-1,-1,-1
33753,1782777600,2147483647,true,2451,-1,-1,-1,-1,-1,-1
33754,1782777600,2147483647,true,2451,-1,-1,-1,-1,-1,-1
33755,1782777600,2147483647,true,2451,-1,-1,-1,-1,-1,-1
33756,1782777600,2147483647,true,2451,-1,-1,-1,-1,-1,-1
33757,1782777600,2147483647,true,2451,-1,-1,-1,-1,-1,-1
33758,1782777600,2147483647,true,2451,-1,-1,-1,-1,-1,-1
33759,1782777600,2147483647,true,2451,-1,-1,-1,-1,-1,-1
33760,1782777600,2147483647,true,2451,-1,-1,-1,-1,-1,-1
33761,1782777600,2147483647,true,2451,-1,-1,-1,-1,-1,-1
33762,1782777600,2147483647,true,2451,-1,-1,-1,-1,-1,-1
33763,1782777600,2147483647,true,2451,-1,-1,-1,-1,-1,-1
33764,1782777600,2147483647,true,2451,-1,-1,-1,-1,-1,-1
33765,1782777600,2147483647,true,2451,-1,-1,-1,-1,-1,-1
33766,1782777600,2147483647,true,2451,-1,-1,-1,-1,-1,-1
33767,1782777600,2147483647,true,2451,-1,-1,-1,-1,-1,-1
33768,1782777600,2147483647,true,2451,-1,-1,-1,-1,-1,-1
33769,1782777600,2147483647,true,2451,-1,-1,-1,-1,-1,-1
33770,1782777600,2147483647,true,2451,-1,-1,-1,-1,-1,-1
33771,1782777600,2147483647,true,2451,-1,-1,-1,-1,-1,-1
33772,1782777600,2147483647,true,2451,-1,-1,-1,-1,-1,-1
33773,1782777600,2147483647,true,2451,-1,-1,-1,-1,-1,-1
33774,1782777600,2147483647,true,2451,-1,-1,-1,-1,-1,-1
33775,1782777600,2147483647,true,2451,-1,-1,-1,-1,-1,-1
33776,1782777600,2147483647,true,2451,-1,-1,-1,-1,-1,-1
33777,1782777600,2147483647,true,2451,-1,-1,-1,-1,-1,-1
33778,1782777600,2147483647,true,2451,-1,-1,-1,-1,-1,-1
33779,1782777600,2147483647,true,2506,-1,-1,-1,-1,-1,-1
33780,1782777600,2147483647,true,2506,-1,-1,-1,-1,-1,-1
33781,1782777600,2147483647,true,2506,-1,-1,-1,-1,-1,-1
33782,1782777600,2147483647,true,2506,-1,-1,-1,-1,-1,-1
33783,1782777600,2147483647,true,2506,-1,-1,-1,-1,-1,-1
33784,1782777600,2147483647,true,2506,-1,-1,-1,-1,-1,-1
33785,1782777600,2147483647,true,2506,-1,-1,-1,-1,-1,-1
33786,1782777600,2147483647,true,2506,-1,-1,-1,-1,-1,-1
33787,1782777600,2147483647,true,2506,-1,-1,-1,-1,-1,-1
33788,1782777600,2147483647,true,2506,-1,-1,-1,-1,-1,-1
33789,1782777600,2147483647,true,2506,-1,-1,-1,-1,-1,-1
33790,1782777600,2147483647,true,24,-1,-1,-1,-1,-1,-1
33791,1782777600,2147483647,true,0,-1,-1,-1,-1,-1,-1
33792,1782777600,2147483647,true,0,-1,-1,-1,-1,-1,-1
33793,1782777600,2147483647,true,0,-1,-1,-1,-1,-1,-1
33794,1782777600,2147483647,true,0,-1,-1,-1,-1,-1,-1
33795,1782777600,2147483647,true,0,-1,-1,-1,-1,-1,-1
33796,1782777600,2147483647,true,0,-1,-1,-1,-1,-1,-1
33797,1782777600,2147483647,true,0,-1,-1,-1,-1,-1,-1
33798,1782777600,2147483647,true,0,-1,-1,-1,-1,-1,-1
33799,1782777600,2147483647,true,0,-1,-1,-1,-1,-1,-1
33800,1782777600,2147483647,true,567,-1,-1,-1,-1,-1,-1
33801,1782777600,2147483647,true,601,-1,-1,-1,-1,-1,-1
33802,1782777600,2147483647,true,2452,-1,-1,-1,-1,-1,-1
33803,1782777600,2147483647,true,2452,-1,-1,-1,-1,-1,-1
33804,1782777600,2147483647,true,2452,-1,-1,-1,-1,-1,-1
33805,1782777600,2147483647,true,2452,-1,-1,-1,-1,-1,-1
33806,1782777600,2147483647,true,2452,-1,-1,-1,-1,-1,-1
33807,1782777600,2147483647,true,2452,-1,-1,-1,-1,-1,-1
33808,1782777600,2147483647,true,2452,-1,-1,-1,-1,-1,-1
33809,1782777600,2147483647,true,2452,-1,-1,-1,-1,-1,-1
33810,1782777600,2147483647,true,2452,-1,-1,-1,-1,-1,-1
33811,1782777600,2147483647,true,2452,-1,-1,-1,-1,-1,-1
33812,1782777600,2147483647,true,2452,-1,-1,-1,-1,-1,-1
33813,1782777600,2147483647,true,2452,-1,-1,-1,-1,-1,-1
33814,1782777600,2147483647,true,2452,-1,-1,-1,-1,-1,-1
33815,1782777600,2147483647,true,2452,-1,-1,-1,-1,-1,-1
33816,1782777600,2147483647,true,2452,-1,-1,-1,-1,-1,-1
33817,1782777600,2147483647,true,2452,-1,-1,-1,-1,-1,-1
33818,1782777600,2147483647,true,2452,-1,-1,-1,-1,-1,-1
33819,1782777600,2147483647,true,2452,-1,-1,-1,-1,-1,-1
33820,1782777600,2147483647,true,2452,-1,-1,-1,-1,-1,-1
33821,1782777600,2147483647,false,0,-1,-1,-1,-1,-1,-1
33827,1783468800,2147483647,false,0,-1,-1,-1,-1,-1,-1
33829,1783468800,2147483647,false,0,-1,-1,-1,-1,-1,-1
33833,1784678400,2147483647,false,0,-1,-1,-1,-1,-1,-1
33835,1785283200,2147483647,false,1918,-1,-1,-1,-1,-1,-1
33836,1785283200,2147483647,false,0,-1,-1,-1,-1,-1,-1
33839,1785283200,2147483647,false,0,-1,-1,-1,-1,-1,-1
33842,1785283200,2147483647,false,0,-1,-1,-1,-1,-1,-1
33845,1785283200,2147483647,false,0,-1,-1,-1,-1,-1,-1
33848,1785283200,2147483647,false,0,-1,-1,-1,-1,-1,-1
33851,1785283200,2147483647,false,0,-1,-1,-1,-1,-1,-1
33854,1785283200,2147483647,false,0,-1,-1,-1,-1,-1,-1
33857,1785283200,2147483647,false,0,-1,-1,-1,-1,-1,-1
33860,1785283200,2147483647,false,0,-1,-1,-1,-1,-1,-1
33863,1785283200,2147483647,false,0,-1,-1,-1,-1,-1,-1
33866,1785283200,2147483647,false,0,-1,-1,-1,-1,-1,-1
33869,1785283200,2147483647,false,0,-1,-1,-1,-1,-1,-1
33872,1785283200,2147483647,false,0,-1,-1,-1,-1,-1,-1
33875,1785283200,2147483647,false,0,-1,-1,-1,-1,-1,-1
33878,1785283200,2147483647,false,0,61790,-1,-1,61826,-1,-1
33881,1785283200,2147483647,false,0,61791,-1,-1,-1,-1,-1
33884,1785283200,2147483647,false,0,-1,-1,-1,-1,-1,-1
33887,1785283200,2147483647,false,0,-1,-1,-1,-1,-1,-1
33890,1785283200,2147483647,false,0,-1,-1,-1,-1,-1,-1
33893,1785283200,2147483647,false,0,-1,-1,-1,-1,-1,-1
33896,1785283200,2147483647,false,0,-1,-1,-1,-1,-1,-1
33899,1785283200,2147483647,false,0,-1,-1,-1,-1,-1,-1
33902,1785283200,2147483647,false,0,-1,-1,-1,-1,-1,-1
33905,1785283200,2147483647,false,0,-1,-1,-1,-1,-1,-1
33908,1785283200,2147483647,false,0,-1,-1,-1,-1,-1,-1
33911,1785283200,2147483647,false,0,-1,-1,-1,-1,-1,-1
33914,1785283200,2147483647,false,0,-1,-1,-1,-1,-1,-1
33917,1785283200,2147483647,false,0,-1,-1,-1,-1,-1,-1
33920,1785283200,2147483647,false,0,-1,-1,-1,-1,-1,-1
33923,1785283200,2147483647,false,0,-1,-1,-1,-1,-1,-1
33926,1785283200,2147483647,false,0,-1,-1,-1,-1,-1,-1
33929,1785283200,2147483647,false,0,61809,-1,-1,-1,-1,-1
33932,1785283200,2147483647,false,0,61809,-1,-1,-1,-1,-1
33935,1785283200,2147483647,false,0,61809,-1,-1,-1,-1,-1
33938,1785283200,2147483647,false,0,61809,-1,-1,-1,-1,-1
33941,1785283200,2147483647,false,0,61809,-1,-1,-1,-1,-1
33944,1785283200,2147483647,false,0,61809,-1,-1,-1,-1,-1
33947,1785283200,2147483647,false,0,61809,-1,-1,-1,-1,-1
33950,1785283200,2147483647,false,0,61819,-1,-1,-1,-1,-1
33953,1785283200,2147483647,false,0,61819,-1,-1,-1,-1,-1
33956,1785283200,2147483647,false,0,61819,-1,-1,-1,-1,-1
33959,1785283200,2147483647,false,0,61819,-1,-1,-1,-1,-1
33962,1785283200,2147483647,false,0,61819,-1,-1,-1,-1,-1
33965,1785283200,2147483647,false,0,61819,-1,-1,-1,-1,-1
33968,1785283200,2147483647,false,0,61819,-1,-1,-1,-1,-1
33971,1785283200,2147483647,false,0,61812,-1,-1,-1,-1,-1
33974,1785283200,2147483647,false,0,61812,-1,-1,-1,-1,-1
33977,1785283200,2147483647,false,0,61812,-1,-1,-1,-1,-1
33980,1785283200,2147483647,false,0,61812,-1,-1,-1,-1,-1
33983,1785283200,2147483647,false,0,61812,-1,-1,-1,-1,-1
33986,1785283200,2147483647,false,0,61812,-1,-1,-1,-1,-1
33989,1785283200,2147483647,false,0,61812,-1,-1,-1,-1,-1
33992,1785283200,2147483647,false,0,-1,-1,-1,-1,-1,-1
33995,1785283200,2147483647,false,0,-1,-1,-1,-1,-1,-1
33998,1785283200,2147483647,false,0,-1,-1,-1,-1,-1,-1
34001,1785283200,2147483647,false,0,-1,-1,-1,-1,-1,-1
34004,1785283200,2147483647,false,0,-1,-1,-1,-1,-1,-1
34007,1785283200,2147483647,false,0,-1,-1,-1,-1,-1,-1
34010,1785283200,2147483647,false,0,-1,-1,-1,-1,-1,-1
34013,1785283200,2147483647,false,0,-1,-1,-1,-1,-1,-1
34016,1785283200,2147483647,false,0,-1,-1,-1,-1,-1,-1
34017,1785283200,2147483647,false,0,-1,-1,-1,-1,-1,-1
34020,1785283200,2147483647,false,0,-1,-1,-1,-1,-1,-1
34022,1785283200,2147483647,false,0,-1,-1,-1,-1,-1,-1
34024,1785283200,2147483647,false,0,-1,-1,-1,-1,-1,-1
34027,1785283200,2147483647,false,61,61824,-1,-1,-1,-1,-1
34030,1785283200,2147483647,false,0,-1,-1,-1,-1,-1,-1
34032,1785283200,2147483647,true,0,-1,-1,-1,-1,-1,-1
34033,1785283200,2147483647,false,1138,-1,-1,-1,-1,-1,-1
34040,1785283200,2147483647,false,0,-1,-1,-1,-1,-1,-1
34042,1785283200,2147483647,false,0,-1,-1,-1,-1,-1,-1
34044,1785283200,2147483647,false,0,-1,-1,-1,-1,-1,-1
34045,1785283200,2147483647,false,0,-1,-1,-1,-1,-1,-1
34046,1785283200,2147483647,true,0,-1,-1,-1,-1,-1,-1
34048,1785283200,2147483647,false,0,-1,-1,-1,-1,-1,-1
34049,1785283200,2147483647,false,0,-1,-1,-1,-1,-1,-1
34050,1785283200,2147483647,false,0,-1,-1,-1,-1,-1,-1
34051,1785283200,2147483647,false,0,-1,-1,-1,-1,-1,-1
34052,1785283200,2147483647,true,0,-1,-1,-1,-1,-1,-1
34053,1785283200,2147483647,false,0,-1,-1,-1,-1,-1,-1
34054,1785283200,2147483647,true,0,-1,-1,-1,-1,-1,-1
34055,1785283200,2147483647,false,0,-1,-1,-1,-1,-1,-1
34056,1785283200,2147483647,false,0,-1,-1,-1,-1,-1,-1
34057,1785283200,2147483647,true,0,-1,-1,-1,-1,-1,-1
34059,1785888000,2147483647,false,2400,-1,-1,-1,-1,-1,-1
34061,1786492800,2147483647,false,3,-1,-1,-1,-1,-1,-1
34063,1786492800,2147483647,false,2,-1,-1,-1,-1,-1,-1
34065,1787097600,2147483647,false,720,-1,-1,-1,-1,-1,-1
34077,1787702400,2147483647,false,2516,-1,-1,-1,-1,-1,-1
34079,1787702400,2147483647,false,2516,-1,-1,-1,-1,-1,-1
34081,1787702400,2147483647,false,2516,-1,-1,-1,-1,-1,-1
34083,1787702400,2147483647,false,2516,-1,-1,-1,-1,-1,-1
34085,1787702400,2147483647,false,2516,-1,-1,-1,-1,-1,-1
34087,1787702400,2147483647,false,2516,-1,-1,-1,-1,-1,-1
34089,1787702400,2147483647,false,2516,-1,-1,-1,-1,-1,-1
34091,1787702400,2147483647,false,2516,-1,-1,-1,-1,-1,-1
34093,1787702400,2147483647,false,2516,-1,-1,-1,-1,-1,-1
34095,1787702400,2147483647,false,2516,-1,-1,-1,-1,-1,-1
34097,1787702400,2147483647,false,2516,-1,-1,-1,-1,-1,-1
34099,1787702400,2147483647,false,2516,-1,-1,-1,-1,-1,-1
34101,1787702400,2147483647,false,2516,-1,-1,-1,-1,-1,-1
34103,1787702400,2147483647,false,2516,-1,-1,-1,-1,-1,-1
34105,1787702400,2147483647,false,2516,-1,-1,-1,-1,-1,-1
34107,1787702400,2147483647,false,2516,-1,-1,-1,-1,-1,-1
34109,1787702400,2147483647,false,2516,-1,-1,-1,-1,-1,-1
34111,1787702400,2147483647,false,2516,-1,-1,-1,-1,-1,-1
34113,1787702400,2147483647,false,2516,-1,-1,-1,-1,-1,-1
34115,1787702400,2147483647,false,2516,-1,-1,-1,-1,-1,-1
34117,1787702400,2147483647,false,2516,-1,-1,-1,-1,-1,-1
34119,1787702400,2147483647,false,2516,-1,-1,-1,-1,-1,-1
34121,1787702400,2147483647,false,2516,-1,-1,-1,-1,-1,-1
34123,1787702400,2147483647,false,2516,-1,-1,-1,-1,-1,-1
34125,1787702400,2147483647,false,2516,-1,-1,-1,-1,-1,-1
34127,1787702400,2147483647,false,2516,-1,-1,-1,-1,-1,-1
34129,1787702400,2147483647,false,2516,-1,-1,-1,-1,-1,-1
34131,1787702400,2147483647,false,2516,-1,-1,-1,-1,-1,-1
34133,1787702400,2147483647,false,2516,-1,-1,-1,-1,-1,-1
34135,1787702400,2147483647,false,2516,-1,-1,-1,-1,-1,-1
34137,1787702400,2147483647,false,2516,-1,-1,-1,-1,-1,-1
34139,1787702400,2147483647,false,2516,-1,-1,-1,-1,-1,-1
34141,1787702400,2147483647,false,2516,-1,-1,-1,-1,-1,-1
34143,1787702400,2147483647,false,2516,-1,-1,-1,-1,-1,-1
34145,1787702400,2147483647,false,2516,-1,-1,-1,-1,-1,-1
34147,1787702400,2147483647,false,2516,-1,-1,-1,-1,-1,-1
34149,1787702400,2147483647,false,2516,-1,-1,-1,-1,-1,-1
34151,1787702400,2147483647,false,2516,-1,-1,-1,-1,-1,-1
34153,1787702400,2147483647,false,2516,-1,-1,-1,-1,-1,-1
34155,1787702400,2147483647,false,2516,-1,-1,-1,-1,-1,-1
34157,1787702400,2147483647,false,2516,-1,-1,-1,-1,-1,-1
34159,1787702400,2147483647,false,2516,-1,-1,-1,-1,-1,-1
34161,1787702400,2147483647,false,2516,-1,-1,-1,-1,-1,-1
34163,1787702400,2147483647,false,2516,-1,-1,-1,-1,-1,-1
34165,1787702400,2147483647,false,2516,-1,-1,-1,-1,-1,-1
34167,1787702400,2147483647,false,2516,-1,-1,-1,-1,-1,-1
34169,1787702400,2147483647,false,2516,-1,-1,-1,-1,-1,-1
34171,1787702400,2147483647,false,2516,-1,-1,-1,-1,-1,-1
34173,1787702400,2147483647,false,2516,-1,-1,-1,-1,-1,-1
34175,1787702400,2147483647,false,2516,-1,-1,-1,-1,-1,-1
34177,1787702400,2147483647,false,2516,-1,-1,-1,-1,-1,-1
34179,1787702400,2147483647,false,2516,-1,-1,-1,-1,-1,-1
34181,1787702400,2147483647,false,2516,-1,-1,-1,-1,-1,-1
34183,1787702400,2147483647,false,2516,-1,-1,-1,-1,-1,-1
34185,1787702400,2147483647,false,2516,-1,-1,-1,-1,-1,-1
34187,1787702400,2147483647,false,2516,-1,-1,-1,-1,-1,-1
34189,1787702400,2147483647,false,2516,-1,-1,-1,-1,-1,-1
34191,1787702400,2147483647,false,2516,-1,-1,-1,-1,-1,-1
34193,1787702400,2147483647,false,2516,-1,-1,-1,-1,-1,-1
34195,1787702400,2147483647,false,2516,-1,-1,-1,-1,-1,-1
34197,1787702400,2147483647,false,2516,-1,-1,-1,-1,-1,-1
34199,1787702400,2147483647,false,2516,-1,-1,-1,-1,-1,-1
34201,1787702400,2147483647,false,2516,-1,-1,-1,-1,-1,-1
34203,1787702400,2147483647,false,2516,-1,-1,-1,-1,-1,-1
34205,1787702400,2147483647,false,2516,-1,-1,-1,-1,-1,-1
34207,1787702400,2147483647,false,2516,-1,-1,-1,-1,-1,-1
34209,1787702400,2147483647,false,2516,-1,-1,-1,-1,-1,-1
34211,1787702400,2147483647,false,2516,-1,-1,-1,-1,-1,-1
34213,1787702400,2147483647,false,2516,-1,-1,-1,-1,-1,-1
34215,1787702400,2147483647,false,2516,-1,-1,-1,-1,-1,-1
34217,1787702400,2147483647,false,2516,-1,-1,-1,-1,-1,-1
34219,1787702400,2147483647,false,2516,-1,-1,-1,-1,-1,-1
34221,1787702400,2147483647,false,2516,-1,-1,-1,-1,-1,-1
34223,1787702400,2147483647,false,2516,-1,-1,-1,-1,-1,-1
34225,1787702400,2147483647,false,2516,-1,-1,-1,-1,-1,-1
34227,1787702400,2147483647,false,2516,-1,-1,-1,-1,-1,-1
34229,1787702400,2147483647,false,2516,-1,-1,-1,-1,-1,-1
34231,1787702400,2147483647,false,2516,-1,-1,-1,-1,-1,-1
34233,1787702400,2147483647,false,2516,-1,-1,-1,-1,-1,-1
34235,1787702400,2147483647,false,2516,-1,-1,-1,-1,-1,-1
34237,1787702400,2147483647,false,2516,-1,-1,-1,-1,-1,-1
34239,1787702400,2147483647,false,2516,-1,-1,-1,-1,-1,-1
34241,1787702400,2147483647,false,2516,-1,-1,-1,-1,-1,-1
34243,1787702400,2147483647,false,2516,-1,-1,-1,-1,-1,-1
34245,1787702400,2147483647,false,2516,-1,-1,-1,-1,-1,-1
34247,1787702400,2147483647,false,2516,-1,-1,-1,-1,-1,-1
34249,1787702400,2147483647,false,2516,-1,-1,-1,-1,-1,-1
34251,1787702400,2147483647,false,2516,-1,-1,-1,-1,-1,-1
34253,1787702400,2147483647,false,2516,-1,-1,-1,-1,-1,-1
34255,1787702400,2147483647,false,2516,-1,-1,-1,-1,-1,-1
34257,1787702400,2147483647,false,2516,-1,-1,-1,-1,-1,-1
34259,1787702400,2147483647,false,2516,-1,-1,-1,-1,-1,-1
34261,1787702400,2147483647,false,2516,-1,-1,-1,-1,-1,-1
34263,1787702400,2147483647,false,2516,-1,-1,-1,-1,-1,-1
34265,1787702400,2147483647,false,2516,-1,-1,-1,-1,-1,-1
34267,1787702400,2147483647,false,2516,-1,-1,-1,-1,-1,-1
34269,1787702400,2147483647,false,2516,-1,-1,-1,-1,-1,-1
34271,1787702400,2147483647,false,2516,-1,-1,-1,-1,-1,-1
34273,1787702400,2147483647,false,2516,-1,-1,-1,-1,-1,-1
34275,1787702400,2147483647,false,2516,-1,-1,-1,-1,-1,-1
34277,1787702400,2147483647,false,2516,-1,-1,-1,-1,-1,-1
34279,1787702400,2147483647,false,2516,-1,-1,-1,-1,-1,-1
34281,1787702400,2147483647,false,2516,-1,-1,-1,-1,-1,-1
34283,1787702400,2147483647,false,2516,-1,-1,-1,-1,-1,-1
34285,1787702400,2147483647,false,2516,-1,-1,-1,-1,-1,-1
34287,1787702400,2147483647,false,2516,-1,-1,-1,-1,-1,-1
34289,1787702400,2147483647,false,2516,-1,-1,-1,-1,-1,-1
34291,1787702400,2147483647,false,2516,-1,-1,-1,-1,-1,-1
34293,1787702400,2147483647,false,2516,-1,-1,-1,-1,-1,-1
34295,1787702400,2147483647,false,2516,-1,-1,-1,-1,-1,-1
34297,1787702400,2147483647,false,2516,-1,-1,-1,-1,-1,-1
34299,1787702400,2147483647,false,2516,-1,-1,-1,-1,-1,-1
34301,1787702400,2147483647,false,2516,-1,-1,-1,-1,-1,-1
34303,1787702400,2147483647,false,2516,-1,-1,-1,-1,-1,-1
34305,1787702400,2147483647,false,2516,-1,-1,-1,-1,-1,-1
34307,1787702400,2147483647,false,2516,-1,-1,-1,-1,-1,-1
34309,1787702400,2147483647,false,2516,-1,-1,-1,-1,-1,-1
34311,1787702400,2147483647,false,2516,-1,-1,-1,-1,-1,-1
34313,1787702400,2147483647,false,2516,-1,-1,-1,-1,-1,-1
34315,1787702400,2147483647,false,2516,-1,-1,-1,-1,-1,-1
34317,1787702400,2147483647,false,2516,-1,-1,-1,-1,-1,-1
34319,1787702400,2147483647,false,2516,-1,-1,-1,-1,-1,-1
34321,1787702400,2147483647,false,2516,-1,-1,-1,-1,-1,-1
34323,1787702400,2147483647,false,2516,-1,-1,-1,-1,-1,-1
34325,1787702400,2147483647,false,2516,-1,-1,-1,-1,-1,-1
34327,1787702400,2147483647,false,2516,-1,-1,-1,-1,-1,-1
34329,1787702400,2147483647,false,2516,-1,-1,-1,-1,-1,-1
34331,1787702400,2147483647,false,2516,-1,-1,-1,-1,-1,-1
34333,1787702400,2147483647,false,2516,-1,-1,-1,-1,-1,-1
34335,1787702400,2147483647,false,2516,-1,-1,-1,-1,-1,-1
34337,1787702400,2147483647,false,2516,-1,-1,-1,-1,-1,-1
34339,1787702400,2147483647,false,2516,-1,-1,-1,-1,-1,-1
34341,1787702400,2147483647,false,2516,-1,-1,-1,-1,-1,-1
34343,1787702400,2147483647,false,2516,-1,-1,-1,-1,-1,-1
34345,1787702400,2147483647,false,2516,-1,-1,-1,-1,-1,-1
34347,1787702400,2147483647,false,2516,-1,-1,-1,-1,-1,-1
34349,1787702400,2147483647,false,2516,-1,-1,-1,-1,-1,-1
34351,1787702400,2147483647,false,2516,-1,-1,-1,-1,-1,-1
34353,1787702400,2147483647,false,2516,-1,-1,-1,-1,-1,-1
34355,1787702400,2147483647,false,2516,-1,-1,-1,-1,-1,-1
34357,1787702400,2147483647,false,2516,-1,-1,-1,-1,-1,-1
34359,1787702400,2147483647,false,2516,-1,-1,-1,-1,-1,-1
34361,1787702400,2147483647,false,2516,-1,-1,-1,-1,-1,-1
34363,1787702400,2147483647,false,2516,-1,-1,-1,-1,-1,-1
34365,1787702400,2147483647,false,2516,-1,-1,-1,-1,-1,-1
34367,1787702400,2147483647,false,2516,-1,-1,-1,-1,-1,-1
34369,1787702400,2147483647,false,2516,-1,-1,-1,-1,-1,-1
34371,1787702400,2147483647,false,2516,-1,-1,-1,-1,-1,-1
34373,1787702400,2147483647,false,2516,-1,-1,-1,-1,-1,-1
34375,1787702400,2147483647,false,2516,-1,-1,-1,-1,-1,-1
34377,1787097600,2147483647,false,2516,-1,-1,-1,-1,-1,-1
34379,1787097600,2147483647,false,2516,-1,-1,-1,-1,-1,-1
34381,1787097600,2147483647,false,2516,-1,-1,-1,-1,-1,-1
34383,1787097600,2147483647,false,2516,-1,-1,-1,-1,-1,-1
34385,1787097600,2147483647,false,2516,-1,-1,-1,-1,-1,-1
